,start_date,"Balunie Drive, Dundee","Brington Place Sheltered Housing, Dundee","DCC Environment, 34 Harefield Road","Dock Street, Dundee","Dundee House, Dundee","Dundee Ice Arena, Dundee","Earn Cresent, Dundee","Gellatly Street Car Park, Dundee","Greenmarket Multi Car Park, Dundee","Housing Office East, Dundee","Housing Office West, Dundee","Janet Brougham House, Dundee","Marchbanks, Dundee","Menziehill House, Dundee","Mitchell Street, Dundee","Nethergate, Dundee","Olympia Multi-Storey Car Park, Dundee","Public Works Dept, Clepington Rd. Dundee","Queen Street Car Park, Broughty Ferry, Dundee",Sinclair Street,"Social Work Building, Jack Martin Way, Dundee",South Tay Street,Trades Lane,"Turriff House Rannoch Road, Dundee","University of Dundee, Nethergate, Dundee","Whitfield Centre, Dundee"
0,2017-01-09,2.355591267620083,14.079463042182656,1.4817154582129002,7.680032520325204,5.72,245.582,0.06337391544498401,2.405266513946609,52.080000000000005,1.5430321635171615,0.0031807281110268746,11.940801468761418,3.7572806055675425,,,8.055947447515825,18.794198474440073,303.4522496262436,199.3288941179131,2.5572180732551573,70.9482947786474,19.611588363266605,3.8244802627004053,,,23.659233680327528
1,2017-01-10,19.523859557991,16.666531465752914,18.79766639399541,7.350852140764534,,339.499,0.5014199903339394,40.12685596241612,168.79,0.05786656382568453,31.48053285473365,21.800544631407767,0.2256446535318878,16.92555058546113,,0.7783961018261305,30.989018962396425,314.24687265581485,256.47957620592604,27.033081296334974,31.063785013185935,35.06841448620783,30.75366365119076,14.157928422409709,,34.60287290918788
2,2017-01-11,17.322407735953497,11.31997253853768,24.85221214337819,26.533385292815293,71.64332292300931,192.94765522025668,0.5890219479195838,99.81818252444945,91.472,37.51620691668144,17.726686914264974,21.525739108186546,17.65232749206993,2.8194580713391035,,25.708894072099923,26.61930510009383,327.8674526551442,207.49794901179624,23.14634581549623,94.1790262275464,68.23849594590422,11.047513458057752,0.5626703428326064,16.740241963749124,46.50999603837732
3,2017-01-12,16.692931788135933,12.504864557335372,1.5608153991358917,0.1847012230215016,60.02856127388981,99.47470735596161,1.2061508223078383,51.00708170617116,49.040000000000006,20.417553160990348,0.38900243064022644,20.175354660204267,23.42152996162646,0.4271873861246119,,0.95992230122776,0.4690189623964234,152.07943999249946,111.29093809124534,1.880730172092244,37.85046856995189,8.463856068594138,25.405260125676122,0.5626703428326064,16.26074914906271,11.700762773054114
4,2017-01-13,2.342314007239354,0.833990205701862,1.5608153991358917,0.1847012230215016,0.8159602779675018,0.7945057232049948,1.2061508223078383,2.0925796782007637,,0.287115110896081,0.38900243064022644,1.194546562604738,0.779783988137736,0.4271873861246119,,0.95992230122776,0.4690189623964234,2.155775992075248,1.0265838993899048,1.880730172092244,0.3494352938483156,0.27241448620783426,0.20595348136043098,0.5626703428326064,0.4462168816208524,0.9304939915647085
5,2017-01-14,2.342314007239354,0.833990205701862,1.5608153991358917,0.1847012230215016,0.8159602779675018,0.7945057232049948,1.2061508223078383,2.0925796782007637,,0.287115110896081,0.38900243064022644,1.194546562604738,0.779783988137736,0.4271873861246119,,0.95992230122776,0.4690189623964234,2.155775992075248,1.0265838993899048,1.880730172092244,0.3494352938483156,0.27241448620783426,0.20595348136043098,0.5626703428326064,0.4462168816208524,0.9304939915647085
6,2017-01-15,2.342314007239354,0.833990205701862,1.5608153991358917,0.1847012230215016,0.8159602779675018,0.7945057232049948,1.2061508223078383,2.0925796782007637,,0.287115110896081,0.38900243064022644,1.194546562604738,0.779783988137736,0.4271873861246119,,0.95992230122776,0.4690189623964234,2.155775992075248,1.0265838993899048,1.880730172092244,0.3494352938483156,0.27241448620783426,0.20595348136043098,0.5626703428326064,0.4462168816208524,0.9304939915647085
7,2017-01-16,2.342314007239354,0.833990205701862,1.5608153991358917,0.1847012230215016,0.8159602779675018,0.7945057232049948,1.2061508223078383,2.0925796782007637,,0.287115110896081,0.38900243064022644,1.194546562604738,0.779783988137736,0.4271873861246119,,0.95992230122776,0.4690189623964234,2.155775992075248,1.0265838993899048,1.880730172092244,0.3494352938483156,0.27241448620783426,0.20595348136043098,0.5626703428326064,0.4462168816208524,0.9304939915647085
8,2017-01-17,2.342314007239354,0.833990205701862,1.5608153991358917,0.1847012230215016,0.8159602779675018,0.7945057232049948,1.2061508223078383,2.0925796782007637,,0.287115110896081,0.38900243064022644,1.194546562604738,0.779783988137736,0.4271873861246119,,0.95992230122776,0.4690189623964234,2.155775992075248,1.0265838993899048,1.880730172092244,0.3494352938483156,0.27241448620783426,0.20595348136043098,0.5626703428326064,0.4462168816208524,0.9304939915647085
9,2017-01-18,2.342314007239354,0.833990205701862,1.5608153991358917,0.1847012230215016,0.8159602779675018,0.7945057232049948,1.2061508223078383,2.0925796782007637,,0.287115110896081,0.38900243064022644,1.194546562604738,0.779783988137736,0.4271873861246119,,0.95992230122776,0.4690189623964234,2.155775992075248,1.0265838993899048,1.880730172092244,0.3494352938483156,0.27241448620783426,0.20595348136043098,0.5626703428326064,0.4462168816208524,0.9304939915647085
10,2017-01-19,2.342314007239354,0.833990205701862,1.5608153991358917,0.1847012230215016,0.8159602779675018,0.7945057232049948,1.2061508223078383,2.0925796782007637,,0.287115110896081,0.38900243064022644,1.194546562604738,0.779783988137736,0.4271873861246119,,0.95992230122776,0.4690189623964234,2.155775992075248,1.0265838993899048,1.880730172092244,0.3494352938483156,0.27241448620783426,0.20595348136043098,0.5626703428326064,0.4462168816208524,0.9304939915647085
11,2017-01-20,2.342314007239354,0.833990205701862,1.5608153991358917,0.1847012230215016,0.8159602779675018,0.7945057232049948,1.2061508223078383,2.0925796782007637,,0.287115110896081,0.38900243064022644,1.194546562604738,0.779783988137736,0.4271873861246119,,0.95992230122776,0.4690189623964234,2.155775992075248,1.0265838993899048,1.880730172092244,0.3494352938483156,0.27241448620783426,0.20595348136043098,0.5626703428326064,0.4462168816208524,0.9304939915647085
12,2017-01-21,2.342314007239354,0.833990205701862,1.5608153991358917,0.1847012230215016,0.8159602779675018,0.7945057232049948,1.2061508223078383,2.0925796782007637,,0.287115110896081,0.38900243064022644,1.194546562604738,0.779783988137736,0.4271873861246119,,0.95992230122776,0.4690189623964234,2.155775992075248,1.0265838993899048,1.880730172092244,0.3494352938483156,0.27241448620783426,0.20595348136043098,0.5626703428326064,0.4462168816208524,0.9304939915647085
13,2017-01-22,2.342314007239354,0.833990205701862,1.5608153991358917,0.1847012230215016,0.8159602779675018,0.7945057232049948,1.2061508223078383,2.0925796782007637,,0.287115110896081,0.38900243064022644,1.194546562604738,0.779783988137736,0.4271873861246119,,0.95992230122776,0.4690189623964234,2.155775992075248,1.0265838993899048,1.880730172092244,0.3494352938483156,0.27241448620783426,0.20595348136043098,0.5626703428326064,0.4462168816208524,0.9304939915647085
14,2017-01-23,2.342314007239354,0.833990205701862,1.5608153991358917,0.1847012230215016,0.8159602779675018,0.7945057232049948,1.2061508223078383,2.0925796782007637,,0.287115110896081,0.38900243064022644,1.194546562604738,0.779783988137736,0.4271873861246119,,0.95992230122776,0.4690189623964234,2.155775992075248,1.0265838993899048,1.880730172092244,0.3494352938483156,0.27241448620783426,0.20595348136043098,0.5626703428326064,0.4462168816208524,0.9304939915647085
15,2017-01-24,2.342314007239354,0.833990205701862,1.5608153991358917,0.1847012230215016,0.8159602779675018,0.7945057232049948,1.2061508223078383,2.0925796782007637,,0.287115110896081,0.38900243064022644,1.194546562604738,0.779783988137736,0.4271873861246119,,0.95992230122776,0.4690189623964234,2.155775992075248,1.0265838993899048,1.880730172092244,0.3494352938483156,0.27241448620783426,0.20595348136043098,0.5626703428326064,0.4462168816208524,0.9304939915647085
16,2017-01-25,2.342314007239354,0.833990205701862,1.5608153991358917,0.1847012230215016,0.8159602779675018,0.7945057232049948,1.2061508223078383,2.0925796782007637,,0.287115110896081,0.38900243064022644,1.194546562604738,0.779783988137736,0.4271873861246119,,0.95992230122776,0.4690189623964234,2.155775992075248,1.0265838993899048,1.880730172092244,0.3494352938483156,0.27241448620783426,0.20595348136043098,0.5626703428326064,0.4462168816208524,0.9304939915647085
17,2017-01-26,2.342314007239354,0.833990205701862,1.5608153991358917,0.1847012230215016,0.8159602779675018,0.7945057232049948,1.2061508223078383,2.0925796782007637,,0.287115110896081,0.38900243064022644,1.194546562604738,0.779783988137736,0.4271873861246119,,0.95992230122776,0.4690189623964234,2.155775992075248,1.0265838993899048,1.880730172092244,0.3494352938483156,0.27241448620783426,0.20595348136043098,0.5626703428326064,0.4462168816208524,0.9304939915647085
18,2017-01-27,2.342314007239354,0.833990205701862,1.5608153991358917,0.1847012230215016,0.8159602779675018,0.7945057232049948,1.2061508223078383,2.0925796782007637,,0.287115110896081,0.38900243064022644,1.194546562604738,0.779783988137736,0.4271873861246119,,0.95992230122776,0.4690189623964234,2.155775992075248,1.0265838993899048,1.880730172092244,0.3494352938483156,0.27241448620783426,0.20595348136043098,0.5626703428326064,0.4462168816208524,0.9304939915647085
19,2017-01-28,2.342314007239354,0.833990205701862,1.5608153991358917,0.1847012230215016,0.8159602779675018,0.7945057232049948,1.2061508223078383,2.0925796782007637,,0.287115110896081,0.38900243064022644,1.194546562604738,0.779783988137736,0.4271873861246119,,0.95992230122776,0.4690189623964234,2.155775992075248,1.0265838993899048,1.880730172092244,0.3494352938483156,0.27241448620783426,0.20595348136043098,0.5626703428326064,0.4462168816208524,0.9304939915647085
20,2017-01-29,2.342314007239354,0.833990205701862,1.5608153991358917,0.1847012230215016,0.8159602779675018,0.7945057232049948,1.2061508223078383,2.0925796782007637,,0.287115110896081,0.38900243064022644,1.194546562604738,0.779783988137736,0.4271873861246119,,0.95992230122776,0.4690189623964234,2.155775992075248,1.0265838993899048,1.880730172092244,0.3494352938483156,0.27241448620783426,0.20595348136043098,0.5626703428326064,0.4462168816208524,0.9304939915647085
21,2017-01-30,2.342314007239354,0.833990205701862,1.5608153991358917,0.1847012230215016,0.8159602779675018,0.7945057232049948,1.2061508223078383,2.0925796782007637,,0.287115110896081,0.38900243064022644,1.194546562604738,0.779783988137736,0.4271873861246119,,0.95992230122776,0.4690189623964234,2.155775992075248,1.0265838993899048,1.880730172092244,0.3494352938483156,0.27241448620783426,0.20595348136043098,0.5626703428326064,0.4462168816208524,0.9304939915647085
22,2017-01-31,2.342314007239354,0.833990205701862,1.5608153991358917,0.1847012230215016,0.8159602779675018,0.7945057232049948,1.2061508223078383,2.0925796782007637,,0.287115110896081,0.38900243064022644,1.194546562604738,0.779783988137736,0.4271873861246119,,0.95992230122776,0.4690189623964234,2.155775992075248,1.0265838993899048,1.880730172092244,0.3494352938483156,0.27241448620783426,0.20595348136043098,0.5626703428326064,0.4462168816208524,0.9304939915647085
23,2017-02-01,2.342314007239354,0.833990205701862,1.5608153991358917,0.1847012230215016,0.8159602779675018,0.7945057232049948,1.2061508223078383,2.0925796782007637,,0.287115110896081,0.38900243064022644,1.194546562604738,0.779783988137736,0.4271873861246119,,0.95992230122776,0.4690189623964234,2.155775992075248,1.0265838993899048,1.880730172092244,0.3494352938483156,0.27241448620783426,0.20595348136043098,0.5626703428326064,0.4462168816208524,0.9304939915647085
24,2017-02-02,2.342314007239354,0.833990205701862,1.5608153991358917,0.1847012230215016,0.8159602779675018,0.7945057232049948,1.2061508223078383,2.0925796782007637,,0.287115110896081,0.38900243064022644,1.194546562604738,0.779783988137736,0.4271873861246119,,0.95992230122776,0.4690189623964234,2.155775992075248,1.0265838993899048,1.880730172092244,0.3494352938483156,0.27241448620783426,0.20595348136043098,0.5626703428326064,0.4462168816208524,0.9304939915647085
25,2017-02-03,2.342314007239354,0.833990205701862,1.5608153991358917,0.1847012230215016,0.8159602779675018,0.7945057232049948,1.2061508223078383,2.0925796782007637,,0.287115110896081,0.38900243064022644,1.194546562604738,0.779783988137736,0.4271873861246119,,0.95992230122776,0.4690189623964234,2.155775992075248,1.0265838993899048,1.880730172092244,0.3494352938483156,0.27241448620783426,0.20595348136043098,0.5626703428326064,0.4462168816208524,0.9304939915647085
26,2017-02-04,2.342314007239354,0.833990205701862,1.5608153991358917,0.1847012230215016,0.8159602779675018,0.7945057232049948,1.2061508223078383,2.0925796782007637,,0.287115110896081,0.38900243064022644,1.194546562604738,0.779783988137736,0.4271873861246119,,0.95992230122776,0.4690189623964234,2.155775992075248,1.0265838993899048,1.880730172092244,0.3494352938483156,0.27241448620783426,0.20595348136043098,0.5626703428326064,0.4462168816208524,0.9304939915647085
27,2017-02-05,2.342314007239354,0.833990205701862,1.5608153991358917,0.1847012230215016,0.8159602779675018,0.7945057232049948,1.2061508223078383,2.0925796782007637,,0.287115110896081,0.38900243064022644,1.194546562604738,0.779783988137736,0.4271873861246119,,0.95992230122776,0.4690189623964234,2.155775992075248,1.0265838993899048,1.880730172092244,0.3494352938483156,0.27241448620783426,0.20595348136043098,0.5626703428326064,0.4462168816208524,0.9304939915647085
28,2017-02-06,2.342314007239354,0.833990205701862,1.5608153991358917,0.1847012230215016,0.8159602779675018,0.7945057232049948,1.2061508223078383,2.0925796782007637,,0.287115110896081,0.38900243064022644,1.194546562604738,0.779783988137736,0.4271873861246119,,0.95992230122776,0.4690189623964234,2.155775992075248,1.0265838993899048,1.880730172092244,0.3494352938483156,0.27241448620783426,0.20595348136043098,0.5626703428326064,0.4462168816208524,0.9304939915647085
29,2017-02-07,2.342314007239354,0.833990205701862,1.5608153991358917,0.1847012230215016,0.8159602779675018,0.7945057232049948,1.2061508223078383,2.0925796782007637,,0.287115110896081,0.38900243064022644,1.194546562604738,0.779783988137736,0.4271873861246119,,0.95992230122776,0.4690189623964234,2.155775992075248,1.0265838993899048,1.880730172092244,0.3494352938483156,0.27241448620783426,0.20595348136043098,0.5626703428326064,0.4462168816208524,0.9304939915647085
30,2017-02-08,2.342314007239354,0.833990205701862,1.5608153991358917,0.1847012230215016,0.8159602779675018,0.7945057232049948,1.2061508223078383,2.0925796782007637,,0.287115110896081,0.38900243064022644,1.194546562604738,0.779783988137736,0.4271873861246119,,0.95992230122776,0.4690189623964234,2.155775992075248,1.0265838993899048,1.880730172092244,0.3494352938483156,0.27241448620783426,0.20595348136043098,0.5626703428326064,0.4462168816208524,0.9304939915647085
31,2017-02-09,1.5259674093971247,2.8038935840797676,12.73081539913589,36.9287012230215,0.8159602779675018,341.29450572320496,0.7287572065109649,34.5962067464659,19.15,0.287115110896081,21.25977876889472,12.642479095662713,11.899783988137735,0.5180313893255721,,12.573695697102032,15.953262585194615,306.73252986064773,185.21375490268716,8.950468971811391,10.494909250568808,14.293414486207833,4.7639534813604305,10.482670342832606,0.4462168816208524,7.950493991564708
32,2017-02-10,37.81920667730426,6.722488386181815,11.902186714736047,12.063880263650411,24.32534012883762,152.69047894483327,11.044730831973899,43.19138832564687,137.35500000000002,23.098543502855875,0.8126849468503177,17.17056693030323,0.779783988137736,0.5365445017014713,,3.2237837022183866,28.638072700020174,292.96103553345324,171.42021021657163,1.1083345459351455,1.5669834626961219,41.509696175822405,14.41995348136043,0.16333069673887296,9.359416725979695,24.06557640801071
33,2017-02-11,15.995708780730961,2.0645431902966243,0.5963490245647675,4.451043070926336,29.111956993545558,112.04512209675127,0.37047308319726013,40.49002615042882,22.62,20.01198834062427,8.329399005211519,15.118071268947672,8.2776457775578,5.120978389746305,14.319791774490302,42.06801908068812,1.323836161630327,265.60234761923914,135.36142892021044,5.6675502195303835,31.534030757883162,17.342744648088416,19.794624359710163,12.318869427522344,0.4228734698462728,4.468537533562542
34,2017-02-12,1.540204882220054,,0.6490916930094334,0.44704869068612263,2.283787625029485,0.7819490131578948,,1.3709334970854994,,1.0286913055891904,0.7387065241624637,1.3758431751322704,0.5598142471094092,0.7347489491098078,0.08753128671400112,1.0580190806881193,0.7238361616303268,2.9637051856400336,1.7362911183786607,1.4457254710759024,0.40000584883610624,1.1867446480884172,0.2072730694054571,0.05983864985163205,0.48790874034992715,0.6598229184677368
35,2017-02-13,1.540204882220054,,0.6490916930094334,0.44704869068612263,2.283787625029485,0.7819490131578948,,1.3709334970854994,,1.0286913055891904,0.7387065241624637,1.3758431751322704,0.5598142471094092,0.7347489491098078,0.08753128671400112,1.0580190806881193,0.7238361616303268,2.9637051856400336,1.7362911183786607,1.4457254710759024,0.40000584883610624,1.1867446480884172,0.2072730694054571,0.05983864985163205,0.48790874034992715,0.6598229184677368
36,2017-02-14,1.540204882220054,,0.6490916930094334,0.44704869068612263,2.283787625029485,0.7819490131578948,,1.3709334970854994,,1.0286913055891904,0.7387065241624637,1.3758431751322704,0.5598142471094092,0.7347489491098078,0.08753128671400112,1.0580190806881193,0.7238361616303268,2.9637051856400336,1.7362911183786607,1.4457254710759024,0.40000584883610624,1.1867446480884172,0.2072730694054571,0.05983864985163205,0.48790874034992715,0.6598229184677368
37,2017-02-15,1.540204882220054,,0.6490916930094334,0.44704869068612263,2.283787625029485,0.7819490131578948,,1.3709334970854994,,1.0286913055891904,0.7387065241624637,1.3758431751322704,0.5598142471094092,0.7347489491098078,0.08753128671400112,1.0580190806881193,0.7238361616303268,2.9637051856400336,1.7362911183786607,1.4457254710759024,0.40000584883610624,1.1867446480884172,0.2072730694054571,0.05983864985163205,0.48790874034992715,0.6598229184677368
38,2017-02-16,1.540204882220054,,0.6490916930094334,0.44704869068612263,2.283787625029485,0.7819490131578948,,1.3709334970854994,,1.0286913055891904,0.7387065241624637,1.3758431751322704,0.5598142471094092,0.7347489491098078,0.08753128671400112,1.0580190806881193,0.7238361616303268,2.9637051856400336,1.7362911183786607,1.4457254710759024,0.40000584883610624,1.1867446480884172,0.2072730694054571,0.05983864985163205,0.48790874034992715,0.6598229184677368
39,2017-02-17,1.540204882220054,,0.6490916930094334,0.44704869068612263,2.283787625029485,0.7819490131578948,,1.3709334970854994,,1.0286913055891904,0.7387065241624637,1.3758431751322704,0.5598142471094092,0.7347489491098078,0.08753128671400112,1.0580190806881193,0.7238361616303268,2.9637051856400336,1.7362911183786607,1.4457254710759024,0.40000584883610624,1.1867446480884172,0.2072730694054571,0.05983864985163205,0.48790874034992715,0.6598229184677368
40,2017-02-18,1.540204882220054,,0.6490916930094334,0.44704869068612263,2.283787625029485,0.7819490131578948,,1.3709334970854994,,1.0286913055891904,0.7387065241624637,1.3758431751322704,0.5598142471094092,0.7347489491098078,0.08753128671400112,1.0580190806881193,0.7238361616303268,2.9637051856400336,1.7362911183786607,1.4457254710759024,0.40000584883610624,1.1867446480884172,0.2072730694054571,0.05983864985163205,0.48790874034992715,0.6598229184677368
41,2017-02-19,1.540204882220054,,0.6490916930094334,0.44704869068612263,2.283787625029485,0.7819490131578948,,1.3709334970854994,,1.0286913055891904,0.7387065241624637,1.3758431751322704,0.5598142471094092,0.7347489491098078,0.08753128671400112,1.0580190806881193,0.7238361616303268,2.9637051856400336,1.7362911183786607,1.4457254710759024,0.40000584883610624,1.1867446480884172,0.2072730694054571,0.05983864985163205,0.48790874034992715,0.6598229184677368
42,2017-02-20,1.540204882220054,,0.6490916930094334,0.44704869068612263,2.283787625029485,0.7819490131578948,,1.3709334970854994,,1.0286913055891904,0.7387065241624637,1.3758431751322704,0.5598142471094092,0.7347489491098078,0.08753128671400112,1.0580190806881193,0.7238361616303268,2.9637051856400336,1.7362911183786607,1.4457254710759024,0.40000584883610624,1.1867446480884172,0.2072730694054571,0.05983864985163205,0.48790874034992715,0.6598229184677368
43,2017-02-21,1.540204882220054,,0.6490916930094334,0.44704869068612263,2.283787625029485,0.7819490131578948,,1.3709334970854994,,1.0286913055891904,0.7387065241624637,1.3758431751322704,0.5598142471094092,0.7347489491098078,0.08753128671400112,1.0580190806881193,0.7238361616303268,2.9637051856400336,1.7362911183786607,1.4457254710759024,0.40000584883610624,1.1867446480884172,0.2072730694054571,0.05983864985163205,0.48790874034992715,0.6598229184677368
44,2017-02-22,1.540204882220054,,0.6490916930094334,0.44704869068612263,2.283787625029485,0.7819490131578948,,1.3709334970854994,,1.0286913055891904,0.7387065241624637,1.3758431751322704,0.5598142471094092,0.7347489491098078,0.08753128671400112,1.0580190806881193,0.7238361616303268,2.9637051856400336,1.7362911183786607,1.4457254710759024,0.40000584883610624,1.1867446480884172,0.2072730694054571,0.05983864985163205,0.48790874034992715,0.6598229184677368
45,2017-02-23,1.540204882220054,,0.6490916930094334,0.44704869068612263,2.283787625029485,0.7819490131578948,,1.3709334970854994,,1.0286913055891904,0.7387065241624637,1.3758431751322704,0.5598142471094092,0.7347489491098078,0.08753128671400112,1.0580190806881193,0.7238361616303268,2.9637051856400336,1.7362911183786607,1.4457254710759024,0.40000584883610624,1.1867446480884172,0.2072730694054571,0.05983864985163205,0.48790874034992715,0.6598229184677368
46,2017-02-24,1.540204882220054,,0.6490916930094334,0.44704869068612263,2.283787625029485,0.7819490131578948,,1.3709334970854994,,1.0286913055891904,0.7387065241624637,1.3758431751322704,0.5598142471094092,0.7347489491098078,0.08753128671400112,1.0580190806881193,0.7238361616303268,2.9637051856400336,1.7362911183786607,1.4457254710759024,0.40000584883610624,1.1867446480884172,0.2072730694054571,0.05983864985163205,0.48790874034992715,0.6598229184677368
47,2017-02-25,1.540204882220054,,0.6490916930094334,0.44704869068612263,2.283787625029485,0.7819490131578948,,1.3709334970854994,,1.0286913055891904,0.7387065241624637,1.3758431751322704,0.5598142471094092,0.7347489491098078,0.08753128671400112,1.0580190806881193,0.7238361616303268,2.9637051856400336,1.7362911183786607,1.4457254710759024,0.40000584883610624,1.1867446480884172,0.2072730694054571,0.05983864985163205,0.48790874034992715,0.6598229184677368
48,2017-02-26,1.540204882220054,,0.6490916930094334,0.44704869068612263,2.283787625029485,0.7819490131578948,,1.3709334970854994,,1.0286913055891904,0.7387065241624637,1.3758431751322704,0.5598142471094092,0.7347489491098078,0.08753128671400112,1.0580190806881193,0.7238361616303268,2.9637051856400336,1.7362911183786607,1.4457254710759024,0.40000584883610624,1.1867446480884172,0.2072730694054571,0.05983864985163205,0.48790874034992715,0.6598229184677368
49,2017-02-27,1.540204882220054,,0.6490916930094334,0.44704869068612263,2.283787625029485,0.7819490131578948,,1.3709334970854994,,1.0286913055891904,0.7387065241624637,1.3758431751322704,0.5598142471094092,0.7347489491098078,0.08753128671400112,1.0580190806881193,0.7238361616303268,2.9637051856400336,1.7362911183786607,1.4457254710759024,0.40000584883610624,1.1867446480884172,0.2072730694054571,0.05983864985163205,0.48790874034992715,0.6598229184677368
50,2017-02-28,1.540204882220054,,0.6490916930094334,0.44704869068612263,2.283787625029485,0.7819490131578948,,1.3709334970854994,,1.0286913055891904,0.7387065241624637,1.3758431751322704,0.5598142471094092,0.7347489491098078,0.08753128671400112,1.0580190806881193,0.7238361616303268,2.9637051856400336,1.7362911183786607,1.4457254710759024,0.40000584883610624,1.1867446480884172,0.2072730694054571,0.05983864985163205,0.48790874034992715,0.6598229184677368
51,2017-03-01,1.540204882220054,,0.6490916930094334,0.44704869068612263,2.283787625029485,0.7819490131578948,,1.3709334970854994,,1.0286913055891904,0.7387065241624637,1.3758431751322704,0.5598142471094092,0.7347489491098078,0.08753128671400112,1.0580190806881193,0.7238361616303268,2.9637051856400336,1.7362911183786607,1.4457254710759024,0.40000584883610624,1.1867446480884172,0.2072730694054571,0.05983864985163205,0.48790874034992715,0.6598229184677368
52,2017-03-02,1.540204882220054,,0.6490916930094334,0.44704869068612263,2.283787625029485,0.7819490131578948,,1.3709334970854994,,1.0286913055891904,0.7387065241624637,1.3758431751322704,0.5598142471094092,0.7347489491098078,0.08753128671400112,1.0580190806881193,0.7238361616303268,2.9637051856400336,1.7362911183786607,1.4457254710759024,0.40000584883610624,1.1867446480884172,0.2072730694054571,0.05983864985163205,0.48790874034992715,0.6598229184677368
53,2017-03-03,1.540204882220054,,0.6490916930094334,0.44704869068612263,2.283787625029485,0.7819490131578948,,1.3709334970854994,,1.0286913055891904,0.7387065241624637,1.3758431751322704,0.5598142471094092,0.7347489491098078,0.08753128671400112,1.0580190806881193,0.7238361616303268,2.9637051856400336,1.7362911183786607,1.4457254710759024,0.40000584883610624,1.1867446480884172,0.2072730694054571,0.05983864985163205,0.48790874034992715,0.6598229184677368
54,2017-03-04,1.540204882220054,,0.6490916930094334,0.44704869068612263,2.283787625029485,0.7819490131578948,,1.3709334970854994,,1.0286913055891904,0.7387065241624637,1.3758431751322704,0.5598142471094092,0.7347489491098078,0.08753128671400112,1.0580190806881193,0.7238361616303268,2.9637051856400336,1.7362911183786607,1.4457254710759024,0.40000584883610624,1.1867446480884172,0.2072730694054571,0.05983864985163205,0.48790874034992715,0.6598229184677368
55,2017-03-05,1.540204882220054,,0.6490916930094334,0.44704869068612263,2.283787625029485,0.7819490131578948,,1.3709334970854994,,1.0286913055891904,0.7387065241624637,1.3758431751322704,0.5598142471094092,0.7347489491098078,0.08753128671400112,1.0580190806881193,0.7238361616303268,2.9637051856400336,1.7362911183786607,1.4457254710759024,0.40000584883610624,1.1867446480884172,0.2072730694054571,0.05983864985163205,0.48790874034992715,0.6598229184677368
56,2017-03-06,1.540204882220054,,0.6490916930094334,0.44704869068612263,2.283787625029485,0.7819490131578948,,1.3709334970854994,,1.0286913055891904,0.7387065241624637,1.3758431751322704,0.5598142471094092,0.7347489491098078,0.08753128671400112,1.0580190806881193,0.7238361616303268,2.9637051856400336,1.7362911183786607,1.4457254710759024,0.40000584883610624,1.1867446480884172,0.2072730694054571,0.05983864985163205,0.48790874034992715,0.6598229184677368
57,2017-03-07,1.540204882220054,,0.6490916930094334,0.44704869068612263,2.283787625029485,0.7819490131578948,,1.3709334970854994,,1.0286913055891904,0.7387065241624637,1.3758431751322704,0.5598142471094092,0.7347489491098078,0.08753128671400112,1.0580190806881193,0.7238361616303268,2.9637051856400336,1.7362911183786607,1.4457254710759024,0.40000584883610624,1.1867446480884172,0.2072730694054571,0.05983864985163205,0.48790874034992715,0.6598229184677368
58,2017-03-08,1.540204882220054,,0.6490916930094334,0.44704869068612263,2.283787625029485,0.7819490131578948,,1.3709334970854994,,1.0286913055891904,0.7387065241624637,1.3758431751322704,0.5598142471094092,0.7347489491098078,0.08753128671400112,1.0580190806881193,0.7238361616303268,2.9637051856400336,1.7362911183786607,1.4457254710759024,0.40000584883610624,1.1867446480884172,0.2072730694054571,0.05983864985163205,0.48790874034992715,0.6598229184677368
59,2017-03-09,15.695261827963577,7.553214539372272,0.6490916930094334,3.040266430932656,2.283787625029485,270.0619490131579,,8.048570335913649,14.379999999999999,1.0286913055891904,0.591808345566261,7.259310609076476,14.817336604287279,0.612918170632558,0.08753128671400112,11.51821908068812,6.576374301322845,363.7165567092755,217.50494728306884,23.083725471075905,0.40000584883610624,9.983701598559833,10.591273069405457,0.05983864985163205,0.48790874034992715,0.7450308473068572
60,2017-03-10,4.033102799043332,0.5150281753377403,4.138118479890203,26.38695572660565,14.579773095026825,161.15274755266339,13.26356216886484,73.387786431317,75.75360442687747,31.777745704051043,8.513311549681701,6.9664428135401995,70.05961772162166,0.6117494438344976,0.08753128671400112,14.310142720031127,17.805832857850532,202.1917228535918,171.0177775758204,17.506077590923006,27.540005848836106,10.239432173624584,9.11057507363349,0.05983864985163205,0.45153573647129935,35.35933599550609
61,2017-03-11,1.6680293168894351,1.6891716753100399,1.113237779904867,4.626714221116889,23.980366104451736,173.8185066512435,0.6601163730909887,47.906176111813465,54.6281555053642,33.55759595028734,8.058821634368392,11.821088373382354,20.46923642189443,0.5145522551932018,0.08753128671400112,14.089592238131988,0.8612796857002498,303.3819484085396,214.2737189599658,7.316132175467536,30.584079355727333,35.89737985191833,6.4062860136248485,0.05983864985163205,18.691191983659134,16.942547833718976
62,2017-03-12,1.3907239276682817,0.5240111034319499,1.0615208038425716,0.20771422111688898,1.2932297433146291,0.2765066512434934,0.7446470092945376,1.1215692389004714,0.153155505364201,0.401337241334915,0.9687224177754297,1.1353629110907173,1.4975587358075284,0.4467534971142841,0.08753128671400112,0.13658385257271188,0.8612796857002498,2.941200801894106,0.9237189599658109,0.6491512550967141,0.0692248381163513,0.2833798519183307,0.15128601362484742,0.05983864985163205,0.3011771589985297,1.3659182139895911
63,2017-03-13,1.3907239276682817,0.5240111034319499,1.0615208038425716,0.20771422111688898,1.2932297433146291,0.2765066512434934,0.7446470092945376,1.1215692389004714,0.153155505364201,0.401337241334915,0.9687224177754297,1.1353629110907173,1.4975587358075284,0.4467534971142841,0.08753128671400112,0.13658385257271188,0.8612796857002498,2.941200801894106,0.9237189599658109,0.6491512550967141,0.0692248381163513,0.2833798519183307,0.15128601362484742,0.05983864985163205,0.3011771589985297,1.3659182139895911
64,2017-03-14,1.3907239276682817,0.5240111034319499,1.0615208038425716,0.20771422111688898,1.2932297433146291,0.2765066512434934,0.7446470092945376,1.1215692389004714,0.153155505364201,0.401337241334915,0.9687224177754297,1.1353629110907173,1.4975587358075284,0.4467534971142841,0.08753128671400112,0.13658385257271188,0.8612796857002498,2.941200801894106,0.9237189599658109,0.6491512550967141,0.0692248381163513,0.2833798519183307,0.15128601362484742,0.05983864985163205,0.3011771589985297,1.3659182139895911
65,2017-03-15,1.3907239276682817,0.5240111034319499,1.0615208038425716,0.20771422111688898,1.2932297433146291,0.2765066512434934,0.7446470092945376,1.1215692389004714,0.153155505364201,0.401337241334915,0.9687224177754297,1.1353629110907173,1.4975587358075284,0.4467534971142841,0.08753128671400112,0.13658385257271188,0.8612796857002498,2.941200801894106,0.9237189599658109,0.6491512550967141,0.0692248381163513,0.2833798519183307,0.15128601362484742,0.05983864985163205,0.3011771589985297,1.3659182139895911
66,2017-03-16,1.3907239276682817,0.5240111034319499,1.0615208038425716,0.20771422111688898,1.2932297433146291,0.2765066512434934,0.7446470092945376,1.1215692389004714,0.153155505364201,0.401337241334915,0.9687224177754297,1.1353629110907173,1.4975587358075284,0.4467534971142841,0.08753128671400112,0.13658385257271188,0.8612796857002498,2.941200801894106,0.9237189599658109,0.6491512550967141,0.0692248381163513,0.2833798519183307,0.15128601362484742,0.05983864985163205,0.3011771589985297,1.3659182139895911
67,2017-03-17,1.3907239276682817,0.5240111034319499,1.0615208038425716,0.20771422111688898,1.2932297433146291,0.2765066512434934,0.7446470092945376,1.1215692389004714,0.153155505364201,0.401337241334915,0.9687224177754297,1.1353629110907173,1.4975587358075284,0.4467534971142841,0.08753128671400112,0.13658385257271188,0.8612796857002498,2.941200801894106,0.9237189599658109,0.6491512550967141,0.0692248381163513,0.2833798519183307,0.15128601362484742,0.05983864985163205,0.3011771589985297,1.3659182139895911
68,2017-03-18,1.3907239276682817,0.5240111034319499,1.0615208038425716,0.20771422111688898,1.2932297433146291,0.2765066512434934,0.7446470092945376,1.1215692389004714,0.153155505364201,0.401337241334915,0.9687224177754297,1.1353629110907173,1.4975587358075284,0.4467534971142841,0.08753128671400112,0.13658385257271188,0.8612796857002498,2.941200801894106,0.9237189599658109,0.6491512550967141,0.0692248381163513,0.2833798519183307,0.15128601362484742,0.05983864985163205,0.3011771589985297,1.3659182139895911
69,2017-03-19,1.3907239276682817,0.5240111034319499,1.0615208038425716,0.20771422111688898,1.2932297433146291,0.2765066512434934,0.7446470092945376,1.1215692389004714,0.153155505364201,0.401337241334915,0.9687224177754297,1.1353629110907173,1.4975587358075284,0.4467534971142841,0.08753128671400112,0.13658385257271188,0.8612796857002498,2.941200801894106,0.9237189599658109,0.6491512550967141,0.0692248381163513,0.2833798519183307,0.15128601362484742,0.05983864985163205,0.3011771589985297,1.3659182139895911
70,2017-03-20,1.3907239276682817,0.5240111034319499,1.0615208038425716,0.20771422111688898,1.2932297433146291,0.2765066512434934,0.7446470092945376,1.1215692389004714,0.153155505364201,0.401337241334915,0.9687224177754297,1.1353629110907173,1.4975587358075284,0.4467534971142841,0.08753128671400112,0.13658385257271188,0.8612796857002498,2.941200801894106,0.9237189599658109,0.6491512550967141,0.0692248381163513,0.2833798519183307,0.15128601362484742,0.05983864985163205,0.3011771589985297,1.3659182139895911
71,2017-03-21,1.3907239276682817,0.5240111034319499,1.0615208038425716,0.20771422111688898,1.2932297433146291,0.2765066512434934,0.7446470092945376,1.1215692389004714,0.153155505364201,0.401337241334915,0.9687224177754297,1.1353629110907173,1.4975587358075284,0.4467534971142841,0.08753128671400112,0.13658385257271188,0.8612796857002498,2.941200801894106,0.9237189599658109,0.6491512550967141,0.0692248381163513,0.2833798519183307,0.15128601362484742,0.05983864985163205,0.3011771589985297,1.3659182139895911
72,2017-03-22,1.3907239276682817,0.5240111034319499,1.0615208038425716,0.20771422111688898,1.2932297433146291,0.2765066512434934,0.7446470092945376,1.1215692389004714,0.153155505364201,0.401337241334915,0.9687224177754297,1.1353629110907173,1.4975587358075284,0.4467534971142841,0.08753128671400112,0.13658385257271188,0.8612796857002498,2.941200801894106,0.9237189599658109,0.6491512550967141,0.0692248381163513,0.2833798519183307,0.15128601362484742,0.05983864985163205,0.3011771589985297,1.3659182139895911
73,2017-03-23,1.3907239276682817,0.5240111034319499,1.0615208038425716,0.20771422111688898,1.2932297433146291,0.2765066512434934,0.7446470092945376,1.1215692389004714,0.153155505364201,0.401337241334915,0.9687224177754297,1.1353629110907173,1.4975587358075284,0.4467534971142841,0.08753128671400112,0.13658385257271188,0.8612796857002498,2.941200801894106,0.9237189599658109,0.6491512550967141,0.0692248381163513,0.2833798519183307,0.15128601362484742,0.05983864985163205,0.3011771589985297,1.3659182139895911
74,2017-03-24,1.3907239276682817,0.5240111034319499,1.0615208038425716,0.20771422111688898,1.2932297433146291,0.2765066512434934,0.7446470092945376,1.1215692389004714,0.153155505364201,0.401337241334915,0.9687224177754297,1.1353629110907173,1.4975587358075284,0.4467534971142841,0.08753128671400112,0.13658385257271188,0.8612796857002498,2.941200801894106,0.9237189599658109,0.6491512550967141,0.0692248381163513,0.2833798519183307,0.15128601362484742,0.05983864985163205,0.3011771589985297,1.3659182139895911
75,2017-03-25,1.3907239276682817,0.5240111034319499,1.0615208038425716,0.20771422111688898,1.2932297433146291,0.2765066512434934,0.7446470092945376,1.1215692389004714,0.153155505364201,0.401337241334915,0.9687224177754297,1.1353629110907173,1.4975587358075284,0.4467534971142841,0.08753128671400112,0.13658385257271188,0.8612796857002498,2.941200801894106,0.9237189599658109,0.6491512550967141,0.0692248381163513,0.2833798519183307,0.15128601362484742,0.05983864985163205,0.3011771589985297,1.3659182139895911
76,2017-03-26,1.3907239276682817,0.5240111034319499,1.0615208038425716,0.20771422111688898,1.2932297433146291,0.2765066512434934,0.7446470092945376,1.1215692389004714,0.153155505364201,0.401337241334915,0.9687224177754297,1.1353629110907173,1.4975587358075284,0.4467534971142841,0.08753128671400112,0.13658385257271188,0.8612796857002498,2.941200801894106,0.9237189599658109,0.6491512550967141,0.0692248381163513,0.2833798519183307,0.15128601362484742,0.05983864985163205,0.3011771589985297,1.3659182139895911
77,2017-03-27,1.3907239276682817,0.5240111034319499,1.0615208038425716,0.20771422111688898,1.2932297433146291,0.2765066512434934,0.7446470092945376,1.1215692389004714,0.153155505364201,0.401337241334915,0.9687224177754297,1.1353629110907173,1.4975587358075284,0.4467534971142841,0.08753128671400112,0.13658385257271188,0.8612796857002498,2.941200801894106,0.9237189599658109,0.6491512550967141,0.0692248381163513,0.2833798519183307,0.15128601362484742,0.05983864985163205,0.3011771589985297,1.3659182139895911
78,2017-03-28,1.3907239276682817,0.5240111034319499,1.0615208038425716,0.20771422111688898,1.2932297433146291,0.2765066512434934,0.7446470092945376,1.1215692389004714,0.153155505364201,0.401337241334915,0.9687224177754297,1.1353629110907173,1.4975587358075284,0.4467534971142841,0.08753128671400112,0.13658385257271188,0.8612796857002498,2.941200801894106,0.9237189599658109,0.6491512550967141,0.0692248381163513,0.2833798519183307,0.15128601362484742,0.05983864985163205,0.3011771589985297,1.3659182139895911
79,2017-03-29,1.3907239276682817,0.5240111034319499,1.0615208038425716,0.20771422111688898,1.2932297433146291,0.2765066512434934,0.7446470092945376,1.1215692389004714,0.153155505364201,0.401337241334915,0.9687224177754297,1.1353629110907173,1.4975587358075284,0.4467534971142841,0.08753128671400112,0.13658385257271188,0.8612796857002498,2.941200801894106,0.9237189599658109,0.6491512550967141,0.0692248381163513,0.2833798519183307,0.15128601362484742,0.05983864985163205,0.3011771589985297,1.3659182139895911
80,2017-03-30,1.3907239276682817,0.5240111034319499,1.0615208038425716,0.20771422111688898,1.2932297433146291,0.2765066512434934,0.7446470092945376,1.1215692389004714,0.153155505364201,0.401337241334915,0.9687224177754297,1.1353629110907173,1.4975587358075284,0.4467534971142841,0.08753128671400112,0.13658385257271188,0.8612796857002498,2.941200801894106,0.9237189599658109,0.6491512550967141,0.0692248381163513,0.2833798519183307,0.15128601362484742,0.05983864985163205,0.3011771589985297,1.3659182139895911
81,2017-03-31,1.3907239276682817,0.5240111034319499,1.0615208038425716,0.20771422111688898,1.2932297433146291,0.2765066512434934,0.7446470092945376,1.1215692389004714,0.153155505364201,0.401337241334915,0.9687224177754297,1.1353629110907173,1.4975587358075284,0.4467534971142841,0.08753128671400112,0.13658385257271188,0.8612796857002498,2.941200801894106,0.9237189599658109,0.6491512550967141,0.0692248381163513,0.2833798519183307,0.15128601362484742,0.05983864985163205,0.3011771589985297,1.3659182139895911
82,2017-04-01,1.3907239276682817,0.5240111034319499,1.0615208038425716,0.20771422111688898,1.2932297433146291,0.2765066512434934,0.7446470092945376,1.1215692389004714,0.153155505364201,0.401337241334915,0.9687224177754297,1.1353629110907173,1.4975587358075284,0.4467534971142841,0.08753128671400112,0.13658385257271188,0.8612796857002498,2.941200801894106,0.9237189599658109,0.6491512550967141,0.0692248381163513,0.2833798519183307,0.15128601362484742,0.05983864985163205,0.3011771589985297,1.3659182139895911
83,2017-04-02,1.3907239276682817,0.5240111034319499,1.0615208038425716,0.20771422111688898,1.2932297433146291,0.2765066512434934,0.7446470092945376,1.1215692389004714,0.153155505364201,0.401337241334915,0.9687224177754297,1.1353629110907173,1.4975587358075284,0.4467534971142841,0.08753128671400112,0.13658385257271188,0.8612796857002498,2.941200801894106,0.9237189599658109,0.6491512550967141,0.0692248381163513,0.2833798519183307,0.15128601362484742,0.05983864985163205,0.3011771589985297,1.3659182139895911
84,2017-04-03,1.3907239276682817,0.5240111034319499,1.0615208038425716,0.20771422111688898,1.2932297433146291,0.2765066512434934,0.7446470092945376,1.1215692389004714,0.153155505364201,0.401337241334915,0.9687224177754297,1.1353629110907173,1.4975587358075284,0.4467534971142841,0.08753128671400112,0.13658385257271188,0.8612796857002498,2.941200801894106,0.9237189599658109,0.6491512550967141,0.0692248381163513,0.2833798519183307,0.15128601362484742,0.05983864985163205,0.3011771589985297,1.3659182139895911
85,2017-04-04,1.3907239276682817,0.5240111034319499,1.0615208038425716,0.20771422111688898,1.2932297433146291,0.2765066512434934,0.7446470092945376,1.1215692389004714,0.153155505364201,0.401337241334915,0.9687224177754297,1.1353629110907173,1.4975587358075284,0.4467534971142841,0.08753128671400112,0.13658385257271188,0.8612796857002498,2.941200801894106,0.9237189599658109,0.6491512550967141,0.0692248381163513,0.2833798519183307,0.15128601362484742,0.05983864985163205,0.3011771589985297,1.3659182139895911
86,2017-04-05,1.3907239276682817,0.5240111034319499,1.0615208038425716,0.20771422111688898,1.2932297433146291,0.2765066512434934,0.7446470092945376,1.1215692389004714,0.153155505364201,0.401337241334915,0.9687224177754297,1.1353629110907173,1.4975587358075284,0.4467534971142841,0.08753128671400112,0.13658385257271188,0.8612796857002498,2.941200801894106,0.9237189599658109,0.6491512550967141,0.0692248381163513,0.2833798519183307,0.15128601362484742,0.05983864985163205,0.3011771589985297,1.3659182139895911
87,2017-04-06,1.3907239276682817,0.5240111034319499,1.0615208038425716,0.20771422111688898,1.2932297433146291,0.2765066512434934,0.7446470092945376,1.1215692389004714,0.153155505364201,0.401337241334915,0.9687224177754297,1.1353629110907173,1.4975587358075284,0.4467534971142841,0.08753128671400112,0.13658385257271188,0.8612796857002498,2.941200801894106,0.9237189599658109,0.6491512550967141,0.0692248381163513,0.2833798519183307,0.15128601362484742,0.05983864985163205,0.3011771589985297,1.3659182139895911
88,2017-04-07,1.3907239276682817,0.5240111034319499,1.0615208038425716,0.20771422111688898,1.2932297433146291,0.2765066512434934,0.7446470092945376,1.1215692389004714,0.153155505364201,0.401337241334915,0.9687224177754297,1.1353629110907173,1.4975587358075284,0.4467534971142841,0.08753128671400112,0.13658385257271188,0.8612796857002498,2.941200801894106,0.9237189599658109,0.6491512550967141,0.0692248381163513,0.2833798519183307,0.15128601362484742,0.05983864985163205,0.3011771589985297,1.3659182139895911
89,2017-04-08,1.3907239276682817,0.5240111034319499,1.0615208038425716,0.20771422111688898,1.2932297433146291,0.2765066512434934,0.7446470092945376,1.1215692389004714,0.153155505364201,0.401337241334915,0.9687224177754297,1.1353629110907173,1.4975587358075284,0.4467534971142841,0.08753128671400112,0.13658385257271188,0.8612796857002498,2.941200801894106,0.9237189599658109,0.6491512550967141,0.0692248381163513,0.2833798519183307,0.15128601362484742,0.05983864985163205,0.3011771589985297,1.3659182139895911
90,2017-04-09,4.0096799427846275,10.214986258806785,0.9067705835856675,10.413046800813994,15.42478887695673,187.1165066512435,0.7446470092945376,12.23021271992566,117.20315550536421,11.391426769502566,0.7909329525439655,9.111020902943084,23.835723763710913,0.5365488895047364,0.10262173509056872,21.484747488936335,24.162576628405574,288.66227261503985,99.76497622180796,0.5926759486555383,41.10522483811635,8.64537985191833,9.2946275992467,0.05983864985163205,0.3011771589985297,3.337101687329316
91,2017-04-10,2.6798055015126794,0.4436382273936523,19.71700959941935,19.727,19.244959178542405,212.87445633314053,12.324913044690627,45.03581662620636,53.18073041219657,17.002737453479423,0.567515030933625,22.427040270890952,8.623842751400609,0.6280305790486291,0.13366768939395302,12.740402034390893,30.033479427281275,175.10210691076492,138.29027754252158,1.4554272412622071,11.839224838116351,6.59025678707636,4.633673988249338,0.05983864985163205,0.5197205243143718,22.410389292738863
92,2017-04-11,17.89478136869675,3.6629099192395413,0.4876669793097833,11.758354032147272,1.780626932760489,258.7839131787398,0.17547791727279344,69.92861313102233,30.44,15.085046087666768,6.655785975567174,14.824023917347278,1.4340104651121988,26.29113452351631,0.13366768939395302,26.040402034390898,24.642351145823426,325.01588276192473,302.09388146333924,13.15375306051975,41.63922483811635,48.423,6.8706739882493375,0.05983864985163205,0.9599716817861454,0.9786037559907801
93,2017-04-12,1.2947813686967513,0.5228368302814607,0.4876669793097833,0.2199862618491551,1.780626932760489,0.35218608658195133,0.8408578484965561,2.389433725638757,,1.309581986261263,0.24170468452160837,1.627885182943283,1.4340104651121988,0.6843225572087317,0.13366768939395302,0.11040203439089369,0.4423511458234263,4.0069565408511325,0.6091595350054851,1.103753060519749,0.0692248381163513,,0.13667398824933796,0.05983864985163205,0.9599716817861454,0.8163169386861867
94,2017-04-13,1.2947813686967513,0.5228368302814607,0.4876669793097833,0.2199862618491551,1.780626932760489,0.35218608658195133,0.8408578484965561,2.389433725638757,,1.309581986261263,0.24170468452160837,1.627885182943283,1.4340104651121988,0.6843225572087317,0.13366768939395302,0.11040203439089369,0.4423511458234263,4.0069565408511325,0.6091595350054851,1.103753060519749,0.0692248381163513,,0.13667398824933796,0.05983864985163205,0.9599716817861454,0.8163169386861867
95,2017-04-14,1.2947813686967513,0.5228368302814607,0.4876669793097833,0.2199862618491551,1.780626932760489,0.35218608658195133,0.8408578484965561,2.389433725638757,,1.309581986261263,0.24170468452160837,1.627885182943283,1.4340104651121988,0.6843225572087317,0.13366768939395302,0.11040203439089369,0.4423511458234263,4.0069565408511325,0.6091595350054851,1.103753060519749,0.0692248381163513,,0.13667398824933796,0.05983864985163205,0.9599716817861454,0.8163169386861867
96,2017-04-15,1.2947813686967513,0.5228368302814607,0.4876669793097833,0.2199862618491551,1.780626932760489,0.35218608658195133,0.8408578484965561,2.389433725638757,,1.309581986261263,0.24170468452160837,1.627885182943283,1.4340104651121988,0.6843225572087317,0.13366768939395302,0.11040203439089369,0.4423511458234263,4.0069565408511325,0.6091595350054851,1.103753060519749,0.0692248381163513,,0.13667398824933796,0.05983864985163205,0.9599716817861454,0.8163169386861867
97,2017-04-16,1.2947813686967513,0.5228368302814607,0.4876669793097833,0.2199862618491551,1.780626932760489,0.35218608658195133,0.8408578484965561,2.389433725638757,,1.309581986261263,0.24170468452160837,1.627885182943283,1.4340104651121988,0.6843225572087317,0.13366768939395302,0.11040203439089369,0.4423511458234263,4.0069565408511325,0.6091595350054851,1.103753060519749,0.0692248381163513,,0.13667398824933796,0.05983864985163205,0.9599716817861454,0.8163169386861867
98,2017-04-17,1.2947813686967513,0.5228368302814607,0.4876669793097833,0.2199862618491551,1.780626932760489,0.35218608658195133,0.8408578484965561,2.389433725638757,,1.309581986261263,0.24170468452160837,1.627885182943283,1.4340104651121988,0.6843225572087317,0.13366768939395302,0.11040203439089369,0.4423511458234263,4.0069565408511325,0.6091595350054851,1.103753060519749,0.0692248381163513,,0.13667398824933796,0.05983864985163205,0.9599716817861454,0.8163169386861867
99,2017-04-18,1.2947813686967513,0.5228368302814607,0.4876669793097833,0.2199862618491551,1.780626932760489,0.35218608658195133,0.8408578484965561,2.389433725638757,,1.309581986261263,0.24170468452160837,1.627885182943283,1.4340104651121988,0.6843225572087317,0.13366768939395302,0.11040203439089369,0.4423511458234263,4.0069565408511325,0.6091595350054851,1.103753060519749,0.0692248381163513,,0.13667398824933796,0.05983864985163205,0.9599716817861454,0.8163169386861867
100,2017-04-19,1.2947813686967513,0.5228368302814607,0.4876669793097833,0.2199862618491551,1.780626932760489,0.35218608658195133,0.8408578484965561,2.389433725638757,,1.309581986261263,0.24170468452160837,1.627885182943283,1.4340104651121988,0.6843225572087317,0.13366768939395302,0.11040203439089369,0.4423511458234263,4.0069565408511325,0.6091595350054851,1.103753060519749,0.0692248381163513,,0.13667398824933796,0.05983864985163205,0.9599716817861454,0.8163169386861867
101,2017-04-20,1.2947813686967513,0.5228368302814607,0.4876669793097833,0.2199862618491551,1.780626932760489,0.35218608658195133,0.8408578484965561,2.389433725638757,,1.309581986261263,0.24170468452160837,1.627885182943283,1.4340104651121988,0.6843225572087317,0.13366768939395302,0.11040203439089369,0.4423511458234263,4.0069565408511325,0.6091595350054851,1.103753060519749,0.0692248381163513,,0.13667398824933796,0.05983864985163205,0.9599716817861454,0.8163169386861867
102,2017-04-21,1.2947813686967513,0.5228368302814607,0.4876669793097833,0.2199862618491551,1.780626932760489,0.35218608658195133,0.8408578484965561,2.389433725638757,,1.309581986261263,0.24170468452160837,1.627885182943283,1.4340104651121988,0.6843225572087317,0.13366768939395302,0.11040203439089369,0.4423511458234263,4.0069565408511325,0.6091595350054851,1.103753060519749,0.0692248381163513,,0.13667398824933796,0.05983864985163205,0.9599716817861454,0.8163169386861867
103,2017-04-22,1.2947813686967513,0.5228368302814607,0.4876669793097833,0.2199862618491551,1.780626932760489,0.35218608658195133,0.8408578484965561,2.389433725638757,,1.309581986261263,0.24170468452160837,1.627885182943283,1.4340104651121988,0.6843225572087317,0.13366768939395302,0.11040203439089369,0.4423511458234263,4.0069565408511325,0.6091595350054851,1.103753060519749,0.0692248381163513,,0.13667398824933796,0.05983864985163205,0.9599716817861454,0.8163169386861867
104,2017-04-23,1.2947813686967513,0.5228368302814607,0.4876669793097833,0.2199862618491551,1.780626932760489,0.35218608658195133,0.8408578484965561,2.389433725638757,,1.309581986261263,0.24170468452160837,1.627885182943283,1.4340104651121988,0.6843225572087317,0.13366768939395302,0.11040203439089369,0.4423511458234263,4.0069565408511325,0.6091595350054851,1.103753060519749,0.0692248381163513,,0.13667398824933796,0.05983864985163205,0.9599716817861454,0.8163169386861867
105,2017-04-24,1.2947813686967513,0.5228368302814607,0.4876669793097833,0.2199862618491551,1.780626932760489,0.35218608658195133,0.8408578484965561,2.389433725638757,,1.309581986261263,0.24170468452160837,1.627885182943283,1.4340104651121988,0.6843225572087317,0.13366768939395302,0.11040203439089369,0.4423511458234263,4.0069565408511325,0.6091595350054851,1.103753060519749,0.0692248381163513,,0.13667398824933796,0.05983864985163205,0.9599716817861454,0.8163169386861867
106,2017-04-25,1.2947813686967513,0.5228368302814607,0.4876669793097833,0.2199862618491551,1.780626932760489,0.35218608658195133,0.8408578484965561,2.389433725638757,,1.309581986261263,0.24170468452160837,1.627885182943283,1.4340104651121988,0.6843225572087317,0.13366768939395302,0.11040203439089369,0.4423511458234263,4.0069565408511325,0.6091595350054851,1.103753060519749,0.0692248381163513,,0.13667398824933796,0.05983864985163205,0.9599716817861454,0.8163169386861867
107,2017-04-26,1.2947813686967513,0.5228368302814607,0.4876669793097833,0.2199862618491551,1.780626932760489,0.35218608658195133,0.8408578484965561,2.389433725638757,,1.309581986261263,0.24170468452160837,1.627885182943283,1.4340104651121988,0.6843225572087317,0.13366768939395302,0.11040203439089369,0.4423511458234263,4.0069565408511325,0.6091595350054851,1.103753060519749,0.0692248381163513,,0.13667398824933796,0.05983864985163205,0.9599716817861454,0.8163169386861867
108,2017-04-27,1.2947813686967513,0.5228368302814607,0.4876669793097833,0.2199862618491551,1.780626932760489,0.35218608658195133,0.8408578484965561,2.389433725638757,,1.309581986261263,0.24170468452160837,1.627885182943283,1.4340104651121988,0.6843225572087317,0.13366768939395302,0.11040203439089369,0.4423511458234263,4.0069565408511325,0.6091595350054851,1.103753060519749,0.0692248381163513,,0.13667398824933796,0.05983864985163205,0.9599716817861454,0.8163169386861867
109,2017-04-28,1.2947813686967513,0.5228368302814607,0.4876669793097833,0.2199862618491551,1.780626932760489,0.35218608658195133,0.8408578484965561,2.389433725638757,,1.309581986261263,0.24170468452160837,1.627885182943283,1.4340104651121988,0.6843225572087317,0.13366768939395302,0.11040203439089369,0.4423511458234263,4.0069565408511325,0.6091595350054851,1.103753060519749,0.0692248381163513,,0.13667398824933796,0.05983864985163205,0.9599716817861454,0.8163169386861867
110,2017-04-29,1.2947813686967513,0.5228368302814607,0.4876669793097833,0.2199862618491551,1.780626932760489,0.35218608658195133,0.8408578484965561,2.389433725638757,,1.309581986261263,0.24170468452160837,1.627885182943283,1.4340104651121988,0.6843225572087317,0.13366768939395302,0.11040203439089369,0.4423511458234263,4.0069565408511325,0.6091595350054851,1.103753060519749,0.0692248381163513,,0.13667398824933796,0.05983864985163205,0.9599716817861454,0.8163169386861867
111,2017-04-30,1.2947813686967513,0.5228368302814607,0.4876669793097833,0.2199862618491551,1.780626932760489,0.35218608658195133,0.8408578484965561,2.389433725638757,,1.309581986261263,0.24170468452160837,1.627885182943283,1.4340104651121988,0.6843225572087317,0.13366768939395302,0.11040203439089369,0.4423511458234263,4.0069565408511325,0.6091595350054851,1.103753060519749,0.0692248381163513,,0.13667398824933796,0.05983864985163205,0.9599716817861454,0.8163169386861867
112,2017-05-01,1.2947813686967513,0.5228368302814607,0.4876669793097833,0.2199862618491551,1.780626932760489,0.35218608658195133,0.8408578484965561,2.389433725638757,,1.309581986261263,0.24170468452160837,1.627885182943283,1.4340104651121988,0.6843225572087317,0.13366768939395302,0.11040203439089369,0.4423511458234263,4.0069565408511325,0.6091595350054851,1.103753060519749,0.0692248381163513,,0.13667398824933796,0.05983864985163205,0.9599716817861454,0.8163169386861867
113,2017-05-02,1.2947813686967513,0.5228368302814607,0.4876669793097833,0.2199862618491551,1.780626932760489,0.35218608658195133,0.8408578484965561,2.389433725638757,,1.309581986261263,0.24170468452160837,1.627885182943283,1.4340104651121988,0.6843225572087317,0.13366768939395302,0.11040203439089369,0.4423511458234263,4.0069565408511325,0.6091595350054851,1.103753060519749,0.0692248381163513,,0.13667398824933796,0.05983864985163205,0.9599716817861454,0.8163169386861867
114,2017-05-03,1.2947813686967513,0.5228368302814607,0.4876669793097833,0.2199862618491551,1.780626932760489,0.35218608658195133,0.8408578484965561,2.389433725638757,,1.309581986261263,0.24170468452160837,1.627885182943283,1.4340104651121988,0.6843225572087317,0.13366768939395302,0.11040203439089369,0.4423511458234263,4.0069565408511325,0.6091595350054851,1.103753060519749,0.0692248381163513,,0.13667398824933796,0.05983864985163205,0.9599716817861454,0.8163169386861867
115,2017-05-04,1.2947813686967513,0.5228368302814607,0.4876669793097833,0.2199862618491551,1.780626932760489,0.35218608658195133,0.8408578484965561,2.389433725638757,,1.309581986261263,0.24170468452160837,1.627885182943283,1.4340104651121988,0.6843225572087317,0.13366768939395302,0.11040203439089369,0.4423511458234263,4.0069565408511325,0.6091595350054851,1.103753060519749,0.0692248381163513,,0.13667398824933796,0.05983864985163205,0.9599716817861454,0.8163169386861867
116,2017-05-05,1.2947813686967513,0.5228368302814607,0.4876669793097833,0.2199862618491551,1.780626932760489,0.35218608658195133,0.8408578484965561,2.389433725638757,,1.309581986261263,0.24170468452160837,1.627885182943283,1.4340104651121988,0.6843225572087317,0.13366768939395302,0.11040203439089369,0.4423511458234263,4.0069565408511325,0.6091595350054851,1.103753060519749,0.0692248381163513,,0.13667398824933796,0.05983864985163205,0.9599716817861454,0.8163169386861867
117,2017-05-06,1.2947813686967513,0.5228368302814607,0.4876669793097833,0.2199862618491551,1.780626932760489,0.35218608658195133,0.8408578484965561,2.389433725638757,,1.309581986261263,0.24170468452160837,1.627885182943283,1.4340104651121988,0.6843225572087317,0.13366768939395302,0.11040203439089369,0.4423511458234263,4.0069565408511325,0.6091595350054851,1.103753060519749,0.0692248381163513,,0.13667398824933796,0.05983864985163205,0.9599716817861454,0.8163169386861867
118,2017-05-07,1.2947813686967513,0.5228368302814607,0.4876669793097833,0.2199862618491551,1.780626932760489,0.35218608658195133,0.8408578484965561,2.389433725638757,,1.309581986261263,0.24170468452160837,1.627885182943283,1.4340104651121988,0.6843225572087317,0.13366768939395302,0.11040203439089369,0.4423511458234263,4.0069565408511325,0.6091595350054851,1.103753060519749,0.0692248381163513,,0.13667398824933796,0.05983864985163205,0.9599716817861454,0.8163169386861867
119,2017-05-08,1.2947813686967513,0.5228368302814607,0.4876669793097833,0.2199862618491551,1.780626932760489,0.35218608658195133,0.8408578484965561,2.389433725638757,,1.309581986261263,0.24170468452160837,1.627885182943283,1.4340104651121988,0.6843225572087317,0.13366768939395302,0.11040203439089369,0.4423511458234263,4.0069565408511325,0.6091595350054851,1.103753060519749,0.0692248381163513,,0.13667398824933796,0.05983864985163205,0.9599716817861454,0.8163169386861867
120,2017-05-09,2.7649545701829674,6.633723791534531,4.657539228491592,17.707210750251424,11.996731662886756,221.41318608658196,0.8408578484965561,32.06968782239849,148.12,16.77157004596008,0.31915713490314024,9.613683622188415,18.056673385145004,5.178045973603236,0.13366768939395302,40.27040203439089,46.098185448208596,228.37151264373767,125.48204708446883,1.7300721228158635,32.8290166561086,26.701999999999998,0.13667398824933796,0.05983864985163205,0.9599716817861454,7.595454327395337
121,2017-05-10,5.782510408236739,6.211697358616059,8.658954988359104,24.347639669961865,8.327238010079313,231.50218608658196,7.220857848496555,18.97067828899338,36.61,20.697704205803056,4.767831834987572,15.54470186143975,0.9530339047348217,9.110970833552456,0.13366768939395302,7.5492559893080005,33.49446925816991,168.14157681596222,189.6944597121516,9.039103266804442,21.60039212264977,10.606999999999998,8.72567398824934,0.05983864985163205,6.488521963137903,14.766601449397445
122,2017-05-11,34.56923360248912,0.5395768426829445,0.8807324430311322,9.366440840399887,1.9140855295720045,312.84169031038357,0.37121389466889126,30.149006804887776,6.069000000000001,22.551045490927685,2.717153172528447,17.959397128137933,0.9188192519775625,0.5529923694362961,0.13366768939395302,17.756222606284105,0.11523625410241424,357.7110046281332,311.9313960168167,2.002479430625513,75.64915773254134,47.42100000000001,4.841673988249338,0.05983864985163205,0.19480041932379527,7.483874607774891
123,2017-05-12,1.659233602489121,0.5951176467215525,0.8807324430311322,0.2563964661725737,1.9140855295720045,,0.20524167465929113,1.832948548975795,,0.04956245922659888,2.223976707237301,1.2470168929012466,0.9188192519775625,0.5147529192861919,0.13366768939395302,0.4662226062841041,0.11523625410241424,3.0732557613041287,0.29557771966769253,0.45249927252453676,0.12915773254134824,,0.13667398824933796,0.05983864985163205,0.19480041932379527,1.3437122789456541
124,2017-05-13,1.659233602489121,0.5951176467215525,0.8807324430311322,0.2563964661725737,1.9140855295720045,,0.20524167465929113,1.832948548975795,,0.04956245922659888,2.223976707237301,1.2470168929012466,0.9188192519775625,0.5147529192861919,0.13366768939395302,0.4662226062841041,0.11523625410241424,3.0732557613041287,0.29557771966769253,0.45249927252453676,0.12915773254134824,,0.13667398824933796,0.05983864985163205,0.19480041932379527,1.3437122789456541
125,2017-05-14,1.659233602489121,0.5951176467215525,0.8807324430311322,0.2563964661725737,1.9140855295720045,,0.20524167465929113,1.832948548975795,,0.04956245922659888,2.223976707237301,1.2470168929012466,0.9188192519775625,0.5147529192861919,0.13366768939395302,0.4662226062841041,0.11523625410241424,3.0732557613041287,0.29557771966769253,0.45249927252453676,0.12915773254134824,,0.13667398824933796,0.05983864985163205,0.19480041932379527,1.3437122789456541
126,2017-05-15,1.659233602489121,0.5951176467215525,0.8807324430311322,0.2563964661725737,1.9140855295720045,,0.20524167465929113,1.832948548975795,,0.04956245922659888,2.223976707237301,1.2470168929012466,0.9188192519775625,0.5147529192861919,0.13366768939395302,0.4662226062841041,0.11523625410241424,3.0732557613041287,0.29557771966769253,0.45249927252453676,0.12915773254134824,,0.13667398824933796,0.05983864985163205,0.19480041932379527,1.3437122789456541
127,2017-05-16,1.659233602489121,0.5951176467215525,0.8807324430311322,0.2563964661725737,1.9140855295720045,,0.20524167465929113,1.832948548975795,,0.04956245922659888,2.223976707237301,1.2470168929012466,0.9188192519775625,0.5147529192861919,0.13366768939395302,0.4662226062841041,0.11523625410241424,3.0732557613041287,0.29557771966769253,0.45249927252453676,0.12915773254134824,,0.13667398824933796,0.05983864985163205,0.19480041932379527,1.3437122789456541
128,2017-05-17,1.659233602489121,0.5951176467215525,0.8807324430311322,0.2563964661725737,1.9140855295720045,,0.20524167465929113,1.832948548975795,,0.04956245922659888,2.223976707237301,1.2470168929012466,0.9188192519775625,0.5147529192861919,0.13366768939395302,0.4662226062841041,0.11523625410241424,3.0732557613041287,0.29557771966769253,0.45249927252453676,0.12915773254134824,,0.13667398824933796,0.05983864985163205,0.19480041932379527,1.3437122789456541
129,2017-05-18,1.659233602489121,0.5951176467215525,0.8807324430311322,0.2563964661725737,1.9140855295720045,,0.20524167465929113,1.832948548975795,,0.04956245922659888,2.223976707237301,1.2470168929012466,0.9188192519775625,0.5147529192861919,0.13366768939395302,0.4662226062841041,0.11523625410241424,3.0732557613041287,0.29557771966769253,0.45249927252453676,0.12915773254134824,,0.13667398824933796,0.05983864985163205,0.19480041932379527,1.3437122789456541
130,2017-05-19,1.659233602489121,0.5951176467215525,0.8807324430311322,0.2563964661725737,1.9140855295720045,,0.20524167465929113,1.832948548975795,,0.04956245922659888,2.223976707237301,1.2470168929012466,0.9188192519775625,0.5147529192861919,0.13366768939395302,0.4662226062841041,0.11523625410241424,3.0732557613041287,0.29557771966769253,0.45249927252453676,0.12915773254134824,,0.13667398824933796,0.05983864985163205,0.19480041932379527,1.3437122789456541
131,2017-05-20,1.659233602489121,0.5951176467215525,0.8807324430311322,0.2563964661725737,1.9140855295720045,,0.20524167465929113,1.832948548975795,,0.04956245922659888,2.223976707237301,1.2470168929012466,0.9188192519775625,0.5147529192861919,0.13366768939395302,0.4662226062841041,0.11523625410241424,3.0732557613041287,0.29557771966769253,0.45249927252453676,0.12915773254134824,,0.13667398824933796,0.05983864985163205,0.19480041932379527,1.3437122789456541
132,2017-05-21,1.659233602489121,0.5951176467215525,0.8807324430311322,0.2563964661725737,1.9140855295720045,,0.20524167465929113,1.832948548975795,,0.04956245922659888,2.223976707237301,1.2470168929012466,0.9188192519775625,0.5147529192861919,0.13366768939395302,0.4662226062841041,0.11523625410241424,3.0732557613041287,0.29557771966769253,0.45249927252453676,0.12915773254134824,,0.13667398824933796,0.05983864985163205,0.19480041932379527,1.3437122789456541
133,2017-05-22,1.659233602489121,0.5951176467215525,0.8807324430311322,0.2563964661725737,1.9140855295720045,,0.20524167465929113,1.832948548975795,,0.04956245922659888,2.223976707237301,1.2470168929012466,0.9188192519775625,0.5147529192861919,0.13366768939395302,0.4662226062841041,0.11523625410241424,3.0732557613041287,0.29557771966769253,0.45249927252453676,0.12915773254134824,,0.13667398824933796,0.05983864985163205,0.19480041932379527,1.3437122789456541
134,2017-05-23,1.659233602489121,0.5951176467215525,0.8807324430311322,0.2563964661725737,1.9140855295720045,,0.20524167465929113,1.832948548975795,,0.04956245922659888,2.223976707237301,1.2470168929012466,0.9188192519775625,0.5147529192861919,0.13366768939395302,0.4662226062841041,0.11523625410241424,3.0732557613041287,0.29557771966769253,0.45249927252453676,0.12915773254134824,,0.13667398824933796,0.05983864985163205,0.19480041932379527,1.3437122789456541
135,2017-05-24,1.659233602489121,0.5951176467215525,0.8807324430311322,0.2563964661725737,1.9140855295720045,,0.20524167465929113,1.832948548975795,,0.04956245922659888,2.223976707237301,1.2470168929012466,0.9188192519775625,0.5147529192861919,0.13366768939395302,0.4662226062841041,0.11523625410241424,3.0732557613041287,0.29557771966769253,0.45249927252453676,0.12915773254134824,,0.13667398824933796,0.05983864985163205,0.19480041932379527,1.3437122789456541
136,2017-05-25,1.659233602489121,0.5951176467215525,0.8807324430311322,0.2563964661725737,1.9140855295720045,,0.20524167465929113,1.832948548975795,,0.04956245922659888,2.223976707237301,1.2470168929012466,0.9188192519775625,0.5147529192861919,0.13366768939395302,0.4662226062841041,0.11523625410241424,3.0732557613041287,0.29557771966769253,0.45249927252453676,0.12915773254134824,,0.13667398824933796,0.05983864985163205,0.19480041932379527,1.3437122789456541
137,2017-05-26,1.659233602489121,0.5951176467215525,0.8807324430311322,0.2563964661725737,1.9140855295720045,,0.20524167465929113,1.832948548975795,,0.04956245922659888,2.223976707237301,1.2470168929012466,0.9188192519775625,0.5147529192861919,0.13366768939395302,0.4662226062841041,0.11523625410241424,3.0732557613041287,0.29557771966769253,0.45249927252453676,0.12915773254134824,,0.13667398824933796,0.05983864985163205,0.19480041932379527,1.3437122789456541
138,2017-05-27,1.659233602489121,0.5951176467215525,0.8807324430311322,0.2563964661725737,1.9140855295720045,,0.20524167465929113,1.832948548975795,,0.04956245922659888,2.223976707237301,1.2470168929012466,0.9188192519775625,0.5147529192861919,0.13366768939395302,0.4662226062841041,0.11523625410241424,3.0732557613041287,0.29557771966769253,0.45249927252453676,0.12915773254134824,,0.13667398824933796,0.05983864985163205,0.19480041932379527,1.3437122789456541
139,2017-05-28,1.659233602489121,0.5951176467215525,0.8807324430311322,0.2563964661725737,1.9140855295720045,,0.20524167465929113,1.832948548975795,,0.04956245922659888,2.223976707237301,1.2470168929012466,0.9188192519775625,0.5147529192861919,0.13366768939395302,0.4662226062841041,0.11523625410241424,3.0732557613041287,0.29557771966769253,0.45249927252453676,0.12915773254134824,,0.13667398824933796,0.05983864985163205,0.19480041932379527,1.3437122789456541
140,2017-05-29,1.659233602489121,0.5951176467215525,0.8807324430311322,0.2563964661725737,1.9140855295720045,,0.20524167465929113,1.832948548975795,,0.04956245922659888,2.223976707237301,1.2470168929012466,0.9188192519775625,0.5147529192861919,0.13366768939395302,0.4662226062841041,0.11523625410241424,3.0732557613041287,0.29557771966769253,0.45249927252453676,0.12915773254134824,,0.13667398824933796,0.05983864985163205,0.19480041932379527,1.3437122789456541
141,2017-05-30,1.659233602489121,0.5951176467215525,0.8807324430311322,0.2563964661725737,1.9140855295720045,,0.20524167465929113,1.832948548975795,,0.04956245922659888,2.223976707237301,1.2470168929012466,0.9188192519775625,0.5147529192861919,0.13366768939395302,0.4662226062841041,0.11523625410241424,3.0732557613041287,0.29557771966769253,0.45249927252453676,0.12915773254134824,,0.13667398824933796,0.05983864985163205,0.19480041932379527,1.3437122789456541
142,2017-05-31,1.659233602489121,0.5951176467215525,0.8807324430311322,0.2563964661725737,1.9140855295720045,,0.20524167465929113,1.832948548975795,,0.04956245922659888,2.223976707237301,1.2470168929012466,0.9188192519775625,0.5147529192861919,0.13366768939395302,0.4662226062841041,0.11523625410241424,3.0732557613041287,0.29557771966769253,0.45249927252453676,0.12915773254134824,,0.13667398824933796,0.05983864985163205,0.19480041932379527,1.3437122789456541
143,2017-06-01,1.659233602489121,0.5951176467215525,0.8807324430311322,0.2563964661725737,1.9140855295720045,,0.20524167465929113,1.832948548975795,,0.04956245922659888,2.223976707237301,1.2470168929012466,0.9188192519775625,0.5147529192861919,0.13366768939395302,0.4662226062841041,0.11523625410241424,3.0732557613041287,0.29557771966769253,0.45249927252453676,0.12915773254134824,,0.13667398824933796,0.05983864985163205,0.19480041932379527,1.3437122789456541
144,2017-06-02,1.659233602489121,0.5951176467215525,0.8807324430311322,0.2563964661725737,1.9140855295720045,,0.20524167465929113,1.832948548975795,,0.04956245922659888,2.223976707237301,1.2470168929012466,0.9188192519775625,0.5147529192861919,0.13366768939395302,0.4662226062841041,0.11523625410241424,3.0732557613041287,0.29557771966769253,0.45249927252453676,0.12915773254134824,,0.13667398824933796,0.05983864985163205,0.19480041932379527,1.3437122789456541
145,2017-06-03,1.659233602489121,0.5951176467215525,0.8807324430311322,0.2563964661725737,1.9140855295720045,,0.20524167465929113,1.832948548975795,,0.04956245922659888,2.223976707237301,1.2470168929012466,0.9188192519775625,0.5147529192861919,0.13366768939395302,0.4662226062841041,0.11523625410241424,3.0732557613041287,0.29557771966769253,0.45249927252453676,0.12915773254134824,,0.13667398824933796,0.05983864985163205,0.19480041932379527,1.3437122789456541
146,2017-06-04,1.659233602489121,0.5951176467215525,0.8807324430311322,0.2563964661725737,1.9140855295720045,,0.20524167465929113,1.832948548975795,,0.04956245922659888,2.223976707237301,1.2470168929012466,0.9188192519775625,0.5147529192861919,0.13366768939395302,0.4662226062841041,0.11523625410241424,3.0732557613041287,0.29557771966769253,0.45249927252453676,0.12915773254134824,,0.13667398824933796,0.05983864985163205,0.19480041932379527,1.3437122789456541
147,2017-06-05,1.659233602489121,0.5951176467215525,0.8807324430311322,0.2563964661725737,1.9140855295720045,,0.20524167465929113,1.832948548975795,,0.04956245922659888,2.223976707237301,1.2470168929012466,0.9188192519775625,0.5147529192861919,0.13366768939395302,0.4662226062841041,0.11523625410241424,3.0732557613041287,0.29557771966769253,0.45249927252453676,0.12915773254134824,,0.13667398824933796,0.05983864985163205,0.19480041932379527,1.3437122789456541
148,2017-06-06,1.659233602489121,0.5951176467215525,0.8807324430311322,0.2563964661725737,1.9140855295720045,,0.20524167465929113,1.832948548975795,,0.04956245922659888,2.223976707237301,1.2470168929012466,0.9188192519775625,0.5147529192861919,0.13366768939395302,0.4662226062841041,0.11523625410241424,3.0732557613041287,0.29557771966769253,0.45249927252453676,0.12915773254134824,,0.13667398824933796,0.05983864985163205,0.19480041932379527,1.3437122789456541
149,2017-06-07,1.659233602489121,0.5951176467215525,0.8807324430311322,0.2563964661725737,1.9140855295720045,,0.20524167465929113,1.832948548975795,,0.04956245922659888,2.223976707237301,1.2470168929012466,0.9188192519775625,0.5147529192861919,0.13366768939395302,0.4662226062841041,0.11523625410241424,3.0732557613041287,0.29557771966769253,0.45249927252453676,0.12915773254134824,,0.13667398824933796,0.05983864985163205,0.19480041932379527,1.3437122789456541
150,2017-06-08,1.659233602489121,0.5951176467215525,0.8807324430311322,0.2563964661725737,1.9140855295720045,,0.20524167465929113,1.832948548975795,,0.04956245922659888,2.223976707237301,1.2470168929012466,0.9188192519775625,0.5147529192861919,0.13366768939395302,0.4662226062841041,0.11523625410241424,3.0732557613041287,0.29557771966769253,0.45249927252453676,0.12915773254134824,,0.13667398824933796,0.05983864985163205,0.19480041932379527,1.3437122789456541
151,2017-06-09,36.55737118486688,3.6108219827893966,0.7264832700127006,10.307701629530102,13.562956639136793,295.9066369076113,11.165241674659292,45.58778935522843,74.25999999999999,12.772213699279554,3.6650922794127205,7.572925148533435,1.2682690031350634,0.4805283899897856,0.13366768939395302,14.256222606284103,54.30843791598328,291.1956125506353,180.9039526565194,0.43675435647490246,12.08485145775885,17.054999999999996,0.12368145758400642,10.209838649851632,0.19480041932379527,13.46509099753635
152,2017-06-10,0.7066754988967586,5.487114928259221,0.5182876978867181,8.290279314918788,18.56448437627217,206.7467352800383,2.8652416746592912,53.0496863437411,127.64200000000001,36.599182651155445,14.897639422443998,15.394054173342917,9.088449315542293,7.855869020832223,0.13366768939395302,3.7514666165122694,42.614782608695656,233.75402937256635,150.319971344851,0.8327023722730872,54.58436550971876,44.697,8.453070753821873,2.9898386498516323,0.19480041932379527,15.14927392451307
153,2017-06-11,20.074257221674667,6.798688367243773,8.326161163918725,9.99431454734397,45.949934823605204,192.14669605121946,23.110112809634956,41.256242858660194,43.809999999999995,11.261768971623104,1.3016073612947647,15.883570240184458,27.7969865488895,0.7860203627351643,0.13366768939395302,36.55825648219147,50.51478260869565,233.4789653534712,260.17701910976916,16.562480710110368,73.13049299878278,32.594442292526786,54.133070753821876,4.225946195037902,0.6280982547463803,15.387437326418146
154,2017-06-12,1.3897292896263176,1.151751283844876,0.6681314734133162,0.7608593823715115,2.751211535007692,1.1351661272851024,0.12036562230526013,1.5497157181753014,,2.2957707228353157,1.7652300146695143,1.5002719676607887,1.262322467586664,0.8212739611825879,0.13366768939395302,1.0307993978799082,0.2347826086956522,4.273497055619804,1.2890708075720072,1.9350309353897146,0.20690817678947612,0.14198265064712162,0.10707075382187273,0.33835085777531815,1.1283167461936507,1.1627628442307885
155,2017-06-13,1.3897292896263176,1.151751283844876,0.6681314734133162,0.7608593823715115,2.751211535007692,1.1351661272851024,0.12036562230526013,1.5497157181753014,,2.2957707228353157,1.7652300146695143,1.5002719676607887,1.262322467586664,0.8212739611825879,0.13366768939395302,1.0307993978799082,0.2347826086956522,4.273497055619804,1.2890708075720072,1.9350309353897146,0.20690817678947612,0.14198265064712162,0.10707075382187273,0.33835085777531815,1.1283167461936507,1.1627628442307885
156,2017-06-14,1.3897292896263176,1.151751283844876,0.6681314734133162,0.7608593823715115,2.751211535007692,1.1351661272851024,0.12036562230526013,1.5497157181753014,,2.2957707228353157,1.7652300146695143,1.5002719676607887,1.262322467586664,0.8212739611825879,0.13366768939395302,1.0307993978799082,0.2347826086956522,4.273497055619804,1.2890708075720072,1.9350309353897146,0.20690817678947612,0.14198265064712162,0.10707075382187273,0.33835085777531815,1.1283167461936507,1.1627628442307885
157,2017-06-15,1.3897292896263176,1.151751283844876,0.6681314734133162,0.7608593823715115,2.751211535007692,1.1351661272851024,0.12036562230526013,1.5497157181753014,,2.2957707228353157,1.7652300146695143,1.5002719676607887,1.262322467586664,0.8212739611825879,0.13366768939395302,1.0307993978799082,0.2347826086956522,4.273497055619804,1.2890708075720072,1.9350309353897146,0.20690817678947612,0.14198265064712162,0.10707075382187273,0.33835085777531815,1.1283167461936507,1.1627628442307885
158,2017-06-16,1.3897292896263176,1.151751283844876,0.6681314734133162,0.7608593823715115,2.751211535007692,1.1351661272851024,0.12036562230526013,1.5497157181753014,,2.2957707228353157,1.7652300146695143,1.5002719676607887,1.262322467586664,0.8212739611825879,0.13366768939395302,1.0307993978799082,0.2347826086956522,4.273497055619804,1.2890708075720072,1.9350309353897146,0.20690817678947612,0.14198265064712162,0.10707075382187273,0.33835085777531815,1.1283167461936507,1.1627628442307885
159,2017-06-17,1.3897292896263176,1.151751283844876,0.6681314734133162,0.7608593823715115,2.751211535007692,1.1351661272851024,0.12036562230526013,1.5497157181753014,,2.2957707228353157,1.7652300146695143,1.5002719676607887,1.262322467586664,0.8212739611825879,0.13366768939395302,1.0307993978799082,0.2347826086956522,4.273497055619804,1.2890708075720072,1.9350309353897146,0.20690817678947612,0.14198265064712162,0.10707075382187273,0.33835085777531815,1.1283167461936507,1.1627628442307885
160,2017-06-18,1.3897292896263176,1.151751283844876,0.6681314734133162,0.7608593823715115,2.751211535007692,1.1351661272851024,0.12036562230526013,1.5497157181753014,,2.2957707228353157,1.7652300146695143,1.5002719676607887,1.262322467586664,0.8212739611825879,0.13366768939395302,1.0307993978799082,0.2347826086956522,4.273497055619804,1.2890708075720072,1.9350309353897146,0.20690817678947612,0.14198265064712162,0.10707075382187273,0.33835085777531815,1.1283167461936507,1.1627628442307885
161,2017-06-19,1.3897292896263176,1.151751283844876,0.6681314734133162,0.7608593823715115,2.751211535007692,1.1351661272851024,0.12036562230526013,1.5497157181753014,,2.2957707228353157,1.7652300146695143,1.5002719676607887,1.262322467586664,0.8212739611825879,0.13366768939395302,1.0307993978799082,0.2347826086956522,4.273497055619804,1.2890708075720072,1.9350309353897146,0.20690817678947612,0.14198265064712162,0.10707075382187273,0.33835085777531815,1.1283167461936507,1.1627628442307885
162,2017-06-20,1.3897292896263176,1.151751283844876,0.6681314734133162,0.7608593823715115,2.751211535007692,1.1351661272851024,0.12036562230526013,1.5497157181753014,,2.2957707228353157,1.7652300146695143,1.5002719676607887,1.262322467586664,0.8212739611825879,0.13366768939395302,1.0307993978799082,0.2347826086956522,4.273497055619804,1.2890708075720072,1.9350309353897146,0.20690817678947612,0.14198265064712162,0.10707075382187273,0.33835085777531815,1.1283167461936507,1.1627628442307885
163,2017-06-21,1.3897292896263176,1.151751283844876,0.6681314734133162,0.7608593823715115,2.751211535007692,1.1351661272851024,0.12036562230526013,1.5497157181753014,,2.2957707228353157,1.7652300146695143,1.5002719676607887,1.262322467586664,0.8212739611825879,0.13366768939395302,1.0307993978799082,0.2347826086956522,4.273497055619804,1.2890708075720072,1.9350309353897146,0.20690817678947612,0.14198265064712162,0.10707075382187273,0.33835085777531815,1.1283167461936507,1.1627628442307885
164,2017-06-22,1.3897292896263176,1.151751283844876,0.6681314734133162,0.7608593823715115,2.751211535007692,1.1351661272851024,0.12036562230526013,1.5497157181753014,,2.2957707228353157,1.7652300146695143,1.5002719676607887,1.262322467586664,0.8212739611825879,0.13366768939395302,1.0307993978799082,0.2347826086956522,4.273497055619804,1.2890708075720072,1.9350309353897146,0.20690817678947612,0.14198265064712162,0.10707075382187273,0.33835085777531815,1.1283167461936507,1.1627628442307885
165,2017-06-23,1.3897292896263176,1.151751283844876,0.6681314734133162,0.7608593823715115,2.751211535007692,1.1351661272851024,0.12036562230526013,1.5497157181753014,,2.2957707228353157,1.7652300146695143,1.5002719676607887,1.262322467586664,0.8212739611825879,0.13366768939395302,1.0307993978799082,0.2347826086956522,4.273497055619804,1.2890708075720072,1.9350309353897146,0.20690817678947612,0.14198265064712162,0.10707075382187273,0.33835085777531815,1.1283167461936507,1.1627628442307885
166,2017-06-24,1.3897292896263176,1.151751283844876,0.6681314734133162,0.7608593823715115,2.751211535007692,1.1351661272851024,0.12036562230526013,1.5497157181753014,,2.2957707228353157,1.7652300146695143,1.5002719676607887,1.262322467586664,0.8212739611825879,0.13366768939395302,1.0307993978799082,0.2347826086956522,4.273497055619804,1.2890708075720072,1.9350309353897146,0.20690817678947612,0.14198265064712162,0.10707075382187273,0.33835085777531815,1.1283167461936507,1.1627628442307885
167,2017-06-25,1.3897292896263176,1.151751283844876,0.6681314734133162,0.7608593823715115,2.751211535007692,1.1351661272851024,0.12036562230526013,1.5497157181753014,,2.2957707228353157,1.7652300146695143,1.5002719676607887,1.262322467586664,0.8212739611825879,0.13366768939395302,1.0307993978799082,0.2347826086956522,4.273497055619804,1.2890708075720072,1.9350309353897146,0.20690817678947612,0.14198265064712162,0.10707075382187273,0.33835085777531815,1.1283167461936507,1.1627628442307885
168,2017-06-26,1.3897292896263176,1.151751283844876,0.6681314734133162,0.7608593823715115,2.751211535007692,1.1351661272851024,0.12036562230526013,1.5497157181753014,,2.2957707228353157,1.7652300146695143,1.5002719676607887,1.262322467586664,0.8212739611825879,0.13366768939395302,1.0307993978799082,0.2347826086956522,4.273497055619804,1.2890708075720072,1.9350309353897146,0.20690817678947612,0.14198265064712162,0.10707075382187273,0.33835085777531815,1.1283167461936507,1.1627628442307885
169,2017-06-27,1.3897292896263176,1.151751283844876,0.6681314734133162,0.7608593823715115,2.751211535007692,1.1351661272851024,0.12036562230526013,1.5497157181753014,,2.2957707228353157,1.7652300146695143,1.5002719676607887,1.262322467586664,0.8212739611825879,0.13366768939395302,1.0307993978799082,0.2347826086956522,4.273497055619804,1.2890708075720072,1.9350309353897146,0.20690817678947612,0.14198265064712162,0.10707075382187273,0.33835085777531815,1.1283167461936507,1.1627628442307885
170,2017-06-28,1.3897292896263176,1.151751283844876,0.6681314734133162,0.7608593823715115,2.751211535007692,1.1351661272851024,0.12036562230526013,1.5497157181753014,,2.2957707228353157,1.7652300146695143,1.5002719676607887,1.262322467586664,0.8212739611825879,0.13366768939395302,1.0307993978799082,0.2347826086956522,4.273497055619804,1.2890708075720072,1.9350309353897146,0.20690817678947612,0.14198265064712162,0.10707075382187273,0.33835085777531815,1.1283167461936507,1.1627628442307885
171,2017-06-29,1.3897292896263176,1.151751283844876,0.6681314734133162,0.7608593823715115,2.751211535007692,1.1351661272851024,0.12036562230526013,1.5497157181753014,,2.2957707228353157,1.7652300146695143,1.5002719676607887,1.262322467586664,0.8212739611825879,0.13366768939395302,1.0307993978799082,0.2347826086956522,4.273497055619804,1.2890708075720072,1.9350309353897146,0.20690817678947612,0.14198265064712162,0.10707075382187273,0.33835085777531815,1.1283167461936507,1.1627628442307885
172,2017-06-30,1.3897292896263176,1.151751283844876,0.6681314734133162,0.7608593823715115,2.751211535007692,1.1351661272851024,0.12036562230526013,1.5497157181753014,,2.2957707228353157,1.7652300146695143,1.5002719676607887,1.262322467586664,0.8212739611825879,0.13366768939395302,1.0307993978799082,0.2347826086956522,4.273497055619804,1.2890708075720072,1.9350309353897146,0.20690817678947612,0.14198265064712162,0.10707075382187273,0.33835085777531815,1.1283167461936507,1.1627628442307885
173,2017-07-01,1.3897292896263176,1.151751283844876,0.6681314734133162,0.7608593823715115,2.751211535007692,1.1351661272851024,0.12036562230526013,1.5497157181753014,,2.2957707228353157,1.7652300146695143,1.5002719676607887,1.262322467586664,0.8212739611825879,0.13366768939395302,1.0307993978799082,0.2347826086956522,4.273497055619804,1.2890708075720072,1.9350309353897146,0.20690817678947612,0.14198265064712162,0.10707075382187273,0.33835085777531815,1.1283167461936507,1.1627628442307885
174,2017-07-02,1.3897292896263176,1.151751283844876,0.6681314734133162,0.7608593823715115,2.751211535007692,1.1351661272851024,0.12036562230526013,1.5497157181753014,,2.2957707228353157,1.7652300146695143,1.5002719676607887,1.262322467586664,0.8212739611825879,0.13366768939395302,1.0307993978799082,0.2347826086956522,4.273497055619804,1.2890708075720072,1.9350309353897146,0.20690817678947612,0.14198265064712162,0.10707075382187273,0.33835085777531815,1.1283167461936507,1.1627628442307885
175,2017-07-03,1.3897292896263176,1.151751283844876,0.6681314734133162,0.7608593823715115,2.751211535007692,1.1351661272851024,0.12036562230526013,1.5497157181753014,,2.2957707228353157,1.7652300146695143,1.5002719676607887,1.262322467586664,0.8212739611825879,0.13366768939395302,1.0307993978799082,0.2347826086956522,4.273497055619804,1.2890708075720072,1.9350309353897146,0.20690817678947612,0.14198265064712162,0.10707075382187273,0.33835085777531815,1.1283167461936507,1.1627628442307885
176,2017-07-04,1.3897292896263176,1.151751283844876,0.6681314734133162,0.7608593823715115,2.751211535007692,1.1351661272851024,0.12036562230526013,1.5497157181753014,,2.2957707228353157,1.7652300146695143,1.5002719676607887,1.262322467586664,0.8212739611825879,0.13366768939395302,1.0307993978799082,0.2347826086956522,4.273497055619804,1.2890708075720072,1.9350309353897146,0.20690817678947612,0.14198265064712162,0.10707075382187273,0.33835085777531815,1.1283167461936507,1.1627628442307885
177,2017-07-05,1.3897292896263176,1.151751283844876,0.6681314734133162,0.7608593823715115,2.751211535007692,1.1351661272851024,0.12036562230526013,1.5497157181753014,,2.2957707228353157,1.7652300146695143,1.5002719676607887,1.262322467586664,0.8212739611825879,0.13366768939395302,1.0307993978799082,0.2347826086956522,4.273497055619804,1.2890708075720072,1.9350309353897146,0.20690817678947612,0.14198265064712162,0.10707075382187273,0.33835085777531815,1.1283167461936507,1.1627628442307885
178,2017-07-06,1.3897292896263176,1.151751283844876,0.6681314734133162,0.7608593823715115,2.751211535007692,1.1351661272851024,0.12036562230526013,1.5497157181753014,,2.2957707228353157,1.7652300146695143,1.5002719676607887,1.262322467586664,0.8212739611825879,0.13366768939395302,1.0307993978799082,0.2347826086956522,4.273497055619804,1.2890708075720072,1.9350309353897146,0.20690817678947612,0.14198265064712162,0.10707075382187273,0.33835085777531815,1.1283167461936507,1.1627628442307885
179,2017-07-07,1.3897292896263176,1.151751283844876,0.6681314734133162,0.7608593823715115,2.751211535007692,1.1351661272851024,0.12036562230526013,1.5497157181753014,,2.2957707228353157,1.7652300146695143,1.5002719676607887,1.262322467586664,0.8212739611825879,0.13366768939395302,1.0307993978799082,0.2347826086956522,4.273497055619804,1.2890708075720072,1.9350309353897146,0.20690817678947612,0.14198265064712162,0.10707075382187273,0.33835085777531815,1.1283167461936507,1.1627628442307885
180,2017-07-08,1.3897292896263176,1.151751283844876,0.6681314734133162,0.7608593823715115,2.751211535007692,1.1351661272851024,0.12036562230526013,1.5497157181753014,,2.2957707228353157,1.7652300146695143,1.5002719676607887,1.262322467586664,0.8212739611825879,0.13366768939395302,1.0307993978799082,0.2347826086956522,4.273497055619804,1.2890708075720072,1.9350309353897146,0.20690817678947612,0.14198265064712162,0.10707075382187273,0.33835085777531815,1.1283167461936507,1.1627628442307885
181,2017-07-09,1.4715042200500603,9.399696262197223,0.6681314734133162,11.388682504218641,15.330160795714836,288.9814708185249,9.957497945492166,45.38121015277405,102.218,10.888649409003362,1.608517601031405,8.71428698661049,0.682177929642016,0.6975747940637125,0.13366768939395302,5.062939028453727,4.839405628881186,273.5404144230186,146.76831394977503,1.4651404856167494,4.799781854470531,47.408982650647125,11.819242507316726,0.37571870119949957,1.1283167461936507,14.224105877305837
182,2017-07-10,1.866562984321512,8.17384144840504,15.428131473413318,33.352017145148366,2.842022089113688,241.99163402177652,0.7351221530367921,34.1863961075273,182.269493407356,26.973123930461053,6.664427498687747,9.01551314296141,17.539996800624948,6.6273244815348855,0.13366768939395302,6.857094434074933,0.8685344901840775,212.59529279064864,224.00343327889763,36.53484768564358,0.3195800775051475,23.107917560968005,7.2323921904200645,0.7723000072174252,1.1283167461936507,1.3175281912656889
183,2017-07-11,19.22417844773424,10.644293266122041,8.055868637596676,6.3677059612563935,28.751195780652097,218.56611607401103,0.7351221530367921,68.00516131208606,38.65950034698127,15.159463983235776,3.7515276668942477,14.496676548296417,0.42791036322964493,0.6460374014099581,0.15547868510048493,20.15800987135001,38.09853449018408,186.10463607336825,238.60986100340725,14.150977306209871,39.8172611712091,30.696496269854205,8.219984204637553,0.7143905041952224,0.5780593045645921,17.239278605654217
184,2017-07-12,2.2366139183373037,0.7900983978511953,0.6457154127168157,0.5277059612563935,2.0694289493012556,0.21657141534973043,0.7351221530367921,1.2819750610353513,0.719500346981263,0.43230679534429206,1.3266678035009014,1.4043195966064954,0.5944278560102977,0.6635668524899316,0.19950092110174397,0.5144902607535868,0.8685344901840775,3.4394942570881826,,0.5547189131748833,0.5837014187888439,0.21850218480922817,0.16732143659819299,0.5864281361239245,0.3849056603773585,1.2045421894426247
185,2017-07-13,2.2366139183373037,0.7900983978511953,0.6457154127168157,0.5277059612563935,2.0694289493012556,0.21657141534973043,0.7351221530367921,1.2819750610353513,0.719500346981263,0.43230679534429206,1.3266678035009014,1.4043195966064954,0.5944278560102977,0.6635668524899316,0.19950092110174397,0.5144902607535868,0.8685344901840775,3.4394942570881826,,0.5547189131748833,0.5837014187888439,0.21850218480922817,0.16732143659819299,0.5864281361239245,0.3849056603773585,1.2045421894426247
186,2017-07-14,2.2366139183373037,0.7900983978511953,0.6457154127168157,0.5277059612563935,2.0694289493012556,0.21657141534973043,0.7351221530367921,1.2819750610353513,0.719500346981263,0.43230679534429206,1.3266678035009014,1.4043195966064954,0.5944278560102977,0.6635668524899316,0.19950092110174397,0.5144902607535868,0.8685344901840775,3.4394942570881826,,0.5547189131748833,0.5837014187888439,0.21850218480922817,0.16732143659819299,0.5864281361239245,0.3849056603773585,1.2045421894426247
187,2017-07-15,2.2366139183373037,0.7900983978511953,0.6457154127168157,0.5277059612563935,2.0694289493012556,0.21657141534973043,0.7351221530367921,1.2819750610353513,0.719500346981263,0.43230679534429206,1.3266678035009014,1.4043195966064954,0.5944278560102977,0.6635668524899316,0.19950092110174397,0.5144902607535868,0.8685344901840775,3.4394942570881826,,0.5547189131748833,0.5837014187888439,0.21850218480922817,0.16732143659819299,0.5864281361239245,0.3849056603773585,1.2045421894426247
188,2017-07-16,2.2366139183373037,0.7900983978511953,0.6457154127168157,0.5277059612563935,2.0694289493012556,0.21657141534973043,0.7351221530367921,1.2819750610353513,0.719500346981263,0.43230679534429206,1.3266678035009014,1.4043195966064954,0.5944278560102977,0.6635668524899316,0.19950092110174397,0.5144902607535868,0.8685344901840775,3.4394942570881826,,0.5547189131748833,0.5837014187888439,0.21850218480922817,0.16732143659819299,0.5864281361239245,0.3849056603773585,1.2045421894426247
189,2017-07-17,2.2366139183373037,0.7900983978511953,0.6457154127168157,0.5277059612563935,2.0694289493012556,0.21657141534973043,0.7351221530367921,1.2819750610353513,0.719500346981263,0.43230679534429206,1.3266678035009014,1.4043195966064954,0.5944278560102977,0.6635668524899316,0.19950092110174397,0.5144902607535868,0.8685344901840775,3.4394942570881826,,0.5547189131748833,0.5837014187888439,0.21850218480922817,0.16732143659819299,0.5864281361239245,0.3849056603773585,1.2045421894426247
190,2017-07-18,2.2366139183373037,0.7900983978511953,0.6457154127168157,0.5277059612563935,2.0694289493012556,0.21657141534973043,0.7351221530367921,1.2819750610353513,0.719500346981263,0.43230679534429206,1.3266678035009014,1.4043195966064954,0.5944278560102977,0.6635668524899316,0.19950092110174397,0.5144902607535868,0.8685344901840775,3.4394942570881826,,0.5547189131748833,0.5837014187888439,0.21850218480922817,0.16732143659819299,0.5864281361239245,0.3849056603773585,1.2045421894426247
191,2017-07-19,2.2366139183373037,0.7900983978511953,0.6457154127168157,0.5277059612563935,2.0694289493012556,0.21657141534973043,0.7351221530367921,1.2819750610353513,0.719500346981263,0.43230679534429206,1.3266678035009014,1.4043195966064954,0.5944278560102977,0.6635668524899316,0.19950092110174397,0.5144902607535868,0.8685344901840775,3.4394942570881826,,0.5547189131748833,0.5837014187888439,0.21850218480922817,0.16732143659819299,0.5864281361239245,0.3849056603773585,1.2045421894426247
192,2017-07-20,2.2366139183373037,0.7900983978511953,0.6457154127168157,0.5277059612563935,2.0694289493012556,0.21657141534973043,0.7351221530367921,1.2819750610353513,0.719500346981263,0.43230679534429206,1.3266678035009014,1.4043195966064954,0.5944278560102977,0.6635668524899316,0.19950092110174397,0.5144902607535868,0.8685344901840775,3.4394942570881826,,0.5547189131748833,0.5837014187888439,0.21850218480922817,0.16732143659819299,0.5864281361239245,0.3849056603773585,1.2045421894426247
193,2017-07-21,2.2366139183373037,0.7900983978511953,0.6457154127168157,0.5277059612563935,2.0694289493012556,0.21657141534973043,0.7351221530367921,1.2819750610353513,0.719500346981263,0.43230679534429206,1.3266678035009014,1.4043195966064954,0.5944278560102977,0.6635668524899316,0.19950092110174397,0.5144902607535868,0.8685344901840775,3.4394942570881826,,0.5547189131748833,0.5837014187888439,0.21850218480922817,0.16732143659819299,0.5864281361239245,0.3849056603773585,1.2045421894426247
194,2017-07-22,2.2366139183373037,0.7900983978511953,0.6457154127168157,0.5277059612563935,2.0694289493012556,0.21657141534973043,0.7351221530367921,1.2819750610353513,0.719500346981263,0.43230679534429206,1.3266678035009014,1.4043195966064954,0.5944278560102977,0.6635668524899316,0.19950092110174397,0.5144902607535868,0.8685344901840775,3.4394942570881826,,0.5547189131748833,0.5837014187888439,0.21850218480922817,0.16732143659819299,0.5864281361239245,0.3849056603773585,1.2045421894426247
195,2017-07-23,2.2366139183373037,0.7900983978511953,0.6457154127168157,0.5277059612563935,2.0694289493012556,0.21657141534973043,0.7351221530367921,1.2819750610353513,0.719500346981263,0.43230679534429206,1.3266678035009014,1.4043195966064954,0.5944278560102977,0.6635668524899316,0.19950092110174397,0.5144902607535868,0.8685344901840775,3.4394942570881826,,0.5547189131748833,0.5837014187888439,0.21850218480922817,0.16732143659819299,0.5864281361239245,0.3849056603773585,1.2045421894426247
196,2017-07-24,2.2366139183373037,0.7900983978511953,0.6457154127168157,0.5277059612563935,2.0694289493012556,0.21657141534973043,0.7351221530367921,1.2819750610353513,0.719500346981263,0.43230679534429206,1.3266678035009014,1.4043195966064954,0.5944278560102977,0.6635668524899316,0.19950092110174397,0.5144902607535868,0.8685344901840775,3.4394942570881826,,0.5547189131748833,0.5837014187888439,0.21850218480922817,0.16732143659819299,0.5864281361239245,0.3849056603773585,1.2045421894426247
197,2017-07-25,2.2366139183373037,0.7900983978511953,0.6457154127168157,0.5277059612563935,2.0694289493012556,0.21657141534973043,0.7351221530367921,1.2819750610353513,0.719500346981263,0.43230679534429206,1.3266678035009014,1.4043195966064954,0.5944278560102977,0.6635668524899316,0.19950092110174397,0.5144902607535868,0.8685344901840775,3.4394942570881826,,0.5547189131748833,0.5837014187888439,0.21850218480922817,0.16732143659819299,0.5864281361239245,0.3849056603773585,1.2045421894426247
198,2017-07-26,2.2366139183373037,0.7900983978511953,0.6457154127168157,0.5277059612563935,2.0694289493012556,0.21657141534973043,0.7351221530367921,1.2819750610353513,0.719500346981263,0.43230679534429206,1.3266678035009014,1.4043195966064954,0.5944278560102977,0.6635668524899316,0.19950092110174397,0.5144902607535868,0.8685344901840775,3.4394942570881826,,0.5547189131748833,0.5837014187888439,0.21850218480922817,0.16732143659819299,0.5864281361239245,0.3849056603773585,1.2045421894426247
199,2017-07-27,2.2366139183373037,0.7900983978511953,0.6457154127168157,0.5277059612563935,2.0694289493012556,0.21657141534973043,0.7351221530367921,1.2819750610353513,0.719500346981263,0.43230679534429206,1.3266678035009014,1.4043195966064954,0.5944278560102977,0.6635668524899316,0.19950092110174397,0.5144902607535868,0.8685344901840775,3.4394942570881826,,0.5547189131748833,0.5837014187888439,0.21850218480922817,0.16732143659819299,0.5864281361239245,0.3849056603773585,1.2045421894426247
200,2017-07-28,2.2366139183373037,0.7900983978511953,0.6457154127168157,0.5277059612563935,2.0694289493012556,0.21657141534973043,0.7351221530367921,1.2819750610353513,0.719500346981263,0.43230679534429206,1.3266678035009014,1.4043195966064954,0.5944278560102977,0.6635668524899316,0.19950092110174397,0.5144902607535868,0.8685344901840775,3.4394942570881826,,0.5547189131748833,0.5837014187888439,0.21850218480922817,0.16732143659819299,0.5864281361239245,0.3849056603773585,1.2045421894426247
201,2017-07-29,2.2366139183373037,0.7900983978511953,0.6457154127168157,0.5277059612563935,2.0694289493012556,0.21657141534973043,0.7351221530367921,1.2819750610353513,0.719500346981263,0.43230679534429206,1.3266678035009014,1.4043195966064954,0.5944278560102977,0.6635668524899316,0.19950092110174397,0.5144902607535868,0.8685344901840775,3.4394942570881826,,0.5547189131748833,0.5837014187888439,0.21850218480922817,0.16732143659819299,0.5864281361239245,0.3849056603773585,1.2045421894426247
202,2017-07-30,2.2366139183373037,0.7900983978511953,0.6457154127168157,0.5277059612563935,2.0694289493012556,0.21657141534973043,0.7351221530367921,1.2819750610353513,0.719500346981263,0.43230679534429206,1.3266678035009014,1.4043195966064954,0.5944278560102977,0.6635668524899316,0.19950092110174397,0.5144902607535868,0.8685344901840775,3.4394942570881826,,0.5547189131748833,0.5837014187888439,0.21850218480922817,0.16732143659819299,0.5864281361239245,0.3849056603773585,1.2045421894426247
203,2017-07-31,2.2366139183373037,0.7900983978511953,0.6457154127168157,0.5277059612563935,2.0694289493012556,0.21657141534973043,0.7351221530367921,1.2819750610353513,0.719500346981263,0.43230679534429206,1.3266678035009014,1.4043195966064954,0.5944278560102977,0.6635668524899316,0.19950092110174397,0.5144902607535868,0.8685344901840775,3.4394942570881826,,0.5547189131748833,0.5837014187888439,0.21850218480922817,0.16732143659819299,0.5864281361239245,0.3849056603773585,1.2045421894426247
204,2017-08-01,2.2366139183373037,0.7900983978511953,0.6457154127168157,0.5277059612563935,2.0694289493012556,0.21657141534973043,0.7351221530367921,1.2819750610353513,0.719500346981263,0.43230679534429206,1.3266678035009014,1.4043195966064954,0.5944278560102977,0.6635668524899316,0.19950092110174397,0.5144902607535868,0.8685344901840775,3.4394942570881826,,0.5547189131748833,0.5837014187888439,0.21850218480922817,0.16732143659819299,0.5864281361239245,0.3849056603773585,1.2045421894426247
205,2017-08-02,2.2366139183373037,0.7900983978511953,0.6457154127168157,0.5277059612563935,2.0694289493012556,0.21657141534973043,0.7351221530367921,1.2819750610353513,0.719500346981263,0.43230679534429206,1.3266678035009014,1.4043195966064954,0.5944278560102977,0.6635668524899316,0.19950092110174397,0.5144902607535868,0.8685344901840775,3.4394942570881826,,0.5547189131748833,0.5837014187888439,0.21850218480922817,0.16732143659819299,0.5864281361239245,0.3849056603773585,1.2045421894426247
206,2017-08-03,2.2366139183373037,0.7900983978511953,0.6457154127168157,0.5277059612563935,2.0694289493012556,0.21657141534973043,0.7351221530367921,1.2819750610353513,0.719500346981263,0.43230679534429206,1.3266678035009014,1.4043195966064954,0.5944278560102977,0.6635668524899316,0.19950092110174397,0.5144902607535868,0.8685344901840775,3.4394942570881826,,0.5547189131748833,0.5837014187888439,0.21850218480922817,0.16732143659819299,0.5864281361239245,0.3849056603773585,1.2045421894426247
207,2017-08-04,2.2366139183373037,0.7900983978511953,0.6457154127168157,0.5277059612563935,2.0694289493012556,0.21657141534973043,0.7351221530367921,1.2819750610353513,0.719500346981263,0.43230679534429206,1.3266678035009014,1.4043195966064954,0.5944278560102977,0.6635668524899316,0.19950092110174397,0.5144902607535868,0.8685344901840775,3.4394942570881826,,0.5547189131748833,0.5837014187888439,0.21850218480922817,0.16732143659819299,0.5864281361239245,0.3849056603773585,1.2045421894426247
208,2017-08-05,2.2366139183373037,0.7900983978511953,0.6457154127168157,0.5277059612563935,2.0694289493012556,0.21657141534973043,0.7351221530367921,1.2819750610353513,0.719500346981263,0.43230679534429206,1.3266678035009014,1.4043195966064954,0.5944278560102977,0.6635668524899316,0.19950092110174397,0.5144902607535868,0.8685344901840775,3.4394942570881826,,0.5547189131748833,0.5837014187888439,0.21850218480922817,0.16732143659819299,0.5864281361239245,0.3849056603773585,1.2045421894426247
209,2017-08-06,2.2366139183373037,0.7900983978511953,0.6457154127168157,0.5277059612563935,2.0694289493012556,0.21657141534973043,0.7351221530367921,1.2819750610353513,0.719500346981263,0.43230679534429206,1.3266678035009014,1.4043195966064954,0.5944278560102977,0.6635668524899316,0.19950092110174397,0.5144902607535868,0.8685344901840775,3.4394942570881826,,0.5547189131748833,0.5837014187888439,0.21850218480922817,0.16732143659819299,0.5864281361239245,0.3849056603773585,1.2045421894426247
210,2017-08-07,2.2366139183373037,0.7900983978511953,0.6457154127168157,0.5277059612563935,2.0694289493012556,0.21657141534973043,0.7351221530367921,1.2819750610353513,0.719500346981263,0.43230679534429206,1.3266678035009014,1.4043195966064954,0.5944278560102977,0.6635668524899316,0.19950092110174397,0.5144902607535868,0.8685344901840775,3.4394942570881826,,0.5547189131748833,0.5837014187888439,0.21850218480922817,0.16732143659819299,0.5864281361239245,0.3849056603773585,1.2045421894426247
211,2017-08-08,2.2366139183373037,0.7900983978511953,0.6457154127168157,0.5277059612563935,2.0694289493012556,0.21657141534973043,0.7351221530367921,1.2819750610353513,0.719500346981263,0.43230679534429206,1.3266678035009014,1.4043195966064954,0.5944278560102977,0.6635668524899316,0.19950092110174397,0.5144902607535868,0.8685344901840775,3.4394942570881826,,0.5547189131748833,0.5837014187888439,0.21850218480922817,0.16732143659819299,0.5864281361239245,0.3849056603773585,1.2045421894426247
212,2017-08-09,1.9104848841083366,3.194735177448695,0.5598724523867762,8.247029400147383,6.2156403169161285,330.89657141534974,27.260537377172312,30.677967327184877,101.59750034698126,14.399268334126482,16.200427524448347,15.687598061109371,0.5944278560102977,0.5246803496303628,0.19950092110174397,16.642322721274603,26.126700051036106,218.6875022480075,234.99280647056165,0.36079555437841065,36.875661879885755,0.5020312737724998,11.597185148559344,12.659924067215023,0.3849056603773585,8.037011500242341
213,2017-08-10,1.1970635926908904,10.296403618186648,3.84196327654893,8.25680757381203,1.508610975404301,261.3726543649783,0.12036562230526013,29.126795167871137,138.93549618320634,18.273429358270793,0.4988225729192556,11.502369950640542,0.5944278560102977,0.31762166118960994,0.19950092110174397,15.410903868971166,4.854271191564945,270.404073731846,234.3744229361529,28.860257083735522,47.15902467513567,45.14471297779368,1.966,0.3218052379867538,0.3849056603773585,1.687576329785262
214,2017-08-11,0.678784353487129,14.656694674023072,18.144735112473967,6.319159896783505,24.987114859567278,262.249,0.13698071202119277,56.793673326225324,69.783,33.283418497805194,0.4202593567729601,18.472896203558214,0.6937935035038939,0.2874415833889734,0.19950092110174397,10.255703453696274,31.264271191564944,277.2982732719893,172.61442293615292,12.686368280676218,29.62258503705035,62.376386434326704,7.515558264844329,0.3218052379867538,0.3245294640121225,22.517757877266344
215,2017-08-12,0.721444747015292,0.5558531260689944,0.6857892666728537,0.4879330241618637,2.0441271661062554,,0.21981257762221973,1.7522753822566073,,0.0646579484465946,0.6796799320033571,1.2460970271953693,0.8855899337005247,0.3314595171470075,0.19950092110174397,0.6381774990154029,0.024271191564944637,3.3252287628319186,0.48042293615290765,1.55668302636697,0.9169235699396713,0.8470646643914086,0.3299278027516687,0.3218052379867538,0.6576857674184612,2.2056474225731044
216,2017-08-13,0.721444747015292,0.5558531260689944,0.6857892666728537,0.4879330241618637,2.0441271661062554,,0.21981257762221973,1.7522753822566073,,0.0646579484465946,0.6796799320033571,1.2460970271953693,0.8855899337005247,0.3314595171470075,0.19950092110174397,0.6381774990154029,0.024271191564944637,3.3252287628319186,0.48042293615290765,1.55668302636697,0.9169235699396713,0.8470646643914086,0.3299278027516687,0.3218052379867538,0.6576857674184612,2.2056474225731044
217,2017-08-14,0.721444747015292,0.5558531260689944,0.6857892666728537,0.4879330241618637,2.0441271661062554,,0.21981257762221973,1.7522753822566073,,0.0646579484465946,0.6796799320033571,1.2460970271953693,0.8855899337005247,0.3314595171470075,0.19950092110174397,0.6381774990154029,0.024271191564944637,3.3252287628319186,0.48042293615290765,1.55668302636697,0.9169235699396713,0.8470646643914086,0.3299278027516687,0.3218052379867538,0.6576857674184612,2.2056474225731044
218,2017-08-15,0.721444747015292,0.5558531260689944,0.6857892666728537,0.4879330241618637,2.0441271661062554,,0.21981257762221973,1.7522753822566073,,0.0646579484465946,0.6796799320033571,1.2460970271953693,0.8855899337005247,0.3314595171470075,0.19950092110174397,0.6381774990154029,0.024271191564944637,3.3252287628319186,0.48042293615290765,1.55668302636697,0.9169235699396713,0.8470646643914086,0.3299278027516687,0.3218052379867538,0.6576857674184612,2.2056474225731044
219,2017-08-16,0.721444747015292,0.5558531260689944,0.6857892666728537,0.4879330241618637,2.0441271661062554,,0.21981257762221973,1.7522753822566073,,0.0646579484465946,0.6796799320033571,1.2460970271953693,0.8855899337005247,0.3314595171470075,0.19950092110174397,0.6381774990154029,0.024271191564944637,3.3252287628319186,0.48042293615290765,1.55668302636697,0.9169235699396713,0.8470646643914086,0.3299278027516687,0.3218052379867538,0.6576857674184612,2.2056474225731044
220,2017-08-17,0.721444747015292,0.5558531260689944,0.6857892666728537,0.4879330241618637,2.0441271661062554,,0.21981257762221973,1.7522753822566073,,0.0646579484465946,0.6796799320033571,1.2460970271953693,0.8855899337005247,0.3314595171470075,0.19950092110174397,0.6381774990154029,0.024271191564944637,3.3252287628319186,0.48042293615290765,1.55668302636697,0.9169235699396713,0.8470646643914086,0.3299278027516687,0.3218052379867538,0.6576857674184612,2.2056474225731044
221,2017-08-18,0.721444747015292,0.5558531260689944,0.6857892666728537,0.4879330241618637,2.0441271661062554,,0.21981257762221973,1.7522753822566073,,0.0646579484465946,0.6796799320033571,1.2460970271953693,0.8855899337005247,0.3314595171470075,0.19950092110174397,0.6381774990154029,0.024271191564944637,3.3252287628319186,0.48042293615290765,1.55668302636697,0.9169235699396713,0.8470646643914086,0.3299278027516687,0.3218052379867538,0.6576857674184612,2.2056474225731044
222,2017-08-19,0.721444747015292,0.5558531260689944,0.6857892666728537,0.4879330241618637,2.0441271661062554,,0.21981257762221973,1.7522753822566073,,0.0646579484465946,0.6796799320033571,1.2460970271953693,0.8855899337005247,0.3314595171470075,0.19950092110174397,0.6381774990154029,0.024271191564944637,3.3252287628319186,0.48042293615290765,1.55668302636697,0.9169235699396713,0.8470646643914086,0.3299278027516687,0.3218052379867538,0.6576857674184612,2.2056474225731044
223,2017-08-20,0.721444747015292,0.5558531260689944,0.6857892666728537,0.4879330241618637,2.0441271661062554,,0.21981257762221973,1.7522753822566073,,0.0646579484465946,0.6796799320033571,1.2460970271953693,0.8855899337005247,0.3314595171470075,0.19950092110174397,0.6381774990154029,0.024271191564944637,3.3252287628319186,0.48042293615290765,1.55668302636697,0.9169235699396713,0.8470646643914086,0.3299278027516687,0.3218052379867538,0.6576857674184612,2.2056474225731044
224,2017-08-21,0.721444747015292,0.5558531260689944,0.6857892666728537,0.4879330241618637,2.0441271661062554,,0.21981257762221973,1.7522753822566073,,0.0646579484465946,0.6796799320033571,1.2460970271953693,0.8855899337005247,0.3314595171470075,0.19950092110174397,0.6381774990154029,0.024271191564944637,3.3252287628319186,0.48042293615290765,1.55668302636697,0.9169235699396713,0.8470646643914086,0.3299278027516687,0.3218052379867538,0.6576857674184612,2.2056474225731044
225,2017-08-22,0.721444747015292,0.5558531260689944,0.6857892666728537,0.4879330241618637,2.0441271661062554,,0.21981257762221973,1.7522753822566073,,0.0646579484465946,0.6796799320033571,1.2460970271953693,0.8855899337005247,0.3314595171470075,0.19950092110174397,0.6381774990154029,0.024271191564944637,3.3252287628319186,0.48042293615290765,1.55668302636697,0.9169235699396713,0.8470646643914086,0.3299278027516687,0.3218052379867538,0.6576857674184612,2.2056474225731044
226,2017-08-23,0.721444747015292,0.5558531260689944,0.6857892666728537,0.4879330241618637,2.0441271661062554,,0.21981257762221973,1.7522753822566073,,0.0646579484465946,0.6796799320033571,1.2460970271953693,0.8855899337005247,0.3314595171470075,0.19950092110174397,0.6381774990154029,0.024271191564944637,3.3252287628319186,0.48042293615290765,1.55668302636697,0.9169235699396713,0.8470646643914086,0.3299278027516687,0.3218052379867538,0.6576857674184612,2.2056474225731044
227,2017-08-24,0.721444747015292,0.5558531260689944,0.6857892666728537,0.4879330241618637,2.0441271661062554,,0.21981257762221973,1.7522753822566073,,0.0646579484465946,0.6796799320033571,1.2460970271953693,0.8855899337005247,0.3314595171470075,0.19950092110174397,0.6381774990154029,0.024271191564944637,3.3252287628319186,0.48042293615290765,1.55668302636697,0.9169235699396713,0.8470646643914086,0.3299278027516687,0.3218052379867538,0.6576857674184612,2.2056474225731044
228,2017-08-25,0.721444747015292,0.5558531260689944,0.6857892666728537,0.4879330241618637,2.0441271661062554,,0.21981257762221973,1.7522753822566073,,0.0646579484465946,0.6796799320033571,1.2460970271953693,0.8855899337005247,0.3314595171470075,0.19950092110174397,0.6381774990154029,0.024271191564944637,3.3252287628319186,0.48042293615290765,1.55668302636697,0.9169235699396713,0.8470646643914086,0.3299278027516687,0.3218052379867538,0.6576857674184612,2.2056474225731044
229,2017-08-26,0.721444747015292,0.5558531260689944,0.6857892666728537,0.4879330241618637,2.0441271661062554,,0.21981257762221973,1.7522753822566073,,0.0646579484465946,0.6796799320033571,1.2460970271953693,0.8855899337005247,0.3314595171470075,0.19950092110174397,0.6381774990154029,0.024271191564944637,3.3252287628319186,0.48042293615290765,1.55668302636697,0.9169235699396713,0.8470646643914086,0.3299278027516687,0.3218052379867538,0.6576857674184612,2.2056474225731044
230,2017-08-27,0.721444747015292,0.5558531260689944,0.6857892666728537,0.4879330241618637,2.0441271661062554,,0.21981257762221973,1.7522753822566073,,0.0646579484465946,0.6796799320033571,1.2460970271953693,0.8855899337005247,0.3314595171470075,0.19950092110174397,0.6381774990154029,0.024271191564944637,3.3252287628319186,0.48042293615290765,1.55668302636697,0.9169235699396713,0.8470646643914086,0.3299278027516687,0.3218052379867538,0.6576857674184612,2.2056474225731044
231,2017-08-28,0.721444747015292,0.5558531260689944,0.6857892666728537,0.4879330241618637,2.0441271661062554,,0.21981257762221973,1.7522753822566073,,0.0646579484465946,0.6796799320033571,1.2460970271953693,0.8855899337005247,0.3314595171470075,0.19950092110174397,0.6381774990154029,0.024271191564944637,3.3252287628319186,0.48042293615290765,1.55668302636697,0.9169235699396713,0.8470646643914086,0.3299278027516687,0.3218052379867538,0.6576857674184612,2.2056474225731044
232,2017-08-29,0.721444747015292,0.5558531260689944,0.6857892666728537,0.4879330241618637,2.0441271661062554,,0.21981257762221973,1.7522753822566073,,0.0646579484465946,0.6796799320033571,1.2460970271953693,0.8855899337005247,0.3314595171470075,0.19950092110174397,0.6381774990154029,0.024271191564944637,3.3252287628319186,0.48042293615290765,1.55668302636697,0.9169235699396713,0.8470646643914086,0.3299278027516687,0.3218052379867538,0.6576857674184612,2.2056474225731044
233,2017-08-30,0.721444747015292,0.5558531260689944,0.6857892666728537,0.4879330241618637,2.0441271661062554,,0.21981257762221973,1.7522753822566073,,0.0646579484465946,0.6796799320033571,1.2460970271953693,0.8855899337005247,0.3314595171470075,0.19950092110174397,0.6381774990154029,0.024271191564944637,3.3252287628319186,0.48042293615290765,1.55668302636697,0.9169235699396713,0.8470646643914086,0.3299278027516687,0.3218052379867538,0.6576857674184612,2.2056474225731044
234,2017-08-31,0.721444747015292,0.5558531260689944,0.6857892666728537,0.4879330241618637,2.0441271661062554,,0.21981257762221973,1.7522753822566073,,0.0646579484465946,0.6796799320033571,1.2460970271953693,0.8855899337005247,0.3314595171470075,0.19950092110174397,0.6381774990154029,0.024271191564944637,3.3252287628319186,0.48042293615290765,1.55668302636697,0.9169235699396713,0.8470646643914086,0.3299278027516687,0.3218052379867538,0.6576857674184612,2.2056474225731044
235,2017-09-01,0.721444747015292,0.5558531260689944,0.6857892666728537,0.4879330241618637,2.0441271661062554,,0.21981257762221973,1.7522753822566073,,0.0646579484465946,0.6796799320033571,1.2460970271953693,0.8855899337005247,0.3314595171470075,0.19950092110174397,0.6381774990154029,0.024271191564944637,3.3252287628319186,0.48042293615290765,1.55668302636697,0.9169235699396713,0.8470646643914086,0.3299278027516687,0.3218052379867538,0.6576857674184612,2.2056474225731044
236,2017-09-02,0.721444747015292,0.5558531260689944,0.6857892666728537,0.4879330241618637,2.0441271661062554,,0.21981257762221973,1.7522753822566073,,0.0646579484465946,0.6796799320033571,1.2460970271953693,0.8855899337005247,0.3314595171470075,0.19950092110174397,0.6381774990154029,0.024271191564944637,3.3252287628319186,0.48042293615290765,1.55668302636697,0.9169235699396713,0.8470646643914086,0.3299278027516687,0.3218052379867538,0.6576857674184612,2.2056474225731044
237,2017-09-03,0.721444747015292,0.5558531260689944,0.6857892666728537,0.4879330241618637,2.0441271661062554,,0.21981257762221973,1.7522753822566073,,0.0646579484465946,0.6796799320033571,1.2460970271953693,0.8855899337005247,0.3314595171470075,0.19950092110174397,0.6381774990154029,0.024271191564944637,3.3252287628319186,0.48042293615290765,1.55668302636697,0.9169235699396713,0.8470646643914086,0.3299278027516687,0.3218052379867538,0.6576857674184612,2.2056474225731044
238,2017-09-04,0.721444747015292,0.5558531260689944,0.6857892666728537,0.4879330241618637,2.0441271661062554,,0.21981257762221973,1.7522753822566073,,0.0646579484465946,0.6796799320033571,1.2460970271953693,0.8855899337005247,0.3314595171470075,0.19950092110174397,0.6381774990154029,0.024271191564944637,3.3252287628319186,0.48042293615290765,1.55668302636697,0.9169235699396713,0.8470646643914086,0.3299278027516687,0.3218052379867538,0.6576857674184612,2.2056474225731044
239,2017-09-05,0.721444747015292,0.5558531260689944,0.6857892666728537,0.4879330241618637,2.0441271661062554,,0.21981257762221973,1.7522753822566073,,0.0646579484465946,0.6796799320033571,1.2460970271953693,0.8855899337005247,0.3314595171470075,0.19950092110174397,0.6381774990154029,0.024271191564944637,3.3252287628319186,0.48042293615290765,1.55668302636697,0.9169235699396713,0.8470646643914086,0.3299278027516687,0.3218052379867538,0.6576857674184612,2.2056474225731044
240,2017-09-06,0.721444747015292,0.5558531260689944,0.6857892666728537,0.4879330241618637,2.0441271661062554,,0.21981257762221973,1.7522753822566073,,0.0646579484465946,0.6796799320033571,1.2460970271953693,0.8855899337005247,0.3314595171470075,0.19950092110174397,0.6381774990154029,0.024271191564944637,3.3252287628319186,0.48042293615290765,1.55668302636697,0.9169235699396713,0.8470646643914086,0.3299278027516687,0.3218052379867538,0.6576857674184612,2.2056474225731044
241,2017-09-07,0.721444747015292,0.5558531260689944,0.6857892666728537,0.4879330241618637,2.0441271661062554,,0.21981257762221973,1.7522753822566073,,0.0646579484465946,0.6796799320033571,1.2460970271953693,0.8855899337005247,0.3314595171470075,0.19950092110174397,0.6381774990154029,0.024271191564944637,3.3252287628319186,0.48042293615290765,1.55668302636697,0.9169235699396713,0.8470646643914086,0.3299278027516687,0.3218052379867538,0.6576857674184612,2.2056474225731044
242,2017-09-08,0.721444747015292,0.5558531260689944,0.6857892666728537,0.4879330241618637,2.0441271661062554,,0.21981257762221973,1.7522753822566073,,0.0646579484465946,0.6796799320033571,1.2460970271953693,0.8855899337005247,0.3314595171470075,0.19950092110174397,0.6381774990154029,0.024271191564944637,3.3252287628319186,0.48042293615290765,1.55668302636697,0.9169235699396713,0.8470646643914086,0.3299278027516687,0.3218052379867538,0.6576857674184612,2.2056474225731044
243,2017-09-09,15.135561291805095,5.198352774021127,16.015789266672854,5.972933024161864,2.0441271661062554,319.5044252411383,10.339812577622219,17.206847870217352,133.20776848889616,0.0646579484465946,10.744437047797263,12.444718557143428,0.8855899337005247,0.35308970011707985,0.19950092110174397,24.87991262760749,17.554271191564947,293.27234608474333,234.70694839947825,1.55668302636697,7.462645785736968,23.0820340384381,8.40715835944426,0.3218052379867538,0.6576857674184612,1.9884328271975276
244,2017-09-10,0.7456812716496037,0.3892991970090178,18.8936997490682,3.837682492318242,23.020186001269863,182.81839520356144,0.21981257762221973,44.026576810755735,117.07274361908321,27.194657948446594,5.592064490053102,8.404032546893301,1.4772943951648747,4.518577618526166,0.19950092110174397,27.3977391765492,16.85042385370725,223.01948000165268,155.879232527243,61.0072909273129,21.23511529553815,59.16703314177295,14.615141883799561,0.5399316836305472,15.921685767418461,4.629349566567435
245,2017-09-11,20.002064952378056,6.437739982014958,26.630819432014395,3.2288363588503475,30.357605844049086,232.22839520356143,5.2387691013573905,27.830122789417498,58.61674361908321,13.07847534380953,14.8765011268279,10.908321090331313,7.484104637603336,0.6721942395297592,0.19950092110174397,23.207926817969643,9.162972653819196,255.2543111658701,182.40304517639726,12.808756412114406,61.287465069738516,30.910470321741503,43.18514188379956,0.8227654959246524,0.2655865739253382,15.933264578640086
246,2017-09-12,1.4416329776686543,0.1986611992403894,0.6476325037850763,0.6998363588503478,2.551339116035994,0.4483952035614274,0.27830633490499973,1.4663993369687203,0.7727436190832031,0.8276292343486378,1.5070723572529952,1.3647666278012798,2.16960006588239,0.7115503773964498,0.19950092110174397,0.7719947705514281,0.34297265381919495,3.9420182434113613,0.9096135266289773,1.4125810503883085,1.069822158434643,0.44386568562623696,0.4491418837995606,0.8227654959246524,0.14296988965775198,1.2613036369060382
247,2017-09-13,38.29042562838989,7.33696504067395,27.891192669760184,11.093775613805072,64.39440035057216,310.60172853689477,0.27830633490499973,58.524724978878666,222.23474361908322,16.928252231686393,21.285698547899987,32.67353747755023,22.39926237872087,0.7115503773964498,0.19950092110174397,12.820254603258244,69.9884130416883,271.62322961765756,128.772613526629,6.5575810503883085,92.47421776283024,15.358865685626238,27.548005642098694,4.553217935215305,0.14296988965775198,43.75306213745255
248,2017-09-14,32.78612202876355,4.316627981082674,17.427632503785077,22.897619746423718,50.71561807401951,191.85206187022808,0.27830633490499973,16.853535247767553,102.24474361908321,17.087629234348636,13.132408978476684,24.47846779153002,21.10416925543255,0.7115503773964498,0.19950092110174397,22.17331602296851,16.911275334554958,248.76329964073886,139.35961352662898,9.356335998334654,54.145426554039034,47.54386568562624,30.5957503462965,1.7236183637550764,15.542969889657753,28.421128085407574
249,2017-09-15,9.434694277785804,8.732815020381596,6.475990646420046,10.519622022616707,20.016323250659465,286.47039520356145,6.628306334905,43.726415189570275,212.0767436190832,13.935540949119437,13.590023035474493,23.846331265446985,23.834401466085694,9.721985799624802,0.19950092110174397,16.922914651857067,16.927254157266347,275.57960690471856,148.57361352662898,7.984135771002871,36.650865415432094,29.05915139991195,15.31968464257137,10.022964997171535,27.51567216393377,29.974967772622662
250,2017-09-16,32.00454364016833,16.129774966999527,9.17693710276308,9.938040291843793,9.456884955221598,262.2003952035614,4.676767873366538,28.79285278423067,146.3507436190832,3.7125188778121356,34.64335378569239,28.847522470258717,17.572308599106535,4.56243743621998,0.19950092110174397,30.052914651857066,14.699470090968328,227.33593214352248,271.2329972941641,44.69150437565403,40.70523723477052,28.620463583641026,7.20436081556312,22.018667255287713,15.93112821551116,13.058078610190623
251,2017-09-17,34.2325971495467,19.393006358396363,9.17693710276308,4.982040291843793,7.067449074590095,360.2823952035614,14.939844796443458,28.002578820495003,21.3427436190832,3.7125188778121356,26.355041327633817,27.933143809271687,14.59827404626101,2.3582327303376265,0.19950092110174397,20.14291465185707,25.499470090968327,330.76570774265105,268.8011709355645,28.93208094504145,71.73898723477052,15.25475418216927,10.304870140826967,7.2858113674842855,15.93112821551116,15.035000412708849
252,2017-09-18,20.081731063706105,12.484156277694904,13.04629335522677,15.315942030018588,40.841077484339856,162.55639520356144,0.27830633490499973,35.32753904294702,31.762743619083206,14.199938232650835,28.416183781794604,28.945358729882326,30.805347970258122,5.886048750362658,0.1703132385733132,5.119764305665165,46.60919081608451,258.9420865115477,148.66750351898955,17.305020232923233,36.644198748765426,26.58309357678271,12.227075119309466,0.8227654959246524,21.19295096367498,13.897215048656339
253,2017-09-19,31.744765435933918,8.08223618940449,4.812004311752387,27.37535655855978,61.34895997231767,194.37504226238497,17.499008089290964,66.79741604264785,24.332743619083203,11.488042518481478,1.5070723572529952,28.416932039641097,20.085953961986284,9.30487804937148,1.9383534255308885,34.151994770551426,85.70311590881008,280.6471206483805,144.3507823577978,17.013459289730847,39.065305758098226,48.02012091992335,16.203945846784876,4.152765495924653,3.4419438673529195,11.211531252131115
254,2017-09-20,28.971466298871068,5.939690461345758,5.217632503785077,16.003817431405555,53.87265535543544,232.0637481447379,10.977604580519037,81.52751974368796,31.082743619083207,8.09273059647337,1.7563755957220826,20.443172689591744,20.370294769166406,20.11732846021895,3.873167740183151,7.951994770551429,50.21749999644701,266.78444192754904,127.55961352662898,20.16891694109887,36.89036923949973,35.08661045132913,12.60740078542901,13.772765495924656,8.692995911962583,35.50939698299945
255,2017-09-21,22.223512172299525,11.149699589554437,25.337483094988755,22.042836358850344,51.89771097466512,241.26839520356143,17.219647798319635,47.781241197894246,34.99274361908321,10.06211458809106,13.566847742862528,27.82486242647109,43.5992221144621,13.228981837868002,3.873167740183151,37.282060130028555,36.95883525193445,237.7175376737694,131.84861352662898,21.07590406233292,65.08061625989377,13.178664272198676,7.385400785429011,0.8227654959246524,3.3516168906410355,13.393767497489058
256,2017-09-22,10.539753783037783,16.747006361819718,23.720570926314227,8.31528159864992,26.11835491110891,305.5483952035614,22.48696487149037,51.31435521239759,114.8617436190832,13.317629234348638,9.464467934648573,30.732867207465777,40.863282725826615,13.40757537739645,3.873167740183151,10.038259290176207,45.186123489299966,329.20667044548406,238.96661352662898,21.9967574712745,28.861762986138416,17.578806462537884,12.198400785429012,0.8227654959246524,10.922322888674465,14.19206458563993
257,2017-09-23,28.201515224045473,12.00518057383918,19.184935874571593,19.906391119050774,11.152313320790606,342.39439520356143,0.27830633490499973,57.139055338927655,158.3377436190832,15.88762923434864,9.850687702553842,24.672742837331082,21.076836298512344,12.531123882751857,3.873167740183151,5.223186480395988,14.679441275527093,271.1029247276355,306.2241849552004,23.20516088318047,25.18982215843464,18.561845585123724,9.904400785429011,0.8227654959246524,0.14296988965775198,3.818654368572214
258,2017-09-24,8.10588911561843,17.932384618685298,4.084935874571594,20.56383635885035,11.152313320790606,280.2263952035614,0.27830633490499973,25.03537958148666,267.74474361908324,11.217629234348639,16.595719833020716,21.527633214523956,6.156836298512344,6.32997501738005,3.873167740183151,3.263186480395988,21.581088134610283,375.2569192556793,241.58104209805757,43.34853052848719,47.519822158434636,30.380146422644668,17.96340078542901,0.8227654959246524,0.14296988965775198,3.818654368572214
259,2017-09-25,20.664322876261014,19.21217514129505,25.200551826409125,32.46991635885035,35.56351803396947,246.61539520356143,0.27830633490499973,36.49368006719745,139.418954145399,25.36352528455166,21.73350845079983,29.829602325384492,25.63183856318592,13.169697946426984,3.873167740183151,11.921434880851324,30.981863698080094,328.03616283633966,202.0293529944782,1.3747441316819986,12.159822158434643,15.003865685626236,13.594400785429011,0.8227654959246524,13.724969889657753,12.181376127480478
260,2017-09-26,21.878645698933813,9.29575384971954,29.351874387880475,24.688966885166135,40.58864065613899,200.91839520356143,12.39313908138387,45.666911221588805,183.0555330927674,32.121733184145626,25.574493116397683,25.033722661538302,30.251412605136718,11.753415116290574,2.8295562807444594,19.413069084232795,72.24376865927181,208.88299812211716,202.80887405877976,8.689451244647609,18.39982215843464,23.79998863916305,7.764673399926372,0.8227654959246524,8.053969889657752,40.58412287598344
261,2017-09-27,19.288540840835957,10.457832754928855,26.96513879477181,23.56462583253456,48.24680510852953,254.80939520356142,8.313473588426126,53.91357927355615,205.4107436190832,19.391500471806832,9.121317748469611,28.975639400162574,30.8305938819628,13.891980006368442,0.3501379821266209,25.089420513125685,39.92552297535656,238.13805817392654,96.02961352662898,15.788470789839948,31.339822158434643,19.730742732089432,15.157686734297899,0.8227654959246524,0.14296988965775198,39.8654132167256
262,2017-09-28,31.86088411031725,9.621638873643004,12.510381051383405,21.717558986587573,29.39334351977529,203.9278396480059,0.27830633490499973,24.58845503869428,157.4827436190832,18.863086965793883,6.684817891707196,28.184768014398532,39.056796787862176,14.284812542953977,0.7988173378635997,16.95384664328318,44.62576179726298,275.6242095066551,206.88161352662897,17.193249010865184,16.179822158434643,26.007818534349223,10.01666014967203,0.8213960917978415,4.824085115995201,18.483026966331597
263,2017-09-29,15.171632977668652,9.719604424829004,6.2311829564674435,28.116386337112537,10.986104019530533,306.69095075911696,0.27830633490499973,44.929124239449216,243.3517436190832,29.068300265445206,11.72828209888399,22.67184093046083,33.03752716861767,14.783533706946672,0.7988173378635997,19.46521102338223,47.366478635441624,314.9488903835951,216.562013526629,2.4162287942586858,37.90982215843464,29.570086925972078,22.457436255351457,0.8227654959246524,13.090801499211931,39.860729488190636
264,2017-09-30,1.4401967159872497,12.10948280189604,0.6476325037850763,8.356836358850348,2.551339116035994,241.29839520356143,0.27830633490499973,57.161538006191364,215.5927436190832,5.867629234348638,12.071277814716877,29.047972912116624,16.44960006588239,11.593483594909708,0.7988173378635997,2.5402731796423375,6.9429726538191945,320.5628032518022,225.907213526629,21.630228794258688,26.809822158434642,20.24341101791635,7.354908820316087,0.8227654959246524,0.14296988965775198,29.08987416778232
265,2017-10-01,1.4416329776686543,0.1986611992403894,0.6476325037850763,0.6998363588503478,2.551339116035994,0.4483952035614274,0.27830633490499973,1.4663993369687203,0.7727436190832031,0.8276292343486378,1.5070723572529952,1.3647666278012798,2.16960006588239,0.7115503773964498,0.7988173378635997,0.7719947705514281,0.34297265381919495,3.5424806711570254,0.9096135266289773,1.1642287942586858,1.069822158434643,0.44386568562623696,0.4491418837995606,0.8227654959246524,0.14296988965775198,1.2613036369060382
266,2017-10-02,1.4416329776686543,0.1986611992403894,0.6476325037850763,0.6998363588503478,2.551339116035994,0.4483952035614274,0.27830633490499973,1.4663993369687203,0.7727436190832031,0.8276292343486378,1.5070723572529952,1.3647666278012798,2.16960006588239,0.7115503773964498,0.7988173378635997,0.7719947705514281,0.34297265381919495,3.5424806711570254,0.9096135266289773,1.1642287942586858,1.069822158434643,0.44386568562623696,0.4491418837995606,0.8227654959246524,0.14296988965775198,1.2613036369060382
267,2017-10-03,1.4416329776686543,0.1986611992403894,0.6476325037850763,0.6998363588503478,2.551339116035994,0.4483952035614274,0.27830633490499973,1.4663993369687203,0.7727436190832031,0.8276292343486378,1.5070723572529952,1.3647666278012798,2.16960006588239,0.7115503773964498,0.7988173378635997,0.7719947705514281,0.34297265381919495,3.5424806711570254,0.9096135266289773,1.1642287942586858,1.069822158434643,0.44386568562623696,0.4491418837995606,0.8227654959246524,0.14296988965775198,1.2613036369060382
268,2017-10-04,1.4416329776686543,0.1986611992403894,0.6476325037850763,0.6998363588503478,2.551339116035994,0.4483952035614274,0.27830633490499973,1.4663993369687203,0.7727436190832031,0.8276292343486378,1.5070723572529952,1.3647666278012798,2.16960006588239,0.7115503773964498,0.7988173378635997,0.7719947705514281,0.34297265381919495,3.5424806711570254,0.9096135266289773,1.1642287942586858,1.069822158434643,0.44386568562623696,0.4491418837995606,0.8227654959246524,0.14296988965775198,1.2613036369060382
269,2017-10-05,1.4416329776686543,0.1986611992403894,0.6476325037850763,0.6998363588503478,2.551339116035994,0.4483952035614274,0.27830633490499973,1.4663993369687203,0.7727436190832031,0.8276292343486378,1.5070723572529952,1.3647666278012798,2.16960006588239,0.7115503773964498,0.7988173378635997,0.7719947705514281,0.34297265381919495,3.5424806711570254,0.9096135266289773,1.1642287942586858,1.069822158434643,0.44386568562623696,0.4491418837995606,0.8227654959246524,0.14296988965775198,1.2613036369060382
270,2017-10-06,1.4416329776686543,0.1986611992403894,0.6476325037850763,0.6998363588503478,2.551339116035994,0.4483952035614274,0.27830633490499973,1.4663993369687203,0.7727436190832031,0.8276292343486378,1.5070723572529952,1.3647666278012798,2.16960006588239,0.7115503773964498,0.7988173378635997,0.7719947705514281,0.34297265381919495,3.5424806711570254,0.9096135266289773,1.1642287942586858,1.069822158434643,0.44386568562623696,0.4491418837995606,0.8227654959246524,0.14296988965775198,1.2613036369060382
271,2017-10-07,1.4416329776686543,0.1986611992403894,0.6476325037850763,0.6998363588503478,2.551339116035994,0.4483952035614274,0.27830633490499973,1.4663993369687203,0.7727436190832031,0.8276292343486378,1.5070723572529952,1.3647666278012798,2.16960006588239,0.7115503773964498,0.7988173378635997,0.7719947705514281,0.34297265381919495,3.5424806711570254,0.9096135266289773,1.1642287942586858,1.069822158434643,0.44386568562623696,0.4491418837995606,0.8227654959246524,0.14296988965775198,1.2613036369060382
272,2017-10-08,1.4416329776686543,0.1986611992403894,0.6476325037850763,0.6998363588503478,2.551339116035994,0.4483952035614274,0.27830633490499973,1.4663993369687203,0.7727436190832031,0.8276292343486378,1.5070723572529952,1.3647666278012798,2.16960006588239,0.7115503773964498,0.7988173378635997,0.7719947705514281,0.34297265381919495,3.5424806711570254,0.9096135266289773,1.1642287942586858,1.069822158434643,0.44386568562623696,0.4491418837995606,0.8227654959246524,0.14296988965775198,1.2613036369060382
273,2017-10-09,1.5008907179179507,20.59517772400039,0.6476325037850763,10.484495519101571,2.551339116035994,419.6541927572942,15.078306334905003,28.481280912105476,181.48805023021646,0.8276292343486378,1.4015910215944785,13.573535301214566,2.16960006588239,4.801671702853864,0.7988173378635997,0.5681295197972113,0.34297265381919495,304.5295312322828,210.8542866679412,1.1642287942586858,39.85982215843464,42.81686568562624,5.0151418837995605,0.7408350866181044,0.14296988965775198,1.2613036369060382
274,2017-10-10,16.823484645444,10.03811992689551,19.647632503785076,9.900503527829192,9.099469947332976,108.57455326039185,0.27830633490499973,27.39038773387327,40.783488436632744,37.794391489595675,0.9798474777540891,15.317000578167645,18.50214698226144,0.4900666773028301,0.7988173378635997,17.076503943393085,42.905776124049304,163.49105600393858,104.81762398061556,3.218267246405051,2.8204261820694945,34.58778808083191,11.424141883799562,0.31563976501217356,0.14296988965775198,5.318407500927604
275,2017-10-11,0.8040738292359785,12.601191458957576,0.8397340510165207,8.4303955371208,17.527842986899284,252.3911896072041,0.2062630987864783,86.22190342368111,128.13777826823897,34.114770433744596,16.99767392184674,23.79628571640211,24.019447644824417,0.5588184555838313,0.9516765140189914,23.62984213317201,9.65644715723018,265.52255787589974,250.56560166582062,0.38251792757151387,63.665114670271215,16.207772711033165,3.488141883799561,0.17161369085514688,0.17347725790257268,11.777159314099523
276,2017-10-12,1.5927579015532578,0.7469382211595305,1.2605700756113916,0.7843955371208,2.6844697954434134,0.9260232335573892,0.2516911063694557,1.3193866768035636,0.915219746773384,0.4447551202666443,0.5716160179943348,1.2395195624278688,1.7062533991372644,0.6563311759048782,1.2027021335769283,0.3627416520210896,0.500151019891125,3.368882097718645,2.0825289583240654,0.0916260896676424,0.41915767305720053,0.0744732762687875,0.4491418837995606,0.17161369085514688,0.3133858825613321,0.8387551681494194
277,2017-10-13,28.259370936869978,25.025488403881564,1.2605700756113916,21.49696791648011,63.21017507268735,193.3010232335574,0.2516911063694557,36.00522817633464,144.88521974677337,20.36776025677135,23.50764716084429,18.0296526763237,66.97277265776006,10.188223052391276,1.2027021335769283,12.35274165202109,36.82015101989113,274.90716776232864,217.6212746442995,19.132738931603964,41.3091576730572,13.712473276268788,10.989141883799562,13.515195756021706,0.3133858825613321,29.60002594038793
278,2017-10-14,17.52516300974765,16.169007817464333,1.2605700756113916,21.146205290862955,15.268693978827574,296.98456868810285,0.2516911063694557,36.75613711496977,215.30821974677337,16.174755120266646,16.21710975939061,23.380000722564105,24.961964212612898,21.849828095804977,1.2027021335769283,14.25274165202109,8.350151019891126,249.7811741045476,265.1858051581282,69.29879408966765,0.41915767305720053,8.131473276268787,0.4491418837995606,5.048173198307826,0.3133858825613321,0.8387551681494194
279,2017-10-15,12.952798515595035,13.578426430824235,1.2605700756113916,9.888205290862954,15.268693978827574,221.83147777901195,0.2516911063694557,52.9519168187628,234.6440239795776,19.434755120266644,4.107410207002544,24.22182764701581,11.811964212612898,8.66389858221185,1.2027021335769283,9.38274165202109,0.500151019891125,341.3211741045476,265.53952895832407,16.34803419208585,35.1991576730572,70.96828174401072,0.4491418837995606,2.908895920820304,0.3133858825613321,3.4981764644457156
280,2017-10-16,18.50323165430822,13.81543729494211,1.2605700756113916,17.149349670574882,46.2970648320562,206.51602323355738,0.2516911063694557,63.263382789911496,139.10741551396916,27.622847019786107,6.963851924793954,26.86632650401344,55.71272740472456,10.102404777760833,2.008132677794368,16.347279409359494,46.08015101989112,298.04985625137067,227.18552895832408,13.253405452836484,35.6591576730572,43.33634691872887,7.608462474169751,1.1372660330928526,0.3133858825613321,48.13797610114757
281,2017-10-17,16.30275790155326,15.231516262385364,14.922587483229824,14.990046407196207,62.589834331959985,117.41602323355738,0.2516911063694557,44.52463162895736,156.41721974677338,31.306663220747183,5.4044889413172985,26.713858926656613,27.59351682657906,13.401933077273974,4.430332680379059,22.810812182741117,36.995970417884436,192.81669430302918,120.17852895832407,24.843270624080596,27.389157673057205,49.157577249437,3.605435133255161,0.17161369085514688,0.3133858825613321,20.04140985073156
282,2017-10-18,18.597259199649116,13.045701031506486,6.2048816827689395,38.33995426241905,71.08124262673563,136.0560232335574,0.2516911063694557,63.3139841887179,212.6780054610591,34.934755120266644,9.621544749939698,27.845336427420023,34.170827084547696,15.804490207328556,4.430332680379059,2.3923540715778717,30.29433162189782,185.21118593016172,224.45974714014224,17.74791810647437,17.9991576730572,31.94663772585429,11.88943513325516,0.17161369085514688,0.3133858825613321,25.469414893692562
283,2017-10-19,40.65635268886666,20.801794371123805,21.84768866889313,20.01105894494203,39.24929700597279,264.4500232335574,0.2516911063694557,57.372188178917824,173.4134340324877,24.628559874735195,8.736378802211812,22.273469802017132,31.7037488598439,20.143459130814197,4.430332680379059,10.897689075630254,19.83508304406031,160.50767945831763,115.50431077650589,37.42190799560652,33.8891576730572,46.23872011433638,14.338112643196377,1.725482464977551,0.3133858825613321,14.280438432754636
284,2017-10-20,10.58466181614401,20.149933060215655,3.5960966162982038,18.465395537120802,45.99684533559516,261.5640232335574,5.0178201386275205,87.76338494658405,229.3762197467734,45.470950365798096,2.2963669758487404,26.682939189136604,23.885029164950943,9.306231472703892,4.430332680379059,63.522000000000006,52.32521899572195,186.61860497999098,177.9624675058101,26.083143453229088,58.9191576730572,35.935352733851815,25.587649741083666,3.8397629281277075,0.3133858825613321,28.14152847552275
285,2017-10-21,20.362757901553255,23.332484998108924,19.746096616298203,16.7153955371208,12.277689006432361,242.41602323355738,11.235562074111394,92.9047891655533,225.50521974677338,48.22475512026665,12.447616017994338,27.450851248781454,19.473878609779437,9.457831666177112,4.430332680379059,27.96,25.850151019891126,294.1593758929253,270.7695013791461,36.2804527785728,15.459157673057199,12.557571096846587,1.2316472246424428,3.8397629281277075,0.3133858825613321,10.309728322203325
286,2017-10-22,32.40079847350545,20.937624066589205,3.5960966162982038,14.036490019358139,12.277689006432361,191.36002323355737,0.2516911063694557,65.92051762057595,316.21721974677337,25.654755120266646,21.905460573152602,34.371057832779904,19.473878609779437,15.824347761421663,4.430332680379059,19.75,12.990151019891124,283.9793758929253,238.530617990016,24.954977057891924,53.2691576730572,36.96157109684659,1.2316472246424428,3.8397629281277075,0.3133858825613321,21.689106946892636
287,2017-10-23,34.19885223980692,7.2886723365128,10.762403516122596,36.35930105488347,39.299926532981836,215.7860232335574,0.2516911063694557,75.5944060346165,209.03421974677337,17.04662335793398,42.24878785627869,29.521736117603478,24.165244375690808,16.003896039579676,3.813024320677088,34.06,21.670731665052415,242.94926161610306,141.93652895832406,10.552490801351986,17.882750971340283,22.525662328473555,15.700647224642442,1.4732972049150508,0.3133858825613321,26.23971588224091
288,2017-10-24,8.661268152637708,14.424562924614195,16.789789269067892,2.2963955371208,62.58341500932377,170.70602323355737,0.2516911063694557,104.41338467803098,112.09521974677338,28.622886882599307,28.964454433989104,34.61038921578684,15.003049288230214,11.695071849523934,3.176561117655776,17.38,22.961961072404254,259.6987618090148,155.31352895832407,34.26405207290684,35.770786112637715,44.69167664018316,0.8572401553085915,0.17161369085514688,0.3133858825613321,27.89484382590111
289,2017-10-25,24.150112740262934,22.87789767621089,19.11635791411472,28.259586013311278,66.92232328895744,196.38102323355739,0.2516911063694557,76.97600424824016,110.59721974677339,19.314755120266643,15.03281252269962,25.823903800169283,30.927145771304513,14.578554712570224,3.176561117655776,34.129999999999995,19.614288099994482,297.8749310439804,169.48965556776614,31.525343547422114,67.71800612582621,48.23226991235442,59.87080949475329,4.55963452418848,4.866948976184128,34.15716150958266
290,2017-10-26,7.722104565119871,17.705261922615783,10.510792301537643,20.585205060930324,55.28644786270514,256.1050232335574,0.2516911063694557,60.859149726522716,4.345219746773385,27.851468406979933,11.39464268066936,18.41563244357721,19.030580057505613,10.924959111480767,3.3365611176557763,21.345923217550272,17.52200736030356,292.93970724411247,178.02840234888203,16.3570250100225,61.76002988393146,12.356473276268787,18.358474272845832,19.543592857521816,21.52382278893854,35.645533867266245
291,2017-10-27,44.46341123798665,24.04837258762573,9.213125596915736,29.9243955371208,37.72727393822067,308.6890232335574,0.2516911063694557,72.25373713760409,32.905219746773376,45.688041833553356,25.483339283412654,35.739909849905615,35.03737049538345,8.942536194448069,3.176561117655776,20.93424904471023,21.03876336813201,332.78269533725813,174.46552895832406,30.573175260854647,39.24282267509102,21.524038932834443,32.997846943003005,0.17161369085514688,16.93150824543053,25.453574853415127
292,2017-10-28,16.652757901553258,5.682202153389482,13.54782829961844,11.8743955371208,15.513943286305597,283.7590232335574,4.35300598526219,67.95449184485709,43.337219746773386,13.694755120266644,6.319690552155825,15.085819735066865,7.205246427797218,10.191029031642818,3.176561117655776,4.089005097556688,18.76315455346003,355.64448385214536,301.9818354214344,21.52189297874187,109.22148489071911,41.368907619703144,20.06651432728718,0.17161369085514688,2.9523732243334835,8.004581799069879
293,2017-10-29,4.317812249379345,4.650296024770894,8.317434477224626,18.083642875880976,11.338521229011048,406.9460232335574,14.670376227476723,39.69115629532407,11.795219746773384,38.88475512026665,4.869732064088124,29.63319201430318,7.205246427797218,13.930269471973023,3.176561117655776,11.749005097556687,0.500151019891125,404.0743921986257,307.9202224952137,20.293208828532393,69.08148489071911,6.532473276268789,16.120514327287182,1.9216136908551467,2.9523732243334835,19.91185924054761
294,2017-10-30,18.173407524846304,10.396475900516812,12.799403316962657,33.25714819836063,49.09149695845812,257.4760232335574,0.2516911063694557,37.77958946898078,47.56521974677338,46.97475512026664,14.772112414564804,39.430086665993954,20.769806227246445,7.786838036623641,2.228012216973476,31.009005097556688,2.830151019891125,336.29907055477975,215.2227982405727,27.82824518255271,64.76714629007641,97.92647327626878,22.413245937882294,0.1705027481250874,17.121513536137495,46.070693727034055
295,2017-10-31,13.466067081652183,18.288221968759252,5.986510958233554,1.5253955371208,28.24428197167055,143.0120232335574,0.2516911063694557,48.75548617563723,14.595219746773385,14.493656575601571,20.49819398115498,26.100670688262323,22.15537953670522,9.138112659521706,1.2005381876609749,3.462812445069438,25.880151019891127,228.0018078414399,227.83925967607544,25.090434795754973,28.197193690021326,11.514391816572404,9.227114636132798,0.17161369085514688,5.83260245691348,33.732154352593035
296,2017-11-01,1.5927579015532578,0.7469382211595305,0.9555620951400743,0.7843955371208,2.6844697954434134,0.9260232335573892,0.2516911063694557,1.3193866768035636,0.915219746773384,0.4447551202666443,0.5716160179943348,1.2395195624278688,1.7062533991372644,0.6563311759048782,1.2027021335769283,,0.500151019891125,3.368882097718645,2.0825289583240654,0.0916260896676424,0.3676469137752293,0.0744732762687875,0.4491418837995606,0.17161369085514688,0.3133858825613321,0.8387551681494194
297,2017-11-02,1.5927579015532578,0.7469382211595305,0.9555620951400743,0.7843955371208,2.6844697954434134,0.9260232335573892,0.2516911063694557,1.3193866768035636,0.915219746773384,0.4447551202666443,0.5716160179943348,1.2395195624278688,1.7062533991372644,0.6563311759048782,1.2027021335769283,,0.500151019891125,3.368882097718645,2.0825289583240654,0.0916260896676424,0.3676469137752293,0.0744732762687875,0.4491418837995606,0.17161369085514688,0.3133858825613321,0.8387551681494194
298,2017-11-03,1.5927579015532578,0.7469382211595305,0.9555620951400743,0.7843955371208,2.6844697954434134,0.9260232335573892,0.2516911063694557,1.3193866768035636,0.915219746773384,0.4447551202666443,0.5716160179943348,1.2395195624278688,1.7062533991372644,0.6563311759048782,1.2027021335769283,,0.500151019891125,3.368882097718645,2.0825289583240654,0.0916260896676424,0.3676469137752293,0.0744732762687875,0.4491418837995606,0.17161369085514688,0.3133858825613321,0.8387551681494194
299,2017-11-04,1.5927579015532578,0.7469382211595305,0.9555620951400743,0.7843955371208,2.6844697954434134,0.9260232335573892,0.2516911063694557,1.3193866768035636,0.915219746773384,0.4447551202666443,0.5716160179943348,1.2395195624278688,1.7062533991372644,0.6563311759048782,1.2027021335769283,,0.500151019891125,3.368882097718645,2.0825289583240654,0.0916260896676424,0.3676469137752293,0.0744732762687875,0.4491418837995606,0.17161369085514688,0.3133858825613321,0.8387551681494194
300,2017-11-05,1.5927579015532578,0.7469382211595305,0.9555620951400743,0.7843955371208,2.6844697954434134,0.9260232335573892,0.2516911063694557,1.3193866768035636,0.915219746773384,0.4447551202666443,0.5716160179943348,1.2395195624278688,1.7062533991372644,0.6563311759048782,1.2027021335769283,,0.500151019891125,3.368882097718645,2.0825289583240654,0.0916260896676424,0.3676469137752293,0.0744732762687875,0.4491418837995606,0.17161369085514688,0.3133858825613321,0.8387551681494194
301,2017-11-06,1.5927579015532578,0.7469382211595305,0.9555620951400743,0.7843955371208,2.6844697954434134,0.9260232335573892,0.2516911063694557,1.3193866768035636,0.915219746773384,0.4447551202666443,0.5716160179943348,1.2395195624278688,1.7062533991372644,0.6563311759048782,1.2027021335769283,,0.500151019891125,3.368882097718645,2.0825289583240654,0.0916260896676424,0.3676469137752293,0.0744732762687875,0.4491418837995606,0.17161369085514688,0.3133858825613321,0.8387551681494194
302,2017-11-07,1.5927579015532578,0.7469382211595305,0.9555620951400743,0.7843955371208,2.6844697954434134,0.9260232335573892,0.2516911063694557,1.3193866768035636,0.915219746773384,0.4447551202666443,0.5716160179943348,1.2395195624278688,1.7062533991372644,0.6563311759048782,1.2027021335769283,,0.500151019891125,3.368882097718645,2.0825289583240654,0.0916260896676424,0.3676469137752293,0.0744732762687875,0.4491418837995606,0.17161369085514688,0.3133858825613321,0.8387551681494194
303,2017-11-08,1.5927579015532578,0.7469382211595305,0.9555620951400743,0.7843955371208,2.6844697954434134,0.9260232335573892,0.2516911063694557,1.3193866768035636,0.915219746773384,0.4447551202666443,0.5716160179943348,1.2395195624278688,1.7062533991372644,0.6563311759048782,1.2027021335769283,,0.500151019891125,3.368882097718645,2.0825289583240654,0.0916260896676424,0.3676469137752293,0.0744732762687875,0.4491418837995606,0.17161369085514688,0.3133858825613321,0.8387551681494194
304,2017-11-09,14.602757901553256,8.540040101581415,1.7155620951400743,24.90472813952029,26.323940007069215,283.16179325969625,0.2516911063694557,24.849891266090907,220.51069453863283,2.8937728623338805,0.35387840704755297,12.720829010187567,1.7062533991372644,0.6563311759048782,1.2027021335769283,18.97,16.396986181828677,311.3029659481965,165.77689839936392,10.920403108301134,38.725971159754934,31.662473276268788,15.610852383185488,0.15772709467613116,28.954385882561333,7.365697536647401
305,2017-11-10,1.5927579015532578,0.4536974699562667,8.790709491144005,3.5579059234099515,7.709289711451981,219.99646997316552,0.2516911063694557,38.460621689130036,152.79273131014065,18.91367461031981,4.255555907507263,12.345389002313755,13.759951261496106,13.033954375555798,0.9360046144331251,0.021628440366972472,16.440158544677427,236.31066599215455,154.23118737123943,8.769916434009225,21.342418809696273,35.58937988780619,8.141927802751669,0.15247898668181745,9.476385882561331,3.877444169939578
306,2017-11-11,21.40658391996132,0.5663111280075831,1.297520824258974,15.80959794167403,3.1839248587740756,311.14126445822166,27.458341096105613,61.643064150560285,192.93335674838607,33.687711606485074,16.633025582167416,13.890677678719522,1.1782975973546328,0.5793912882405889,0.5572493141351209,6.469633027522936,25.3693863673898,315.4671319163417,213.85409421599795,64.83728335869372,46.483780168274606,8.306323399175897,23.34564948560507,0.15247898668181745,0.30468071915683964,6.1763531829851175
307,2017-11-12,0.39323108736860246,0.5663111280075831,1.297520824258974,0.45859794167403045,3.1839248587740756,,3.122020092316047,2.2480426645993377,0.28122442141540815,0.5277116064850784,1.0400585181640716,1.6539141875283203,1.1782975973546328,0.6698097750122646,0.5572493141351209,0.7596330275229358,1.0379571828406828,4.408920455772825,1.9068175618278804,1.4041808941785,0.6046088341958853,0.8613233991758976,3.430788107597923,0.15247898668181745,,0.7013003318409373
308,2017-11-13,38.86273399801881,19.84098548664316,19.93774337980774,1.9515979416740306,55.39998444608162,231.863,16.342020092316048,100.78093594738074,217.7262244214154,38.857711606485076,24.0854533630255,39.76256599376757,24.45051009925683,6.535987875340809,0.5572493141351209,18.46795208533878,32.27795718284069,270.4185336403974,228.69635981431043,55.76260339320317,72.90211932140176,5.784323399175897,12.486788107597924,1.5039965257053614,21.495972045927775,37.28959384152735
309,2017-11-14,21.42770640125944,17.777191438986872,18.2519587291189,10.435597941674029,83.120161345826,174.71,3.122020092316047,82.89880839016314,136.1612244214154,24.707742335814995,28.567914681913262,38.24964767533121,44.90259818440769,16.5505353087328,0.48418816160888334,9.107234740585033,51.247957182840686,302.6565177662748,230.62403831792545,24.725967530718204,80.71066226099447,15.226323399175897,12.784606581961345,3.4138396202847865,16.643501384023914,57.16499051651854
310,2017-11-15,26.27796028723253,15.291141081782186,14.60017198560305,49.83759794167403,82.69093815165873,282.14034782608695,3.122020092316047,99.30694478585588,146.7522244214154,29.77219973360286,38.14726738713446,36.23062293168767,46.00452538228629,19.92331397908928,2.4613761251930972,25.523712256645002,36.817957182840686,177.38597229036924,236.1598492755437,24.42491818895045,86.24910523822736,44.26058646223896,18.608581999395955,3.4138396202847865,28.501069305662867,37.65427374179804
311,2017-11-16,32.686605062107844,16.98146230331174,25.094367921614342,3.8275979416740302,62.08612512573019,257.07165217391304,2.0813467282107165,56.211994515006914,163.49822442141542,44.60341888290827,7.935879668182204,27.5520171288403,20.998788944849068,10.33440601058252,5.172023851069861,10.865821299127875,34.13795718284068,151.38904217477153,193.2815650920145,47.6013894856632,40.146409831232134,40.43368359192678,30.618781839625345,1.2138096427679161,12.903457264385437,33.719749790473706
312,2017-11-17,15.76431737578468,13.833140392360658,25.802724356218313,51.90359794167403,28.39657708691921,268.969,5.43,79.3663907022603,206.5872244214154,28.66520359441957,17.387618663109972,30.615514535982467,40.306832138541075,6.363888273718806,3.0609784200671486,8.933444755918014,39.40795718284068,136.40271529864359,219.65748422849455,38.578377763877235,18.60738030948844,58.311700143361946,7.088540137010364,,15.902000000000001,31.68442139725789
313,2017-11-18,48.75975591006364,13.06477012261289,3.046567361159865,14.410597941674029,14.732839413293272,351.4086363636364,12.16918118466899,80.40591679410281,295.59722442141543,17.258382747424676,23.9368563639964,25.388421962229934,36.440975512368915,14.089309473061519,3.0609784200671486,0.7596330275229358,5.817957182840683,35.39281070978384,285.8097061401222,50.427901459273215,52.24465251041848,22.247323399175897,7.1695401370103635,,,9.525293897291942
314,2017-11-19,30.860580039613616,19.667267251107663,12.54446809346255,35.35980568098157,14.732839413293272,359.9443636363636,17.990818815331014,53.116529795266636,259.3482244214154,4.828382747424676,19.08169093756201,25.252303498637072,3.8709755123689202,5.087367026920661,3.0609784200671486,0.7596330275229358,12.827957182840684,45.18486654658459,313.16806455567286,35.633570094301525,63.59830883419588,31.364382222705313,7.707540137010364,,,18.334092900475316
315,2017-11-20,45.63588213512359,22.41755387325271,23.550425320063724,17.61121097629725,50.140469184282786,271.6045945945946,,83.46349909560462,172.26122442141542,18.480277038989815,20.95650771851615,23.68401741792299,17.189089226348642,6.249440134845988,3.0609784200671486,0.7596330275229358,38.88795718284069,68.96328373848192,191.64043129441643,18.385065286553527,61.29436696677897,49.6883981209565,26.554603602645216,7.573638387336136,9.991,27.112104733540175
316,2017-11-21,19.223005145298497,22.17310619432699,30.732794691611314,8.266059219025326,62.29603006758347,204.1544054054054,15.43,124.23785177920482,164.4812244214154,26.075859822589923,30.830774441150382,25.770935517812845,17.95337602379753,15.802927808646396,1.3098799134617325,9.473642748057566,27.367957182840684,156.60267168113694,211.42957390838777,17.045757344090628,78.3788654073816,62.50560149179692,44.05859154929578,3.864457086322038,4.191833333333333,38.687217515979675
317,2017-11-22,28.9722139867671,19.866323917730245,43.308637282705234,8.995094314014391,80.02514328692602,214.598,10.03280947174433,65.47119576639729,188.85722442141542,26.657937555190923,16.021078514210807,32.53654683103882,49.02661695499685,8.930677316658906,0.4038847957133289,9.319147000791466,34.83795718284068,197.19938339508633,157.0046200072804,26.04193275153363,46.40834511925891,53.44391176124486,16.483840383708127,3.864457086322038,10.299899859751818,34.46872665829717
318,2017-11-23,56.41447413004022,13.917463575819363,19.985920235913245,44.97724197794466,81.98883567809636,224.375,15.929894472497713,85.23256310691544,130.7412244214154,33.392180560590134,22.061567127107466,32.31933834883903,41.74342646643469,2.328381203583693,0.4038847957133289,26.069147000791467,48.00517757757753,273.63411113387195,162.28691196075098,41.948670201364315,72.58879573244383,22.964163644951626,26.360838653876396,1.878272846586226,25.353270698699788,31.10383865709051
319,2017-11-24,38.89373784563787,5.440557275470668,25.670060347948837,9.065241977944666,51.447513058475046,273.02,13.595699350546491,45.72736460696673,247.21433252952352,39.856951122197536,23.779678029569773,45.07470506128976,33.118848110416046,2.328381203583693,0.4038847957133289,25.97951524175687,48.77741317294349,275.1608464360346,224.06914774133247,51.13058380484525,80.65697894759751,25.113744669001953,30.796838653876392,1.1399815894446148,26.636996108215044,49.12769225782917
320,2017-11-25,41.8534289767755,24.853023895580822,6.505408424007436,15.893260921663595,12.073831178039919,398.398,1.9456993505464912,33.11487114352803,287.3641163133073,2.539129482011517,17.155796259090213,32.84503980505079,8.438864404249436,11.788754808494412,0.4038847957133289,19.237045472501283,8.381688961266338,240.38152642727724,284.2557690603294,10.157517142538797,51.154783311654455,32.28829477066681,38.47683865387639,1.1399815894446148,,3.434908405852712
321,2017-11-26,28.33252643969244,14.308558779091483,11.17010589223947,20.668346155809502,12.073831178039919,332.017,15.339930119777259,22.794815588679146,264.7942244214154,2.539129482011517,36.6374752573291,39.04556363795377,4.434589943932366,13.37634274745321,0.4038847957133289,16.515373208791818,14.601688961266339,227.6146123972357,268.1704667214917,22.2052005706105,101.63063338729485,17.270432770229196,15.287643654662695,1.1399815894446148,,4.800892168575632
322,2017-11-27,38.120559607224195,8.117468685154282,21.877300808280847,14.2791176267134,66.35745310196776,199.38136363636363,13.425967234887704,59.355560792944196,188.1462244214154,19.139799168286004,16.28194690411899,31.910171702575013,15.19671249702555,13.10041685739902,0.4038847957133289,17.69356051997007,44.73168896126634,249.84249119301427,159.7334320196592,12.874698966467655,38.15934854602044,40.08243277022919,30.833508326029797,1.1399815894446148,10.142509495295124,34.34627945447895
323,2017-11-28,25.3197471954836,17.416499461918416,23.69373816836416,22.8551176267134,83.08944582062482,157.68963636363637,14.42,88.38821856519843,108.97622442141541,25.168424539609703,31.448261390641274,33.527613212644,30.078200535660024,13.745109093709644,0.4038847957133289,24.659633027522933,54.60008546272408,150.55115620279363,227.99452445706208,11.085144749600186,58.60059640604994,40.34987176997659,46.23067188979755,1.1399815894446148,32.633997715254246,34.54329794087386
324,2017-11-29,65.27784162383787,14.228221085363604,43.05265008404815,14.39008088130656,104.30343381421841,178.92333333333335,,88.228961033732,235.05922442141542,28.285678285851667,17.08830186961304,33.07549184801268,43.85249264186901,5.6289518834977414,0.4038847957133289,23.62963302752294,61.787957182840685,254.399799370989,141.9551143317397,12.81541556565793,66.18586590991887,49.833323399175896,5.549812949640288,1.1399815894446148,45.84779302868509,43.333595760551404
325,2017-11-30,37.84415814203215,6.370290527729846,20.075998692661873,25.94059794167403,56.11518296789265,246.64646503391006,12.13,87.62345117416818,234.8302244214154,21.699962161228317,5.760825923227368,26.474859547107258,34.30411815339308,7.80845290237671,0.15678583389112183,30.169633027522934,29.767957182840682,222.9841789538956,232.11984524699508,30.031464294988222,75.19108416565179,41.28588181678959,68.62170019021667,0.4092850567658568,10.395699760765545,36.90216755323544
326,2017-12-01,0.39323108736860246,0.39909169106196024,0.34195872911889946,0.45859794167403045,1.4406916511844476,,,2.2480426645993377,0.28122442141540815,0.5277116064850784,1.0400585181640716,1.6539141875283203,0.21083673056475655,0.6698097750122646,,0.7596330275229358,1.0379571828406828,2.503931519342653,1.9068175618278804,1.4041808941785,0.6046088341958853,0.8613233991758976,,,,0.7013003318409373
327,2017-12-02,0.39323108736860246,0.39909169106196024,0.34195872911889946,0.45859794167403045,1.4406916511844476,,,2.2480426645993377,0.28122442141540815,0.5277116064850784,1.0400585181640716,1.6539141875283203,0.21083673056475655,0.6698097750122646,,0.7596330275229358,1.0379571828406828,2.503931519342653,1.9068175618278804,1.4041808941785,0.6046088341958853,0.8613233991758976,,,,0.7013003318409373
328,2017-12-03,0.39323108736860246,0.39909169106196024,0.34195872911889946,0.45859794167403045,1.4406916511844476,,,2.2480426645993377,0.28122442141540815,0.5277116064850784,1.0400585181640716,1.6539141875283203,0.21083673056475655,0.6698097750122646,,0.7596330275229358,1.0379571828406828,2.503931519342653,1.9068175618278804,1.4041808941785,0.6046088341958853,0.8613233991758976,,,,0.7013003318409373
329,2017-12-04,0.39323108736860246,0.39909169106196024,0.34195872911889946,0.45859794167403045,1.4406916511844476,,,2.2480426645993377,0.28122442141540815,0.5277116064850784,1.0400585181640716,1.6539141875283203,0.21083673056475655,0.6698097750122646,,0.7596330275229358,1.0379571828406828,2.503931519342653,1.9068175618278804,1.4041808941785,0.6046088341958853,0.8613233991758976,,,,0.7013003318409373
330,2017-12-05,0.39323108736860246,0.39909169106196024,0.34195872911889946,0.45859794167403045,1.4406916511844476,,,2.2480426645993377,0.28122442141540815,0.5277116064850784,1.0400585181640716,1.6539141875283203,0.21083673056475655,0.6698097750122646,,0.7596330275229358,1.0379571828406828,2.503931519342653,1.9068175618278804,1.4041808941785,0.6046088341958853,0.8613233991758976,,,,0.7013003318409373
331,2017-12-06,0.39323108736860246,0.39909169106196024,0.34195872911889946,0.45859794167403045,1.4406916511844476,,,2.2480426645993377,0.28122442141540815,0.5277116064850784,1.0400585181640716,1.6539141875283203,0.21083673056475655,0.6698097750122646,,0.7596330275229358,1.0379571828406828,2.503931519342653,1.9068175618278804,1.4041808941785,0.6046088341958853,0.8613233991758976,,,,0.7013003318409373
332,2017-12-07,0.39323108736860246,0.39909169106196024,0.34195872911889946,0.45859794167403045,1.4406916511844476,,,2.2480426645993377,0.28122442141540815,0.5277116064850784,1.0400585181640716,1.6539141875283203,0.21083673056475655,0.6698097750122646,,0.7596330275229358,1.0379571828406828,2.503931519342653,1.9068175618278804,1.4041808941785,0.6046088341958853,0.8613233991758976,,,,0.7013003318409373
333,2017-12-08,0.39323108736860246,0.39909169106196024,0.34195872911889946,0.45859794167403045,1.4406916511844476,,,2.2480426645993377,0.28122442141540815,0.5277116064850784,1.0400585181640716,1.6539141875283203,0.21083673056475655,0.6698097750122646,,0.7596330275229358,1.0379571828406828,2.503931519342653,1.9068175618278804,1.4041808941785,0.6046088341958853,0.8613233991758976,,,,0.7013003318409373
334,2017-12-09,0.11687701763409833,0.2988356677734724,5.568398563143796,1.411524816655791,32.111906190897365,198.93,,29.168262914126295,133.5312244214154,15.620416481836394,1.0397832047100595,13.824253760165535,14.499187888695445,0.6447204868546719,,23.659522763368376,13.276406475836145,132.54383412282877,134.93381756182788,24.0521808941785,19.413127710584867,34.3603233991759,7.971104596131245,,,19.940914018925938
335,2017-12-10,3.31,0.20515046082089392,7.898049459547961,9.99388512218915,7.821320519825433,188.95499999999998,,44.83524528799284,163.7342244214154,17.572903739061317,1.0381881407697988,14.96644163956203,0.04714697271345286,6.29696718218144,,4.669013761467736,40.05611025605169,151.03043450978754,169.1964138041827,18.795965624538304,37.0059075044643,2.3748062279667783,45.591,,,20.28516689853386
336,2017-12-11,24.3234163420287,3.8201910009183706,,30.948999999999998,,208.12,,34.02943224311948,212.7839058947418,40.81,0.6752773910744843,9.214747999938695,,25.72131468531456,,1.27,21.580000000000002,353.5454605827825,228.3108835675563,19.811038616790157,89.33308408530597,31.456000000000003,22.658,,,3.8158921538435733
337,2017-12-12,,,,,,,,,,,,,,,,,,,,,,,,,,
338,2017-12-13,,,,,,,,,,,,,,,,,,,,,,,,,,
339,2017-12-14,,,,,,,,,,,,,,,,,,,,,,,,,,
340,2017-12-15,,,,,,,,,,,,,,,,,,,,,,,,,,
341,2017-12-16,,,,,,,,,,,,,,,,,,,,,,,,,,
342,2017-12-17,,,,,,,,,,,,,,,,,,,,,,,,,,
343,2017-12-18,,,,,,,,,,,,,,,,,,,,,,,,,,
344,2017-12-19,,,,,,,,,,,,,,,,,,,,,,,,,,
345,2017-12-20,,,,,,,,,,,,,,,,,,,,,,,,,,
346,2017-12-21,,,,,,,,,,,,,,,,,,,,,,,,,,
347,2017-12-22,,,,,,,,,,,,,,,,,,,,,,,,,,
348,2017-12-23,,,,,,,,,,,,,,,,,,,,,,,,,,
349,2017-12-24,,,,,,,,,,,,,,,,,,,,,,,,,,
350,2017-12-25,,,,,,,,,,,,,,,,,,,,,,,,,,
351,2017-12-26,,,,,,,,,,,,,,,,,,,,,,,,,,
352,2017-12-27,,,,,,,,,,,,,,,,,,,,,,,,,,
353,2017-12-28,,,,,,,,,,,,,,,,,,,,,,,,,,
354,2017-12-29,,,,,,,,,,,,,,,,,,,,,,,,,,
355,2017-12-30,,,,,,,,,,,,,,,,,,,,,,,,,,
356,2017-12-31,,,,,,,,,,,,,,,,,,,,,,,,,,
357,2018-01-01,,,,,,,,,,,,,,,,,,,,,,,,,,
358,2018-01-02,,,,,,,,,,,,,,,,,,,,,,,,,,
359,2018-01-03,,26.751371822470038,14.762128475198352,,,211.52125399185783,,4.915,111.53999999999999,,12.71500677056405,,51.576421930191486,,,,26.46764081467913,100.33820777955151,124.09213802853259,8.650439385063645,39.39733713486484,33.506,5.347,14.304366488348155,,17.199999999999996
360,2018-01-04,31.403257330044084,24.12002573452838,0.4016014114134492,,,356.4614684508459,0.04752317880794703,38.40244024061668,289.577,,6.381509933851565,25.087601557572395,0.34577320975741116,,,6.619999999999999,27.90524365465977,93.56528933316947,239.33710225031166,0.44327320641555723,44.59387085003753,18.312,11.544,0.3847241355947515,,0.15453466525336734
361,2018-01-05,,10.550383166847634,13.624274887051246,27.841408986105982,21.458378107458472,74.03,0.589942909340032,99.98910574678068,116.47253964765645,18.80828705449592,5.704305402301733,0.5332061022817436,26.7024281306059,5.0262249403688966,2.1010551630069223,30.674656642490714,52.12006574275994,45.308659823329386,199.41621714817927,0.44327320641555723,16.3371338650603,52.08795015812777,10.428,0.3847241355947515,22.65413062301292,26.103780931751306
362,2018-01-06,8.9015277731419,23.024009606000405,16.512311642166097,19.681712351251537,22.9275902228334,86.295,14.461866221666101,65.09290474691443,198.05700000000002,21.744272282791393,1.1337855347738002,0.5332061022817436,36.969113692629,10.185267587576341,6.532761433947562,9.74450380329029,29.270065742759943,61.1016192084562,145.7784255824252,0.44327320641555723,30.25721335156437,16.65219501193091,3.997,0.3847241355947515,32.7934001301771,22.26288982950587
363,2018-01-07,0.3523950054190752,12.967590561156708,0.6802669313084291,3.9338501964642862,1.0351456966203165,,0.589942909340032,45.093399044103705,154.52,39.455512502504796,17.634585179376202,0.5332061022817436,1.74070978510898,4.940514538147927,0.10038293592413652,11.534912796029218,7.400065742759942,45.07244475908795,208.0694721674048,0.44327320641555723,7.1925919808738,34.541263111796205,30.359668641781752,0.3847241355947515,0.17562876276804434,1.3608498536117017
364,2018-01-08,0.7540101156069365,4.79116345851723,5.189206222358273,15.588056587533451,45.34014353691291,,0.589942909340032,55.762167036434825,140.58120351656413,35.4755125025048,18.842498505632395,0.5332061022817436,14.3767373090003,9.494704327467797,1.4104277380253893,0.5806622406207278,23.290065742759943,57.263095993485784,99.87237033311769,0.44327320641555723,20.568034935083517,52.08390249655111,0.7627786872017154,0.3847241355947515,0.17562876276804434,8.990733184916584
365,2018-01-09,0.8152935735145458,7.2823604972224985,0.8963744961597125,14.038184237642248,1.9171742258284667,105.81099999999999,9.889942909340032,50.1758062673618,49.01145453283676,0.4755125025047965,10.363318436239876,0.5332061022817436,2.8688632123848468,0.4720249367281552,0.10038293592413652,4.790662240620728,15.580388346362877,64.00972009252924,251.5373709874827,0.44327320641555723,1.672851353537078,13.01890249655111,0.7627786872017154,0.3847241355947515,0.17562876276804434,1.7067858386721328
366,2018-01-10,1.398157410402246,2.414484544517154,0.8963744961597125,0.3539670013606419,1.9171742258284667,,0.589942909340032,1.3111841801121586,0.5919359689097596,0.4755125025047965,1.503318436239876,0.5332061022817436,2.8688632123848468,0.4720249367281552,0.10038293592413652,0.5806622406207278,1.4400657427599413,4.545872165380758,3.3823703331176804,0.44327320641555723,1.672851353537078,0.6009024965511104,0.7627786872017154,0.3847241355947515,0.17562876276804434,1.7067858386721328
367,2018-01-11,1.398157410402246,2.414484544517154,0.8963744961597125,0.3539670013606419,1.9171742258284667,,0.589942909340032,1.3111841801121586,0.5919359689097596,0.4755125025047965,1.503318436239876,0.5332061022817436,2.8688632123848468,0.4720249367281552,0.10038293592413652,0.5806622406207278,1.4400657427599413,4.545872165380758,3.3823703331176804,0.44327320641555723,1.672851353537078,0.6009024965511104,0.7627786872017154,0.3847241355947515,0.17562876276804434,1.7067858386721328
368,2018-01-12,1.398157410402246,2.414484544517154,0.8963744961597125,0.3539670013606419,1.9171742258284667,,0.589942909340032,1.3111841801121586,0.5919359689097596,0.4755125025047965,1.503318436239876,0.5332061022817436,2.8688632123848468,0.4720249367281552,0.10038293592413652,0.5806622406207278,1.4400657427599413,4.545872165380758,3.3823703331176804,0.44327320641555723,1.672851353537078,0.6009024965511104,0.7627786872017154,0.3847241355947515,0.17562876276804434,1.7067858386721328
369,2018-01-13,1.398157410402246,2.414484544517154,0.8963744961597125,0.3539670013606419,1.9171742258284667,,0.589942909340032,1.3111841801121586,0.5919359689097596,0.4755125025047965,1.503318436239876,0.5332061022817436,2.8688632123848468,0.4720249367281552,0.10038293592413652,0.5806622406207278,1.4400657427599413,4.545872165380758,3.3823703331176804,0.44327320641555723,1.672851353537078,0.6009024965511104,0.7627786872017154,0.3847241355947515,0.17562876276804434,1.7067858386721328
370,2018-01-14,1.398157410402246,2.414484544517154,0.8963744961597125,0.3539670013606419,1.9171742258284667,,0.589942909340032,1.3111841801121586,0.5919359689097596,0.4755125025047965,1.503318436239876,0.5332061022817436,2.8688632123848468,0.4720249367281552,0.10038293592413652,0.5806622406207278,1.4400657427599413,4.545872165380758,3.3823703331176804,0.44327320641555723,1.672851353537078,0.6009024965511104,0.7627786872017154,0.3847241355947515,0.17562876276804434,1.7067858386721328
371,2018-01-15,1.398157410402246,2.414484544517154,0.8963744961597125,0.3539670013606419,1.9171742258284667,,0.589942909340032,1.3111841801121586,0.5919359689097596,0.4755125025047965,1.503318436239876,0.5332061022817436,2.8688632123848468,0.4720249367281552,0.10038293592413652,0.5806622406207278,1.4400657427599413,4.545872165380758,3.3823703331176804,0.44327320641555723,1.672851353537078,0.6009024965511104,0.7627786872017154,0.3847241355947515,0.17562876276804434,1.7067858386721328
372,2018-01-16,1.398157410402246,2.414484544517154,0.8963744961597125,0.3539670013606419,1.9171742258284667,,0.589942909340032,1.3111841801121586,0.5919359689097596,0.4755125025047965,1.503318436239876,0.5332061022817436,2.8688632123848468,0.4720249367281552,0.10038293592413652,0.5806622406207278,1.4400657427599413,4.545872165380758,3.3823703331176804,0.44327320641555723,1.672851353537078,0.6009024965511104,0.7627786872017154,0.3847241355947515,0.17562876276804434,1.7067858386721328
373,2018-01-17,1.398157410402246,2.414484544517154,0.8963744961597125,0.3539670013606419,1.9171742258284667,,0.589942909340032,1.3111841801121586,0.5919359689097596,0.4755125025047965,1.503318436239876,0.5332061022817436,2.8688632123848468,0.4720249367281552,0.10038293592413652,0.5806622406207278,1.4400657427599413,4.545872165380758,3.3823703331176804,0.44327320641555723,1.672851353537078,0.6009024965511104,0.7627786872017154,0.3847241355947515,0.17562876276804434,1.7067858386721328
374,2018-01-18,1.398157410402246,2.414484544517154,0.8963744961597125,0.3539670013606419,1.9171742258284667,,0.589942909340032,1.3111841801121586,0.5919359689097596,0.4755125025047965,1.503318436239876,0.5332061022817436,2.8688632123848468,0.4720249367281552,0.10038293592413652,0.5806622406207278,1.4400657427599413,4.545872165380758,3.3823703331176804,0.44327320641555723,1.672851353537078,0.6009024965511104,0.7627786872017154,0.3847241355947515,0.17562876276804434,1.7067858386721328
375,2018-01-19,1.398157410402246,2.414484544517154,0.8963744961597125,0.3539670013606419,1.9171742258284667,,0.589942909340032,1.3111841801121586,0.5919359689097596,0.4755125025047965,1.503318436239876,0.5332061022817436,2.8688632123848468,0.4720249367281552,0.10038293592413652,0.5806622406207278,1.4400657427599413,4.545872165380758,3.3823703331176804,0.44327320641555723,1.672851353537078,0.6009024965511104,0.7627786872017154,0.3847241355947515,0.17562876276804434,1.7067858386721328
376,2018-01-20,1.398157410402246,2.414484544517154,0.8963744961597125,0.3539670013606419,1.9171742258284667,,0.589942909340032,1.3111841801121586,0.5919359689097596,0.4755125025047965,1.503318436239876,0.5332061022817436,2.8688632123848468,0.4720249367281552,0.10038293592413652,0.5806622406207278,1.4400657427599413,4.545872165380758,3.3823703331176804,0.44327320641555723,1.672851353537078,0.6009024965511104,0.7627786872017154,0.3847241355947515,0.17562876276804434,1.7067858386721328
377,2018-01-21,1.398157410402246,2.414484544517154,0.8963744961597125,0.3539670013606419,1.9171742258284667,,0.589942909340032,1.3111841801121586,0.5919359689097596,0.4755125025047965,1.503318436239876,0.5332061022817436,2.8688632123848468,0.4720249367281552,0.10038293592413652,0.5806622406207278,1.4400657427599413,4.545872165380758,3.3823703331176804,0.44327320641555723,1.672851353537078,0.6009024965511104,0.7627786872017154,0.3847241355947515,0.17562876276804434,1.7067858386721328
378,2018-01-22,1.398157410402246,2.414484544517154,0.8963744961597125,0.3539670013606419,1.9171742258284667,,0.589942909340032,1.3111841801121586,0.5919359689097596,0.4755125025047965,1.503318436239876,0.5332061022817436,2.8688632123848468,0.4720249367281552,0.10038293592413652,0.5806622406207278,1.4400657427599413,4.545872165380758,3.3823703331176804,0.44327320641555723,1.672851353537078,0.6009024965511104,0.7627786872017154,0.3847241355947515,0.17562876276804434,1.7067858386721328
379,2018-01-23,1.398157410402246,2.414484544517154,0.8963744961597125,0.3539670013606419,1.9171742258284667,,0.589942909340032,1.3111841801121586,0.5919359689097596,0.4755125025047965,1.503318436239876,0.5332061022817436,2.8688632123848468,0.4720249367281552,0.10038293592413652,0.5806622406207278,1.4400657427599413,4.545872165380758,3.3823703331176804,0.44327320641555723,1.672851353537078,0.6009024965511104,0.7627786872017154,0.3847241355947515,0.17562876276804434,1.7067858386721328
380,2018-01-24,1.398157410402246,2.414484544517154,0.8963744961597125,0.3539670013606419,1.9171742258284667,,0.589942909340032,1.3111841801121586,0.5919359689097596,0.4755125025047965,1.503318436239876,0.5332061022817436,2.8688632123848468,0.4720249367281552,0.10038293592413652,0.5806622406207278,1.4400657427599413,4.545872165380758,3.3823703331176804,0.44327320641555723,1.672851353537078,0.6009024965511104,0.7627786872017154,0.3847241355947515,0.17562876276804434,1.7067858386721328
381,2018-01-25,1.398157410402246,2.414484544517154,0.8963744961597125,0.3539670013606419,1.9171742258284667,,0.589942909340032,1.3111841801121586,0.5919359689097596,0.4755125025047965,1.503318436239876,0.5332061022817436,2.8688632123848468,0.4720249367281552,0.10038293592413652,0.5806622406207278,1.4400657427599413,4.545872165380758,3.3823703331176804,0.44327320641555723,1.672851353537078,0.6009024965511104,0.7627786872017154,0.3847241355947515,0.17562876276804434,1.7067858386721328
382,2018-01-26,1.398157410402246,2.414484544517154,0.8963744961597125,0.3539670013606419,1.9171742258284667,,0.589942909340032,1.3111841801121586,0.5919359689097596,0.4755125025047965,1.503318436239876,0.5332061022817436,2.8688632123848468,0.4720249367281552,0.10038293592413652,0.5806622406207278,1.4400657427599413,4.545872165380758,3.3823703331176804,0.44327320641555723,1.672851353537078,0.6009024965511104,0.7627786872017154,0.3847241355947515,0.17562876276804434,1.7067858386721328
383,2018-01-27,1.398157410402246,2.414484544517154,0.8963744961597125,0.3539670013606419,1.9171742258284667,,0.589942909340032,1.3111841801121586,0.5919359689097596,0.4755125025047965,1.503318436239876,0.5332061022817436,2.8688632123848468,0.4720249367281552,0.10038293592413652,0.5806622406207278,1.4400657427599413,4.545872165380758,3.3823703331176804,0.44327320641555723,1.672851353537078,0.6009024965511104,0.7627786872017154,0.3847241355947515,0.17562876276804434,1.7067858386721328
384,2018-01-28,1.398157410402246,2.414484544517154,0.8963744961597125,0.3539670013606419,1.9171742258284667,,0.589942909340032,1.3111841801121586,0.5919359689097596,0.4755125025047965,1.503318436239876,0.5332061022817436,2.8688632123848468,0.4720249367281552,0.10038293592413652,0.5806622406207278,1.4400657427599413,4.545872165380758,3.3823703331176804,0.44327320641555723,1.672851353537078,0.6009024965511104,0.7627786872017154,0.3847241355947515,0.17562876276804434,1.7067858386721328
385,2018-01-29,1.398157410402246,2.414484544517154,0.8963744961597125,0.3539670013606419,1.9171742258284667,,0.589942909340032,1.3111841801121586,0.5919359689097596,0.4755125025047965,1.503318436239876,0.5332061022817436,2.8688632123848468,0.4720249367281552,0.10038293592413652,0.5806622406207278,1.4400657427599413,4.545872165380758,3.3823703331176804,0.44327320641555723,1.672851353537078,0.6009024965511104,0.7627786872017154,0.3847241355947515,0.17562876276804434,1.7067858386721328
386,2018-01-30,1.398157410402246,2.414484544517154,0.8963744961597125,0.3539670013606419,1.9171742258284667,,0.589942909340032,1.3111841801121586,0.5919359689097596,0.4755125025047965,1.503318436239876,0.5332061022817436,2.8688632123848468,0.4720249367281552,0.10038293592413652,0.5806622406207278,1.4400657427599413,4.545872165380758,3.3823703331176804,0.44327320641555723,1.672851353537078,0.6009024965511104,0.7627786872017154,0.3847241355947515,0.17562876276804434,1.7067858386721328
387,2018-01-31,1.398157410402246,2.414484544517154,0.8963744961597125,0.3539670013606419,1.9171742258284667,,0.589942909340032,1.3111841801121586,0.5919359689097596,0.4755125025047965,1.503318436239876,0.5332061022817436,2.8688632123848468,0.4720249367281552,0.10038293592413652,0.5806622406207278,1.4400657427599413,4.545872165380758,3.3823703331176804,0.44327320641555723,1.672851353537078,0.6009024965511104,0.7627786872017154,0.3847241355947515,0.17562876276804434,1.7067858386721328
388,2018-02-01,1.398157410402246,2.414484544517154,0.8963744961597125,0.3539670013606419,1.9171742258284667,,0.589942909340032,1.3111841801121586,0.5919359689097596,0.4755125025047965,1.503318436239876,0.5332061022817436,2.8688632123848468,0.4720249367281552,0.10038293592413652,0.5806622406207278,1.4400657427599413,4.545872165380758,3.3823703331176804,0.44327320641555723,1.672851353537078,0.6009024965511104,0.7627786872017154,0.3847241355947515,0.17562876276804434,1.7067858386721328
389,2018-02-02,1.398157410402246,2.414484544517154,0.8963744961597125,0.3539670013606419,1.9171742258284667,,0.589942909340032,1.3111841801121586,0.5919359689097596,0.4755125025047965,1.503318436239876,0.5332061022817436,2.8688632123848468,0.4720249367281552,0.10038293592413652,0.5806622406207278,1.4400657427599413,4.545872165380758,3.3823703331176804,0.44327320641555723,1.672851353537078,0.6009024965511104,0.7627786872017154,0.3847241355947515,0.17562876276804434,1.7067858386721328
390,2018-02-03,1.398157410402246,27.37208534314008,16.35166797515818,8.505967001360641,14.41649613658194,194.43,25.146377779303197,92.04256614892577,126.29193596890975,0.4755125025047965,10.563318436239877,8.997285133688813,29.989253239538645,0.4720249367281552,0.10038293592413652,3.6806622406207277,11.163641761836073,106.81513688285015,99.47595294985994,16.28115311901489,21.269731681923368,7.65590249655111,26.993104050848494,0.11969195329613672,3.2306287627680446,9.346785838672133
391,2018-02-04,16.92636797885701,19.288440302263417,21.634184164304372,16.335967001360643,62.05962971704114,259.8,0.2932391745936691,94.36500203629112,237.51734473628647,18.47165914205971,1.141490593519344,11.81209104122232,36.89812857254551,5.399893252988124,0.10038293592413652,24.354868580722446,10.323331179871218,147.12581937236735,245.89319089772593,,14.119745750962906,45.89429662759082,30.147778687201715,,0.17562876276804434,8.695310328945732
392,2018-02-05,26.090678183692464,8.05079895162796,8.164482086628354,29.36469305342829,24.09905685356079,122.69,0.6603308906852006,65.33007989136038,127.59671614209886,10.171748057474707,0.5729045461390738,0.6738315948839968,2.6049899344856606,0.5787765078970574,1.0099589568630194,25.290662240620726,39.67561402170285,39.04427432189007,149.2040998456528,,9.172741751190882,29.357055544868842,9.555778687201716,0.03233837069655725,19.63201880791408,8.41417238139715
393,2018-02-06,2.6304810999318655,1.8125450282671502,1.1129019744987443,8.787254650109103,3.8932521359789622,82.742,0.6603308906852006,42.99820237344334,133.3873047399417,1.1857911012098583,0.563874021107641,0.6738315948839968,2.2611996656883293,0.5082135261100602,0.07207917680169171,5.6280693638224095,32.51561402170286,23.662865778886054,188.2629448214674,,1.6497948827717688,11.156413749607273,11.943778687201716,0.3725380304243395,0.3005031351514694,1.7943212166100844
394,2018-02-07,2.093772510698137,1.8293368197688573,11.024394609523295,14.171530912272635,64.76876506283803,,2.7406333892066423,55.863996946394025,109.55897192021904,34.62570921256635,0.6010764787004593,0.6738315948839968,46.24864031284535,1.9766074050456728,7.6129628800356,18.17117097831183,25.225614021702857,41.3812312261081,151.13386399374198,,5.444590884822884,27.131640661142168,3.5269707421668888,0.513645293588455,43.89450313515148,16.649490096410222
395,2018-02-08,20.3970636266955,1.7418354918907295,19.51462817305908,8.887161830069138,11.50692681160816,,0.6603308906852006,43.76945758232735,55.40354611608791,27.71764128701105,5.990218544853875,0.6738315948839968,18.325208104847064,0.7230453973097501,4.083257924865837,0.44972551345749834,25.276984481991217,26.281939978337906,168.71686399374198,,1.557234120814939,34.709942446068084,,0.9820608026555102,0.3005031351514694,32.67304833290558
396,2018-02-09,1.674044504943514,1.7184917649956997,0.8967944096474609,20.678406644186015,5.148673126721304,112.8,0.6603308906852006,33.99186172683446,75.57034440235637,1.7476412870110427,10.427460190162938,0.6738315948839968,1.6885405142414194,0.7963904354954325,0.19113797682167474,9.125604248079643,3.2398299459955764,12.801591323995007,195.46732890757207,,1.5361046721089158,25.223663487586755,,19.731951214754318,0.3005031351514694,1.87292493552315
397,2018-02-10,1.7864182915333078,1.8616168544591387,0.8967944096474609,0.77110461317546,5.148673126721304,,0.6603308906852006,3.357928978152758,2.627878002485932,1.7476412870110427,1.8780392113097308,0.6738315948839968,1.6885405142414194,0.7963904354954325,0.19113797682167474,1.0646991514188342,0.9898299459955765,4.257751688852384,2.0463998873606104,,1.5361046721089158,2.301121820920089,,1.3416986395585957,0.3005031351514694,2.8235599404544907
398,2018-02-11,1.7864182915333078,1.8616168544591387,0.8967944096474609,0.77110461317546,5.148673126721304,,0.6603308906852006,3.357928978152758,2.627878002485932,1.7476412870110427,1.8780392113097308,0.6738315948839968,1.6885405142414194,0.7963904354954325,0.19113797682167474,1.0646991514188342,0.9898299459955765,4.257751688852384,2.0463998873606104,,1.5361046721089158,2.301121820920089,,1.3416986395585957,0.3005031351514694,2.8235599404544907
399,2018-02-12,1.7864182915333078,1.8616168544591387,0.8967944096474609,0.77110461317546,5.148673126721304,,0.6603308906852006,3.357928978152758,2.627878002485932,1.7476412870110427,1.8780392113097308,0.6738315948839968,1.6885405142414194,0.7963904354954325,0.19113797682167474,1.0646991514188342,0.9898299459955765,4.257751688852384,2.0463998873606104,,1.5361046721089158,2.301121820920089,,1.3416986395585957,0.3005031351514694,2.8235599404544907
400,2018-02-13,1.7864182915333078,1.8616168544591387,0.8967944096474609,0.77110461317546,5.148673126721304,,0.6603308906852006,3.357928978152758,2.627878002485932,1.7476412870110427,1.8780392113097308,0.6738315948839968,1.6885405142414194,0.7963904354954325,0.19113797682167474,1.0646991514188342,0.9898299459955765,4.257751688852384,2.0463998873606104,,1.5361046721089158,2.301121820920089,,1.3416986395585957,0.3005031351514694,2.8235599404544907
401,2018-02-14,1.7864182915333078,1.8616168544591387,0.8967944096474609,0.77110461317546,5.148673126721304,,0.6603308906852006,3.357928978152758,2.627878002485932,1.7476412870110427,1.8780392113097308,0.6738315948839968,1.6885405142414194,0.7963904354954325,0.19113797682167474,1.0646991514188342,0.9898299459955765,4.257751688852384,2.0463998873606104,,1.5361046721089158,2.301121820920089,,1.3416986395585957,0.3005031351514694,2.8235599404544907
402,2018-02-15,1.7864182915333078,1.8616168544591387,0.8967944096474609,0.77110461317546,5.148673126721304,,0.6603308906852006,3.357928978152758,2.627878002485932,1.7476412870110427,1.8780392113097308,0.6738315948839968,1.6885405142414194,0.7963904354954325,0.19113797682167474,1.0646991514188342,0.9898299459955765,4.257751688852384,2.0463998873606104,,1.5361046721089158,2.301121820920089,,1.3416986395585957,0.3005031351514694,2.8235599404544907
403,2018-02-16,1.7864182915333078,1.8616168544591387,0.8967944096474609,0.77110461317546,5.148673126721304,,0.6603308906852006,3.357928978152758,2.627878002485932,1.7476412870110427,1.8780392113097308,0.6738315948839968,1.6885405142414194,0.7963904354954325,0.19113797682167474,1.0646991514188342,0.9898299459955765,4.257751688852384,2.0463998873606104,,1.5361046721089158,2.301121820920089,,1.3416986395585957,0.3005031351514694,2.8235599404544907
404,2018-02-17,1.7864182915333078,1.8616168544591387,0.8967944096474609,0.77110461317546,5.148673126721304,,0.6603308906852006,3.357928978152758,2.627878002485932,1.7476412870110427,1.8780392113097308,0.6738315948839968,1.6885405142414194,0.7963904354954325,0.19113797682167474,1.0646991514188342,0.9898299459955765,4.257751688852384,2.0463998873606104,,1.5361046721089158,2.301121820920089,,1.3416986395585957,0.3005031351514694,2.8235599404544907
405,2018-02-18,1.7864182915333078,1.8616168544591387,0.8967944096474609,0.77110461317546,5.148673126721304,,0.6603308906852006,3.357928978152758,2.627878002485932,1.7476412870110427,1.8780392113097308,0.6738315948839968,1.6885405142414194,0.7963904354954325,0.19113797682167474,1.0646991514188342,0.9898299459955765,4.257751688852384,2.0463998873606104,,1.5361046721089158,2.301121820920089,,1.3416986395585957,0.3005031351514694,2.8235599404544907
406,2018-02-19,1.7864182915333078,1.8616168544591387,0.8967944096474609,0.77110461317546,5.148673126721304,,0.6603308906852006,3.357928978152758,2.627878002485932,1.7476412870110427,1.8780392113097308,0.6738315948839968,1.6885405142414194,0.7963904354954325,0.19113797682167474,1.0646991514188342,0.9898299459955765,4.257751688852384,2.0463998873606104,,1.5361046721089158,2.301121820920089,,1.3416986395585957,0.3005031351514694,2.8235599404544907
407,2018-02-20,1.7864182915333078,1.8616168544591387,0.8967944096474609,0.77110461317546,5.148673126721304,,0.6603308906852006,3.357928978152758,2.627878002485932,1.7476412870110427,1.8780392113097308,0.6738315948839968,1.6885405142414194,0.7963904354954325,0.19113797682167474,1.0646991514188342,0.9898299459955765,4.257751688852384,2.0463998873606104,,1.5361046721089158,2.301121820920089,,1.3416986395585957,0.3005031351514694,2.8235599404544907
408,2018-02-21,1.7864182915333078,1.8616168544591387,0.8967944096474609,0.77110461317546,5.148673126721304,,0.6603308906852006,3.357928978152758,2.627878002485932,1.7476412870110427,1.8780392113097308,0.6738315948839968,1.6885405142414194,0.7963904354954325,0.19113797682167474,1.0646991514188342,0.9898299459955765,4.257751688852384,2.0463998873606104,,1.5361046721089158,2.301121820920089,,1.3416986395585957,0.3005031351514694,2.8235599404544907
409,2018-02-22,10.221868452305012,11.395270863734423,0.8967944096474609,18.311467235748044,28.245063729630058,134.57894736842107,5.403554856448396,37.02036521097297,113.71387800248593,16.42157211122257,12.41053921130973,21.67359087274794,11.881988790103488,0.7963904354954325,0.19113797682167474,13.62787388480686,0.9898299459955765,75.94783895474771,156.08928430947117,14.605345276872963,28.88634496694921,2.301121820920089,33.493,1.3416986395585957,2.9335178651023703,17.437977072175634
410,2018-02-23,31.053807563590365,22.611416127270587,15.867609062440605,8.170271311887246,58.07986990982926,267.5810526315789,22.90118790030042,91.41148303659469,164.52787800248595,40.23371046279952,35.23355163366998,31.940633841939615,10.445092238379347,1.723199282256886,0.19113797682167474,43.35976593166465,45.03982994599557,147.5179873443296,179.92251546525006,47.31297395520674,51.10400508078621,22.43050231235717,38.096000000000004,4.145749498358507,8.134265968063241,22.578118321485587
411,2018-02-24,35.98114642627211,16.109526907458825,11.686603153467964,9.162271311887245,25.182530735032223,304.401,35.7051626258734,57.51086922710266,160.96287800248592,1.7476412870110427,13.110026788949481,33.88267103614801,1.6885405142414194,5.4841854062511315,0.19113797682167474,12.023265149522087,24.32402414018977,112.80849388244536,239.4538497936859,25.84604520990312,44.12834999800309,19.833928224494176,5.86,7.53469440132527,8.134265968063241,7.680409656667404
412,2018-02-25,21.3139714969126,24.26618758667694,4.513418319344741,7.538271311887246,25.182530735032223,279.5647142857143,41.6804584277966,53.593920013219964,203.97787800248594,12.007641287011042,1.8780392113097308,33.261603017827746,1.6885405142414194,6.432813474218407,0.19113797682167474,16.020894205977722,26.170727051479155,167.93195288332524,194.88794998103532,29.232999999999997,29.1763682367009,34.0378350041552,32.44161603700848,7.53469440132527,8.134265968063241,12.271239294387268
413,2018-02-26,30.791297518586447,28.19099738254392,22.039600591067437,16.895137546641422,66.09352624824193,256.5852857142857,12.10129064300718,88.03790566581576,173.84287800248595,25.63573998822242,23.184496132897337,24.781300931975984,22.7182906178547,4.984128446592913,0.19113797682167474,20.608156044582316,50.53815117331566,217.79324525802448,178.62423093276715,10.108,35.85114153474198,43.0433246552952,27.283378802856426,6.041656257225301,17.37826596806324,31.18924517221752
414,2018-02-27,3.566418291533308,29.709472298333207,17.367602062928395,28.030208961001556,65.70944204847015,240.3,20.170330890685207,152.03116372561283,118.75787800248594,20.349542585799664,23.160327228993374,24.053782461257278,48.64619455896252,2.9276255681578305,0.19113797682167474,5.632083076297807,62.17641741899774,152.94539003728983,219.22956884195406,3.317,58.58610467210892,34.34301890829873,17.530005160135083,8.590489460388252,26.122900299359994,45.40437012579353
415,2018-02-28,1.7864182915333078,32.64590567526569,4.788867560621906,0.77110461317546,36.869454050125896,175.071,0.6438960207220351,89.57041399893684,172.43787800248595,1.7476412870110427,25.05428750147443,7.899159970884332,27.365354906082022,0.7963904354954325,0.19113797682167474,4.2208557670804,38.03604810713114,157.36992281098807,151.71497702798865,3.249,24.476104672108917,20.26512182092009,,6.007125309242091,14.377039909345017,2.8235599404544907
416,2018-03-01,1.7864182915333078,1.8616168544591387,0.8967944096474609,0.77110461317546,5.148673126721304,,0.6603308906852006,3.357928978152758,2.627878002485932,1.7476412870110427,1.8780392113097308,0.6738315948839968,1.6885405142414194,0.7963904354954325,0.19113797682167474,1.0646991514188342,0.9898299459955765,4.257751688852384,2.0463998873606104,,1.5361046721089158,2.301121820920089,,1.3416986395585957,0.3005031351514694,2.8235599404544907
417,2018-03-02,1.7864182915333078,1.8616168544591387,0.8967944096474609,0.77110461317546,5.148673126721304,,0.6603308906852006,3.357928978152758,2.627878002485932,1.7476412870110427,1.8780392113097308,0.6738315948839968,1.6885405142414194,0.7963904354954325,0.19113797682167474,1.0646991514188342,0.9898299459955765,4.257751688852384,2.0463998873606104,,1.5361046721089158,2.301121820920089,,1.3416986395585957,0.3005031351514694,2.8235599404544907
418,2018-03-03,1.7864182915333078,1.8616168544591387,0.8967944096474609,0.77110461317546,5.148673126721304,,0.6603308906852006,3.357928978152758,2.627878002485932,1.7476412870110427,1.8780392113097308,0.6738315948839968,1.6885405142414194,0.7963904354954325,0.19113797682167474,1.0646991514188342,0.9898299459955765,4.257751688852384,2.0463998873606104,,1.5361046721089158,2.301121820920089,,1.3416986395585957,0.3005031351514694,2.8235599404544907
419,2018-03-04,1.9922417910933192,13.456462695826152,9.3701211477821,9.107104613175458,39.44544921449798,295.04672852615266,0.28201631789671994,98.18718684723191,250.8476243858147,9.237473859507258,4.733699828470892,9.571008285900719,9.27349225196989,0.7963904354954325,0.19113797682167474,22.244699151418835,73.74578452931463,66.08225903810452,146.01634113655052,,26.367093394215484,37.04317866412888,35.629,1.3416986395585957,53.41534454133933,27.154350951317326
420,2018-03-05,13.676917394742416,10.351095784441336,8.64378162439756,10.00210461317546,40.62564344229018,144.1184538829898,0.031511096903826835,52.37116149179182,188.12609782929684,1.8370729283662868,4.366658452917388,0.5137245627874885,2.2007772010900926,0.7991966569635959,5.205073896023584,33.741666003780104,33.48421592429272,51.85335268281235,120.65856140904857,,5.933068112804938,31.069226675261664,11.811000000000002,1.2182954169805864,16.800403036941947,15.049147046487398
421,2018-03-06,1.5009666934984938,5.1544271554140595,1.2640940403716,14.75510461317546,5.355595149265638,56.4304538829898,0.2965750296830761,60.26386529890536,98.18734744408869,1.9074617898804167,2.62074808368941,0.5137245627874885,4.740777201090093,0.8453324027915649,0.28890951796034825,2.7740195954841194,12.364215924292722,48.20365557640905,100.5649732412552,,1.550472538401273,8.635316828522226,25.116,1.0013079005901562,,2.7460883725986225
422,2018-03-07,2.0259904627538763,8.279884677093833,1.485908853512727,55.001762783191644,22.55689146739498,16.8404538829898,0.2965750296830761,57.05184054102104,76.75684205117665,38.22573847609075,2.5031470605933395,0.5137245627874885,12.878154681547064,3.4827656161699636,0.28890951796034825,17.126222400556337,41.51421592429272,9.828426206457259,224.03494813218774,,16.255241405910944,20.34245947180771,13.879999999999999,1.3252536837226863,36.192,5.070492786413535
423,2018-03-08,11.598895613292248,5.7194112677508135,5.455908853512727,17.754518974368267,11.884605888642042,0.34045388298979806,0.2965750296830761,50.78455314521806,56.26969042236178,39.55561160407923,7.766516344787715,0.5137245627874885,6.233793097125141,8.515016634769644,0.26368312521563764,13.449785092334995,16.42479958380809,5.49563035755181,133.30894813218774,,1.3614491498995296,18.289955300501898,,1.1083006957537873,,22.942281644608276
424,2018-03-09,25.648780295930223,10.980250605405432,17.225908853512728,13.73987737872537,58.51561879796692,112.8544538829898,0.5032558209585283,41.82215655107314,193.35,14.208597592922466,1.8282881131263842,0.5137245627874885,37.60419885705339,7.4477962540974305,0.31890897117827566,3.4052002133751484,28.85,37.78931912647909,154.9149583640504,,16.22935819204298,23.77575545244737,,0.6770953794167499,,13.004574014824541
425,2018-03-10,1.9867576672106502,1.483136074219727,1.485908853512727,0.02119368418184543,4.899727770146077,0.34045388298979806,0.7291627323526272,3.8760929682103757,,1.8025971764833482,1.91326497145781,0.5137245627874885,2.103538660105211,0.5477962540974302,0.3899778032477117,0.2948114543736608,,6.572028334131829,1.951126226043006,,1.3679890918837754,0.5789312654556112,,0.6770953794167499,,4.205569115116467
426,2018-03-11,1.9867576672106502,1.483136074219727,1.485908853512727,0.02119368418184543,4.899727770146077,0.34045388298979806,0.7291627323526272,3.8760929682103757,,1.8025971764833482,1.91326497145781,0.5137245627874885,2.103538660105211,0.5477962540974302,0.3899778032477117,0.2948114543736608,,6.572028334131829,1.951126226043006,,1.3679890918837754,0.5789312654556112,,0.6770953794167499,,4.205569115116467
427,2018-03-12,1.9867576672106502,1.483136074219727,1.485908853512727,0.02119368418184543,4.899727770146077,0.34045388298979806,0.7291627323526272,3.8760929682103757,,1.8025971764833482,1.91326497145781,0.5137245627874885,2.103538660105211,0.5477962540974302,0.3899778032477117,0.2948114543736608,,6.572028334131829,1.951126226043006,,1.3679890918837754,0.5789312654556112,,0.6770953794167499,,4.205569115116467
428,2018-03-13,6.749244345718642,24.71783198062869,5.979941440070771,20.449780166663693,65.1833889875645,233.6204538829898,53.52978347751788,94.05939276780768,149.387,50.19441164809646,14.66467360281748,31.82204653300702,56.422237765457034,0.5477962540974302,0.3899778032477117,13.039560871762276,99.53289354265604,183.11181985870098,142.48273363124454,9.773104228050267,59.3930261792692,39.65612423519318,31.183675082326197,21.142929906084216,,55.76614534034245
429,2018-03-14,38.64518476232227,25.366867231139413,40.44357861150106,13.587750657746112,30.862746195225366,201.2774538829898,25.743081921700437,76.22161454692375,185.024,23.62584868328146,23.422203313584642,32.96991941992645,41.50037537043613,0.5477962540974302,0.3899778032477117,3.297109935677984,99.70259152744816,143.24890532902353,199.41444708248252,33.72189577194974,53.36548954699743,32.99130872311403,26.02342338416848,12.72135858608959,22.990947653847947,35.24235624890849
430,2018-03-15,27.428556103353134,32.48383469501966,26.786940494129684,27.356193684181843,51.53685976090307,225.86045388298982,22.080916057624695,91.12298893445441,122.0287341772152,17.130950117659825,21.262898801353934,35.805559429637164,32.31060562587962,5.969841680810525,0.3899778032477117,1.6249889691665602,74.23393998302262,164.60291732492527,151.7127865544786,,60.03075349696898,14.49822249182048,44.31553295454545,11.1156641867562,24.44841971865227,36.29158844333397
431,2018-03-16,6.934959231068166,30.51271816355225,38.50317486834939,10.905193684181844,37.19280354389226,300.0664538829898,6.926027418821273,106.34593417798281,188.2592658227848,6.752349540283439,47.12165070461445,28.358769232014637,21.081856298120893,4.010982011711841,2.7499942544815545,1.0984603695610402,80.06202124456865,131.68650755092844,226.90753613790315,,88.31619603215576,42.55387510602248,24.296280842654106,10.951177490712476,5.850142795575348,21.93989458331561
432,2018-03-17,7.152304449682028,28.64738585897742,1.485908853512727,14.178193684181844,28.1516662957907,322.6814538829898,40.930954762301894,69.53169962138386,314.378,4.263110458788617,14.125689852849481,31.91145378982123,12.89038890298438,5.4140056706587805,1.9264290370902497,1.0548114543736609,60.44087351645415,112.13691418247771,286.93405598574725,,54.69970137046653,39.03340726545561,32.91044643007315,15.484444460781576,3.806142795575348,24.535077766947243
433,2018-03-18,12.94167278762123,19.011594855581734,14.055638583242459,6.760193684181846,28.1516662957907,275.0237872163231,16.630506015934717,85.1520170357061,156.47,4.263110458788617,19.17049749296514,19.785564427403873,12.89038890298438,2.3525082959822465,1.9264290370902497,0.2948114543736608,31.191083857797715,124.68191721059942,166.126126226043,,27.81609244078389,8.568835144039086,7.544863636363636,3.7484230166168815,3.806142795575348,13.234614878479466
434,2018-03-19,6.1562957643286875,11.761875967431017,27.816179123783,40.23419368418185,45.20009319987731,239.5634841860201,6.859116775002872,74.24385420132865,211.502,31.683889143595096,10.036032449950474,15.842547128143927,31.07401572012421,2.100894012605287,1.5838059271640248,9.991817325215147,66.69448953140537,159.4748139249294,190.28743705027338,,31.081408033452206,19.21102738687214,23.929863636363635,7.534012895026345,1.3136478954172752,26.3333260163565
435,2018-03-20,11.162499456565122,23.709389107975408,9.977931626453113,68.03052550236367,59.25723881159719,184.75209024662615,38.05426433358155,118.56276386737682,148.54614925373133,36.778249185858755,16.327925165632568,24.35639990582025,33.125429010165924,3.45029625409743,1.1017016898505025,24.168585351709197,73.6300668188205,94.67823967798579,198.61881540181264,,27.68544625927825,71.2645629065418,32.972012500000034,5.238850226607033,5.82986298867373,42.342887472196146
436,2018-03-21,29.411015877856165,17.48129608575968,5.19388608057234,27.00840481320253,62.96349448796174,313.40729598825294,50.030630825073764,61.794793795816304,211.94985074626868,24.112760768650137,19.62860477728305,29.783339596005465,51.183997478431394,2.6804118993239645,1.1017016898505025,33.72274136361599,85.78718455067566,145.82745747255672,207.22612622604302,,47.577851881926335,16.862205338306087,14.183,0.6770953794167499,25.325988308366824,56.584479237217636
437,2018-03-22,16.893035652285274,26.222254181950778,47.415908853512725,29.701144038791778,58.59812193007884,257.1486117777266,25.07749815068189,87.29323742576182,216.5855,40.98430334744321,10.28214272529844,28.792774133074882,24.042896067681948,2.3186700405051974,1.1017016898505025,14.562077915782938,53.066719637257755,72.6008201984208,207.91012622604302,,26.888102616164907,41.52384033168734,28.848,4.610200218126428,29.81439892717469,39.60976583593966
438,2018-03-23,34.02047968213601,13.814424350015656,22.93293829992027,9.411723067838428,31.135503055516118,269.97045388298983,21.351433666797426,83.73045311768315,223.69949999999997,28.283004508458905,13.07438721761718,25.100056690633632,15.239942009757621,4.703863173552407,1.1017016898505025,19.542114161698873,71.45391818915839,133.66549698610578,198.43412622604302,,23.273826986360213,32.84111648528723,9.127,8.392435485370362,12.135749775784754,31.80200508208451
439,2018-03-24,6.197549034117125,4.674122206731283,4.800113800509194,14.039918746460554,19.09683557383761,240.6704538829898,16.22203264297824,55.48365743053925,259.13,1.8025971764833482,20.26326497145782,24.877672372701298,2.1069910695993372,6.0070367780081595,1.1017016898505025,16.17990243790351,29.761717588645475,126.01256625187632,276.2523472535221,,13.395827599146832,32.30702560507825,31.116000000000003,6.19020736591084,,15.68078423435296
440,2018-03-25,44.163890828606064,19.27501787565954,4.800113800509194,14.713707197695358,19.09683557383761,320.64503721632315,0.7291627323526272,52.74011781612812,394.35699999999997,1.8025971764833482,13.273046392222838,30.364777534114797,2.1069910695993372,3.19624001372763,1.1017016898505025,10.627355621317278,51.13297722937274,93.56704799570885,205.80751783396224,,11.030445821473668,7.622940699417877,3.776,6.19020736591084,,17.266715320313217
441,2018-03-26,35.01883313890877,12.062603675567985,34.20888617633472,4.025862000385381,46.14979518147652,301.6238705496565,19.60916273235263,118.99200325921667,257.957,33.26091306611227,18.92762480269921,29.996516422507415,7.102986596051732,9.80500064261538,1.1017016898505025,32.88771196027585,70.77914915690565,73.59094444474722,174.20568183977016,,18.43973204560428,37.6598274918707,11.323,6.19020736591084,2.229,18.655820445433147
442,2018-03-27,16.76675766721065,21.68103310401142,25.4031269870533,13.821339718281177,60.63704826029806,219.5504538829898,0.7291627323526272,150.47875026502325,241.87,34.32428128685442,12.669123719451388,24.66063517197553,5.6018632173096155,5.699251897123925,1.1017016898505025,14.627657791004994,44.38107237112902,70.33808127785738,214.90795797691752,,37.53361501065391,63.71553348010638,41.668,2.3693144752711732,9.529,16.870767269311248
443,2018-03-28,24.607557718225554,28.355398069820342,33.53233711466179,13.720118072617723,67.8854290296348,259.9864538829898,12.196471317039402,84.61964735898282,227.302,26.8726248517601,9.454617294130887,19.412747196875678,11.088301293051684,5.288705811960874,1.1017016898505025,35.738150615212824,47.15814691539294,85.36374482992328,155.532131418151,,35.803633636240434,27.09790125053494,14.909,0.6770953794167499,2.561,32.85851945496887
444,2018-03-29,31.285957616195745,29.936635350199598,29.903845795600613,24.606193684181846,72.09698081923534,268.1384538829898,19.614432497453617,81.10411679642557,283.071,26.602569501206595,10.125371295401274,25.000149719275722,18.14824788073829,3.8176849200419936,1.1017016898505025,15.804811454373661,45.06657311669128,129.12603807092012,206.6115774434761,,32.92597933911517,41.45535906572552,11.067,3.557800225231728,16.263999999999996,38.19759745502097
445,2018-03-30,24.376757667210654,15.85614745940387,9.548156823916424,28.41219368418185,45.70315270019353,328.2234538829898,20.17658438256488,144.3639979479647,271.666,10.752285171982301,12.378830715085169,33.48613386513914,11.815469444879133,9.753847605948955,1.1017016898505025,87.93481145437366,44.994150664697194,111.3714537148782,213.7456698165019,,88.04498494116817,20.74093126545561,11.572,17.316390533601773,14.979158593812139,25.067346122982997
446,2018-03-31,25.94350033716657,27.540382108019607,4.828396644377421,8.768193684181846,4.899727770146077,368.1829854321439,0.7291627323526272,82.51192820848497,303.721,1.8025971764833482,12.64396337849943,29.64351748295093,2.103538660105211,10.87523503756077,1.1017016898505025,17.120605114271942,11.64,136.71704126861243,285.41946598263775,,36.7769096752745,19.478931265455614,21.613999999999997,0.6770953794167499,,17.464348417210807
447,2018-04-01,1.9867576672106502,1.483136074219727,4.828396644377421,0.02119368418184543,4.899727770146077,0.34045388298979806,0.7291627323526272,3.8760929682103757,,1.8025971764833482,1.91326497145781,0.5137245627874885,2.103538660105211,0.8588305666128585,1.1017016898505025,0.2948114543736608,,6.572742728123424,1.951126226043006,,1.3679890918837754,0.5789312654556112,,0.6770953794167499,,4.205569115116467
448,2018-04-02,1.9867576672106502,1.483136074219727,4.828396644377421,0.02119368418184543,4.899727770146077,0.34045388298979806,0.7291627323526272,3.8760929682103757,,1.8025971764833482,1.91326497145781,0.5137245627874885,2.103538660105211,0.8588305666128585,1.1017016898505025,0.2948114543736608,,6.572742728123424,1.951126226043006,,1.3679890918837754,0.5789312654556112,,0.6770953794167499,,4.205569115116467
449,2018-04-03,1.9867576672106502,1.483136074219727,4.828396644377421,0.02119368418184543,4.899727770146077,0.34045388298979806,0.7291627323526272,3.8760929682103757,,1.8025971764833482,1.91326497145781,0.5137245627874885,2.103538660105211,0.8588305666128585,1.1017016898505025,0.2948114543736608,,6.572742728123424,1.951126226043006,,1.3679890918837754,0.5789312654556112,,0.6770953794167499,,4.205569115116467
450,2018-04-04,1.3985317469404122,25.82373106536735,3.487173799738179,14.334193684181846,52.278023257069826,241.3906549841533,5.679162732352627,44.818248926470304,180.369,13.137355727950004,1.762337850896296,0.20907819837838976,27.091468850374536,0.8741574607036258,1.1017016898505025,2.7948114543736606,28.915347013985855,89.02414624503334,263.8046164016188,,54.033130488975175,13.1441999558719,6.979,0.6770953794167499,4.286,17.949388914211557
451,2018-04-05,1.743538250301303,6.864042119965406,12.473617679659817,21.523193684181845,13.887669970627105,147.76999999999998,0.523825715273538,44.030151603253294,123.80000000000001,6.646633789459518,13.503658467058411,,1.6894428344421413,0.927213394454836,8.21596862932171,30.23828753947491,54.395506901366545,60.89400922049735,169.99004786656775,,16.267233201301767,38.27485182723787,20.590999999999998,0.6770953794167499,4.571,16.930935857423506
452,2018-04-06,1.5496065232385459,10.28622287701366,0.37703287493096493,8.757193684181848,12.213403865323222,117.06,0.43258770266955104,79.26075813937527,83.172,2.16526983966598,1.8691333031684032,,25.746939595627342,7.847102641059857,4.511568184905614,8.129075418936083,26.405506901366536,48.89757180502892,166.55145871417247,,8.87462903571613,32.81738122928999,9.687,0.6770953794167499,15.922999999999998,7.857056091791035
453,2018-04-07,1.3815827996930694,1.3753484768130793,4.995001143762693,28.215193684181845,25.53827026183452,,0.43258770266955104,49.38288680112455,105.378,38.357457020382256,1.6298208624689392,,5.690703911676472,3.278891948611183,1.1198339896945606,1.4948711333952478,21.621585351138975,6.250131240242589,119.42379201708586,,17.75509298188358,24.62969765005537,15.893,0.4568521313818712,,3.886318519984299
454,2018-04-08,1.017961648880584,1.5973037669337218,1.021479384286791,9.049193684181846,4.718242064409058,,0.43258770266955104,46.76284162752684,102.551,39.66358015785767,10.325026429956045,,2.0986084725225593,3.539190368701921,1.1198339896945606,8.309214628046893,35.79785992534252,15.888153974558577,125.45779201708586,,4.686756942130041,37.52558367752428,,0.4055829380164344,,2.675675293570318
455,2018-04-09,2.4267209932326073,3.354844131355289,1.1766988603239459,15.199949441448073,33.91169927176209,92.95,0.2856881286378967,31.417581270725382,95.53,14.625683308448375,8.10948103624838,,7.509858580838322,0.9235837148982762,1.0562923929336696,22.939214628046894,31.16785992534252,23.46433971345045,132.67078578064272,,7.814774077293285,67.30204946001766,,0.9450633500952585,,11.913386270082775
456,2018-04-10,0.8667209932326071,1.6202089260016692,1.3293527251869326,0.4810135374644158,5.784428815416814,,,2.5077264335714586,,0.926594585453547,1.6150265442374208,,2.0986084725225593,0.9235837148982762,0.9790649137936145,0.8392146280468924,0.5178599253425162,5.720656058941265,0.621633296191931,,1.1742212196167814,0.5920494600176566,,0.9450633500952585,,2.5440005144771813
457,2018-04-11,0.8667209932326071,1.6202089260016692,1.3293527251869326,0.4810135374644158,5.784428815416814,,,2.5077264335714586,,0.926594585453547,1.6150265442374208,,2.0986084725225593,0.9235837148982762,0.9790649137936145,0.8392146280468924,0.5178599253425162,5.720656058941265,0.621633296191931,,1.1742212196167814,0.5920494600176566,,0.9450633500952585,,2.5440005144771813
458,2018-04-12,0.8667209932326071,1.6202089260016692,1.3293527251869326,0.4810135374644158,5.784428815416814,,,2.5077264335714586,,0.926594585453547,1.6150265442374208,,2.0986084725225593,0.9235837148982762,0.9790649137936145,0.8392146280468924,0.5178599253425162,5.720656058941265,0.621633296191931,,1.1742212196167814,0.5920494600176566,,0.9450633500952585,,2.5440005144771813
459,2018-04-13,34.89480026265828,20.70670167861438,22.285071990317565,20.18601353746442,77.17210510793859,134.692,15.340362045414986,85.63646555989415,273.803,32.80711208238287,1.6150265442374208,,33.529724602787546,13.612644455082597,0.9790649137936145,13.579214628046893,51.73785992534251,93.73807580648695,181.99980055826134,,25.044836873852297,9.542343051671905,0.564,7.975312353902927,11.195000000000002,27.265539059270445
460,2018-04-14,20.86046448594923,13.567607315257618,9.206704910276907,16.731555436905758,18.131058308581373,139.859,15.321244444444448,35.431631460743745,188.44984615384615,0.926594585453547,1.6150265442374208,,8.937515081578185,11.671825912842152,0.9790649137936145,12.875564082025052,21.297859925342518,58.408982557813566,204.87963329619194,,1.1742212196167814,45.32665388160844,30.05417169023678,0.9450633500952585,,16.62140761555606
461,2018-04-15,7.37117256631703,18.16958095375351,9.206704910276907,26.081518479449805,18.131058308581373,151.68,37.49650292397661,56.09056571401518,94.1832967032967,0.926594585453547,1.6150265442374208,,13.596022110064691,2.642742327746486,0.9790649137936145,20.46230988218454,17.427859925342517,88.99181431711776,157.8848658085072,,3.0903128130923143,13.742818113439291,21.341213107543435,5.631133460796366,,5.360729861260669
462,2018-04-16,19.63416657441678,25.83318269729605,23.58447461369061,7.22996669603767,49.31327208807783,123.61500000000001,18.622252631578963,70.1560203081318,119.16085714285714,21.14126830932992,14.276498388379359,,25.855596767738923,7.9007962915524965,3.9590649137936147,19.033917997766874,50.01785992534251,66.18903607472478,148.11937339366256,,21.193322255956993,49.113421254889445,10.723213107543435,4.15899323939415,12.027,26.58960697581126
463,2018-04-17,7.333281189236244,13.776608924673688,39.36215356498477,11.035013537464417,71.79887502325687,132.81,,41.260012763905834,100.616,22.89368194532101,18.823574813852527,,20.15611257465558,2.639357955129825,0.9790649137936145,8.055066550211112,41.9306207261855,61.03009704897281,136.87557760948295,,32.37235711849712,29.5240109984792,11.556719918617505,4.298408237443613,,38.01151696496821
464,2018-04-18,15.510373079915171,13.864437948771101,41.16532543308679,27.004280204131085,77.57509966396572,76.361,,67.00384816203635,168.00900000000001,37.36377155480705,11.065834145187546,,29.108462097859924,13.136390568037386,41.032654624486845,23.89921462804689,73.83555985748382,102.41131224508278,133.64123034638354,,44.36349816204532,14.262049460017657,5.75013251155624,11.511718462746908,14.332,37.054794626684775
465,2018-04-19,10.798466269720151,24.83564940034357,28.423384007725247,44.132746870797746,44.92437676060075,165.479,2.8687681159420295,74.97392967949406,39.232,13.784736302480745,1.6150265442374208,,17.36311466285653,14.533764718807198,3.2780317838777466,25.016749511767824,28.307399192358222,60.140615694159585,114.98017680557949,,34.41722281316606,9.946049460017656,2.26,0.9450633500952585,8.240265158371042,31.06528891267919
466,2018-04-20,13.412866279790258,19.207362403248812,11.943071918614862,35.55801353746442,32.950046776288126,121.032,42.23958732172376,54.217113298100685,122.381,21.661584410540527,2.616353712445369,,24.16745247396567,5.403486937560773,4.906239532270095,34.04502075815085,51.36785992534252,60.98510094636597,227.36757581353586,,19.180931821069304,45.90504946001766,18.292039403620873,0.9450633500952585,13.886734841628956,34.88186473301097
467,2018-04-21,0.8667209932326071,24.907901848668025,8.169083867830697,8.538013537464415,17.890319884377664,126.037,10.214077683353326,38.17494950088372,147.657,1.4598197046581731,11.77346443476479,,4.44623363298469,3.734858244051985,2.925341474620186,13.455873614222009,38.45785992534251,93.81205362040747,228.15663329619193,,8.896148992959684,9.885049460017658,7.322682874244345,1.6891980636103483,,11.503323275030198
468,2018-04-22,0.8667209932326071,16.127829532432163,8.169083867830697,1.8223528231787014,17.890319884377664,129.19,1.3195771163005752,15.004820238258553,187.11,1.4598197046581731,14.100830288423325,,15.787565556874751,3.759446571109083,2.925341474620186,13.759404124527672,26.66785992534252,62.08891674879443,113.70221529909469,,23.661603687124206,14.557662494640875,1.455246816425812,2.563724962575212,,5.9633232750301985
469,2018-04-23,0.8667209932326071,13.121356727682274,11.695076390407255,39.112674251750136,44.681484247126946,107.95,0.9515123313168916,47.32420879759206,135.383,23.55981970465817,17.574128491699042,,36.364283695804176,6.31018673735731,2.0862989833552863,15.884068160826008,43.367859925342515,66.27913066272794,186.6160512932892,,22.24486708335842,39.466436425394434,1.455246816425812,2.563724962575212,13.855403669724772,18.4996960433004
470,2018-04-24,10.092461038076365,13.426473607215561,21.81235783766137,25.42701353746442,70.48458010416718,115.34,0.9515123313168916,88.15899657368583,103.667,12.366680606913812,25.75413203256449,,45.71387781797618,13.740174063649905,6.592753378615189,35.4758416598868,35.857859925342524,73.34631710553698,175.93363329619194,,14.947819271517615,46.03204946001766,39.89724681642581,2.563724962575212,12.123217191202379,27.130431833168892
471,2018-04-25,19.1789185274694,11.253319086038148,11.971918871785194,19.028544086575014,70.68203357285957,89.565,0.4149651000465338,103.52505841308056,140.439,30.539028761250275,13.263476392484028,,23.72262413095985,12.210612496091045,10.925043039386685,33.54690062755316,34.717859925342516,62.195540542414705,185.33463329619192,,11.007586380145797,39.260767337112625,34.11024681642581,2.563724962575212,1.7153791390728466,28.682401376731946
472,2018-04-26,9.40878341415205,13.979795543343586,20.087537444839544,15.874814114181635,58.24799093512529,115.41263157894737,0.14334213197969545,75.17076314424887,147.606,24.455906671143524,9.628840658285927,,23.38272314569214,3.803619593286925,4.467875458325789,16.199858567440835,31.22785992534252,57.24403105894127,147.53963329619194,,9.149367293558779,28.338710811876265,16.105846530834206,1.4362821866603515,8.562,26.92866381346559
473,2018-04-27,0.8667209932326071,18.171990985450105,3.539731841816973,17.93946542084847,35.36106398841225,116.63336842105264,1.2981928934010152,113.36956913299517,133.21,21.08301734968119,7.968986343232396,,18.307594564089428,4.3730168154302484,6.96760606557334,18.760045016739472,50.05785992534251,67.63303701132222,232.08263329619194,,7.2210727304277755,30.740145447429146,7.3191305159934625,0.9450633500952585,10.73200562803786,26.091634221145167
474,2018-04-28,0.8667209932326071,14.320739976688326,3.511010832303587,15.789230528252544,18.285588341252932,167.67632075471698,1.2981928934010152,69.46599417980521,194.703,0.926594585453547,26.56502654423742,,12.913191582826911,3.8440151703882206,2.6186260728110993,2.908384239354312,11.127859925342516,83.43047807685734,268.13725744119876,,5.57792739920871,17.685872684632546,46.71713051599346,5.347685377629677,2.6770222563315427,10.093105373812222
475,2018-04-29,42.78509937161099,20.83077234404104,2.776654630346626,31.59601353746442,18.285588341252932,85.99867924528301,1.2981928934010152,41.991500765204414,160.948,0.926594585453547,12.30502654423742,,12.913191582826911,1.8208782354462214,2.6186260728110993,11.519214628046893,17.467859925342516,50.36845308864424,168.9720091511851,,6.912549829852563,28.224751019037697,9.095130515993462,7.552441322560842,2.6770222563315427,19.744895655142145
476,2018-04-30,6.088342614854225,18.572006139892554,1.3293527251869326,12.52979561049307,25.51567184383523,102.03999999999999,0.4020791878172582,68.72352592583066,111.08446035234356,13.07387513271035,1.6143785656319178,,30.603606280061637,4.009929148136699,1.696027760048795,27.069214628046893,23.93785992534252,48.17886407310516,157.01590716785296,,10.779369935914241,35.89609930188989,3.8261305159934627,0.9450633500952585,14.70594985929906,33.23400051447718
477,2018-05-01,0.8667209932326071,1.6202089260016692,1.3293527251869326,0.4810135374644158,5.784428815416814,,,2.5077264335714586,,0.926594585453547,1.6150265442374208,,2.0986084725225593,1.0176578667730793,0.9790649137936145,0.8392146280468924,0.5178599253425162,5.720656058941265,0.621633296191931,,1.1742212196167814,0.5920494600176566,0.06713051599346252,0.9450633500952585,,2.5440005144771813
478,2018-05-02,0.8667209932326071,1.6202089260016692,1.3293527251869326,0.4810135374644158,5.784428815416814,,,2.5077264335714586,,0.926594585453547,1.6150265442374208,,2.0986084725225593,1.0176578667730793,0.9790649137936145,0.8392146280468924,0.5178599253425162,5.720656058941265,0.621633296191931,,1.1742212196167814,0.5920494600176566,0.06713051599346252,0.9450633500952585,,2.5440005144771813
479,2018-05-03,4.800903447788326,19.6177978805788,11.547662628978669,15.689013537464415,27.43912278282396,306.70655084941905,,74.1625471762091,136.36,4.304862858817837,4.7154115772661065,12.514034047615288,2.3977307923620836,18.697657866773074,0.9790649137936145,0.873196152876471,30.41341156748178,106.6513191009829,200.16763329619192,0.009279394433868188,33.37400332433585,7.038049460017657,0.5569984817707729,1.0498703430706613,13.408000000000001,12.422859470847472
480,2018-05-04,1.917828072377013,10.091789528096719,1.8472181154621041,18.399013537464416,19.403687680573118,193.21864463268992,9.05,36.253796704370295,172.67413279352226,19.822962889923648,1.8262880547497589,0.5850302899700368,11.003513105303622,0.8254527526793284,0.5530190872302932,28.53115920253563,49.31658928643369,70.49614382838413,96.82679553042101,0.4772259994560783,44.922017374503554,43.57504946001765,33.02224037052434,1.1877033338325251,,33.440359124497455
481,2018-05-05,1.865816187457519,10.782307658796947,2.240795317424494,11.143013537464414,5.992897037597284,144.3459275053625,,67.93521441352979,116.79102024291498,1.5608510125708546,1.686346951646406,0.5850302899700368,3.0121805323786357,0.5166833528574684,0.26734102719082364,0.9487452769668762,30.836589286433686,21.625874780976304,137.04755526657996,0.4772259994560783,5.663151514342052,14.768635000765366,7.07463482766014,1.1877033338325251,,11.413375354484424
482,2018-05-06,1.7474802479517237,2.2866530624907973,1.7607941298362932,9.770013537464417,5.69040677561425,9.647224486974629,,7.75785262238853,51.89102024291498,1.6780814161499942,1.693566171013649,0.5850302899700368,5.849864024494117,0.4046980031410335,1.0619647339743634,1.0938709924868926,0.7565892864336865,6.191037643929506,62.417555266579974,0.4772259994560783,1.5276587570397435,0.22134159352396623,0.17234289149858706,0.9438784924817845,,3.1852732666939563
483,2018-05-07,2.0208715680158855,5.260508897999208,6.023420311701512,56.45201353746442,26.704140079532507,0.6772244869746271,,58.73803739714443,10.11102024291498,9.531182301971235,15.369417414848996,0.5850302899700368,22.8187112454794,0.34959914242405876,0.3832017711163017,19.602160601725913,9.849920117381991,7.515935100015668,117.41155526657998,0.4772259994560783,15.17159456500148,24.159740771903564,17.340342891498583,0.8316102592440949,,12.958640249969015
484,2018-05-08,2.387201403398579,2.0227120199580093,2.184389471341895,9.782013537464417,5.2218266136458364,0.6772244869746271,31.570000000000007,15.263037397144426,67.77102024291497,41.82655409330162,1.821230024127619,0.5850302899700368,2.838054192837199,0.33317468203520356,0.6078199107805095,13.015242166144859,25.474236262457712,25.243353817146303,147.90855526657998,0.4772259994560783,1.31611878589782,23.720433781826348,0.17234289149858706,0.42301213061134235,,40.727015793651454
485,2018-05-09,28.577197706265878,2.155948811531,2.730433782594291,23.258662181721014,32.27619097720499,73.50322448697463,,48.757644754262635,169.07102024291498,6.918353412185665,1.7355995356009817,0.5850302899700368,3.2697576338628522,34.449053867674436,0.6078199107805095,14.706148184337813,23.934236262457706,16.879584945969395,148.01417835390393,0.4772259994560783,17.020969073986052,30.206011358900838,0.17234289149858706,0.24263998373726647,,2.2413531077550974
486,2018-05-10,3.192385817033443,2.331443430426087,2.90650182495241,0.02119368418184543,5.516070752162311,0.6772244869746271,,2.616073798895621,0.5410202429149797,1.624451204197213,2.0023217730504363,0.5850302899700368,3.9948173281921973,0.3190538676744278,0.6078199107805095,1.1614427423306888,0.5042362624577094,4.257645525867494,0.8107634294707334,0.4772259994560783,1.3014423553260035,0.6442126104424238,0.17234289149858706,0.24263998373726647,,2.5440594117841586
487,2018-05-11,3.192385817033443,2.331443430426087,2.90650182495241,0.02119368418184543,5.516070752162311,0.6772244869746271,,2.616073798895621,0.5410202429149797,1.624451204197213,2.0023217730504363,0.5850302899700368,3.9948173281921973,0.3190538676744278,0.6078199107805095,1.1614427423306888,0.5042362624577094,4.257645525867494,0.8107634294707334,0.4772259994560783,1.3014423553260035,0.6442126104424238,0.17234289149858706,0.24263998373726647,,2.5440594117841586
488,2018-05-12,3.192385817033443,2.331443430426087,2.90650182495241,0.02119368418184543,5.516070752162311,0.6772244869746271,,2.616073798895621,0.5410202429149797,1.624451204197213,2.0023217730504363,0.5850302899700368,3.9948173281921973,0.3190538676744278,0.6078199107805095,1.1614427423306888,0.5042362624577094,4.257645525867494,0.8107634294707334,0.4772259994560783,1.3014423553260035,0.6442126104424238,0.17234289149858706,0.24263998373726647,,2.5440594117841586
489,2018-05-13,26.94985383243766,20.285795840952204,2.90650182495241,6.723193684181846,5.516070752162311,91.31722448697464,4.8102267301897275,50.33112581574223,217.95171288302666,38.51445120419721,17.223107461373317,0.5850302899700368,3.9948173281921973,0.7985322934686432,0.6078199107805095,10.61144274233069,19.34423626245771,76.1381031127878,280.4649087866234,0.4772259994560783,1.3014423553260035,21.47721261044242,8.025342891498587,1.0850916983608376,,2.5440594117841586
490,2018-05-14,16.379100706775834,6.358217884840623,32.81893208421299,7.289050360919538,39.62028629856725,55.18722448697463,,84.98155857113129,71.79102024291498,21.66316656943651,2.802321773050436,0.5850302899700368,44.87363415857239,3.500846186308852,20.87356071462301,10.438940079923874,72.73423626245771,66.68770877785005,67.21276342947074,0.4772259994560783,33.37444429138523,20.15621261044242,28.06516075495806,9.295852439393553,2.047299107142857,31.15387767982436
491,2018-05-15,33.32898267567219,12.875230214999903,21.60583325633795,16.777935770975134,53.56498485490105,111.56522448697463,2.1918687329079307,53.306619037219924,128.00502024291498,25.120707375959825,2.263164105663827,0.5850302899700368,34.5319743642153,7.54922537951031,7.7544229929655115,40.37497338131524,55.584236262457715,50.64660873847046,99.48976342947074,0.4772259994560783,17.9272045293877,27.06621261044242,2.3043375553192917,14.289958269597768,12.635310753895576,37.61503482469673
492,2018-05-16,7.573109954964478,12.441054790281026,18.317389890119717,3.034574979145874,45.58267345348427,40.37722448697463,15.488131267092072,66.88314248160476,122.17102024291498,48.07521607693245,33.559862605253116,0.5850302899700368,27.61882159014992,0.3190538676744278,2.3574038671668016,20.673245871463752,39.04423626245771,68.14420732016187,163.41176342947074,0.4772259994560783,6.996951312229542,31.862949396035155,19.810337555319293,5.649657527596911,19.37639013896157,44.41075103689097
493,2018-05-17,14.791661679102408,23.17983371743612,16.784641923196137,6.733547730284819,36.627309872634804,104.59722448697464,,18.684225549064212,142.334020242915,34.3410740758972,11.803938608234356,0.5850302899700368,41.43043663862851,3.7463511649717254,1.887394378865616,15.122208996355845,56.12423626245771,57.86204985486255,203.40376342947073,0.4772259994560783,17.629474060317463,32.55822123645579,2.1013375553192915,0.24263998373726647,10.584,56.73214656081143
494,2018-05-18,27.062385817033444,17.094107871466424,23.91517334594051,16.877203464132947,43.91243303007313,85.80322448697463,,68.52981938496217,108.39852024291498,33.14952495847437,11.012321773050436,0.5850302899700368,25.817020685274404,13.880226563568455,7.935699571135771,21.577845382594713,81.570676004868,79.15227985772447,159.51976342947074,0.4772259994560783,7.384980894133571,48.95068949167542,9.732618066146518,0.24263998373726647,,20.12650121911128
495,2018-05-19,3.904639646355106,11.055323748102202,15.22359494459872,5.6988502945683175,12.709532052659021,112.92331539606553,,30.871397151047944,188.22652024291497,2.9937369184829272,6.486532567866263,0.5850302899700368,7.044979277634103,15.617736618841702,1.3013978924318854,2.8614427423306887,29.51779652004741,71.30384206384662,140.9079498701487,0.4772259994560783,5.1628805957268815,13.685801529119814,10.720513792191428,0.6111498651601913,,12.101277138546028
496,2018-05-20,15.50013198771178,11.30762461085552,9.390908774385963,18.15130694333309,12.709532052659021,167.93313357788372,,43.331053244421284,105.63102024291499,11.497498059302892,14.335190029714035,0.5850302899700368,7.044979277634103,10.086744867187297,1.3013978924318854,9.78144274233069,15.05423626245771,73.01983191156235,148.98127466321137,0.4772259994560783,7.764442352747455,33.27761475521454,43.24051379219143,4.232521406662167,,6.6912771385460275
497,2018-05-21,8.30672745404412,11.816657873400736,19.085995331445933,22.504240016228177,24.767725226508723,97.01491679466693,,66.77407987152209,86.64102024291498,27.998240780220435,30.21842019234679,0.5850302899700368,24.603156436935876,4.413601611843756,3.856011135281162,41.91366133939431,19.154236262457708,83.11937385704472,153.94506575505213,0.4772259994560783,10.352984690747636,17.290221546992917,4.515977071637157,2.8942486793894378,13.128117318435754,17.874355841072855
498,2018-05-22,37.10355977027232,14.969840856878617,10.789553706946307,16.842241174529345,36.79787416410739,150.23053217928233,,103.58914889150897,32.321020242914976,24.808173695388103,18.43876656867626,0.5850302899700368,18.993042707062873,4.202102954160964,10.056127617291795,25.25292333225894,67.71423626245772,52.32262288807873,126.08976342947074,0.4772259994560783,30.377784142846583,23.198811907454726,9.872342891498587,0.24263998373726647,22.91578794472214,22.835263451370107
499,2018-05-23,18.646870226783893,17.215103265825416,10.730605813403855,26.128193684181845,52.597060909379856,86.05722448697463,,71.31819466582947,14.781020242914979,28.409611189952244,11.29264736064002,0.5850302899700368,36.91961122784389,10.263460640644201,5.864939670313276,8.566546156716019,67.62423626245771,60.68957412927809,241.03176342947074,0.4772259994560783,28.37932142393368,28.57043045628726,16.593342891498587,11.43211848327981,16.758094736842104,27.151907137542583
500,2018-05-24,7.098879323526949,16.08534705670116,9.970006202099912,10.172193684181845,49.464554721966074,92.41422448697463,,72.37575301532935,20.16102024291498,14.656729766248928,7.963523233969055,0.5850302899700368,42.0446729364466,13.66094056030645,12.105491905335239,40.45070823582724,42.93423626245771,52.302615136644214,129.44377650136616,0.4772259994560783,33.17542449988135,62.44922975329956,11.858342891498586,8.10316148419473,25.478960465116277,26.032524007816107
501,2018-05-25,21.817297116454906,14.599016609489455,11.985477468408796,9.837193684181846,22.71475012131869,79.53722448697464,,58.35964611397474,117.03802024291498,15.793722990067687,19.073710652877445,0.5850302899700368,20.39894340977699,13.480958805181073,10.874190933908896,14.970971234325857,43.914236262457706,63.74998123289292,131.3187503575753,0.4772259994560783,19.05500914292673,21.72943213638733,6.668342891498587,0.24263998373726647,19.525792919539953,17.641125549501968
502,2018-05-26,11.930981011118464,5.894684211105965,13.99140089183222,20.508193684181844,11.596259988457614,0.6772244869746271,0.8896524241753377,27.19186624885573,77.26102024291498,6.101947456071277,18.959783578313637,0.5850302899700368,23.725746073572253,10.073295404744528,3.8549930137422694,4.1934740293655315,35.93423626245771,64.05368109993549,159.82923711368127,0.4772259994560783,2.407341036797204,13.664115431436288,15.534342891498586,0.24263998373726647,0.9506981683036901,4.706623514348261
503,2018-05-27,18.002385817033446,3.9796613382788832,10.538746146302653,11.657193684181847,11.596259988457614,0.6772244869746271,1.9063980518042951,29.162034382847796,101.02202024291498,5.0319474560712765,18.92192647390513,0.5850302899700368,6.715746073572252,2.6892713921842315,3.8549930137422694,5.4034740293655315,14.60423626245771,82.41200344614634,159.0492897452602,0.4772259994560783,2.407341036797204,32.89527383493222,9.009342891498587,0.24263998373726647,0.9506981683036901,3.7666235143482614
504,2018-05-28,14.912385817033444,4.3212380050198504,19.277837076808886,4.742193684181846,21.414410779829208,33.14722448697463,1.9063980518042951,68.88124448132263,134.931020242915,5.6254706944520825,33.68568664197538,0.5850302899700368,21.666090901158462,5.731880945463421,3.0604801338706635,2.615677715869904,14.344236262457711,46.95191802887534,214.27776342947072,0.4772259994560783,24.424682116944904,40.219542434347495,14.177342891498586,8.741086394750049,0.2878502787363923,17.537887846222343
505,2018-05-29,14.752385817033442,18.866897112132623,22.5177124471909,18.134193684181845,45.117607031129765,76.60122448697463,2.3645859549746886,91.12131567143513,122.57402024291498,25.458068337682757,9.11787672117713,0.5850302899700368,17.552910674974946,4.527611444776388,4.693452871849182,18.505763164016095,41.774236262457705,31.770125894531567,214.22209936697072,0.4772259994560783,10.817914298093028,32.10490828982809,14.723342891498588,6.854193572724479,,8.664740846561326
506,2018-05-30,9.44693766237615,9.533965325823939,25.59657930928182,14.078193684181846,37.60134621787685,57.56922448697463,3.1729655172413787,70.38723577214192,83.98102024291498,23.830833060295323,10.238445785153585,0.5850302899700368,7.808164308744909,6.432802946498935,3.1765040055995226,20.146200840774103,38.134236262457705,67.4003316274644,172.51544001087512,0.4772259994560783,32.383779750479846,60.44016925000882,10.361342891498587,0.24263998373726647,1.679,7.430826146895956
507,2018-05-31,22.176306198548833,6.912677290007895,14.705054476391107,6.969193684181846,35.54955111188292,103.99722448697463,,45.27317135124998,65.26902024291498,13.632877790725086,23.487673243040966,0.5850302899700368,40.60017336548852,9.017699082190976,3.0907055110268646,11.624699679993777,29.494236262457708,21.08088717341039,248.69475091056634,0.4772259994560783,11.563581783039949,53.39670564087722,15.022342891498585,0.24263998373726647,3.826228632590943,14.71952500006465
508,2018-06-01,3.192385817033443,2.331443430426087,2.90650182495241,0.02119368418184543,5.516070752162311,0.6772244869746271,,2.616073798895621,0.5410202429149797,1.624451204197213,2.0023217730504363,0.5850302899700368,3.9948173281921973,0.3190538676744278,0.6078199107805095,1.1614427423306888,0.5042362624577094,4.257645525867494,0.8107634294707334,0.4772259994560783,1.3014423553260035,0.6442126104424238,0.17234289149858706,0.24263998373726647,,2.5440594117841586
509,2018-06-02,3.192385817033443,2.331443430426087,2.90650182495241,0.02119368418184543,5.516070752162311,0.6772244869746271,,2.616073798895621,0.5410202429149797,1.624451204197213,2.0023217730504363,0.5850302899700368,3.9948173281921973,0.3190538676744278,0.6078199107805095,1.1614427423306888,0.5042362624577094,4.257645525867494,0.8107634294707334,0.4772259994560783,1.3014423553260035,0.6442126104424238,0.17234289149858706,0.24263998373726647,,2.5440594117841586
510,2018-06-03,25.891925841872766,17.65749312940194,12.353267484006356,12.138193684181845,32.39814098292758,310.50869002416846,0.05392573069139173,77.71687325231463,127.11102024291498,24.73770339675174,11.666380435936,21.188785882308647,32.87013297250059,0.34014090026207855,0.6078199107805095,1.1614427423306888,39.76212753944997,135.9572624134073,163.3355121095623,0.3048372026798469,43.39675162062411,27.382634188043404,0.2843428914985871,0.07599349490645535,17.128,17.040467463248273
511,2018-06-04,1.7929504805534053,10.088299522727937,6.900533362067625,1.8381936841818456,13.013062426336807,127.50364971742952,0.5042405986727538,77.4865612528252,204.82325991902826,22.409761754837103,1.736767048124413,0.4701917224441822,7.023250365769299,4.897224251965097,0.6078199107805095,7.121442742330689,34.08940023927367,80.67244894433087,129.9089435435106,0.35534613583138175,29.036937622666493,20.840154594530294,8.904342891498588,,3.083,23.56105882819983
512,2018-06-05,1.8807746723541374,7.479334701694823,2.5706089819408504,9.681193684181846,5.52684062748885,150.73511391911316,0.5042405986727538,15.204059199036644,226.12,1.408894053473054,1.6307853967483217,0.4701917224441822,3.2759300120502077,0.6316547734049458,0.6078199107805095,0.9940881002380806,24.645161335252332,31.878445910099195,315.7318473330531,0.35534613583138175,4.763900739173022,7.066363740871756,7.556342891498587,,,14.577271912938619
513,2018-06-06,1.8807746723541374,8.061809584911968,18.349323743989956,11.032193684181845,27.366972712369897,65.97710458229542,0.5042405986727538,63.09777136753225,116.32000000000001,33.510927276528825,1.6610894092626092,0.4701917224441822,10.885293940286966,7.415795284137472,0.6875079786181836,18.44703879504021,32.525161335252335,10.294134434521613,216.583587098435,0.35534613583138175,20.563634442861336,23.766361170542034,10.582342891498586,,2.221,13.824920037219176
514,2018-06-07,29.749302788387723,2.428910732790416,2.461748138329675,30.827193684181843,19.99642449265673,7.789626383855758,0.5042405986727538,80.12027028958768,20.95,10.261728655149339,5.0673617819897725,0.4701917224441822,12.009547363291569,1.017866582055682,0.5846958780984108,2.5470387950402102,25.92998605144327,36.102732879238914,108.33289976302682,0.35534613583138175,23.491214249143532,16.614417474522174,0.17234289149858706,,,3.7607228516870186
515,2018-06-08,0.9721579208033709,2.246477626845833,5.887877854222565,15.067193684181845,6.836615052327476,0.7136263838557586,0.5042405986727538,57.585053725659854,64.59,35.7858889675404,11.246430304416634,0.4701917224441822,7.339645666317698,1.0767770365240166,0.3531179622212892,47.80703879504021,16.019418281853063,13.286711766190756,97.65389976302681,0.35534613583138175,2.051027419032709,37.39729783273949,0.17234289149858706,,,28.916384983666337
516,2018-06-09,0.7052859670848919,2.187232249950703,2.171674979528782,19.653545516930627,16.77250440172209,92.94062638385574,0.5042405986727538,44.56244537286955,86.591,21.962674534185567,2.517455977033882,0.4701917224441822,20.858567245680142,1.0767770365240166,8.347140733270663,22.79595931195935,17.259418281853062,18.186687131042138,98.6463448224481,0.35534613583138175,16.163836941848587,1.8740400431977537,0.17234289149858706,,,24.962450614639405
517,2018-06-10,1.3816657046290393,2.6051085969859096,1.9985841936208155,0.9295658731647214,5.136432826155178,0.7136263838557586,0.5042405986727538,4.600680935367475,,2.1134172126395034,2.3843258829379597,0.4701917224441822,2.7434289404610963,1.0767770365240166,0.967703963213711,0.32483672965110266,0.2794182818530615,5.825664281520336,1.1241363335560777,0.35534613583138175,1.5900351257644894,2.0965987875136443,0.17234289149858706,,,2.1349959117929034
518,2018-06-11,1.3816657046290393,2.6051085969859096,1.9985841936208155,0.9295658731647214,5.136432826155178,0.7136263838557586,0.5042405986727538,4.600680935367475,,2.1134172126395034,2.3843258829379597,0.4701917224441822,2.7434289404610963,1.0767770365240166,0.967703963213711,0.32483672965110266,0.2794182818530615,5.825664281520336,1.1241363335560777,0.35534613583138175,1.5900351257644894,2.0965987875136443,0.17234289149858706,,,2.1349959117929034
519,2018-06-12,1.3816657046290393,2.6051085969859096,1.9985841936208155,0.9295658731647214,5.136432826155178,0.7136263838557586,0.5042405986727538,4.600680935367475,,2.1134172126395034,2.3843258829379597,0.4701917224441822,2.7434289404610963,1.0767770365240166,0.967703963213711,0.32483672965110266,0.2794182818530615,5.825664281520336,1.1241363335560777,0.35534613583138175,1.5900351257644894,2.0965987875136443,0.17234289149858706,,,2.1349959117929034
520,2018-06-13,13.60174919256967,16.435673685730347,1.9985841936208155,13.129947030642118,83.24865185022415,26.410626383855757,0.5042405986727538,122.72156612528079,86.49000000000001,40.843676918180755,2.615876685076997,0.4701917224441822,48.72711443795593,5.4658788688035695,3.0430372965470447,15.384836729651104,47.23941828185306,78.41506039265761,136.06813633355608,0.35534613583138175,37.57170564385109,70.51524637369553,7.989342891498587,19.671007581190455,39.13646225710277,39.91857176416544
521,2018-06-14,8.91158221668841,20.848939074871087,21.013996424188992,24.507565873164722,62.44991872297617,0.7136263838557586,0.5042405986727538,80.62547632854074,100.19900000000001,46.30553680687335,10.812775080798922,0.4701917224441822,34.883193707645624,4.136824317847894,7.0323706298803765,20.898382828941884,46.45941828185306,29.09585630974419,184.01113633355607,0.35534613583138175,54.85194910628693,46.34553213930452,7.921342891498587,,5.122442477876108,27.348476686692152
522,2018-06-15,1.3816657046290393,17.964988101918063,11.087387452573381,15.637565873164723,37.44695760004054,0.7136263838557586,0.5042405986727538,63.171262122807185,89.0,10.708646705589231,14.670135776783793,0.4701917224441822,16.692884437745473,10.680007843649532,3.0510214750798115,2.291290630360323,24.979418281853057,26.219980195150935,280.73213633355607,0.35534613583138175,26.96175855734307,19.090051363587204,8.961342891498587,,1.6420000000000001,21.48563764319244
523,2018-06-16,7.84829633525967,17.611262250593573,5.605946156811001,20.348565873164723,15.635506771333958,0.7136263838557586,0.5042405986727538,22.08022168323704,164.365,7.183757270699797,25.794466118068907,0.4701917224441822,34.1588878724079,7.6710440362814305,1.5612587970883052,3.0808608260366444,37.119418281853065,10.690377789428034,208.02913633355607,0.35534613583138175,19.036540726287395,6.486150290717193,3.9263428914985874,,,4.67996096375674
524,2018-06-17,20.735035073998404,13.63795612301457,5.605946156811001,39.26356587316472,15.635506771333958,0.7136263838557586,13.17630120473336,78.13496876522926,197.74,7.183757270699797,8.923067710265572,0.4701917224441822,27.18354363022833,3.821767730948144,1.5612587970883052,26.219294560976405,22.199418281853063,15.360377789428034,269.5411363335561,0.35534613583138175,9.841968149603415,32.86215029071719,43.76634289149859,,,14.804448273401409
525,2018-06-18,1.3816657046290393,18.270912892353714,10.563087586657375,28.240565873164723,20.618658269969,26.353626383855758,8.07217999261215,31.548925023909547,132.123,20.092419443009646,10.814354188766558,0.4701917224441822,5.882992405642386,6.361959838188666,11.042458324991562,7.129310749076831,59.53941828185306,39.545612801180475,125.41213633355608,0.35534613583138175,14.823323535792088,49.38527122370625,16.95534289149859,,7.284000000000001,34.01620463069872
526,2018-06-19,38.579775752475925,17.706677659812485,22.663768830867514,24.163516239316063,45.546177097598274,40.626959717189095,0.5042405986727538,114.48268231967842,185.75625806451615,52.945384238133144,27.062135052148893,0.4701917224441822,21.15662731001844,9.132057924359655,14.64565455885157,31.329880782514536,31.559418281853066,55.83379906415574,154.31513633355607,0.35534613583138175,28.78508335626397,13.085986034291118,52.66646019052054,,2.015,34.0406057999039
527,2018-06-20,10.803555656782153,13.383426485784193,19.36263828666084,31.094081287910843,77.32782911349693,29.880293050522425,0.5042405986727538,67.87048305347734,161.43774193548387,39.89223546506185,19.751796451594032,0.4701917224441822,23.52771736775379,6.2583316039297365,4.308243015328765,27.074836729651103,32.22941828185306,51.65504787492107,122.54313633355608,0.35534613583138175,16.38626746713728,38.990482006472824,12.484480695816458,,14.189999999999998,40.86363142556644
528,2018-06-21,4.0916657046290394,11.182428291691066,18.107224263155796,14.085424233656074,66.50496087405982,34.47362638385576,0.5042405986727538,72.08712741293894,149.799,38.60162618280385,3.0636468705922804,0.4701917224441822,5.338409676078591,4.231988873578624,6.888079222176056,15.674836729651103,31.69941828185306,64.4060651540458,125.69913633355607,0.35534613583138175,10.923221416749152,16.339310808981242,11.040812806632598,,5.545,37.127928925352805
529,2018-06-22,1.3816657046290393,16.512097398409825,31.01436111669774,15.155424233656074,32.54672242581456,21.24362638385576,0.5042405986727538,45.58293252545876,124.3,26.617821586453832,5.446106407162687,0.4701917224441822,7.947062675012381,3.3177186330944783,5.036031182517078,45.35591801799467,33.38941828185306,87.54925579863601,172.54313633355608,0.35534613583138175,38.58167375262381,46.63140455449193,8.307055880721503,,11.715444749862561,26.861893533172147
530,2018-06-23,3.7616657046290394,13.907436919909138,6.952879065415685,19.87260582891167,10.066595300894411,75.81362638385576,0.5042405986727538,46.417217934513666,191.433,29.47026669319036,16.755114883921614,0.4701917224441822,11.177461945594985,5.216220255056307,2.0370463756125723,7.251496972047819,11.549418281853061,42.327780763565734,153.0221363335561,0.35534613583138175,14.373020373593656,14.387001576685094,10.818055880721502,,2.6828807036833426,11.598621031651208
531,2018-06-24,20.072078440478094,16.78760942208204,4.733085836556193,23.333343415537605,10.066595300894411,46.533626383855754,35.66060812004027,24.928120781770158,101.06,31.000266693190355,19.851479019893127,0.4701917224441822,11.177461945594985,5.707823290813771,2.0370463756125723,19.93097479757303,10.899418281853064,29.36188905036983,91.58113633355607,0.35534613583138175,13.6465421247547,21.596598787513646,12.036055880721504,,2.6828807036833426,11.598621031651208
532,2018-06-25,17.15713740274225,9.615323362842501,15.80121086025774,40.834438529414726,40.74007085434455,25.343626383855757,35.19205912381687,64.20313203080852,116.49699999999999,40.23594361330683,11.321836287174149,0.4701917224441822,8.463831630060177,4.608682858078086,6.345788647940315,36.9009571309889,22.75941828185306,45.22927849772072,223.73013633355606,0.35534613583138175,29.34410957256832,25.726598787513645,8.283055880721504,,5.077880703683342,12.729903598739632
533,2018-06-26,20.52199211404024,10.655870439385964,25.9543154441162,16.64494087316472,61.166833885971975,12.493626383855759,26.430054552161128,78.36564233583405,152.79942372881357,44.75676179530148,16.333927313441944,0.4701917224441822,14.354218773923483,3.5147211865316397,9.040528684151564,13.384836729651104,35.559418281853056,55.61107838070957,76.84213633355608,0.35534613583138175,10.370504322104,25.18124148414286,3.5155054752467656,8.828413284132841,9.019029961517296,17.85278402084344
534,2018-06-27,12.935454861255533,11.91144767389243,24.905683775534737,48.51094087316472,48.92363401792998,0.7136263838557586,0.5042405986727538,60.945358198204936,123.71557627118645,38.30929089685002,16.868107107240675,0.4701917224441822,21.96396599518251,3.2436310128015684,4.35573606533977,29.83450471624873,31.439418281853065,57.139118297381046,130.82353633355606,0.35534613583138175,8.399147498791411,41.49882350661477,10.290947476025808,6.171586715867156,24.495300985789275,21.535564546968963
535,2018-06-28,1.3816657046290393,12.38691741940637,14.122433147591225,20.326017983269864,41.1451928030126,0.7136263838557586,0.5042405986727538,57.06384309484635,154.386,28.16731174034951,5.5135895294748005,0.4701917224441822,38.022225164715536,3.577638094267813,1.4287550417128525,23.063913793312388,31.749418281853064,46.56758361298915,120.80673633355609,0.35534613583138175,17.738411261679147,32.98626743641113,19.059947476025805,14.39,14.43156567284448,13.04254298815826
536,2018-06-29,5.314718721082421,14.989700081442617,9.013283462644244,27.227416340454443,28.791676210737535,0.7136263838557586,0.5042405986727538,100.84405919750651,113.953,46.05364900071897,2.3843258829379597,0.4701917224441822,18.09212628436904,9.817318560204443,11.14576918148066,5.993913793312388,23.53066828185306,57.65004749198332,122.9143470478418,0.35534613583138175,32.005321907369144,5.511333759201156,10.946107695701068,,10.085016518936342,5.579161689112017
537,2018-06-30,14.388612688175659,13.081776820758638,1.9985841936208155,35.3473937245609,5.136432826155178,0.7136263838557586,0.5039381001513122,79.22456141002182,187.41500000000002,22.9434172126395,2.3843258829379597,0.4701917224441822,2.7434289404610963,6.308225183599756,0.967703963213711,11.9867073592915,37.58816828185307,19.283690523825427,266.27782378498324,0.35534613583138175,15.720489788875238,20.951967135953225,1.7123428914985872,,,2.1349959117929034
538,2018-07-01,1.3816657046290393,2.6051085969859096,1.9985841936208155,0.9295658731647214,5.136432826155178,0.7136263838557586,0.5042405986727538,4.600680935367475,,2.1134172126395034,2.3843258829379597,0.4701917224441822,2.7434289404610963,1.0767770365240166,0.967703963213711,0.32483672965110266,0.2794182818530615,5.825664281520336,1.1241363335560777,0.35534613583138175,1.5900351257644894,2.0965987875136443,0.17234289149858706,,,2.1349959117929034
539,2018-07-02,1.3816657046290393,2.6051085969859096,1.9985841936208155,0.9295658731647214,5.136432826155178,0.7136263838557586,0.5042405986727538,4.600680935367475,,2.1134172126395034,2.3843258829379597,0.4701917224441822,2.7434289404610963,1.0767770365240166,0.967703963213711,0.32483672965110266,0.2794182818530615,5.825664281520336,1.1241363335560777,0.35534613583138175,1.5900351257644894,2.0965987875136443,0.17234289149858706,,,2.1349959117929034
540,2018-07-03,16.598719312782233,7.954995288937575,10.377817163488922,39.43356587316472,41.843788441569664,261.69689385262024,0.28671045633267267,55.14193223253328,132.33,22.118101944102317,20.507312871501604,6.220934907968055,7.401674302160684,1.0217802640496925,0.967703963213711,18.54304034113075,65.95657291080056,99.52344180611952,146.51775729649466,15.333795935507304,58.39183554540251,2.019726357612134,5.568342891498588,0.21956208744960795,21.784000000000002,7.748138467914996
541,2018-07-04,15.547148247273807,2.3318503762964338,16.456476638603657,5.226565873164721,4.132515509101861,153.4299389317154,0.6543669015685383,22.308802453113643,141.66802197802198,5.3699236793558285,12.14836216935456,0.3387424279602621,2.9905116054188996,0.9491595501945291,0.967703963213711,4.179501412428244,0.8901677597747304,40.923518665306894,204.6857364480091,0.6761252349215523,1.459077653990574,16.22454689529098,19.40434289149859,0.4979045762636779,,1.2060744505530654
542,2018-07-05,1.9885018570031094,2.183504433276493,2.09663176350365,22.785565873164725,13.030285281821845,88.33798898435214,0.7630384965757848,72.7900289417052,149.63798149219204,21.133024198107982,14.404629794686091,0.3387424279602621,2.6356704881249904,0.9737232013705699,1.6161945635829351,21.876490887090778,16.700167759774732,32.71384987475851,254.1356461591132,0.6761252349215523,3.5294980588518916,29.34322893093825,10.888342891498588,0.5408756087533485,0.09241675704989154,8.674501173211045
543,2018-07-06,2.365157473618234,14.973491984729778,6.6083422481433525,18.244292021405204,40.58406439360866,81.8466579165305,0.9306313759957182,73.52319231648917,47.54779638811419,21.79173627918803,7.800369124028304,0.3387424279602621,4.955257653339556,3.852331311828356,4.325637667803203,22.79905733977966,61.37016775977472,37.97845824420999,194.18943916258527,0.6761252349215523,7.357490001034847,18.177851193415776,20.86416193768615,0.96315485284357,2.5381475054229936,14.360465046920481
544,2018-07-07,2.4356324013183195,6.566910820538971,2.1642937456618636,16.63562551454932,5.538890590022152,0.3851550208236928,1.138096107319737,25.103409366773967,9.862058161701711,31.878633310922527,11.705090665680496,0.3387424279602621,2.2374812793661536,4.050989067368627,0.8169591313402189,10.956473366272713,26.040167759774732,29.181406439819085,173.757454717074,0.6761252349215523,1.2939864641138168,15.296522734342501,0.17234289149858706,0.96315485284357,0.2721475054229935,1.7779203336224634
545,2018-07-08,3.1747251043297915,15.226060242901273,1.4988256254728165,11.636625514549323,24.018148517625626,0.3851550208236928,1.138096107319737,114.57159481677598,74.93205816170172,6.297856955826228,15.644650165463716,0.3387424279602621,9.828152742787271,0.7141194831535879,0.9751579443344696,24.396473366272716,45.01016775977473,32.2106777128895,96.08445471707402,0.6761252349215523,10.807329323849377,28.927760552649858,0.17234289149858706,0.96315485284357,0.2721475054229935,14.369128861052994
546,2018-07-09,3.0846065221991537,2.17014849743938,1.0843614488777444,0.48010801231450057,4.682383984818164,0.3851550208236928,1.138096107319737,5.792026251038299,1.2420581617017117,1.4346641692899391,1.3418116683209969,0.3387424279602621,2.159489590698003,0.7600910117103867,0.8605644465604732,0.6744736454983064,0.2301677597747303,6.061830379326665,3.319454717074018,0.6761252349215523,1.1455383110620723,2.2774764511068932,0.17234289149858706,0.96315485284357,0.2721475054229935,2.7472172370123364
547,2018-07-10,2.812033196113965,1.9738336132685117,1.0843614488777444,0.14325332556644604,4.080269979837075,0.3851550208236928,1.138096107319737,5.251029537147682,1.2420581617017117,1.2202906766077273,1.2398237066375024,0.3387424279602621,1.854174537510195,0.7600910117103867,0.5622528905516958,0.6224748554759892,0.2301677597747303,5.959759413546571,3.319454717074018,0.6761252349215523,1.0083012808489002,1.4413853487823836,0.17234289149858706,0.96315485284357,0.2721475054229935,2.7335215475444454
548,2018-07-11,2.812033196113965,1.9738336132685117,1.0843614488777444,0.14325332556644604,4.080269979837075,0.3851550208236928,1.138096107319737,5.251029537147682,1.2420581617017117,1.2202906766077273,1.2398237066375024,0.3387424279602621,1.854174537510195,0.7600910117103867,0.5622528905516958,0.6224748554759892,0.2301677597747303,5.959759413546571,3.319454717074018,0.6761252349215523,1.0083012808489002,1.4413853487823836,0.17234289149858706,0.96315485284357,0.2721475054229935,2.7335215475444454
549,2018-07-12,2.812033196113965,1.9738336132685117,1.0843614488777444,0.14325332556644604,4.080269979837075,0.3851550208236928,1.138096107319737,5.251029537147682,1.2420581617017117,1.2202906766077273,1.2398237066375024,0.3387424279602621,1.854174537510195,0.7600910117103867,0.5622528905516958,0.6224748554759892,0.2301677597747303,5.959759413546571,3.319454717074018,0.6761252349215523,1.0083012808489002,1.4413853487823836,0.17234289149858706,0.96315485284357,0.2721475054229935,2.7335215475444454
550,2018-07-13,24.81265413005506,11.482408082068169,40.60026167986536,23.159253325566443,23.144052665586443,115.04015502082369,1.138096107319737,49.97441889288998,92.66605816170171,56.51204053825553,5.417518076610693,0.3387424279602621,3.3096494409850985,9.792511643267726,5.879865621654398,10.61247485547599,32.64016775977473,32.15183429845071,135.06445471707403,0.6761252349215523,14.948934847781592,38.83418390122114,0.17234289149858706,4.181030119746999,0.2721475054229935,42.75050233038435
551,2018-07-14,15.122033196113964,4.039772101339796,9.741351100806252,14.426686441034853,11.819603314426306,65.2351550208237,1.138096107319737,50.65208826806932,53.49605816170171,34.82294862867745,29.257598505565117,0.3387424279602621,5.623749827085485,3.6494444018660817,1.5000604968156777,0.6224748554759892,6.04016775977473,27.845595758367985,156.23728230328092,0.6761252349215523,6.9670274743972875,10.546385348782383,0.17234289149858706,4.832874448065945,0.2721475054229935,3.772183781800465
552,2018-07-15,8.807414167294382,4.039772101339796,1.0843614488777444,22.194763129488013,11.819603314426306,12.575155020823694,1.138096107319737,22.52596467977909,58.842058161701715,53.565303467387125,19.249535260628267,0.3387424279602621,5.623749827085485,2.0007554635376295,1.5000604968156777,1.9328642450355877,1.9101677597747302,26.79601581331137,157.20362713086712,0.6761252349215523,9.897933246268469,27.229385348782383,0.17234289149858706,4.832874448065945,0.2721475054229935,8.602183781800465
553,2018-07-16,15.489490756319253,5.642131175137419,22.41189118355295,12.97231040617647,44.71160665868083,9.835155020823692,1.138096107319737,56.0976624394993,84.40505816170172,54.86108761712825,6.015207568861424,0.3387424279602621,13.446398544680637,4.1944754137822695,1.9182461811075446,23.51383686873904,34.86016775977473,35.71852556444181,169.35974375361886,0.6761252349215523,13.744107629342814,8.127385348782383,0.17234289149858706,4.832874448065945,0.2721475054229935,17.67407881898179
554,2018-07-17,23.370170274484366,23.644477973942614,18.826831714202548,16.76853751917962,36.28163188674962,10.555155020823692,1.138096107319737,71.61080642660428,60.132058161701714,31.530290676607727,8.635829941543319,0.3387424279602621,19.852896732918204,5.253306333134174,0.9235913213126579,25.06383686873904,38.24016775977473,39.51685478541405,178.51616568052918,0.6761252349215523,16.28713662710248,25.377766150945522,0.17234289149858706,4.832874448065945,0.2721475054229935,11.873900468091914
555,2018-07-18,11.591057586357863,11.586027190107366,20.97798108077959,23.71773253825976,43.363959072117225,62.8481550208237,1.138096107319737,51.76631722535129,58.00705816170171,20.2072137535308,8.887116280426232,0.3387424279602621,29.145274016993806,8.32384645192035,7.700563703440986,3.4138368687390397,36.79016775977473,38.32973026129352,142.20745471707403,0.6761252349215523,20.786448289091215,27.08655524513209,0.17234289149858706,4.832874448065945,0.2721475054229935,10.154135454092467
556,2018-07-19,10.016338134493877,7.380064152675879,28.620741816975904,16.59273253825976,76.41664055874577,40.22515502082369,3.0947807434383354,75.19881614309904,122.55405816170172,13.22440208244327,27.644539916557072,0.3387424279602621,23.015069091168183,5.581769638245442,3.573916915908274,22.848351705044966,23.060167759774732,28.46975941354657,177.583454717074,0.6761252349215523,13.971717600993841,9.71555524513209,0.17234289149858706,4.832874448065945,0.2721475054229935,10.47251673679949
557,2018-07-20,27.55542056542636,10.576030712001003,10.133472217317735,16.384732538259758,31.421224540528744,43.72515502082369,2.3514114712011396,47.3148180205857,101.5810581617017,41.13925619384911,11.713756582109232,0.3387424279602621,23.18214459694398,7.261855127120481,4.375684989317128,9.47943871964886,20.776349343805638,49.78500531518592,96.98245471707402,0.6761252349215523,10.165093638945969,23.19666475391984,0.17234289149858706,2.9539729746771544,0.2721475054229935,18.315344037242262
558,2018-07-21,26.746683023898118,5.699443885653698,17.113929683264793,19.038732538259758,11.969196463670329,15.025155020823691,1.138096107319737,46.42710824872709,83.89205816170171,28.340290676607726,14.810755487003558,0.3387424279602621,14.976212036035106,5.007312315802271,1.6040306683294738,1.1794387196488603,37.29398617574382,26.507311504378986,182.74837779399712,0.6761252349215523,10.360456946324442,26.2607006835556,0.17234289149858706,2.113660255422866,0.2721475054229935,10.888361621598044
559,2018-07-22,6.219691060637489,5.904202609768522,3.563929683264792,15.378732538259758,11.969196463670329,79.7851550208237,1.138096107319737,60.9284793908883,26.52205816170171,32.66029067660772,9.922428830609107,0.3387424279602621,13.594703904851002,9.862858630806318,1.6040306683294738,22.003904037567935,0.2301677597747303,21.32572087644545,173.48253164015097,0.6761252349215523,12.238499618173282,4.0659210778389525,0.17234289149858706,2.113660255422866,0.2721475054229935,15.623521547544447
560,2018-07-23,2.812033196113965,14.650859760501895,7.531067962948351,19.51573253825976,25.049949779625006,28.505155020823693,3.412209314866907,19.680947404648595,101.85505816170172,34.55416164434966,10.552928060193082,0.3387424279602621,6.1326226340114065,5.886372149689266,2.871726774692245,6.517670941899933,20.00016775977473,66.67530504292168,116.27845471707401,0.6761252349215523,14.266790055972232,24.076778940534545,0.17234289149858706,2.113660255422866,0.2721475054229935,16.912318005325144
561,2018-07-24,2.812033196113965,11.32767170625099,30.90294915102192,19.386253048217917,33.09053475852878,19.78515502082369,28.023982899772577,49.75935425091331,52.51205816170172,9.25641970886579,7.010625089902001,0.3387424279602621,3.1768069612662146,4.410181455606101,1.9457913520901582,7.967543073384163,18.050167759774727,66.06346046377014,148.993454717074,0.6761252349215523,6.565506708475067,61.183389436919036,0.17234289149858706,2.113660255422866,0.2721475054229935,18.074371420139187
562,2018-07-25,13.466647033338605,5.310428603491714,15.030727970909005,15.637888844594498,47.93187756468748,38.16515502082369,1.138096107319737,86.66331270692228,114.32605816170171,29.68029067660773,5.199676827812533,0.3387424279602621,3.1768069612662146,8.282409152221033,0.5622528905516958,33.16723520625722,26.329474988690393,28.484601639232984,106.70820471707401,0.6761252349215523,17.405292670209477,35.417640854355575,0.17234289149858706,2.113660255422866,0.2721475054229935,11.040683273526987
563,2018-07-26,28.509706656079665,22.428395895576617,35.35630148723455,3.9428888445944974,59.11648142351499,52.245155020823695,1.138096107319737,82.09414351668686,88.65005816170172,41.4406389809157,10.99980291833976,0.3387424279602621,21.060208112491,8.296123569477336,6.832444461432922,28.354512095344553,38.210860530859065,36.64391834461732,164.864704717074,0.6761252349215523,3.6175666134040463,31.966881099490593,0.17234289149858706,2.113660255422866,0.2721475054229935,26.723292115273956
564,2018-07-27,9.971695809478176,6.289230774432046,15.596317707976059,14.8948888445945,26.492100379673104,6.3751550208236925,1.138096107319737,80.02634377095308,84.78205816170171,29.11994237229975,7.9046903951603555,0.3387424279602621,12.992782548672231,3.0960253920491976,4.512061319670471,8.319703771138656,14.410167759774728,49.33564475435276,174.052454717074,0.6761252349215523,9.95034486033881,32.58238534878238,0.17234289149858706,2.113660255422866,0.2721475054229935,19.508640132547615
565,2018-07-28,11.640083285559403,5.281417246336239,19.70006785825059,5.362187576057793,16.895428370339154,0.3851550208236928,1.138096107319737,108.33589930810595,89.44505816170171,26.590290676607722,8.66516956487832,0.3387424279602621,7.529251030210606,6.426250015065397,0.5622528905516958,6.402474855475989,52.13016775977473,41.25454053877435,202.48645471707403,0.6761252349215523,9.270097083367821,33.30338534878238,0.17234289149858706,2.113660255422866,0.2721475054229935,4.421938021154405
566,2018-07-29,2.812033196113965,4.119356448862889,20.92606785825059,25.128253325566448,16.895428370339154,0.3851550208236928,1.138096107319737,26.904898945788688,101.22005816170171,30.890290676607727,7.631343342380246,0.3387424279602621,7.529251030210606,10.097533891463023,0.5622528905516958,25.04247485547599,21.89016775977473,46.221012119522726,170.15123732576967,0.6761252349215523,5.978258561068036,30.229384033569758,0.17234289149858706,8.969782139079374,0.2721475054229935,8.411938021154405
567,2018-07-30,19.403707498654118,2.448476397717928,20.50406785825058,16.427253325566447,24.396429092112648,0.3851550208236928,1.138096107319737,57.929770153735475,108.11205816170173,30.388255893999034,6.217685939026626,0.3387424279602621,23.407484378308258,13.618910578938667,0.562208088450443,8.17247485547599,32.93536489239122,13.253410601619255,177.90867210837837,0.6761252349215523,21.64575071414015,57.291774213315485,0.17234289149858706,6.877538371766358,0.2721475054229935,18.833452636426543
568,2018-07-31,28.879766251203232,1.9738336132685117,30.99343794784392,17.37025332556645,30.388346785851436,0.3851550208236928,1.138096107319737,100.11960284265494,78.32905816170171,33.11232545921642,2.83968408983138,0.3387424279602621,20.782893918379546,0.7600910117103867,0.5622528905516958,0.6224748554759892,33.23497062715824,17.73079392310273,77.22845471707402,0.6761252349215523,16.890757343317837,32.635997799461904,0.17234289149858706,1.321089866979444,0.2721475054229935,12.924660369387288
569,2018-08-01,2.812033196113965,1.9738336132685117,1.0843614488777444,0.14325332556644604,4.080269979837075,0.3851550208236928,1.138096107319737,4.014767533641642,1.2420581617017117,1.2202906766077273,1.2398237066375024,0.3387424279602621,1.854174537510195,0.7600910117103867,0.5622528905516958,0.6224748554759892,0.2301677597747303,6.273410601619254,3.319454717074018,0.6761252349215523,1.0083012808489002,1.4413853487823836,0.17234289149858706,0.96315485284357,0.2721475054229935,2.7335215475444454
570,2018-08-02,2.812033196113965,1.9738336132685117,1.0843614488777444,0.14325332556644604,4.080269979837075,0.3851550208236928,1.138096107319737,4.014767533641642,1.2420581617017117,1.2202906766077273,1.2398237066375024,0.3387424279602621,1.854174537510195,0.7600910117103867,0.5622528905516958,0.6224748554759892,0.2301677597747303,6.273410601619254,3.319454717074018,0.6761252349215523,1.0083012808489002,1.4413853487823836,0.17234289149858706,0.96315485284357,0.2721475054229935,2.7335215475444454
571,2018-08-03,2.5916141281983816,7.239126798575517,33.097068305471,12.560253325566446,42.31014717597242,259.24908190652485,8.778358984973698,75.25877371914162,130.17605491721622,14.388920452799734,3.072352022934806,18.974162271763614,36.90795669422637,0.7600910117103867,0.7868841056780879,2.5967837001118785,27.19016775977473,108.28822057826883,185.9525233944918,0.3739613774464069,34.8383012808489,27.580983830625012,46.159368308881284,0.9634723104341858,13.143147505422995,16.074307427490385
572,2018-08-04,11.797414705739882,1.6388552770834577,1.2049422965880556,0.14325332556644604,4.455865109807409,116.039,1.2825298054513488,32.80009961762707,170.752679817352,1.1046483918619217,10.455898608390742,0.47141621783004184,1.2740015860310683,4.0846569646210575,1.0798032102029032,3.9758655982101123,20.470167759774732,39.659455972617124,147.77124310318916,0.7800448593171163,0.9561420041858992,6.260495256917177,9.895233036967714,0.9986832978158421,0.2721475054229935,7.729843690062648
573,2018-08-05,2.5861910540961226,1.385998651563506,5.592512319564994,11.117253325566447,23.54817349183956,111.23500000000001,1.2825298054513488,64.69904560944966,64.93014656113486,12.371267811924293,1.5150586253159328,0.47141621783004184,4.5434689358451115,0.7965119978053716,1.0365084031355094,25.095865598210114,45.35016775977473,14.28437388193551,129.81492411880984,0.7800448593171163,46.615216452077455,23.379090375674515,5.699233036967712,1.3824765344968772,0.15694896274569362,46.45010351804481
574,2018-08-06,2.141473061448353,1.4246627550318194,29.740335076950824,17.55625332556645,23.770894357070766,116.274,1.2825298054513488,37.91556026931056,147.63495491041232,20.48140714448721,5.263819043581695,0.47141621783004184,8.802940072283631,0.8516875815122679,10.356364511942301,15.70918911802556,30.280167759774727,41.92511612248783,142.94450234451543,0.7800448593171163,29.545329414467506,24.448695631995026,8.420233036967712,1.3895913784019105,18.458799189554252,33.13814664134469
575,2018-08-07,2.116084199194517,1.4233327851509536,2.4538159182077504,24.157557531807964,3.7547170200607622,9.0,1.2825298054513488,34.6787104474859,14.216069891625171,35.575933073937485,1.7455245273321245,0.47141621783004184,1.8287810603717474,0.8168647843733753,1.0349139071770013,0.16371020940418077,10.43016775977473,3.4681847910120402,209.76016216677203,0.7800448593171163,0.8673965635004052,10.692753965250247,0.006233036967711745,1.440397181463368,0.10979918955425484,9.51773201577142
576,2018-08-08,2.285036304170373,1.3227804550415125,2.4538159182077504,37.300616369620684,44.644232014022776,,1.2825298054513488,32.806237877018,161.30206989162517,9.17115742901804,1.8554598042956074,0.47141621783004184,8.199108346638425,6.071355471102029,1.7596145003246473,6.388636507819442,28.52016775977473,14.908754688309825,187.75016216677201,0.7800448593171163,7.945631627261625,58.29692572659016,0.006233036967711745,1.9656571768940285,0.10979918955425484,6.179031940255864
577,2018-08-09,1.8477077843147272,1.5025580216301444,2.4538159182077504,1.0244905256951973,3.5888464097722874,,1.2825298054513488,2.2658408615472445,0.6060698916251717,0.6195055976054504,2.095769928789146,0.47141621783004184,1.8486738130399392,0.741331792566322,1.1911707312920732,0.4601257523849666,0.2301677597747303,4.459212204649693,0.8671621667720237,0.7800448593171163,0.6825175467135998,1.7314350513927688,0.006233036967711745,1.9656571768940285,0.10979918955425484,1.453554855711269
578,2018-08-10,1.8477077843147272,1.5025580216301444,2.4538159182077504,1.0244905256951973,3.5888464097722874,,1.2825298054513488,2.256007505385964,0.6060698916251717,0.6195055976054504,1.9824396314165453,0.47141621783004184,1.8486738130399392,0.741331792566322,1.1911707312920732,0.4601257523849666,0.2301677597747303,4.459212204649693,0.8671621667720237,0.7800448593171163,0.6825175467135998,1.7314350513927688,0.006233036967711745,1.9656571768940285,0.10979918955425484,1.453554855711269
579,2018-08-11,1.8477077843147272,1.5025580216301444,2.4538159182077504,1.0244905256951973,3.5888464097722874,,1.2825298054513488,2.256007505385964,0.6060698916251717,0.6195055976054504,1.9824396314165453,0.47141621783004184,1.8486738130399392,0.741331792566322,1.1911707312920732,0.4601257523849666,0.2301677597747303,4.459212204649693,0.8671621667720237,0.7800448593171163,0.6825175467135998,1.7314350513927688,0.006233036967711745,1.9656571768940285,0.10979918955425484,1.453554855711269
580,2018-08-12,1.8477077843147272,1.5025580216301444,2.4538159182077504,1.0244905256951973,3.5888464097722874,,1.2825298054513488,2.256007505385964,0.6060698916251717,0.6195055976054504,1.9824396314165453,0.47141621783004184,1.8486738130399392,0.741331792566322,1.1911707312920732,0.4601257523849666,0.2301677597747303,4.459212204649693,0.8671621667720237,0.7800448593171163,0.6825175467135998,1.7314350513927688,0.006233036967711745,1.9656571768940285,0.10979918955425484,1.453554855711269
581,2018-08-13,1.8477077843147272,23.37346453756166,2.4538159182077504,22.817572123957483,50.990924826390554,101.19040190001942,1.2825298054513488,63.779764350312206,80.34906989162516,16.040966784820064,35.26425255223734,0.47141621783004184,51.98798239853877,7.278526262602889,4.076383572302085,30.4454879806653,43.99016775977473,85.41650919929522,116.12678716677202,0.7800448593171163,23.638989534425413,55.62539685915852,0.006233036967711745,1.9656571768940285,0.10979918955425484,28.5520427779929
582,2018-08-14,12.350014152645192,13.330413927215183,23.675601945844576,7.005660409865081,747.0973009329507,86.31,1.2925298054513488,99.29010548262568,80.85606989162517,28.323442409657588,17.39791749644626,0.47141621783004184,22.065070917194586,4.948117249224354,4.064743796271991,20.887719524501033,42.62016775977473,68.09465819630537,162.524537166772,0.7800448593171163,17.190530067059942,74.84322452507698,0.006233036967711745,1.9656571768940285,0.10979918955425484,11.29935736436262
583,2018-08-15,8.485401415984262,7.0057704385722435,25.468880183119207,24.92806485001952,798.5109528590722,72.62,1.2825298054513488,104.69359166393957,50.109819891625165,31.44010920734916,7.876636107399266,0.47141621783004184,7.620288890564077,12.112804364687209,1.105551467880552,11.228690550899834,37.100167759774735,60.062435878941066,142.58484272232758,0.7800448593171163,11.471840041540526,29.102297429560412,0.006233036967711745,1.9656571768940285,0.10979918955425484,25.732990565567565
584,2018-08-16,20.850816498409994,9.856002777586005,18.38759383170331,11.542490525695197,43.85636339165072,87.55,16.670762888158116,61.23630077270554,56.43231989162517,8.169208275559123,14.416114022338192,0.47141621783004184,21.901108189571534,1.7148572001651408,1.0723179015989077,45.72183429509853,33.170167759774735,24.21390177768013,147.59048161121646,0.7800448593171163,13.281287512236478,21.736550076228585,0.006233036967711745,3.7541087897972543,0.10979918955425484,59.857818305204226
585,2018-08-17,1.8477077843147272,12.090640058794893,5.903298676828441,42.6774905256952,24.689024979538225,125.23518080667594,12.026107307702798,114.38128827271724,123.27506989162517,24.963801310641326,36.344398006774725,0.47141621783004184,30.07962087876758,1.1526077569580133,2.0843889522413868,19.952979029760858,37.37016775977473,46.10966760741218,147.13569596226597,0.7800448593171163,9.570830611141727,42.81690029662772,0.006233036967711745,17.35280867683127,0.10979918955425484,40.401851259552785
586,2018-08-18,36.599707784314724,18.364274729023546,2.4538159182077504,101.8064905256952,13.289584969568402,138.67181919332404,1.8607192204931318,65.7367851249374,72.13356989162517,58.189505597605454,13.652610389154002,0.47141621783004184,5.25084836490594,3.5554348383852776,2.0843889522413868,9.316486340948947,23.570167759774733,44.194579122688154,150.28062837127808,0.7800448593171163,8.106725002370407,30.883070455847633,0.006233036967711745,7.875607149100809,0.10979918955425484,6.113327960489762
587,2018-08-19,21.333433416083682,11.521525358539014,2.4538159182077504,13.213490525695198,13.289584969568402,170.922,1.2825298054513488,48.623982861756026,85.69956989162517,31.239505597605454,4.014862791589706,0.47141621783004184,5.25084836490594,10.544645439911518,2.0843889522413868,29.361140131537123,41.58016775977473,47.057598217335276,244.98783535112955,0.7800448593171163,7.938272088748693,27.73856752501528,0.006233036967711745,7.875607149100809,0.10979918955425484,30.88416036063907
588,2018-08-20,13.969982152545771,12.353705791739428,14.96633136392708,11.002490525695196,20.621588475173468,86.309,1.2825298054513488,95.18023844227021,76.58606989162517,67.65950559760545,22.2482326874596,0.47141621783004184,48.017763991243584,8.331898561325927,2.9960158951097453,20.038752256199462,61.08016775977473,36.02242596050681,92.51548898241448,0.7800448593171163,9.149621607537444,47.454272160346385,0.006233036967711745,7.875607149100809,0.10979918955425484,36.519632351132216
589,2018-08-21,5.7197285097033275,7.8766488034911815,23.525787742644006,8.362490525695197,43.60755498314117,79.742,1.2825298054513488,58.51044708498354,58.43806989162517,44.74950559760545,5.5626808620088415,0.47141621783004184,50.70677404160548,5.62179965775008,3.948114018379534,18.958959445689505,21.10016775977473,31.0603037458835,160.05189864920817,0.7800448593171163,9.939498217326904,68.61161603029446,0.006233036967711745,16.275943792403677,0.10979918955425484,48.131550565770226
590,2018-08-22,17.01680016485072,13.608396730875171,19.442695901653824,1.0244905256951973,57.911410653241916,122.03,13.982529805451348,88.90630804633237,186.51206989162517,39.99681495904376,21.433982184608034,0.47141621783004184,28.887860797012028,6.645708198378112,12.657298470067829,7.591537007796223,36.24016775977473,40.841526487483506,205.74532843275023,0.7800448593171163,17.70599202827681,32.86738330294841,0.006233036967711745,14.659917531923611,0.10979918955425484,21.513256341414237
591,2018-08-23,27.446594678390127,10.314482656387183,5.369708897855589,5.714490525695197,54.79698938537474,66.11,7.052529805451348,81.03731401599504,52.84006989162517,29.87219623616713,7.054196819914948,0.47141621783004184,21.092163582803497,7.576331592015909,9.831998956968356,15.343881670225993,55.65827439742435,45.58459455190121,108.06105941835764,0.7800448593171163,16.74352960398528,27.327295040292693,0.006233036967711745,1.9656571768940285,0.10979918955425484,45.295545672493446
592,2018-08-24,4.349872286479229,13.545079933658812,5.369708897855589,63.13349052569521,29.55986459303833,95.47,7.862529805451349,99.69463781207168,96.51706989162517,44.05789253835514,17.127049789856923,0.47141621783004184,23.648444698155142,5.111916039139701,4.748149543123214,16.965789187373367,44.85206112212511,23.4248956070424,164.41104165395151,0.7800448593171163,12.12723745365573,70.8526087230819,0.006233036967711745,1.9656571768940285,0.10979918955425484,60.188145137826766
593,2018-08-25,11.891634083016026,8.597682149470316,5.369708897855589,20.038490525695195,15.501804490773928,68.234,26.26012031731152,59.7346693922927,95.84506989162517,26.461065452502666,13.087037376880238,0.47141621783004184,18.45485875530743,1.7449973917384511,3.3375041908210163,1.6334100748779967,27.82016775977473,53.36140739841991,230.62764715246132,0.7800448593171163,7.142425290705663,34.39035253814523,0.006233036967711745,1.9656571768940285,0.10979918955425484,23.734482240979656
594,2018-08-26,13.24284198344892,7.60368032918962,5.369708897855589,9.511490525695198,15.501804490773928,111.42999999999999,6.568901258725884,93.85059247038816,100.10306989162518,34.42106545250267,16.5595813608015,0.47141621783004184,23.828878542775367,4.696738242381379,3.3375041908210163,34.4675603342218,21.100167759774727,35.13283951746522,176.23721429735878,0.7800448593171163,10.904702234220737,14.733517564640309,0.006233036967711745,1.9656571768940285,0.10979918955425484,20.64042544905505
595,2018-08-27,24.36385271185096,11.212900358458382,20.145790530508652,7.730490525695197,51.116861337356596,90.49000000000001,3.8156518339774985,115.01167720410088,58.05306989162517,57.12844165539466,6.4845994762958,0.47141621783004184,25.057735502657994,11.541107474345779,3.285837535263786,27.69756033422181,59.240167759774735,63.896188639461045,122.26994556331647,0.7800448593171163,24.6848692161005,34.29721611648153,0.006233036967711745,1.9656571768940285,0.10979918955425484,52.27832797497589
596,2018-08-28,17.110337856778468,15.715294467323108,12.294902133713824,24.365439783713388,52.89574064084501,102.08,3.915445811790495,82.16094875298263,86.74406989162517,49.75746633095471,45.945255898434546,0.47141621783004184,28.838319902013215,10.25149358064705,1.4427497816030714,10.704216342749646,42.06952844679763,62.697489644708384,128.40614592861235,0.7800448593171163,19.675587142510544,21.526653986304012,0.006233036967711745,1.9656571768940285,0.10979918955425484,64.55175282198068
597,2018-08-29,6.377522599129542,12.085682504963426,6.30381591820775,28.264541267677007,49.225064671482755,85.027,1.2825298054513488,60.82579731259664,77.89306989162517,31.028820880370926,26.816749086341993,0.47141621783004184,38.581234416458145,2.946066803294987,0.943168943279719,16.3101058428938,47.41080707275182,38.97194298670832,155.3358259820242,0.7800448593171163,14.252043391454766,34.50403328148126,0.006233036967711745,1.9656571768940285,0.10979918955425484,44.666147312943586
598,2018-08-30,20.306720678203288,9.660286392101948,2.4538159182077504,34.6074905256952,63.64343383121462,104.37700000000001,1.2825298054513488,72.10378277469275,64.93706989162517,19.74090550127057,23.418629332358663,0.47141621783004184,26.39696134712591,6.245413423481327,1.827015052357459,33.292710022047885,27.593821047742303,46.29433140463282,125.1275145896795,0.7800448593171163,12.305088788093988,47.71174582949354,0.006233036967711745,5.767065440859153,0.10979918955425484,24.057562486930607
599,2018-08-31,21.068880075611354,7.532516863962514,2.4538159182077504,13.182320553435478,34.57398391106896,87.2,1.2825298054513488,68.02141260123264,87.95306989162518,3.538745085530826,12.497773965311568,0.47141621783004184,20.021447285165436,4.186555277465344,3.276388702465451,2.1939309888614136,24.97619186820422,42.28144313926734,288.302161512407,0.7800448593171163,10.983778845199408,43.42252604320351,0.006233036967711745,19.56399633773319,0.10979918955425484,23.00773918952622
600,2018-09-01,1.8477077843147272,1.5025580216301444,2.4538159182077504,1.0244905256951973,3.5888464097722874,,1.2825298054513488,2.256007505385964,0.6060698916251717,0.6195055976054504,1.9824396314165453,0.47141621783004184,1.8486738130399392,0.741331792566322,0.6667018774114548,0.4601257523849666,0.2301677597747303,4.14556101657701,0.8671621667720237,0.7800448593171163,0.6825175467135998,1.7314350513927688,0.006233036967711745,1.9656571768940285,0.10979918955425484,1.453554855711269
601,2018-09-02,1.8477077843147272,1.5025580216301444,2.4538159182077504,1.0244905256951973,3.5888464097722874,,1.2825298054513488,2.256007505385964,0.6060698916251717,0.6195055976054504,1.9824396314165453,0.47141621783004184,1.8486738130399392,0.741331792566322,0.6667018774114548,0.4601257523849666,0.2301677597747303,4.14556101657701,0.8671621667720237,0.7800448593171163,0.6825175467135998,1.7314350513927688,0.006233036967711745,1.9656571768940285,0.10979918955425484,1.453554855711269
602,2018-09-03,1.911719502880148,8.55992625844593,25.751611431027893,7.7414905256951965,13.372026879915316,283.442,12.860460839934072,59.62963610684592,192.94650193146472,0.5322301367907925,17.506710048329985,5.165395656075921,10.852002196935883,0.729336462828716,0.6667018774114548,26.400125752384966,55.015475925000565,95.55247467109558,158.90475761256306,19.401980572500385,33.27520011342482,31.39484227735725,10.066423111746772,1.7943943042650983,19.01179918955425,17.383704636339047
603,2018-09-04,2.496840704978149,5.907894597887308,10.514421445939458,19.809490525695196,11.027679423970401,147.17000000000002,0.4837292057511988,54.78786433253343,166.65916183049063,4.981977130392604,1.9362650836862256,0.6442964534495084,1.6164452302435333,0.8091362782113356,0.6667018774114548,0.4601257523849666,41.69413648878854,77.75934039259722,170.3826161078643,0.09467906777193816,17.154133991613605,17.9637583355795,28.005600134180494,1.4602913232354917,0.10979918955425484,42.34186569659014
604,2018-09-05,2.496840704978149,12.061055856380316,6.09575873191567,14.630490525695198,21.36786137809465,144.13,0.3887148754633082,61.35151940586267,93.59516183049064,18.042958830135873,2.2328343037509755,0.6442964534495084,4.372421871273682,0.6975255246397936,1.060221354611483,34.49012575238497,43.17413648878854,56.85058065029426,101.23197692310693,0.09467906777193816,3.330609499319213,17.877306538415144,34.28860013418049,1.103838057173326,14.232233430887002,9.643004169617322
605,2018-09-06,2.496840704978149,1.9509470689707227,1.7807666416681984,47.7254905256952,3.3526229543509505,9.124,20.358578042429528,67.29068066405235,157.47316183049062,26.96650504390526,2.802280895611419,0.6442964534495084,0.7549444587176941,0.6471206681880575,0.9458735235496811,0.4401627291372234,22.61413648878854,59.372262396977305,196.39813454392484,0.09467906777193816,1.1575073512524081,4.730240873079558,3.881600134180492,1.3042290709089748,,1.8980796498601655
606,2018-09-07,1.8385678937983871,2.775631781527172,5.587948447204434,18.8737007966115,15.423864977279877,2.418,0.12869443472173608,40.3955377141208,31.865161830490635,38.17759145035294,2.4285401684340227,0.6442964534495084,1.9812207543916325,0.6764841626562207,1.1136283438485663,0.7653788921482557,37.657672685330624,20.81999991180192,120.14613454392484,0.09467906777193816,11.645077563789677,3.5974500174770894,0.4026001341804922,0.9053835145916591,,4.158241514178455
607,2018-09-08,1.5757460822808182,1.747798092209904,2.7956186523712216,15.209755782445146,12.827446701370086,81.006,0.12869443472173608,53.54534875116475,66.02816183049063,47.05474715167068,8.271145966020285,0.6442964534495084,13.687068742432103,0.7126763767681429,1.324813443672249,2.0168252807040044,26.82987954218781,9.967867663636506,118.91706676516314,0.09467906777193816,8.07851271437502,35.840212563949954,0.4026001341804922,0.7281632724168567,,3.970499993604958
608,2018-09-09,1.5757460822808182,1.9636149243575356,3.1883887083413702,0.2977557824451449,4.611829215025333,,0.12869443472173608,2.7872465592332185,0.34516183049063465,0.7895257565533035,2.4438251080030744,0.6442964534495084,2.3669492404115378,0.7126763767681429,1.316631625490429,0.656825280704004,0.45987954218781,4.210524314769641,1.0533744022404234,0.09467906777193816,1.4961366754220506,0.966744227378574,0.4026001341804922,0.7281632724168567,,2.780819664328064
609,2018-09-10,1.5757460822808182,1.9636149243575356,3.1883887083413702,0.2977557824451449,4.611829215025333,,0.12869443472173608,2.7872465592332185,0.34516183049063465,0.7895257565533035,2.4438251080030744,0.6442964534495084,2.3669492404115378,0.7126763767681429,1.316631625490429,0.656825280704004,0.45987954218781,4.210524314769641,1.0533744022404234,0.09467906777193816,1.4961366754220506,0.966744227378574,0.4026001341804922,0.7281632724168567,,2.780819664328064
610,2018-09-11,1.5757460822808182,1.9636149243575356,3.1883887083413702,0.2977557824451449,4.611829215025333,,0.12869443472173608,2.7872465592332185,0.34516183049063465,0.7895257565533035,2.4438251080030744,0.6442964534495084,2.3669492404115378,0.7126763767681429,1.316631625490429,0.656825280704004,0.45987954218781,4.210524314769641,1.0533744022404234,0.09467906777193816,1.4961366754220506,0.966744227378574,0.4026001341804922,0.7281632724168567,,2.780819664328064
611,2018-09-12,1.5757460822808182,1.9636149243575356,3.1883887083413702,0.2977557824451449,4.611829215025333,,0.12869443472173608,2.7872465592332185,0.34516183049063465,0.7895257565533035,2.4438251080030744,0.6442964534495084,2.3669492404115378,0.7126763767681429,1.316631625490429,0.656825280704004,0.45987954218781,4.210524314769641,1.0533744022404234,0.09467906777193816,1.4961366754220506,0.966744227378574,0.4026001341804922,0.7281632724168567,,2.780819664328064
612,2018-09-13,1.5757460822808182,1.9636149243575356,3.1883887083413702,0.2977557824451449,4.611829215025333,,0.12869443472173608,2.7872465592332185,0.34516183049063465,0.7895257565533035,2.4438251080030744,0.6442964534495084,2.3669492404115378,0.7126763767681429,1.316631625490429,0.656825280704004,0.45987954218781,4.210524314769641,1.0533744022404234,0.09467906777193816,1.4961366754220506,0.966744227378574,0.4026001341804922,0.7281632724168567,,2.780819664328064
613,2018-09-14,1.5757460822808182,1.9636149243575356,3.1883887083413702,0.2977557824451449,4.611829215025333,,0.12869443472173608,2.7872465592332185,0.34516183049063465,0.7895257565533035,2.4438251080030744,0.6442964534495084,2.3669492404115378,0.7126763767681429,1.316631625490429,0.656825280704004,0.45987954218781,4.210524314769641,1.0533744022404234,0.09467906777193816,1.4961366754220506,0.966744227378574,0.4026001341804922,0.7281632724168567,,2.780819664328064
614,2018-09-15,1.5757460822808182,1.9636149243575356,3.1883887083413702,0.2977557824451449,4.611829215025333,,0.12869443472173608,2.7872465592332185,0.34516183049063465,0.7895257565533035,2.4438251080030744,0.6442964534495084,2.3669492404115378,0.7126763767681429,1.316631625490429,0.656825280704004,0.45987954218781,4.210524314769641,1.0533744022404234,0.09467906777193816,1.4961366754220506,0.966744227378574,0.4026001341804922,0.7281632724168567,,2.780819664328064
615,2018-09-16,1.5757460822808182,1.9636149243575356,3.1883887083413702,0.2977557824451449,4.611829215025333,,0.12869443472173608,2.7872465592332185,0.34516183049063465,0.7895257565533035,2.4438251080030744,0.6442964534495084,2.3669492404115378,0.7126763767681429,1.316631625490429,0.656825280704004,0.45987954218781,4.210524314769641,1.0533744022404234,0.09467906777193816,1.4961366754220506,0.966744227378574,0.4026001341804922,0.7281632724168567,,2.780819664328064
616,2018-09-17,1.5757460822808182,1.9636149243575356,3.1883887083413702,0.2977557824451449,4.611829215025333,,0.12869443472173608,2.7872465592332185,0.34516183049063465,0.7895257565533035,2.4438251080030744,0.6442964534495084,2.3669492404115378,0.7126763767681429,1.316631625490429,0.656825280704004,0.45987954218781,4.210524314769641,1.0533744022404234,0.09467906777193816,1.4961366754220506,0.966744227378574,0.4026001341804922,0.7281632724168567,,2.780819664328064
617,2018-09-18,1.5757460822808182,1.9636149243575356,3.1883887083413702,0.2977557824451449,4.611829215025333,,0.12869443472173608,2.7872465592332185,0.34516183049063465,0.7895257565533035,2.4438251080030744,0.6442964534495084,2.3669492404115378,0.7126763767681429,1.316631625490429,0.656825280704004,0.45987954218781,4.210524314769641,1.0533744022404234,0.09467906777193816,1.4961366754220506,0.966744227378574,0.4026001341804922,0.7281632724168567,,2.780819664328064
618,2018-09-19,1.5757460822808182,1.9636149243575356,3.1883887083413702,0.2977557824451449,4.611829215025333,,0.12869443472173608,2.7872465592332185,0.34516183049063465,0.7895257565533035,2.4438251080030744,0.6442964534495084,2.3669492404115378,0.7126763767681429,1.316631625490429,0.656825280704004,0.45987954218781,4.210524314769641,1.0533744022404234,0.09467906777193816,1.4961366754220506,0.966744227378574,0.4026001341804922,0.7281632724168567,,2.780819664328064
619,2018-09-20,1.5757460822808182,1.9636149243575356,3.1883887083413702,0.2977557824451449,4.611829215025333,,0.12869443472173608,2.7872465592332185,0.34516183049063465,0.7895257565533035,2.4438251080030744,0.6442964534495084,2.3669492404115378,0.7126763767681429,1.316631625490429,0.656825280704004,0.45987954218781,4.210524314769641,1.0533744022404234,0.09467906777193816,1.4961366754220506,0.966744227378574,0.4026001341804922,0.7281632724168567,,2.780819664328064
620,2018-09-21,1.5757460822808182,1.9636149243575356,3.1883887083413702,0.2977557824451449,4.611829215025333,,0.12869443472173608,2.7872465592332185,0.34516183049063465,0.7895257565533035,2.4438251080030744,0.6442964534495084,2.3669492404115378,0.7126763767681429,1.316631625490429,0.656825280704004,0.45987954218781,4.210524314769641,1.0533744022404234,0.09467906777193816,1.4961366754220506,0.966744227378574,0.4026001341804922,0.7281632724168567,,2.780819664328064
621,2018-09-22,1.5757460822808182,1.9636149243575356,3.1883887083413702,0.2977557824451449,4.611829215025333,,0.12869443472173608,2.7872465592332185,0.34516183049063465,0.7895257565533035,2.4438251080030744,0.6442964534495084,2.3669492404115378,0.7126763767681429,1.316631625490429,0.656825280704004,0.45987954218781,4.210524314769641,1.0533744022404234,0.09467906777193816,1.4961366754220506,0.966744227378574,0.4026001341804922,0.7281632724168567,,2.780819664328064
622,2018-09-23,1.5757460822808182,1.9636149243575356,3.1883887083413702,0.2977557824451449,4.611829215025333,,0.12869443472173608,2.7872465592332185,0.34516183049063465,0.7895257565533035,2.4438251080030744,0.6442964534495084,2.3669492404115378,0.7126763767681429,1.316631625490429,0.656825280704004,0.45987954218781,4.210524314769641,1.0533744022404234,0.09467906777193816,1.4961366754220506,0.966744227378574,0.4026001341804922,0.7281632724168567,,2.780819664328064
623,2018-09-24,1.5757460822808182,1.9636149243575356,3.1883887083413702,0.2977557824451449,4.611829215025333,,0.12869443472173608,2.7872465592332185,0.34516183049063465,0.7895257565533035,2.4438251080030744,0.6442964534495084,2.3669492404115378,0.7126763767681429,1.316631625490429,0.656825280704004,0.45987954218781,4.210524314769641,1.0533744022404234,0.09467906777193816,1.4961366754220506,0.966744227378574,0.4026001341804922,0.7281632724168567,,2.780819664328064
624,2018-09-25,1.5757460822808182,1.9636149243575356,3.1883887083413702,0.2977557824451449,4.611829215025333,,0.12869443472173608,2.7872465592332185,0.34516183049063465,0.7895257565533035,2.4438251080030744,0.6442964534495084,2.3669492404115378,0.7126763767681429,1.316631625490429,0.656825280704004,0.45987954218781,4.210524314769641,1.0533744022404234,0.09467906777193816,1.4961366754220506,0.966744227378574,0.4026001341804922,0.7281632724168567,,2.780819664328064
625,2018-09-26,1.5757460822808182,1.9636149243575356,3.1883887083413702,0.2977557824451449,4.611829215025333,,0.12869443472173608,2.7872465592332185,0.34516183049063465,0.7895257565533035,2.4438251080030744,0.6442964534495084,2.3669492404115378,0.7126763767681429,1.316631625490429,0.656825280704004,0.45987954218781,4.210524314769641,1.0533744022404234,0.09467906777193816,1.4961366754220506,0.966744227378574,0.4026001341804922,0.7281632724168567,,2.780819664328064
626,2018-09-27,1.5757460822808182,1.9636149243575356,3.1883887083413702,0.2977557824451449,4.611829215025333,,0.12869443472173608,2.7872465592332185,0.34516183049063465,0.7895257565533035,2.4438251080030744,0.6442964534495084,2.3669492404115378,0.7126763767681429,1.316631625490429,0.656825280704004,0.45987954218781,4.210524314769641,1.0533744022404234,0.09467906777193816,1.4961366754220506,0.966744227378574,0.4026001341804922,0.7281632724168567,,2.780819664328064
627,2018-09-28,1.5757460822808182,1.9636149243575356,3.1883887083413702,0.2977557824451449,4.611829215025333,,0.12869443472173608,2.7872465592332185,0.34516183049063465,0.7895257565533035,2.4438251080030744,0.6442964534495084,2.3669492404115378,0.7126763767681429,1.316631625490429,0.656825280704004,0.45987954218781,4.210524314769641,1.0533744022404234,0.09467906777193816,1.4961366754220506,0.966744227378574,0.4026001341804922,0.7281632724168567,,2.780819664328064
628,2018-09-29,1.5757460822808182,1.9636149243575356,3.1883887083413702,0.2977557824451449,4.611829215025333,,0.12869443472173608,2.7872465592332185,0.34516183049063465,0.7895257565533035,2.4438251080030744,0.6442964534495084,2.3669492404115378,0.7126763767681429,1.316631625490429,0.656825280704004,0.45987954218781,4.210524314769641,1.0533744022404234,0.09467906777193816,1.4961366754220506,0.966744227378574,0.4026001341804922,0.7281632724168567,,2.780819664328064
629,2018-09-30,1.5757460822808182,1.9636149243575356,3.1883887083413702,0.2977557824451449,4.611829215025333,,0.12869443472173608,2.7872465592332185,0.34516183049063465,0.7895257565533035,2.4438251080030744,0.6442964534495084,2.3669492404115378,0.7126763767681429,1.316631625490429,0.656825280704004,0.45987954218781,4.210524314769641,1.0533744022404234,0.09467906777193816,1.4961366754220506,0.966744227378574,0.4026001341804922,0.7281632724168567,,2.780819664328064
630,2018-10-01,1.5757460822808182,1.9636149243575356,3.1883887083413702,0.2977557824451449,4.611829215025333,,0.12869443472173608,2.7872465592332185,0.34516183049063465,0.7895257565533035,2.4438251080030744,0.6442964534495084,2.3669492404115378,0.7126763767681429,1.316631625490429,0.656825280704004,0.45987954218781,4.210524314769641,1.0533744022404234,0.09467906777193816,1.4961366754220506,0.966744227378574,0.4026001341804922,0.7281632724168567,,2.780819664328064
631,2018-10-02,1.5757460822808182,1.9636149243575356,3.1883887083413702,0.2977557824451449,4.611829215025333,,0.12869443472173608,2.7872465592332185,0.34516183049063465,0.7895257565533035,2.4438251080030744,0.6442964534495084,2.3669492404115378,0.7126763767681429,1.316631625490429,0.656825280704004,0.45987954218781,4.210524314769641,1.0533744022404234,0.09467906777193816,1.4961366754220506,0.966744227378574,0.4026001341804922,0.7281632724168567,,2.780819664328064
632,2018-10-03,0.9785743394220731,14.623814040338786,2.99229967296867,15.441417853275098,10.641829215025334,340.4695028687766,0.4330288294104428,54.18046628183651,189.1187114800375,0.7895257565533035,8.102163419731692,12.295817091537831,16.356949240411538,0.6784770353709405,1.316631625490429,9.501980759028497,0.27634452975869944,73.87931138214248,255.2527735526459,5.249679067771936,16.58596552703888,13.708222853525244,34.22760013418049,0.7458538226849303,,10.210819664328064
633,2018-10-04,0.7341639621664338,14.103102963524192,2.905914038510734,3.0030923598985106,31.684634207706907,174.93103275957802,0.8177534415640909,78.85640692173249,187.614,14.13541439877503,2.2191547742314914,0.5692578219744043,26.48941188026312,0.6678272459952789,1.3152168738210055,14.922784035580628,39.77661656202741,44.80908322565899,146.1810239597941,0.09467906777193816,12.250500472366225,17.04117935202474,24.31760013418049,0.8974247892357851,22.396,19.356940652783198
634,2018-10-05,0.8979775469373815,5.171364655644112,5.931131515312711,24.57709235989851,31.374922767992416,16.57803275957801,5.9396335022338445,65.80847010307214,76.188,34.533626408084096,3.5530850120798325,0.5692578219744043,2.7104770652434835,0.8885194927585656,1.2382536779564912,44.61404933333126,23.286616562027405,36.04519474633836,141.9912587411485,0.09467906777193816,17.020746186400324,64.06617935202475,31.917600134180496,0.9605122757295071,2.507,38.240815823884084
635,2018-10-06,1.4844416530459446,4.930289974318307,3.6551693424057374,27.263092359898515,4.898535590284431,0.5410327595780122,0.6890590068423548,25.448569458991095,155.999934742392,29.533810988919416,2.358797226566558,0.5692578219744043,3.3162648971334083,0.9689229430803218,1.2898004767156306,7.349601190166992,41.73661656202741,58.20101488744135,232.9532587411485,0.09467906777193816,1.193870104812307,30.055683245696667,0.4026001341804922,0.8293751875253925,,3.3156324352200306
636,2018-10-07,2.0510726764197194,1.8145836937170894,3.454023692110239,34.87842072298333,22.28953201456879,16.26103275957801,0.6890590068423548,63.99972112629182,63.57351290352418,39.93527038632355,2.433027383983674,0.5692578219744043,6.788087026338484,0.9689229430803218,4.256011155847366,17.031179441695876,9.466616562027406,11.981158598881153,228.29644666930994,0.09467906777193816,21.83768813864055,9.052743008499549,0.4026001341804922,0.8293751875253925,,14.558658749710737
637,2018-10-08,2.4898372047556054,1.7747482475037781,10.892630588350018,27.752176917886427,14.058466203075723,126.97103275957801,0.7012176283190181,72.15170456363022,108.47251290352419,22.822895849047804,5.722222607044335,0.5692578219744043,2.0820668824674966,4.924282037039888,0.9410203984878045,41.67117944169588,31.886616562027402,24.97338838662751,182.04623801003459,0.09467906777193816,15.755293883207981,52.10345232443987,0.4026001341804922,0.8293751875253925,,3.0694356373478526
638,2018-10-09,2.864227014648389,1.8216300311329152,2.6337774671933585,0.9391897324727998,3.8759856101422048,0.5410327595780122,0.7938998147848403,2.6215361117093225,0.8055129035241884,1.162895849047803,2.739236308690462,0.5692578219744043,1.7253145190483243,1.0327074129524931,0.9410203984878045,1.6911794416958754,0.02661656202740479,6.83981787115332,2.8702027607070724,0.09467906777193816,1.2591833843775244,1.2258307545466998,0.4026001341804922,0.8293751875253925,,3.5587692428921613
639,2018-10-10,2.864227014648389,1.8216300311329152,2.6337774671933585,0.9391897324727998,3.8759856101422048,0.5410327595780122,0.7938998147848403,2.6215361117093225,0.8055129035241884,1.162895849047803,2.739236308690462,0.5692578219744043,1.7253145190483243,1.0327074129524931,0.9410203984878045,1.6911794416958754,0.02661656202740479,6.83981787115332,2.8702027607070724,0.09467906777193816,1.2591833843775244,1.2258307545466998,0.4026001341804922,0.8293751875253925,,3.5587692428921613
640,2018-10-11,2.864227014648389,1.8216300311329152,2.6337774671933585,0.9391897324727998,3.8759856101422048,0.5410327595780122,0.7938998147848403,2.6215361117093225,0.8055129035241884,1.162895849047803,2.739236308690462,0.5692578219744043,1.7253145190483243,1.0327074129524931,0.9410203984878045,1.6911794416958754,0.02661656202740479,6.83981787115332,2.8702027607070724,0.09467906777193816,1.2591833843775244,1.2258307545466998,0.4026001341804922,0.8293751875253925,,3.5587692428921613
641,2018-10-12,2.864227014648389,1.8216300311329152,2.6337774671933585,0.9391897324727998,3.8759856101422048,0.5410327595780122,0.7938998147848403,2.6215361117093225,0.8055129035241884,1.162895849047803,2.739236308690462,0.5692578219744043,1.7253145190483243,1.0327074129524931,0.9410203984878045,1.6911794416958754,0.02661656202740479,6.83981787115332,2.8702027607070724,0.09467906777193816,1.2591833843775244,1.2258307545466998,0.4026001341804922,0.8293751875253925,,3.5587692428921613
642,2018-10-13,2.864227014648389,1.8216300311329152,2.6337774671933585,0.9391897324727998,3.8759856101422048,0.5410327595780122,0.7938998147848403,2.6215361117093225,0.8055129035241884,1.162895849047803,2.739236308690462,0.5692578219744043,1.7253145190483243,1.0327074129524931,0.9410203984878045,1.6911794416958754,0.02661656202740479,6.83981787115332,2.8702027607070724,0.09467906777193816,1.2591833843775244,1.2258307545466998,0.4026001341804922,0.8293751875253925,,3.5587692428921613
643,2018-10-14,2.864227014648389,1.8216300311329152,2.6337774671933585,0.9391897324727998,3.8759856101422048,0.5410327595780122,0.7938998147848403,2.6215361117093225,0.8055129035241884,1.162895849047803,2.739236308690462,0.5692578219744043,1.7253145190483243,1.0327074129524931,0.9410203984878045,1.6911794416958754,0.02661656202740479,6.83981787115332,2.8702027607070724,0.09467906777193816,1.2591833843775244,1.2258307545466998,0.4026001341804922,0.8293751875253925,,3.5587692428921613
644,2018-10-15,2.864227014648389,1.8216300311329152,2.6337774671933585,0.9391897324727998,3.8759856101422048,0.5410327595780122,0.7938998147848403,2.6215361117093225,0.8055129035241884,1.162895849047803,2.739236308690462,0.5692578219744043,1.7253145190483243,1.0327074129524931,0.9410203984878045,1.6911794416958754,0.02661656202740479,6.83981787115332,2.8702027607070724,0.09467906777193816,1.2591833843775244,1.2258307545466998,0.4026001341804922,0.8293751875253925,,3.5587692428921613
645,2018-10-16,2.864227014648389,1.8216300311329152,2.6337774671933585,0.9391897324727998,3.8759856101422048,0.5410327595780122,0.7938998147848403,2.6215361117093225,0.8055129035241884,1.162895849047803,2.739236308690462,0.5692578219744043,1.7253145190483243,1.0327074129524931,0.9410203984878045,1.6911794416958754,0.02661656202740479,6.83981787115332,2.8702027607070724,0.09467906777193816,1.2591833843775244,1.2258307545466998,0.4026001341804922,0.8293751875253925,,3.5587692428921613
646,2018-10-17,2.864227014648389,1.8216300311329152,2.6337774671933585,0.9391897324727998,3.8759856101422048,0.5410327595780122,0.7938998147848403,2.6215361117093225,0.8055129035241884,1.162895849047803,2.739236308690462,0.5692578219744043,1.7253145190483243,1.0327074129524931,0.9410203984878045,1.6911794416958754,0.02661656202740479,6.83981787115332,2.8702027607070724,0.09467906777193816,1.2591833843775244,1.2258307545466998,0.4026001341804922,0.8293751875253925,,3.5587692428921613
647,2018-10-18,2.864227014648389,1.8216300311329152,2.6337774671933585,0.9391897324727998,3.8759856101422048,0.5410327595780122,0.7938998147848403,2.6215361117093225,0.8055129035241884,1.162895849047803,2.739236308690462,0.5692578219744043,1.7253145190483243,1.0327074129524931,0.9410203984878045,1.6911794416958754,0.02661656202740479,6.83981787115332,2.8702027607070724,0.09467906777193816,1.2591833843775244,1.2258307545466998,0.4026001341804922,0.8293751875253925,,3.5587692428921613
648,2018-10-19,2.864227014648389,1.8216300311329152,2.6337774671933585,0.9391897324727998,3.8759856101422048,0.5410327595780122,0.7938998147848403,2.6215361117093225,0.8055129035241884,1.162895849047803,2.739236308690462,0.5692578219744043,1.7253145190483243,1.0327074129524931,0.9410203984878045,1.6911794416958754,0.02661656202740479,6.83981787115332,2.8702027607070724,0.09467906777193816,1.2591833843775244,1.2258307545466998,0.4026001341804922,0.8293751875253925,,3.5587692428921613
649,2018-10-20,2.864227014648389,1.8216300311329152,2.6337774671933585,0.9391897324727998,3.8759856101422048,0.5410327595780122,0.7938998147848403,2.6215361117093225,0.8055129035241884,1.162895849047803,2.739236308690462,0.5692578219744043,1.7253145190483243,1.0327074129524931,0.9410203984878045,1.6911794416958754,0.02661656202740479,6.83981787115332,2.8702027607070724,0.09467906777193816,1.2591833843775244,1.2258307545466998,0.4026001341804922,0.8293751875253925,,3.5587692428921613
650,2018-10-21,2.864227014648389,1.8216300311329152,2.6337774671933585,0.9391897324727998,3.8759856101422048,0.5410327595780122,0.7938998147848403,2.6215361117093225,0.8055129035241884,1.162895849047803,2.739236308690462,0.5692578219744043,1.7253145190483243,1.0327074129524931,0.9410203984878045,1.6911794416958754,0.02661656202740479,6.83981787115332,2.8702027607070724,0.09467906777193816,1.2591833843775244,1.2258307545466998,0.4026001341804922,0.8293751875253925,,3.5587692428921613
651,2018-10-22,2.864227014648389,1.8216300311329152,2.6337774671933585,0.9391897324727998,3.8759856101422048,0.5410327595780122,0.7938998147848403,2.6215361117093225,0.8055129035241884,1.162895849047803,2.739236308690462,0.5692578219744043,1.7253145190483243,1.0327074129524931,0.9410203984878045,1.6911794416958754,0.02661656202740479,6.83981787115332,2.8702027607070724,0.09467906777193816,1.2591833843775244,1.2258307545466998,0.4026001341804922,0.8293751875253925,,3.5587692428921613
652,2018-10-23,2.864227014648389,1.8216300311329152,2.6337774671933585,0.9391897324727998,3.8759856101422048,0.5410327595780122,0.7938998147848403,2.6215361117093225,0.8055129035241884,1.162895849047803,2.739236308690462,0.5692578219744043,1.7253145190483243,1.0327074129524931,0.9410203984878045,1.6911794416958754,0.02661656202740479,6.83981787115332,2.8702027607070724,0.09467906777193816,1.2591833843775244,1.2258307545466998,0.4026001341804922,0.8293751875253925,,3.5587692428921613
653,2018-10-24,2.864227014648389,1.8216300311329152,2.6337774671933585,0.9391897324727998,3.8759856101422048,0.5410327595780122,0.7938998147848403,2.6215361117093225,0.8055129035241884,1.162895849047803,2.739236308690462,0.5692578219744043,1.7253145190483243,1.0327074129524931,0.9410203984878045,1.6911794416958754,0.02661656202740479,6.83981787115332,2.8702027607070724,0.09467906777193816,1.2591833843775244,1.2258307545466998,0.4026001341804922,0.8293751875253925,,3.5587692428921613
654,2018-10-25,2.864227014648389,1.8216300311329152,2.6337774671933585,0.9391897324727998,3.8759856101422048,0.5410327595780122,0.7938998147848403,2.6215361117093225,0.8055129035241884,1.162895849047803,2.739236308690462,0.5692578219744043,1.7253145190483243,1.0327074129524931,0.9410203984878045,1.6911794416958754,0.02661656202740479,6.83981787115332,2.8702027607070724,0.09467906777193816,1.2591833843775244,1.2258307545466998,0.4026001341804922,0.8293751875253925,,3.5587692428921613
655,2018-10-26,2.864227014648389,1.8216300311329152,2.6337774671933585,0.9391897324727998,3.8759856101422048,0.5410327595780122,0.7938998147848403,2.6215361117093225,0.8055129035241884,1.162895849047803,2.739236308690462,0.5692578219744043,1.7253145190483243,1.0327074129524931,0.9410203984878045,1.6911794416958754,0.02661656202740479,6.83981787115332,2.8702027607070724,0.09467906777193816,1.2591833843775244,1.2258307545466998,0.4026001341804922,0.8293751875253925,,3.5587692428921613
656,2018-10-27,2.864227014648389,1.8216300311329152,2.6337774671933585,0.9391897324727998,3.8759856101422048,0.5410327595780122,0.7938998147848403,2.6215361117093225,0.8055129035241884,1.162895849047803,2.739236308690462,0.5692578219744043,1.7253145190483243,1.0327074129524931,0.9410203984878045,1.6911794416958754,0.02661656202740479,6.83981787115332,2.8702027607070724,0.09467906777193816,1.2591833843775244,1.2258307545466998,0.4026001341804922,0.8293751875253925,,3.5587692428921613
657,2018-10-28,2.864227014648389,1.8216300311329152,2.6337774671933585,0.9391897324727998,3.8759856101422048,0.5410327595780122,0.7938998147848403,2.6215361117093225,0.8055129035241884,1.162895849047803,2.739236308690462,0.5692578219744043,1.7253145190483243,1.0327074129524931,0.9410203984878045,1.6911794416958754,0.02661656202740479,6.83981787115332,2.8702027607070724,0.09467906777193816,1.2591833843775244,1.2258307545466998,0.4026001341804922,0.8293751875253925,,3.5587692428921613
658,2018-10-29,2.864227014648389,1.8216300311329152,2.6337774671933585,0.9391897324727998,3.8759856101422048,0.5410327595780122,0.7938998147848403,2.6215361117093225,0.8055129035241884,1.162895849047803,2.739236308690462,0.5692578219744043,1.7253145190483243,1.0327074129524931,0.9410203984878045,1.6911794416958754,0.02661656202740479,6.83981787115332,2.8702027607070724,0.09467906777193816,1.2591833843775244,1.2258307545466998,0.4026001341804922,0.8293751875253925,,3.5587692428921613
659,2018-10-30,2.864227014648389,1.8216300311329152,2.6337774671933585,0.9391897324727998,3.8759856101422048,0.5410327595780122,0.7938998147848403,2.6215361117093225,0.8055129035241884,1.162895849047803,2.739236308690462,0.5692578219744043,1.7253145190483243,1.0327074129524931,0.9410203984878045,1.6911794416958754,0.02661656202740479,6.83981787115332,2.8702027607070724,0.09467906777193816,1.2591833843775244,1.2258307545466998,0.4026001341804922,0.8293751875253925,,3.5587692428921613
660,2018-10-31,2.864227014648389,1.8216300311329152,2.6337774671933585,0.9391897324727998,3.8759856101422048,0.5410327595780122,0.7938998147848403,2.6215361117093225,0.8055129035241884,1.162895849047803,2.739236308690462,0.5692578219744043,1.7253145190483243,1.0327074129524931,0.9410203984878045,1.6911794416958754,0.02661656202740479,6.83981787115332,2.8702027607070724,0.09467906777193816,1.2591833843775244,1.2258307545466998,0.4026001341804922,0.8293751875253925,,3.5587692428921613
661,2018-11-01,2.864227014648389,1.8216300311329152,2.6337774671933585,0.9391897324727998,3.8759856101422048,0.5410327595780122,0.7938998147848403,2.6215361117093225,0.8055129035241884,1.162895849047803,2.739236308690462,0.5692578219744043,1.7253145190483243,1.0327074129524931,0.9410203984878045,1.6911794416958754,0.02661656202740479,6.83981787115332,2.8702027607070724,0.09467906777193816,1.2591833843775244,1.2258307545466998,0.4026001341804922,0.8293751875253925,,3.5587692428921613
662,2018-11-02,2.864227014648389,1.8216300311329152,2.6337774671933585,0.9391897324727998,3.8759856101422048,0.5410327595780122,0.7938998147848403,2.6215361117093225,0.8055129035241884,1.162895849047803,2.739236308690462,0.5692578219744043,1.7253145190483243,1.0327074129524931,0.9410203984878045,1.6911794416958754,0.02661656202740479,6.83981787115332,2.8702027607070724,0.09467906777193816,1.2591833843775244,1.2258307545466998,0.4026001341804922,0.8293751875253925,,3.5587692428921613
663,2018-11-03,2.929776948448275,10.242825407851994,2.8649197386924734,4.750221681641086,3.8759856101422048,219.92071365503605,0.44385121114863835,89.86475682130417,152.77382434952347,1.162895849047803,13.823746824490751,12.344497440764973,1.7253145190483243,1.0024446544134848,0.9410203984878045,1.6911794416958754,17.036616562027405,122.69639426287463,256.67527204582007,0.09467906777193816,58.31483188694606,27.18174044832263,19.259261004307902,0.8293751875253925,,13.828769242892161
664,2018-11-04,3.5093605872607414,10.845365248957316,2.8285420151951506,16.984316463171346,33.995051127752475,122.7679380037791,0.8537579013581084,60.46997073649546,162.32849890998276,1.063093476292483,2.4725555032910256,0.312224412249059,9.930611110965263,1.0365658104219093,0.9410203984878045,3.089348953307731,61.4766165620274,38.93937690657828,140.36843805227127,0.09467906777193816,30.181585538424905,9.255428573840275,0.15070072731230078,0.39923191812337877,12.612029028725859,14.293410951259386
665,2018-11-05,2.934943520868683,18.121103284412076,9.799403275696408,18.980624488339167,22.131617163795575,72.66195830154346,1.6171621566772574,100.76985851795064,123.31249890998275,25.607997285994273,1.9585951510897643,0.312224412249059,7.694847107547137,1.0956690018530062,1.4707398052353553,13.617779514836906,36.01661656202741,32.85975722923812,115.65818387787417,0.09467906777193816,12.68621454484896,15.956436906203827,14.44810568848143,0.6433655730349559,0.48370151200987815,67.45177224159899
666,2018-11-06,2.1252832202579297,1.7445282673848947,6.395434658531553,12.585181292314646,21.884783520745735,0.7332632946020118,1.6171621566772574,33.71989826340388,51.76766415834131,26.810786308432274,1.6246193029303277,0.312224412249059,3.775495880216426,6.729136875617059,3.723685822251016,19.121331520353515,42.396616562027404,72.93802349834716,116.85318387787417,0.09467906777193816,3.3734918320118368,17.48910175842079,25.14143421846378,0.6433655730349559,35.76709831290787,22.983790244074832
667,2018-11-07,1.8826922146701663,1.8376577772264975,18.940917235385346,23.746694836505252,15.911712319450888,9.983263294602013,1.6171621566772574,69.16475925326921,31.410986006458558,23.21603515273344,1.2462277343441488,0.312224412249059,10.725323203124148,0.9879802642515122,0.5653747899763124,0.7413315203535127,21.46805201346987,9.925236154042347,238.54843938611333,0.09467906777193816,13.238669864132095,18.970097823608345,0.6844342184637793,0.6433655730349559,0.8288004316113935,5.135172023471901
668,2018-11-08,1.3061432012452188,1.9568207776671867,2.4086387028481506,11.042139211214453,3.2303734498960894,140.87326329460203,1.5449384889836002,45.490395521734094,103.57398600645855,21.71702371654457,9.13699316137935,0.312224412249059,15.199313619494902,31.771971253623253,0.5850814947475393,2.2513315203535127,28.547773807082812,12.297141237421453,181.10193298778228,0.09467906777193816,5.341375812777465,46.26676776338534,0.6844342184637793,0.6433655730349559,0.8288004316113935,1.8614656312858144
669,2018-11-09,1.069537876441497,2.106644957997756,2.4086387028481506,2.370646751862561,3.2303734498960894,0.7332632946020118,1.512321348734772,1.8950368471090542,0.5569860064585577,1.167023716544567,0.9668934328328409,0.312224412249059,1.4493136194949017,1.1041032440049174,0.5850814947475393,0.7413315203535127,0.1777738070828123,3.3709761009578108,,0.09467906777193816,1.6211379381641624,1.6691940338788092,0.6844342184637793,0.6433655730349559,0.8288004316113935,2.3370036929421314
670,2018-11-10,1.069537876441497,2.106644957997756,2.4086387028481506,2.370646751862561,3.2303734498960894,0.7332632946020118,1.512321348734772,1.8950368471090542,0.5569860064585577,1.167023716544567,0.9668934328328409,0.312224412249059,1.4493136194949017,1.1041032440049174,0.5850814947475393,0.7413315203535127,0.1777738070828123,3.3709761009578108,,0.09467906777193816,1.6211379381641624,1.6691940338788092,0.6844342184637793,0.6433655730349559,0.8288004316113935,2.3370036929421314
671,2018-11-11,1.069537876441497,2.106644957997756,2.4086387028481506,2.370646751862561,3.2303734498960894,0.7332632946020118,1.512321348734772,1.8950368471090542,0.5569860064585577,1.167023716544567,0.9668934328328409,0.312224412249059,1.4493136194949017,1.1041032440049174,0.5850814947475393,0.7413315203535127,0.1777738070828123,3.3709761009578108,,0.09467906777193816,1.6211379381641624,1.6691940338788092,0.6844342184637793,0.6433655730349559,0.8288004316113935,2.3370036929421314
672,2018-11-12,1.069537876441497,2.106644957997756,2.4086387028481506,2.370646751862561,3.2303734498960894,0.7332632946020118,1.512321348734772,1.8950368471090542,0.5569860064585577,1.167023716544567,0.9668934328328409,0.312224412249059,1.4493136194949017,1.1041032440049174,0.5850814947475393,0.7413315203535127,0.1777738070828123,3.3709761009578108,,0.09467906777193816,1.6211379381641624,1.6691940338788092,0.6844342184637793,0.6433655730349559,0.8288004316113935,2.3370036929421314
673,2018-11-13,1.069537876441497,2.106644957997756,2.4086387028481506,2.370646751862561,3.2303734498960894,0.7332632946020118,1.512321348734772,1.8950368471090542,0.5569860064585577,1.167023716544567,0.9668934328328409,0.312224412249059,1.4493136194949017,1.1041032440049174,0.5850814947475393,0.7413315203535127,0.1777738070828123,3.3709761009578108,,0.09467906777193816,1.6211379381641624,1.6691940338788092,0.6844342184637793,0.6433655730349559,0.8288004316113935,2.3370036929421314
674,2018-11-14,1.069537876441497,2.106644957997756,2.4086387028481506,2.370646751862561,3.2303734498960894,0.7332632946020118,1.512321348734772,1.8950368471090542,0.5569860064585577,1.167023716544567,0.9668934328328409,0.312224412249059,1.4493136194949017,1.1041032440049174,0.5850814947475393,0.7413315203535127,0.1777738070828123,3.3709761009578108,,0.09467906777193816,1.6211379381641624,1.6691940338788092,0.6844342184637793,0.6433655730349559,0.8288004316113935,2.3370036929421314
675,2018-11-15,1.069537876441497,2.106644957997756,2.4086387028481506,2.370646751862561,3.2303734498960894,0.7332632946020118,1.512321348734772,1.8950368471090542,0.5569860064585577,1.167023716544567,0.9668934328328409,0.312224412249059,1.4493136194949017,1.1041032440049174,0.5850814947475393,0.7413315203535127,0.1777738070828123,3.3709761009578108,,0.09467906777193816,1.6211379381641624,1.6691940338788092,0.6844342184637793,0.6433655730349559,0.8288004316113935,2.3370036929421314
676,2018-11-16,1.069537876441497,2.106644957997756,2.4086387028481506,2.370646751862561,3.2303734498960894,0.7332632946020118,1.512321348734772,1.8950368471090542,0.5569860064585577,1.167023716544567,0.9668934328328409,0.312224412249059,1.4493136194949017,1.1041032440049174,0.5850814947475393,0.7413315203535127,0.1777738070828123,3.3709761009578108,,0.09467906777193816,1.6211379381641624,1.6691940338788092,0.6844342184637793,0.6433655730349559,0.8288004316113935,2.3370036929421314
677,2018-11-17,1.069537876441497,2.106644957997756,2.4086387028481506,2.370646751862561,3.2303734498960894,0.7332632946020118,1.512321348734772,1.8950368471090542,0.5569860064585577,1.167023716544567,0.9668934328328409,0.312224412249059,1.4493136194949017,1.1041032440049174,0.5850814947475393,0.7413315203535127,0.1777738070828123,3.3709761009578108,,0.09467906777193816,1.6211379381641624,1.6691940338788092,0.6844342184637793,0.6433655730349559,0.8288004316113935,2.3370036929421314
678,2018-11-18,1.069537876441497,2.106644957997756,2.4086387028481506,2.370646751862561,3.2303734498960894,0.7332632946020118,1.512321348734772,1.8950368471090542,0.5569860064585577,1.167023716544567,0.9668934328328409,0.312224412249059,1.4493136194949017,1.1041032440049174,0.5850814947475393,0.7413315203535127,0.1777738070828123,3.3709761009578108,,0.09467906777193816,1.6211379381641624,1.6691940338788092,0.6844342184637793,0.6433655730349559,0.8288004316113935,2.3370036929421314
679,2018-11-19,1.069537876441497,2.106644957997756,2.4086387028481506,2.370646751862561,3.2303734498960894,0.7332632946020118,1.512321348734772,1.8950368471090542,0.5569860064585577,1.167023716544567,0.9668934328328409,0.312224412249059,1.4493136194949017,1.1041032440049174,0.5850814947475393,0.7413315203535127,0.1777738070828123,3.3709761009578108,,0.09467906777193816,1.6211379381641624,1.6691940338788092,0.6844342184637793,0.6433655730349559,0.8288004316113935,2.3370036929421314
680,2018-11-20,1.069537876441497,2.106644957997756,2.4086387028481506,2.370646751862561,3.2303734498960894,0.7332632946020118,1.512321348734772,1.8950368471090542,0.5569860064585577,1.167023716544567,0.9668934328328409,0.312224412249059,1.4493136194949017,1.1041032440049174,0.5850814947475393,0.7413315203535127,0.1777738070828123,3.3709761009578108,,0.09467906777193816,1.6211379381641624,1.6691940338788092,0.6844342184637793,0.6433655730349559,0.8288004316113935,2.3370036929421314
681,2018-11-21,1.069537876441497,2.106644957997756,2.4086387028481506,2.370646751862561,3.2303734498960894,0.7332632946020118,1.512321348734772,1.8950368471090542,0.5569860064585577,1.167023716544567,0.9668934328328409,0.312224412249059,1.4493136194949017,1.1041032440049174,0.5850814947475393,0.7413315203535127,0.1777738070828123,3.3709761009578108,,0.09467906777193816,1.6211379381641624,1.6691940338788092,0.6844342184637793,0.6433655730349559,0.8288004316113935,2.3370036929421314
682,2018-11-22,1.069537876441497,2.106644957997756,2.4086387028481506,2.370646751862561,3.2303734498960894,0.7332632946020118,1.512321348734772,1.8950368471090542,0.5569860064585577,1.167023716544567,0.9668934328328409,0.312224412249059,1.4493136194949017,1.1041032440049174,0.5850814947475393,0.7413315203535127,0.1777738070828123,3.3709761009578108,,0.09467906777193816,1.6211379381641624,1.6691940338788092,0.6844342184637793,0.6433655730349559,0.8288004316113935,2.3370036929421314
683,2018-11-23,1.069537876441497,2.106644957997756,2.4086387028481506,2.370646751862561,3.2303734498960894,0.7332632946020118,1.512321348734772,1.8950368471090542,0.5569860064585577,1.167023716544567,0.9668934328328409,0.312224412249059,1.4493136194949017,1.1041032440049174,0.5850814947475393,0.7413315203535127,0.1777738070828123,3.3709761009578108,,0.09467906777193816,1.6211379381641624,1.6691940338788092,0.6844342184637793,0.6433655730349559,0.8288004316113935,2.3370036929421314
684,2018-11-24,1.069537876441497,2.106644957997756,2.4086387028481506,2.370646751862561,3.2303734498960894,0.7332632946020118,1.512321348734772,1.8950368471090542,0.5569860064585577,1.167023716544567,0.9668934328328409,0.312224412249059,1.4493136194949017,1.1041032440049174,0.5850814947475393,0.7413315203535127,0.1777738070828123,3.3709761009578108,,0.09467906777193816,1.6211379381641624,1.6691940338788092,0.6844342184637793,0.6433655730349559,0.8288004316113935,2.3370036929421314
685,2018-11-25,1.069537876441497,2.106644957997756,2.4086387028481506,2.370646751862561,3.2303734498960894,0.7332632946020118,1.512321348734772,1.8950368471090542,0.5569860064585577,1.167023716544567,0.9668934328328409,0.312224412249059,1.4493136194949017,1.1041032440049174,0.5850814947475393,0.7413315203535127,0.1777738070828123,3.3709761009578108,,0.09467906777193816,1.6211379381641624,1.6691940338788092,0.6844342184637793,0.6433655730349559,0.8288004316113935,2.3370036929421314
686,2018-11-26,1.069537876441497,2.106644957997756,2.4086387028481506,2.370646751862561,3.2303734498960894,0.7332632946020118,1.512321348734772,1.8950368471090542,0.5569860064585577,1.167023716544567,0.9668934328328409,0.312224412249059,1.4493136194949017,1.1041032440049174,0.5850814947475393,0.7413315203535127,0.1777738070828123,3.3709761009578108,,0.09467906777193816,1.6211379381641624,1.6691940338788092,0.6844342184637793,0.6433655730349559,0.8288004316113935,2.3370036929421314
687,2018-11-27,1.069537876441497,2.106644957997756,2.4086387028481506,2.370646751862561,3.2303734498960894,0.7332632946020118,1.512321348734772,1.8950368471090542,0.5569860064585577,1.167023716544567,0.9668934328328409,0.312224412249059,1.4493136194949017,1.1041032440049174,0.5850814947475393,0.7413315203535127,0.1777738070828123,3.3709761009578108,,0.09467906777193816,1.6211379381641624,1.6691940338788092,0.6844342184637793,0.6433655730349559,0.8288004316113935,2.3370036929421314
688,2018-11-28,1.069537876441497,2.106644957997756,2.4086387028481506,2.370646751862561,3.2303734498960894,0.7332632946020118,1.512321348734772,1.8950368471090542,0.5569860064585577,1.167023716544567,0.9668934328328409,0.312224412249059,1.4493136194949017,1.1041032440049174,0.5850814947475393,0.7413315203535127,0.1777738070828123,3.3709761009578108,,0.09467906777193816,1.6211379381641624,1.6691940338788092,0.6844342184637793,0.6433655730349559,0.8288004316113935,2.3370036929421314
689,2018-11-29,1.069537876441497,2.106644957997756,2.4086387028481506,2.370646751862561,3.2303734498960894,0.7332632946020118,1.512321348734772,1.8950368471090542,0.5569860064585577,1.167023716544567,0.9668934328328409,0.312224412249059,1.4493136194949017,1.1041032440049174,0.5850814947475393,0.7413315203535127,0.1777738070828123,3.3709761009578108,,0.09467906777193816,1.6211379381641624,1.6691940338788092,0.6844342184637793,0.6433655730349559,0.8288004316113935,2.3370036929421314
690,2018-11-30,1.069537876441497,2.106644957997756,2.4086387028481506,2.370646751862561,3.2303734498960894,0.7332632946020118,1.512321348734772,1.8950368471090542,0.5569860064585577,1.167023716544567,0.9668934328328409,0.312224412249059,1.4493136194949017,1.1041032440049174,0.5850814947475393,0.7413315203535127,0.1777738070828123,3.3709761009578108,,0.09467906777193816,1.6211379381641624,1.6691940338788092,0.6844342184637793,0.6433655730349559,0.8288004316113935,2.3370036929421314
691,2018-12-01,1.069537876441497,2.106644957997756,2.4086387028481506,2.370646751862561,3.2303734498960894,0.7332632946020118,1.512321348734772,1.8950368471090542,0.5569860064585577,1.167023716544567,0.9668934328328409,0.312224412249059,1.4493136194949017,1.1041032440049174,0.5850814947475393,0.7413315203535127,0.1777738070828123,3.3709761009578108,,0.09467906777193816,1.6211379381641624,1.6691940338788092,0.6844342184637793,0.6433655730349559,0.8288004316113935,2.3370036929421314
692,2018-12-02,1.069537876441497,2.106644957997756,2.4086387028481506,2.370646751862561,3.2303734498960894,0.7332632946020118,1.512321348734772,1.8950368471090542,0.5569860064585577,1.167023716544567,0.9668934328328409,0.312224412249059,1.4493136194949017,1.1041032440049174,0.5850814947475393,0.7413315203535127,0.1777738070828123,3.3709761009578108,,0.09467906777193816,1.6211379381641624,1.6691940338788092,0.6844342184637793,0.6433655730349559,0.8288004316113935,2.3370036929421314
693,2018-12-03,5.719017047780991,13.913691533429136,5.557394349802257,10.517070544633762,42.09753762721471,166.08192387007617,20.488245856410895,25.000960830003418,174.67309436670254,7.204368545964854,0.810766664899571,5.688304913783728,6.317275711846113,0.9647925674872986,0.5850814947475393,17.91553584542139,45.16348588871663,54.27452977369357,158.39307173835897,0.05910866800471579,57.26755282821642,6.258043131293265,24.68855110182431,9.936956576018417,13.419356776967803,25.465144742606675
694,2018-12-04,10.793008286760482,7.645189994751951,9.523213746488205,40.066348274248746,28.65087646838278,131.47532529082292,13.606068977234143,92.27367884884508,85.541,11.355502374651918,0.7258048115699265,,1.2072456836917214,0.5882934179752588,0.3417609625227102,48.119204211043105,68.17115724505541,33.80861698189461,190.334,,14.007355836306816,7.362765654000907,6.266516192621797,0.18320286711330133,3.4087260425892882,19.97037743185181
695,2018-12-05,,5.432532702908635,1.009141767040743,14.076667842062202,1.4494982271511168,89.561546268371,,30.716503921656138,128.19030735988835,2.1726291606896138,0.7160007268945319,,5.414974086935886,0.4417158117807231,0.0675311750963318,0.3900427353506408,38.851157245055404,34.86724388771778,156.06285464284733,,1.1139492519703265,55.979607180549685,10.029071810757603,,0.34509891960151534,4.590285635518838
696,2018-12-06,25.29,5.041822694936217,3.9988269278193598,19.091875418542827,31.45415847688555,,2.1,27.20485332147394,99.335,25.853114247910757,0.5432096338042168,,4.11543454016894,0.3884967909287755,2.007531175096332,0.13395538906861912,46.51115724505541,31.740937127576835,157.226,,9.449605704948585,13.943783244169863,17.101,,0.12773453065812515,18.96978844552002
697,2018-12-07,,4.652124491904072,4.2786944982974475,21.360162356891735,6.834799655676162,21.79,,41.1434221165462,129.811,41.1647596527654,0.5266975959510756,,3.2452685757064086,0.27821842320356827,0.028315068216063086,18.633955389068618,10.025004441950689,19.46007055005526,170.755,,18.30624699355868,42.90954215995498,,0.85,,9.076118372213227
698,2018-12-08,,0.1505707939415669,,29.315244171377845,,222.18959809998057,,29.703746331436363,52.91,32.23,3.606279288443739,,,0.06677541177209124,,7.698931778194044,,30.118347247371815,179.42,,0.0330391578351253,11.434511415525108,,,,0.5756207596000273
