,start_date,"Broxden Park & Ride, Perth","Canal Street Car Park 3rd floor, Perth","Crown Inn Wynd Car Park, Auchterarder","Friarton Depot, Perth","King Street Car Park, Crieff","Kinross Park and Ride, Kinross","Leslie Street Car Park, Blairgowrie","Moness Terrace Car Park, Aberfeldy","Rie-Achan Road Car Park, Pitlochry","South Inch Car Park, Perth"
0,2016-01-09,111.82,,,10.260276525726725,,42.435,13.234,,40.436,23.945999999999998
1,2016-01-10,134.36,,0.38,0.14400095934154294,25.172,83.798,,42.324,61.27038541466888,51.038020084126956
2,2016-01-11,90.67,,,17.30325389572682,100.149,68.37,35.475,,0.18740461995330174,35.115
3,2016-01-12,105.014,,,46.195358341016494,4.03,134.09,61.89,6.8,23.740019315490905,34.34094497735574
4,2016-01-13,,,,2.0792649368772844,,,,,1.085667420634777,
5,2016-01-14,,,,2.0792649368772844,,,,,1.085667420634777,
6,2016-01-15,,,,2.0792649368772844,,,,,1.085667420634777,
7,2016-01-16,,,,2.0792649368772844,,,,,1.085667420634777,
8,2016-01-17,,,,2.0792649368772844,,,,,1.085667420634777,
9,2016-01-18,,,,2.0792649368772844,,,,,1.085667420634777,
10,2016-01-19,,,,2.0792649368772844,,,,,1.085667420634777,
11,2016-01-20,,,,2.0792649368772844,,,,,1.085667420634777,
12,2016-01-21,,,,2.0792649368772844,,,,,1.085667420634777,
13,2016-01-22,,,,2.0792649368772844,,,,,1.085667420634777,
14,2016-01-23,,,,2.0792649368772844,,,,,1.085667420634777,
15,2016-01-24,,,,2.0792649368772844,,,,,1.085667420634777,
16,2016-01-25,,,,2.0792649368772844,,,,,1.085667420634777,
17,2016-01-26,,,,2.0792649368772844,,,,,1.085667420634777,
18,2016-01-27,,,,2.0792649368772844,,,,,1.085667420634777,
19,2016-01-28,,,,2.0792649368772844,,,,,1.085667420634777,
20,2016-01-29,,,,2.0792649368772844,,,,,1.085667420634777,
21,2016-01-30,,,,2.0792649368772844,,,,,1.085667420634777,
22,2016-01-31,,,,2.0792649368772844,,,,,1.085667420634777,
23,2016-02-01,,,,2.0792649368772844,,,,,1.085667420634777,
24,2016-02-02,,,,2.0792649368772844,,,,,1.085667420634777,
25,2016-02-03,,,,2.0792649368772844,,,,,1.085667420634777,
26,2016-02-04,,,,2.0792649368772844,,,,,1.085667420634777,
27,2016-02-05,,,,2.0792649368772844,,,,,1.085667420634777,
28,2016-02-06,,,,2.0792649368772844,,,,,1.085667420634777,
29,2016-02-07,,,,2.0792649368772844,,,,,1.085667420634777,
30,2016-02-08,,,,2.0792649368772844,,,,,1.085667420634777,
31,2016-02-09,59.211,,5.82,2.0792649368772844,,56.629999999999995,9.54,,1.218570335130048,36.482
32,2016-02-10,80.61500000000001,,19.23,20.669264936877283,24.29,15.033999999999999,48.829,27.386,38.62222213980097,33.375
33,2016-02-11,177.17000000000002,,,28.30296645081168,21.76,40.42,40.86,29.471,20.798155604685167,11.370000000000001
34,2016-02-12,89.64,,,37.78831181193776,17.27,65.44,34.387,26.775000000000002,42.93363311529263,17.395
35,2016-02-13,,,,1.2530095649100124,,,,,1.9245184256937438,
36,2016-02-14,,,,1.2530095649100124,,,,,1.9245184256937438,
37,2016-02-15,,,,1.2530095649100124,,,,,1.9245184256937438,
38,2016-02-16,,,,1.2530095649100124,,,,,1.9245184256937438,
39,2016-02-17,,,,1.2530095649100124,,,,,1.9245184256937438,
40,2016-02-18,,,,1.2530095649100124,,,,,1.9245184256937438,
41,2016-02-19,,,,1.2530095649100124,,,,,1.9245184256937438,
42,2016-02-20,,,,1.2530095649100124,,,,,1.9245184256937438,
43,2016-02-21,,,,1.2530095649100124,,,,,1.9245184256937438,
44,2016-02-22,,,,1.2530095649100124,,,,,1.9245184256937438,
45,2016-02-23,,,,1.2530095649100124,,,,,1.9245184256937438,
46,2016-02-24,,,,1.2530095649100124,,,,,1.9245184256937438,
47,2016-02-25,,,,1.2530095649100124,,,,,1.9245184256937438,
48,2016-02-26,,,,1.2530095649100124,,,,,1.9245184256937438,
49,2016-02-27,,,,1.2530095649100124,,,,,1.9245184256937438,
50,2016-02-28,,,,1.2530095649100124,,,,,1.9245184256937438,
51,2016-02-29,,,,1.2530095649100124,,,,,1.9245184256937438,
52,2016-03-01,,,,1.2530095649100124,,,,,1.9245184256937438,
53,2016-03-02,,,,1.2530095649100124,,,,,1.9245184256937438,
54,2016-03-03,,,,1.2530095649100124,,,,,1.9245184256937438,
55,2016-03-04,,,,1.2530095649100124,,,,,1.9245184256937438,
56,2016-03-05,,,,1.2530095649100124,,,,,1.9245184256937438,
57,2016-03-06,,,,1.2530095649100124,,,,,1.9245184256937438,
58,2016-03-07,,,,1.2530095649100124,,,,,1.9245184256937438,
59,2016-03-08,,,,1.2530095649100124,,,,,1.9245184256937438,
60,2016-03-09,102.00061128461378,,24.328,1.2530095649100124,5.4959999999999996,123.011,14.280000000000001,,38.20852865537932,13.11
61,2016-03-10,134.59667707682698,,7.95,5.924365885715623,14.96,76.82,,7.64,36.07250581943371,26.926000000000002
62,2016-03-11,104.76067707682698,,,8.407967349833658,59.488,54.894,21.939999999999998,27.63,15.733625416878546,28.781000000000002
63,2016-03-12,130.11367707682697,,,9.357981398185215,,69.682,44.91,8.447,6.269905205448479,28.056
64,2016-03-13,0.516677076826983,,,1.447981398185215,,,,,1.1671539442918863,
65,2016-03-14,0.516677076826983,,,1.447981398185215,,,,,1.1671539442918863,
66,2016-03-15,0.516677076826983,,,1.447981398185215,,,,,1.1671539442918863,
67,2016-03-16,0.516677076826983,,,1.447981398185215,,,,,1.1671539442918863,
68,2016-03-17,0.516677076826983,,,1.447981398185215,,,,,1.1671539442918863,
69,2016-03-18,0.516677076826983,,,1.447981398185215,,,,,1.1671539442918863,
70,2016-03-19,0.516677076826983,,,1.447981398185215,,,,,1.1671539442918863,
71,2016-03-20,0.516677076826983,,,1.447981398185215,,,,,1.1671539442918863,
72,2016-03-21,0.516677076826983,,,1.447981398185215,,,,,1.1671539442918863,
73,2016-03-22,0.516677076826983,,,1.447981398185215,,,,,1.1671539442918863,
74,2016-03-23,0.516677076826983,,,1.447981398185215,,,,,1.1671539442918863,
75,2016-03-24,0.516677076826983,,,1.447981398185215,,,,,1.1671539442918863,
76,2016-03-25,0.516677076826983,,,1.447981398185215,,,,,1.1671539442918863,
77,2016-03-26,0.516677076826983,,,1.447981398185215,,,,,1.1671539442918863,
78,2016-03-27,0.516677076826983,,,1.447981398185215,,,,,1.1671539442918863,
79,2016-03-28,0.516677076826983,,,1.447981398185215,,,,,1.1671539442918863,
80,2016-03-29,0.516677076826983,,,1.447981398185215,,,,,1.1671539442918863,
81,2016-03-30,0.516677076826983,,,1.447981398185215,,,,,1.1671539442918863,
82,2016-03-31,0.516677076826983,,,1.447981398185215,,,,,1.1671539442918863,
83,2016-04-01,0.516677076826983,,,1.447981398185215,,,,,1.1671539442918863,
84,2016-04-02,0.516677076826983,,,1.447981398185215,,,,,1.1671539442918863,
85,2016-04-03,0.516677076826983,,,1.447981398185215,,,,,1.1671539442918863,
86,2016-04-04,0.516677076826983,,,1.447981398185215,,,,,1.1671539442918863,
87,2016-04-05,0.516677076826983,,,1.447981398185215,,,,,1.1671539442918863,
88,2016-04-06,0.516677076826983,,,1.447981398185215,,,,,1.1671539442918863,
89,2016-04-07,0.516677076826983,,,1.447981398185215,,,,,1.1671539442918863,
90,2016-04-08,0.516677076826983,,,1.447981398185215,,,,,1.1671539442918863,
91,2016-04-09,30.3910764105768,,,1.447981398185215,0.151,46.556,36.313,,46.47715394429189,8.68
92,2016-04-10,60.12568252524769,,5.56,1.52048171832671,8.953,43.82,,16.58,16.42650453374329,30.301000000000002
93,2016-04-11,91.1795224237783,,,11.086967944617967,71.56,83.631,34.293,31.009999999999998,48.14457788154127,2.21
94,2016-04-12,97.2380797286546,,,9.346582370787953,34.907000000000004,29.62,28.61,13.568000000000001,52.33133035761469,69.783
95,2016-04-13,1.005837301511945,,,0.9865823707879541,,,,,1.2413303576146903,
96,2016-04-14,1.005837301511945,,,0.9865823707879541,,,,,1.2413303576146903,
97,2016-04-15,1.005837301511945,,,0.9865823707879541,,,,,1.2413303576146903,
98,2016-04-16,1.005837301511945,,,0.9865823707879541,,,,,1.2413303576146903,
99,2016-04-17,1.005837301511945,,,0.9865823707879541,,,,,1.2413303576146903,
100,2016-04-18,1.005837301511945,,,0.9865823707879541,,,,,1.2413303576146903,
101,2016-04-19,1.005837301511945,,,0.9865823707879541,,,,,1.2413303576146903,
102,2016-04-20,1.005837301511945,,,0.9865823707879541,,,,,1.2413303576146903,
103,2016-04-21,1.005837301511945,,,0.9865823707879541,,,,,1.2413303576146903,
104,2016-04-22,1.005837301511945,,,0.9865823707879541,,,,,1.2413303576146903,
105,2016-04-23,1.005837301511945,,,0.9865823707879541,,,,,1.2413303576146903,
106,2016-04-24,1.005837301511945,,,0.9865823707879541,,,,,1.2413303576146903,
107,2016-04-25,1.005837301511945,,,0.9865823707879541,,,,,1.2413303576146903,
108,2016-04-26,1.005837301511945,,,0.9865823707879541,,,,,1.2413303576146903,
109,2016-04-27,1.005837301511945,,,0.9865823707879541,,,,,1.2413303576146903,
110,2016-04-28,1.005837301511945,,,0.9865823707879541,,,,,1.2413303576146903,
111,2016-04-29,1.005837301511945,,,0.9865823707879541,,,,,1.2413303576146903,
112,2016-04-30,1.005837301511945,,,0.9865823707879541,,,,,1.2413303576146903,
113,2016-05-01,1.005837301511945,,,0.9865823707879541,,,,,1.2413303576146903,
114,2016-05-02,1.005837301511945,,,0.9865823707879541,,,,,1.2413303576146903,
115,2016-05-03,1.005837301511945,,,0.9865823707879541,,,,,1.2413303576146903,
116,2016-05-04,1.005837301511945,,,0.9865823707879541,,,,,1.2413303576146903,
117,2016-05-05,1.005837301511945,,,0.9865823707879541,,,,,1.2413303576146903,
118,2016-05-06,1.005837301511945,,,0.9865823707879541,,,,,1.2413303576146903,
119,2016-05-07,1.005837301511945,,,0.9865823707879541,,,,,1.2413303576146903,
120,2016-05-08,1.005837301511945,,,0.9865823707879541,,,,,1.2413303576146903,
121,2016-05-09,127.45983730151194,,31.64,0.9578993695202421,,112.10000000000001,10.3,,28.68358949610008,28.018
122,2016-05-10,67.35848206291553,,7.26,0.7525082569382994,23.674,77.94,12.104,12.870000000000001,51.00151195165191,59.941
123,2016-05-11,88.20431487773365,,,11.060059193976178,30.652,96.91,35.86,12.969999999999999,29.020143198749754,65.396
124,2016-05-12,126.13531124084777,,,30.37945773488482,7.34,96.01100000000001,32.799,7.103,19.411712671989065,44.63
125,2016-05-13,,,,1.6467495479880894,,,,,2.282895121283498,
126,2016-05-14,,,,1.6467495479880894,,,,,2.282895121283498,
127,2016-05-15,,,,1.6467495479880894,,,,,2.282895121283498,
128,2016-05-16,,,,1.6467495479880894,,,,,2.282895121283498,
129,2016-05-17,,,,1.6467495479880894,,,,,2.282895121283498,
130,2016-05-18,,,,1.6467495479880894,,,,,2.282895121283498,
131,2016-05-19,,,,1.6467495479880894,,,,,2.282895121283498,
132,2016-05-20,,,,1.6467495479880894,,,,,2.282895121283498,
133,2016-05-21,,,,1.6467495479880894,,,,,2.282895121283498,
134,2016-05-22,,,,1.6467495479880894,,,,,2.282895121283498,
135,2016-05-23,,,,1.6467495479880894,,,,,2.282895121283498,
136,2016-05-24,,,,1.6467495479880894,,,,,2.282895121283498,
137,2016-05-25,,,,1.6467495479880894,,,,,2.282895121283498,
138,2016-05-26,,,,1.6467495479880894,,,,,2.282895121283498,
139,2016-05-27,,,,1.6467495479880894,,,,,2.282895121283498,
140,2016-05-28,,,,1.6467495479880894,,,,,2.282895121283498,
141,2016-05-29,,,,1.6467495479880894,,,,,2.282895121283498,
142,2016-05-30,,,,1.6467495479880894,,,,,2.282895121283498,
143,2016-05-31,,,,1.6467495479880894,,,,,2.282895121283498,
144,2016-06-01,,,,1.6467495479880894,,,,,2.282895121283498,
145,2016-06-02,,,,1.6467495479880894,,,,,2.282895121283498,
146,2016-06-03,,,,1.6467495479880894,,,,,2.282895121283498,
147,2016-06-04,,,,1.6467495479880894,,,,,2.282895121283498,
148,2016-06-05,,,,1.6467495479880894,,,,,2.282895121283498,
149,2016-06-06,,,,1.6467495479880894,,,,,2.282895121283498,
150,2016-06-07,,,,1.6467495479880894,,,,,2.282895121283498,
151,2016-06-08,,,,1.6467495479880894,,,,,2.282895121283498,
152,2016-06-09,59.0,,2.41,1.6467495479880894,,87.38,73.407,,17.309105239381804,21.64
153,2016-06-10,86.934,,16.68,5.755008854328922,56.014,37.8,,16.78,22.510450126252902,16.46
154,2016-06-11,132.367,,,10.797507498107958,,48.84,15.96,23.311999999999998,61.31105826657591,14.303999999999998
155,2016-06-12,87.65,,,31.504532322445833,84.225,76.972,22.548000000000002,,8.492484599446827,37.612
156,2016-06-13,,,,2.313540467443329,,,,,1.6967366478821,
157,2016-06-14,,,,2.313540467443329,,,,,1.6967366478821,
158,2016-06-15,,,,2.313540467443329,,,,,1.6967366478821,
159,2016-06-16,,,,2.313540467443329,,,,,1.6967366478821,
160,2016-06-17,,,,2.313540467443329,,,,,1.6967366478821,
161,2016-06-18,,,,2.313540467443329,,,,,1.6967366478821,
162,2016-06-19,,,,2.313540467443329,,,,,1.6967366478821,
163,2016-06-20,,,,2.313540467443329,,,,,1.6967366478821,
164,2016-06-21,,,,2.313540467443329,,,,,1.6967366478821,
165,2016-06-22,,,,2.313540467443329,,,,,1.6967366478821,
166,2016-06-23,,,,2.313540467443329,,,,,1.6967366478821,
167,2016-06-24,,,,2.313540467443329,,,,,1.6967366478821,
168,2016-06-25,,,,2.313540467443329,,,,,1.6967366478821,
169,2016-06-26,,,,2.313540467443329,,,,,1.6967366478821,
170,2016-06-27,,,,2.313540467443329,,,,,1.6967366478821,
171,2016-06-28,,,,2.313540467443329,,,,,1.6967366478821,
172,2016-06-29,,,,2.313540467443329,,,,,1.6967366478821,
173,2016-06-30,,,,2.313540467443329,,,,,1.6967366478821,
174,2016-07-01,,,,2.313540467443329,,,,,1.6967366478821,
175,2016-07-02,,,,2.313540467443329,,,,,1.6967366478821,
176,2016-07-03,,,,2.313540467443329,,,,,1.6967366478821,
177,2016-07-04,,,,2.313540467443329,,,,,1.6967366478821,
178,2016-07-05,,,,2.313540467443329,,,,,1.6967366478821,
179,2016-07-06,,,,2.313540467443329,,,,,1.6967366478821,
180,2016-07-07,,,,2.313540467443329,,,,,1.6967366478821,
181,2016-07-08,,,,2.313540467443329,,,,,1.6967366478821,
182,2016-07-09,26.769999999999996,,7.02,2.313540467443329,14.16,85.589,,,33.48715009541058,50.784
183,2016-07-10,154.7,,,1.7688450226854946,68.871,38.63,12.52,12.469999999999999,59.58933274478729,35.47
184,2016-07-11,77.56099999999999,,,20.403853330719155,48.732,82.07,26.25,7.92,14.298567693064001,4.08
185,2016-07-12,131.77100000000002,,,1.2257181555190808,13.09,79.86,35.019999999999996,12.0,11.231400792625116,80.043
186,2016-07-13,,,,1.437887496078458,,,,,2.3926196472497,
187,2016-07-14,,,,1.437887496078458,,,,,2.3926196472497,
188,2016-07-15,,,,1.437887496078458,,,,,2.3926196472497,
189,2016-07-16,,,,1.437887496078458,,,,,2.3926196472497,
190,2016-07-17,,,,1.437887496078458,,,,,2.3926196472497,
191,2016-07-18,,,,1.437887496078458,,,,,2.3926196472497,
192,2016-07-19,,,,1.437887496078458,,,,,2.3926196472497,
193,2016-07-20,,,,1.437887496078458,,,,,2.3926196472497,
194,2016-07-21,,,,1.437887496078458,,,,,2.3926196472497,
195,2016-07-22,,,,1.437887496078458,,,,,2.3926196472497,
196,2016-07-23,,,,1.437887496078458,,,,,2.3926196472497,
197,2016-07-24,,,,1.437887496078458,,,,,2.3926196472497,
198,2016-07-25,,,,1.437887496078458,,,,,2.3926196472497,
199,2016-07-26,,,,1.437887496078458,,,,,2.3926196472497,
200,2016-07-27,,,,1.437887496078458,,,,,2.3926196472497,
201,2016-07-28,,,,1.437887496078458,,,,,2.3926196472497,
202,2016-07-29,,,,1.437887496078458,,,,,2.3926196472497,
203,2016-07-30,,,,1.437887496078458,,,,,2.3926196472497,
204,2016-07-31,,,,1.437887496078458,,,,,2.3926196472497,
205,2016-08-01,,,,1.437887496078458,,,,,2.3926196472497,
206,2016-08-02,,,,1.437887496078458,,,,,2.3926196472497,
207,2016-08-03,,,,1.437887496078458,,,,,2.3926196472497,
208,2016-08-04,,,,1.437887496078458,,,,,2.3926196472497,
209,2016-08-05,,,,1.437887496078458,,,,,2.3926196472497,
210,2016-08-06,,,,1.437887496078458,,,,,2.3926196472497,
211,2016-08-07,,,,1.437887496078458,,,,,2.3926196472497,
212,2016-08-08,,,,1.437887496078458,,,,,2.3926196472497,
213,2016-08-09,44.132105460324674,,6.8,1.437887496078458,16.078,83.536,14.48,,16.414529809847924,
214,2016-08-10,122.31288795550006,,6.85,1.77409636717247,8.589293573740175,45.82,37.900000000000006,7.6899999999999995,24.57574048959248,68.84981091085764
215,2016-08-11,74.88288795550007,,,4.129935536238245,40.29817753120666,65.21199999999999,68.456,,17.44649206257612,6.773542327001828
216,2016-08-12,87.46288795550007,,,14.919885607086535,56.39817753120666,42.968,8.49,10.379999999999999,1.5263195881510927,33.50754232700183
217,2016-08-13,0.4828879555000568,,,2.813136628007752,0.3521775312066574,,,,1.9170259945036783,0.2335423270018277
218,2016-08-14,0.4828879555000568,,,2.813136628007752,0.3521775312066574,,,,1.9170259945036783,0.2335423270018277
219,2016-08-15,0.4828879555000568,,,2.813136628007752,0.3521775312066574,,,,1.9170259945036783,0.2335423270018277
220,2016-08-16,0.4828879555000568,,,2.813136628007752,0.3521775312066574,,,,1.9170259945036783,0.2335423270018277
221,2016-08-17,0.4828879555000568,,,2.813136628007752,0.3521775312066574,,,,1.9170259945036783,0.2335423270018277
222,2016-08-18,0.4828879555000568,,,2.813136628007752,0.3521775312066574,,,,1.9170259945036783,0.2335423270018277
223,2016-08-19,0.4828879555000568,,,2.813136628007752,0.3521775312066574,,,,1.9170259945036783,0.2335423270018277
224,2016-08-20,0.4828879555000568,,,2.813136628007752,0.3521775312066574,,,,1.9170259945036783,0.2335423270018277
225,2016-08-21,0.4828879555000568,,,2.813136628007752,0.3521775312066574,,,,1.9170259945036783,0.2335423270018277
226,2016-08-22,0.4828879555000568,,,2.813136628007752,0.3521775312066574,,,,1.9170259945036783,0.2335423270018277
227,2016-08-23,0.4828879555000568,,,2.813136628007752,0.3521775312066574,,,,1.9170259945036783,0.2335423270018277
228,2016-08-24,0.4828879555000568,,,2.813136628007752,0.3521775312066574,,,,1.9170259945036783,0.2335423270018277
229,2016-08-25,0.4828879555000568,,,2.813136628007752,0.3521775312066574,,,,1.9170259945036783,0.2335423270018277
230,2016-08-26,0.4828879555000568,,,2.813136628007752,0.3521775312066574,,,,1.9170259945036783,0.2335423270018277
231,2016-08-27,0.4828879555000568,,,2.813136628007752,0.3521775312066574,,,,1.9170259945036783,0.2335423270018277
232,2016-08-28,0.4828879555000568,,,2.813136628007752,0.3521775312066574,,,,1.9170259945036783,0.2335423270018277
233,2016-08-29,0.4828879555000568,,,2.813136628007752,0.3521775312066574,,,,1.9170259945036783,0.2335423270018277
234,2016-08-30,0.4828879555000568,,,2.813136628007752,0.3521775312066574,,,,1.9170259945036783,0.2335423270018277
235,2016-08-31,0.4828879555000568,,,2.813136628007752,0.3521775312066574,,,,1.9170259945036783,0.2335423270018277
236,2016-09-01,0.4828879555000568,,,2.813136628007752,0.3521775312066574,,,,1.9170259945036783,0.2335423270018277
237,2016-09-02,0.4828879555000568,,,2.813136628007752,0.3521775312066574,,,,1.9170259945036783,0.2335423270018277
238,2016-09-03,0.4828879555000568,,,2.813136628007752,0.3521775312066574,,,,1.9170259945036783,0.2335423270018277
239,2016-09-04,0.4828879555000568,,,2.813136628007752,0.3521775312066574,,,,1.9170259945036783,0.2335423270018277
240,2016-09-05,0.4828879555000568,,,2.813136628007752,0.3521775312066574,,,,1.9170259945036783,0.2335423270018277
241,2016-09-06,0.4828879555000568,,,2.813136628007752,0.3521775312066574,,,,1.9170259945036783,0.2335423270018277
242,2016-09-07,0.4828879555000568,,,2.813136628007752,0.3521775312066574,,,,1.9170259945036783,0.2335423270018277
243,2016-09-08,0.4828879555000568,,,2.813136628007752,0.3521775312066574,,,,1.9170259945036783,0.2335423270018277
244,2016-09-09,76.1742558746734,,,2.813136628007752,0.3521775312066574,,13.14,,7.4847013518953,37.25554232700182
245,2016-09-10,161.24,,22.42,19.267245380552062,34.065380490059965,30.1,8.5,,92.23849785940206,10.091919279087582
246,2016-09-11,187.85999999999999,,,1.6895580630329285,61.84399999999999,62.21,12.609,,16.162109285227633,19.47
247,2016-09-12,137.64,,,7.508406766763138,6.18,55.2,14.23,21.8,5.75941061738597,44.96
248,2016-09-13,70.37,,6.02,1.0328627491974955,27.29,76.321,17.255,2.2228976697061804,84.41468101517557,14.129999999999999
249,2016-09-14,67.191,,,0.9913778385919281,74.669,67.223,32.498,12.20210233029382,35.4333774065562,33.43
250,2016-09-15,16.6,,,0.9913778385919281,17.12,58.23,21.52,,31.85206934476168,17.596
251,2016-09-16,81.59,,,0.9913778385919281,6.53,9.549999999999999,10.450000000000001,,30.579007647548472,55.492000000000004
252,2016-09-17,89.819,,,0.9913778385919281,20.037,25.903999999999996,15.69,7.34,36.046002379775516,21.96
253,2016-09-18,73.78,,6.03,0.9913778385919281,9.95,55.06,40.295,9.96,27.13388513062106,62.245
254,2016-09-19,77.46000000000001,,13.72,15.54137783859193,14.39,64.5,44.166,,56.88458248390069,14.620000000000003
255,2016-09-20,35.33,,,3.351377838591928,15.27,31.61,9.713999999999999,19.76,34.91748670972578,40.877
256,2016-09-21,69.922,,10.7,15.52137783859193,50.38999999999999,81.175,39.36,4.98,65.94259001018082,20.334
257,2016-09-22,59.98,,,4.271377838591928,23.740000000000002,23.095999999999997,11.106,2.28,49.297297562331785,53.972
258,2016-09-23,122.96,,47.699999999999996,4.971377838591929,,70.57300000000001,33.76,11.219999999999999,71.60675116924853,46.3
259,2016-09-24,54.43,,16.61,8.431377838591928,19.258,54.290000000000006,,18.79,41.98560284833877,93.52
260,2016-09-25,140.123,,27.689999999999998,0.9913778385919281,30.197000000000003,26.331,14.56,,64.62888513062106,19.21
261,2016-09-26,182.58599999999998,,9.31,22.88617133045676,21.95,83.07,16.835,4.01,55.75824857818076,28.759999999999998
262,2016-09-27,94.23993103448277,,15.334,21.206584346727098,15.64,69.25999999999999,18.761,1.39,65.49975265418995,70.638
263,2016-09-28,78.85006896551724,,3.75,28.2391324935755,68.694,26.84,45.071999999999996,16.45,32.7585868019795,56.186
264,2016-09-29,80.723,,,11.973989850275023,5.26,89.88199999999999,10.85,36.86,13.039595345276872,22.19
265,2016-09-30,49.3,,31.866,15.621011171925252,27.594,51.606,28.61,12.58,70.45785685880932,53.44
266,2016-10-01,,,,0.9913778385919281,,,,,1.7378851306210588,
267,2016-10-02,,,,0.9913778385919281,,,,,1.7378851306210588,
268,2016-10-03,,,,0.9913778385919281,,,,,1.7378851306210588,
269,2016-10-04,,,,0.9913778385919281,,,,,1.7378851306210588,
270,2016-10-05,,,,0.9913778385919281,,,,,1.7378851306210588,
271,2016-10-06,,,,0.9913778385919281,,,,,1.7378851306210588,
272,2016-10-07,,,,0.9913778385919281,,,,,1.7378851306210588,
273,2016-10-08,,,,0.9913778385919281,,,,,1.7378851306210588,
274,2016-10-09,88.61,,19.060000000000002,0.9913778385919281,4.57,46.129999999999995,7.53,,49.38558544593237,92.229
275,2016-10-10,90.91726577504224,,3.7,9.614681838229972,92.19500000000001,47.09,28.89,17.54,88.13214176676603,
276,2016-10-11,112.23189300506743,,,1.4592325028363442,13.62,66.387,25.35,4.68,20.27938845967128,59.72
277,2016-10-12,89.17289300506745,,,13.582089707324322,,20.37,40.730000000000004,19.92,1.4491459017896238,96.639
278,2016-10-13,68.27489300506745,,,15.27876326104333,66.696,6.54,42.69,28.014999999999997,41.32552817953415,46.492999999999995
279,2016-10-14,149.64689300506745,,6.19,16.268261046417425,33.26,60.2,34.63,,70.65364587711612,20.009999999999998
280,2016-10-15,102.66189300506744,,10.3,13.6433759620532,7.87,36.870000000000005,61.059999999999995,12.889999999999999,56.39253051384981,55.697
281,2016-10-16,89.89978774190956,,,13.6433759620532,9.370999999999999,74.718,27.515,,55.180291707879654,32.269999999999996
282,2016-10-17,80.25399826822535,,29.43,31.377743272796426,,42.479,7.44,16.055,59.962391015038996,23.902
283,2016-10-18,76.25689300506745,,,22.76656314053871,46.351,89.73,15.17,33.68,32.88346405426361,50.959942065491184
284,2016-10-19,83.62189300506745,,12.205,26.05062981341026,20.321,46.862,18.63,,90.78002005433635,41.04105793450882
285,2016-10-20,101.31189300506745,,27.691,19.908576663442762,4.088,84.549,12.780999999999999,22.887999999999998,72.68940197403936,98.985
286,2016-10-21,99.39189300506744,,31.03,48.001137736820496,61.339,52.37,39.103,12.11,35.39529390372605,35.84
287,2016-10-22,98.82389300506745,,,31.152470214667435,2.52,25.65,35.16,26.94,60.22617924587359,66.522
288,2016-10-23,142.53289300506745,,15.735,16.259493022241447,16.33,44.2,29.352,,72.22029170787967,71.44
289,2016-10-24,167.32189300506747,,,24.813922101898406,53.47,98.82,7.36,25.189999999999998,56.43729170787966,75.682
290,2016-10-25,152.08589300506745,,,28.4651510893488,85.219,93.06,39.162000000000006,14.989999999999998,70.14682527678426,38.888
291,2016-10-26,58.51889300506745,,,21.814575224504296,,142.02100000000002,16.34,15.82,109.60103999225691,82.59400000000001
292,2016-10-27,140.29930386693286,,,18.688053212618303,92.281,8.171,24.145000000000003,50.510000000000005,95.3850098545978,37.38
293,2016-10-28,105.93748214320203,,,11.02400140064365,20.9,93.955,18.98,14.53,97.74529170787967,41.95882352941177
294,2016-10-29,91.15989300506746,,,7.831657813636614,12.280000000000001,101.82,21.82,6.67,28.14029170787966,38.29117647058824
295,2016-10-30,124.63189300506745,,,13.952845212621977,50.358000000000004,67.19,67.738,29.78,59.99397885871765,37.234
296,2016-10-31,33.97189300506745,,,6.117844409281772,22.274,90.718,25.17,,11.433604557041667,5.041
297,2016-11-01,0.2718930050674503,,,1.7020897073243213,,,,,1.2732917078796586,
298,2016-11-02,0.2718930050674503,,,1.7020897073243213,,,,,1.2732917078796586,
299,2016-11-03,0.2718930050674503,,,1.7020897073243213,,,,,1.2732917078796586,
300,2016-11-04,0.2718930050674503,,,1.7020897073243213,,,,,1.2732917078796586,
301,2016-11-05,0.2718930050674503,,,1.7020897073243213,,,,,1.2732917078796586,
302,2016-11-06,0.2718930050674503,,,1.7020897073243213,,,,,1.2732917078796586,
303,2016-11-07,0.2718930050674503,,,1.7020897073243213,,,,,1.2732917078796586,
304,2016-11-08,0.2718930050674503,,,1.7020897073243213,,,,,1.2732917078796586,
305,2016-11-09,54.62889300506745,,27.34,1.7020897073243213,48.336,28.0,53.212,,29.833291707879663,39.171
306,2016-11-10,49.480944072934406,,7.5600000000000005,1.4560481629785436,18.223,106.40100000000001,39.07,48.01,44.76977974898928,27.67
307,2016-11-11,169.24333113673805,,,15.68199971048981,18.41,56.343999999999994,54.029,22.19,37.285448349876056,17.372
308,2016-11-12,84.76294563426688,,,12.742624873483459,35.607,13.95,14.32,,39.140356891708485,12.94
309,2016-11-13,159.63472322899506,,,22.68262487348346,30.957,46.33,31.871000000000002,39.621,32.149356891708486,74.896
310,2016-11-14,55.59,,,18.45352230546926,19.481,85.91,61.234325,14.1,39.88373189170848,21.849
311,2016-11-15,138.177,,,18.096142657191525,15.75,30.57,88.43167499999998,4.39,31.22601792774452,37.47
312,2016-11-16,123.41000000000001,,,27.022571048911637,,79.14999999999999,23.115000000000002,,45.86957892018857,
313,2016-11-17,144.37,,,34.57064188934378,22.086,87.41,16.92,28.310000000000002,33.00971076749085,23.625
314,2016-11-18,145.839,,,27.809211633040682,49.989999999999995,80.939,26.1,,64.14433826553818,11.76
315,2016-11-19,154.19,,,17.8024418071219,64.826,19.659,,56.495999999999995,76.44676357758028,107.705
316,2016-11-20,192.99900000000002,,,24.54101323569333,11.48,19.24,19.642,23.05,13.879356891708483,58.78
317,2016-11-21,93.342,,,27.86452529038926,30.46,73.94800000000001,38.132000000000005,61.181999999999995,60.422389678593724,15.869999999999997
318,2016-11-22,140.791,,,35.504509317345466,35.1,114.158,54.72,7.41,25.851794303498732,14.11
319,2016-11-23,135.3364107142857,,,43.16536503070518,6.775,57.364000000000004,41.636,,31.08012963088609,50.213
320,2016-11-24,218.0075892857143,,,60.85085427770871,38.203,115.30000000000001,14.51,13.6,30.953827278216078,24.028000000000002
321,2016-11-25,131.831,,,40.935656418162154,42.094,87.17613513513514,49.397000000000006,9.009,26.897763064203126,21.517
322,2016-11-26,185.99,,,20.914819429499527,21.490000000000002,93.20486486486487,48.476,76.938,31.490237394853132,45.18095238095238
323,2016-11-27,102.67,,,29.1606376113177,10.32,54.759,6.953,10.01,29.221250896921337,44.958047619047626
324,2016-11-28,108.993,,,37.49935755803766,,86.97,5.95,11.3,6.581911555697146,28.359
325,2016-11-29,111.9,,,27.674378672984588,78.663,97.68499999999999,31.654,6.92,23.000103682784392,41.34
326,2016-11-30,177.185,,,3.524740332940109,49.333,64.58,34.831,17.55,30.062468884213633,26.628
327,2016-12-01,,,,0.9824418071219028,,,,,1.329356891708482,
328,2016-12-02,,,,0.9824418071219028,,,,,1.329356891708482,
329,2016-12-03,,,,0.9824418071219028,,,,,1.329356891708482,
330,2016-12-04,,,,0.9824418071219028,,,,,1.329356891708482,
331,2016-12-05,,,,0.9824418071219028,,,,,1.329356891708482,
332,2016-12-06,,,,0.9824418071219028,,,,,1.329356891708482,
333,2016-12-07,,,,0.9824418071219028,,,,,1.329356891708482,
334,2016-12-08,,,,0.9824418071219028,,,,,1.329356891708482,
335,2016-12-09,120.28999999999999,,6.1,0.9824418071219028,22.21,37.55,15.24,,19.738644750996336,45.069
336,2016-12-10,79.27000000000001,,7.880000000000001,0.45788832974632765,40.271,73.57,22.992,10.42,42.61332365004765,30.789
337,2016-12-11,165.44,,,8.109840856725125,11.073,43.54,17.78,17.33,34.570950467596894,42.963
338,2016-12-12,104.231,,,31.529017923666615,47.428,93.502,27.85,19.78,31.452903225806452,51.805
339,2016-12-13,168.318,,,28.71357784657723,96.62899999999999,25.059,6.254,3.27,20.287096774193547,108.00699999999999
340,2016-12-14,97.68,,,28.09034011281892,12.268,27.200000000000003,23.189999999999998,20.71,38.57490196078432,57.72
341,2016-12-15,108.40100000000001,,,28.76498199732723,9.214,9.66,3.64,11.82,25.41848903447635,47.652
342,2016-12-16,66.87,,,29.406018084202756,36.96,48.735,22.84,34.413,54.01245265294781,8.817073170731707
343,2016-12-17,81.205,,,17.471604186066855,31.910999999999998,37.387,34.769,7.89,23.256523177947834,54.24292682926829
344,2016-12-18,48.183,,,9.417031630170316,1.998,26.366,69.161,,42.6696331738437,42.08200000000001
345,2016-12-19,68.91,,,27.246197028173945,43.507,43.99,33.492,,27.159433368310594,34.885000000000005
346,2016-12-20,109.23599999999999,,,40.80306984615403,54.899,23.671,30.14,,30.1310135590637,62.66
347,2016-12-21,81.14,1.153,,42.79161873745672,9.52,36.849999999999994,38.989999999999995,33.949999999999996,19.23832479916104,105.344
348,2016-12-22,214.29899999999998,,,42.879948211353344,56.607,68.084,20.935,,40.48529173303478,37.132999999999996
349,2016-12-23,42.879999999999995,11.86,,28.128758205893043,11.45,18.54,39.12,10.29,17.31423266263905,33.90899999999999
350,2016-12-24,66.31,,,6.158929234926532,14.68,66.225,32.65,48.7,34.67170387779085,22.290000000000003
351,2016-12-25,8.75,,,0.7389292349265326,8.38,,,,17.820000000000007,24.6
352,2016-12-26,58.438,,,0.7389292349265326,5.795,38.78,18.044,5.54,,79.10000000000001
353,2016-12-27,104.61,,,0.7389292349265326,,51.22,23.759999999999998,,25.49985559566787,98.566
354,2016-12-28,94.83,,,0.7389292349265326,14.93,66.87,28.17,,34.401756649230094,62.18000000000001
355,2016-12-29,107.66,,,8.518929234926533,3.39,81.151,10.15,5.9399999999999995,51.03538775510205,49.94
356,2016-12-30,117.284,2.6,,12.768929234926533,20.87,32.67,8.407,13.55,50.53426719278467,65.52000000000001
357,2016-12-31,15.8,,,7.798929234926532,,37.269999999999996,5.47,,44.57603979109868,45.355
358,2017-01-01,13.54,,,0.7389292349265326,12.1,23.64,,,29.97969301611665,
359,2017-01-02,129.132,13.197222581326539,,22.206556811530813,,56.632999999999996,18.42,17.03,32.402,29.509999999999998
360,2017-01-03,46.24,13.850822055499385,30.89,45.613136910215005,64.329,87.304,61.553,36.26,,32.17
361,2017-01-04,135.897,13.482583436493185,20.53,8.280946438378226,41.339999999999996,99.91190574680732,24.200000000000003,12.3,40.86118460613349,27.23
362,2017-01-05,54.519999999999996,13.878583436493185,82.92699999999999,35.3067832539059,38.743,96.13874411235,41.702,6.19,44.32669682614813,6.1
363,2017-01-06,36.59,25.727583436493184,41.118,54.46691051330748,107.01499999999999,34.63085508051083,9.617,28.41,62.46098938124134,33.93
364,2017-01-07,81.93,28.625583436493184,37.05,3.397952771907022,40.120000000000005,25.940855080510826,21.03,12.35,82.90832908419415,71.374
365,2017-01-08,65.03,15.205583436493184,17.21,3.5179432498248597,111.891,8.990855080510828,,26.329135302906817,63.12025492942339,24.15
366,2017-01-09,124.59,47.409583436493186,28.557,10.150699890882034,59.958,51.65085508051083,58.215999999999994,,18.58849384677445,40.64
367,2017-01-10,115.21836242411203,0.8185834364931839,47.51,33.27236037948846,9.9,47.490855080510826,20.63,60.099999999999994,63.142053267901375,5.85
368,2017-01-11,207.578,29.192583436493184,68.821,25.035021456918074,46.907,47.16585508051082,64.53,22.689999999999998,20.924078922274216,26.41
369,2017-01-12,112.217,43.995583436493185,20.28,42.97908432769948,107.302,102.83085508051082,26.310000000000002,85.3061743768413,79.6885412398053,74.77
370,2017-01-13,53.629999999999995,5.298033687142871,,41.85678163817882,82.584,86.47085508051083,23.630000000000003,,52.36782306960391,17.889
371,2017-01-14,66.77920065252854,4.738404899718489,25.213,23.39604992998456,49.719,61.259855080510825,,,20.37192517888029,111.31
372,2017-01-15,67.53079934747146,23.008404899718492,6.2075,24.746049929984558,,61.42085508051082,37.926,16.4,53.51337994948273,21.75
373,2017-01-16,42.373000000000005,13.00840489971849,27.792500000000004,25.297527861888742,,48.19085508051083,33.36,59.804,36.71736346202753,48.166
374,2017-01-17,39.638000000000005,3.035286188844388,,22.72482803989909,9.99,106.35085508051083,6.759,60.4,28.52700857987264,33.379999999999995
375,2017-01-18,100.65299999999999,5.938970631227879,5.59,36.21631437178324,67.31599999999999,105.19685508051083,55.67,,38.673964252366034,35.89
376,2017-01-19,71.53,5.938970631227879,6.66,30.337995939390893,9.71,112.46985508051083,33.72,36.095,49.518828664955,41.602
377,2017-01-20,45.459999999999994,8.0239943792148,11.899000000000001,23.462029914740558,64.54,113.24985508051083,32.36,,71.8565412398053,16.65
378,2017-01-21,74.98400000000001,9.553247497334793,27.32,13.937884303194416,36.88,21.132855080510826,42.129999999999995,24.47,15.735541239805306,61.992
379,2017-01-22,81.31,6.512247497334793,,22.047884303194415,15.545,39.844855080510825,60.518,3.79,64.1885412398053,31.619999999999997
380,2017-01-23,98.367,3.5446077896612276,17.52,26.358257088210966,5.794,35.02085508051083,33.44,,20.101541239805304,23.23
381,2017-01-24,81.46000000000001,3.0556470101240745,21.47,30.584931172757,90.753,80.70085508051083,37.929,17.479999999999997,44.660541239805305,53.239999999999995
382,2017-01-25,117.983,3.8206516342463903,36.86,29.807313147390992,26.51,54.908855080510826,34.6,22.75,59.294541239805305,99.50999999999999
383,2017-01-26,71.123,22.085016510133897,21.49,23.345745527045846,38.103,68.09085508051082,36.989999999999995,63.400000000000006,24.791541239805305,19.625
384,2017-01-27,182.13,27.74294560405543,,29.78656798165474,67.507,45.52685508051082,34.599999999999994,44.884,34.0495412398053,17.807000000000002
385,2017-01-28,60.93,48.046916795750995,11.48,25.532132317542352,115.86,69.31685508051082,7.86,6.01,28.580541239805303,72.2
386,2017-01-29,16.05,9.70308954528933,20.767,25.39213231754235,20.455000000000002,56.93485508051082,65.25,24.5,17.890541239805305,81.11800000000001
387,2017-01-30,92.65,19.330032723438688,19.759999999999998,40.67138165047129,23.11,21.796855080510827,30.682000000000002,59.24600000000001,33.5735412398053,54.555
388,2017-01-31,108.96000000000001,23.010007951812415,,27.75666992509268,16.48,41.89485508051083,24.712,10.59,30.360541239805304,37.910000000000004
389,2017-02-01,74.08,6.071491411953307,,5.34879898420902,,77.10085508051083,17.5,27.729999999999997,12.800965923286514,20.135
390,2017-02-02,101.99199999999999,18.619520952492547,2.23,5.120626302254244,101.89699999999999,11.286855080510827,54.156,,27.41990222076433,28.03
391,2017-02-03,124.6,6.723101277348926,15.689999999999998,5.0087772773575745,22.286,44.786855080510826,21.896,24.057,3.739902220764331,10.04
392,2017-02-04,22.630000000000003,4.488539787555861,48.690999999999995,5.206849534069165,44.844,31.153441837867963,29.799999999999997,25.7,29.09402368799221,45.39
393,2017-02-05,76.153,24.00553978755586,73.1,18.13096163519295,70.06899999999999,78.866,18.17,5.31,23.455029886106427,49.24
394,2017-02-06,118.63000000000001,18.84753978755586,43.408,22.282541610155338,84.95,81.38499999999999,60.343,15.19,81.32721258007948,
395,2017-02-07,55.58,9.77353978755586,31.36,16.900205904243172,7.1000000000000005,76.57,5.58,3.4799999999999995,75.66436661977116,73.42
396,2017-02-08,75.744,40.05253978755586,54.040000000000006,14.952325066300032,67.76700000000001,47.523,,1.27,16.13013593065674,16.91
397,2017-02-09,121.21000000000001,1.2935397875558603,23.024,4.477197932498087,29.28,150.489,16.21,14.75,49.140227168701955,19.37
398,2017-02-10,83.993,45.874539787555854,54.35,4.970588462329768,65.81,130.273,17.64,5.5,31.22623197680505,48.010000000000005
399,2017-02-11,117.409,22.13453978755586,28.905,29.04308604684501,21.191999999999997,100.574,21.6,18.34,40.17488249922133,84.55000000000001
400,2017-02-12,140.939,34.78853978755586,79.16,39.372615210929546,4.282,41.372,53.233,61.126000000000005,42.32645916210423,82.328
401,2017-02-13,125.23933823501527,39.1145460358254,16.339999999999996,48.70683668444378,39.044,28.082,26.503,11.599999999999998,33.84845916210423,38.44
402,2017-02-14,87.226,10.103329997346071,27.089,30.806051351713542,27.23,45.300000000000004,16.88,13.9,60.117459162104225,11.23
403,2017-02-15,75.518,8.004462240742363,,42.609247447880016,,51.49,50.814,,52.57445916210422,33.620000000000005
404,2017-02-16,57.287,29.910971992281883,7.78,24.272992905688355,37.95,28.470000000000002,18.85,22.950000000000003,83.48945916210423,58.730000000000004
405,2017-02-17,85.28,16.516744123281015,7.3,27.125255434700495,35.93,35.07,32.59,15.5,57.913459162104225,18.909999999999997
406,2017-02-18,60.657000000000004,8.353211559612738,41.02,25.017046193543234,24.259999999999998,28.189999999999998,20.601,28.64,55.46745916210423,63.335
407,2017-02-19,35.348,7.387211559612738,21.9,19.314540236027824,,74.13,26.994999999999997,39.589999999999996,11.631711793683174,11.094
408,2017-02-20,65.79499999999999,20.428602469140273,22.82,43.263937993613396,,49.952,25.95,,20.810206530525274,6.0
409,2017-02-21,67.704,23.800546771533714,18.61,22.633221393034344,16.439999999999998,9.704,38.748000000000005,,3.525459162104227,60.41
410,2017-02-22,97.931,19.785045057588516,10.56,44.495434494187336,,141.04186402266288,30.367,14.43,7.767459162104227,41.760000000000005
411,2017-02-23,53.47,30.361037596849897,10.979,48.748610997462706,60.749,45.26139376770538,55.63,4.98,10.077959162104227,24.223
412,2017-02-24,84.03999999999999,30.32805068693324,48.204,29.418476197476622,1.681,108.56674220963174,14.2,,35.84695916210423,37.885
413,2017-02-25,69.69999999999999,25.135636769548263,,5.071615210929545,10.5,59.825,42.45,,27.145459162104224,35.41
414,2017-02-26,37.057,15.390636769548262,29.03,25.628441779195228,41.786,47.716,65.503,46.671,35.815459162104226,37.785
415,2017-02-27,64.116,30.042159540128,14.59,29.419425514172243,29.764,60.99,36.863,18.775,36.13445916210422,18.799999999999997
416,2017-02-28,64.355,38.276799329540594,19.685,13.002405127399937,19.51,131.03,54.994,6.21,33.325459162104224,60.799
417,2017-03-01,134.753,1.2935397875558603,,5.071615210929545,28.641,16.46,12.681,2.4,3.4157418485384383,31.279
418,2017-03-02,66.69,15.236171829490214,18.553,18.64511989531122,27.81,29.154,23.19,19.1,30.758859443228,
419,2017-03-03,121.38,0.4404489946990733,17.427,12.064381038307868,48.821,39.925000000000004,24.349,2.18,3.838859443228002,11.91
420,2017-03-04,31.298000000000002,0.31878336163812415,50.940000000000005,35.826729621286006,72.2,80.853,85.424,67.3,24.750652709190753,36.701
421,2017-03-05,74.9,18.525783361638123,14.48,9.726419560718385,121.06699999999998,57.510000000000005,71.618,,27.383395049547588,64.778
422,2017-03-06,135.46,0.31878336163812415,7.77,17.686676165414827,17.114,81.65,43.81,10.577,23.614419710290477,54.519999999999996
423,2017-03-07,68.16,22.969783361638125,54.189,4.976676165414821,72.021,81.713,85.28399999999999,,137.80978367934364,25.0
424,2017-03-08,51.28,67.94278336163812,15.8,13.68567616541482,77.146,91.44500000000001,,51.968,33.747685106436705,
425,2017-03-09,124.99000000000001,24.578783361638127,25.56,25.509676165414824,,65.961,51.191,7.978999999999999,45.745611201419635,49.87
426,2017-03-10,183.46,17.33878336163812,138.115,15.869414920982607,72.798,118.194,21.78,22.92,61.17240649301531,42.456
427,2017-03-11,142.951,37.17678336163812,28.701,14.110870890961124,25.487,102.451,92.97,36.783,74.6520661545342,26.62
428,2017-03-12,71.4,17.698783361638124,31.43,4.3387780073073134,44.5,31.239,51.223,33.209999999999994,72.88707230033235,43.046
429,2017-03-13,49.739999999999995,44.88778336163812,71.89,59.902008135134466,68.396,104.86431250000001,37.461,47.370999999999995,3.9300723003323537,39.54
430,2017-03-14,50.17,0.31878336163812415,47.195,40.7986099151239,120.344,62.9236875,11.452,2.842,3.9300723003323537,46.43
431,2017-03-15,79.69,21.928783361638125,34.739999999999995,32.23345696905595,90.137,159.52700000000002,22.732,,3.9300723003323537,44.299
432,2017-03-16,58.276,28.051783361638126,39.01,29.69970457146426,88.17699999999999,20.214,,20.798000000000002,3.9300723003323537,58.69
433,2017-03-17,74.94,15.627783361638125,61.56,22.773158744444263,113.47400000000002,88.134,23.15,,3.9300723003323537,24.3
434,2017-03-18,151.21,21.977783361638124,86.543,12.654046029488459,6.49,72.8,29.29,6.13,3.9300723003323537,56.706
435,2017-03-19,172.30999999999997,0.31878336163812415,3.16,20.864452683832262,3.07,125.84400000000001,49.087,,3.9300723003323537,79.46
436,2017-03-20,145.766,19.50978336163812,59.36,35.52770002565594,8.944,51.254999999999995,30.524,20.17,3.9300723003323537,47.150000000000006
437,2017-03-21,69.093,6.008783361638124,23.814166666666665,20.371079518370458,8.376,122.069,17.626,4.56,3.9300723003323537,36.87
438,2017-03-22,67.468,59.22678336163813,48.80583333333333,36.308171588695,50.14999999999999,117.41,29.588,,3.9300723003323537,37.735
439,2017-03-23,30.750999999999998,34.30078336163812,100.207,45.820480716327694,8.494999999999997,88.038,13.022,10.5,3.9300723003323537,71.61
440,2017-03-24,116.022,21.61478336163812,40.0,33.554886758916055,7.946,76.854,34.042,6.53,8.940072300332353,36.97
441,2017-03-25,44.749,24.438783361638123,14.780000000000001,11.202154630683937,,42.968999999999994,60.721999999999994,,35.007072300332354,31.480000000000004
442,2017-03-26,32.160000000000004,12.720783361638125,,11.202154630683937,,13.21,50.54,,58.357072300332355,71.449
443,2017-03-27,50.33800000000001,19.10612720117967,66.04,35.63993349944636,17.712,42.3,29.697000000000003,3.45,26.510072300332354,77.07
444,2017-03-28,33.63,17.206439522096574,23.72,45.445624823729936,8.719000000000001,41.989000000000004,62.703,,19.260072300332354,60.17
445,2017-03-29,62.669,72.02778336163811,16.89,30.974521834797784,45.059,109.806,50.423,,39.46007230033236,23.68
446,2017-03-30,53.800000000000004,10.072783361638123,,49.65532064130864,67.458,26.049,23.779,13.9,29.190072300332353,28.11
447,2017-03-31,80.49,36.65078336163812,6.14,26.424711737305984,61.492000000000004,89.5,59.354,30.38,26.254072300332354,32.04
448,2017-04-01,102.773,0.31878336163812415,,19.314360707226708,15.290000000000001,99.002,29.12,26.64,8.006191469092622,66.14
449,2017-04-02,86.92099999999999,23.524783361638125,51.459999999999994,4.7379228818146535,3.08,81.405,33.16,2.56,44.18327050613565,23.02
450,2017-04-03,123.717,0.31878336163812415,52.25,4.285374183973669,19.67,63.931,34.370000000000005,13.14,4.052270506135646,83.70500000000001
451,2017-04-04,79.11,7.776783361638124,33.39,3.836017295027183,51.44,61.04,17.810000000000002,71.22961486502388,3.8884144315005655,23.02
452,2017-04-05,61.18,18.089783361638123,31.290000000000003,26.085741885461882,66.208,76.593,19.162,6.029980936242322,121.06235906587952,41.440000000000005
453,2017-04-06,57.92,4.588783361638124,,3.8440871459172974,25.55,66.36,10.0,50.16998093624232,83.15027057613172,38.67
454,2017-04-07,52.608,2.572783361638124,37.260000000000005,3.8440871459172974,51.766000000000005,82.26,51.756,59.569980936242324,84.43016420226158,30.97
455,2017-04-08,95.92,21.389783361638123,43.650000000000006,4.009318087203411,65.75156486156644,78.8,,48.517980936242324,66.10063216372444,50.356
456,2017-04-09,101.80000000000001,0.31878336163812415,29.349,20.358921275966146,34.78530479312738,119.28999999999999,48.09,15.74998093624232,7.898040890551544,58.092
457,2017-04-10,128.077,17.516783361638122,92.69,10.584274676032807,109.56930479312737,179.15,30.05,25.333980936242323,18.527055225022618,37.9
458,2017-04-11,93.425,22.066783361638123,6.974,20.013350012415547,2.446304793127378,202.44,34.069,60.94998093624232,55.125711156211224,73.94455019619103
459,2017-04-12,213.301,34.89978336163813,92.86,16.67393719383493,70.26030479312737,264.7,64.03,23.647980936242323,29.902804799000005,58.0658570198105
460,2017-04-13,52.61,41.955783361638126,55.56,45.91028557622874,9.046304793127378,43.014,,48.00998093624233,41.624351440636865,24.31885701981051
461,2017-04-14,86.79,18.328783361638123,40.480000000000004,35.183911342629266,22.080304793127375,36.71,,4.946980936242322,50.775327913355234,30.60085701981051
462,2017-04-15,97.5,17.805783361638124,77.149,13.311466898184822,0.107304793127378,16.218,6.429,34.89998093624232,47.667939143208315,21.065857019810508
463,2017-04-16,85.67099999999999,16.84678336163812,23.54,12.061466898184825,0.107304793127378,44.5,29.880000000000003,7.029980936242322,27.28314734043647,8.585857019810508
464,2017-04-17,116.953,31.516783361638126,7.779999999999999,22.451466898184826,0.107304793127378,86.143,16.898,46.21798093624233,63.22480479900001,8.075857019810508
465,2017-04-18,37.1,49.97978336163813,57.91,21.201420868265377,93.02430479312737,107.87,18.066,9.321980936242321,51.224804799000005,7.325857019810507
466,2017-04-19,62.631,22.378783361638124,68.30105263157894,46.89672419570991,77.82730479312738,17.65,16.663,1.8499809362423216,26.494804799000008,24.21585701981051
467,2017-04-20,106.97999999999999,16.080783361638122,28.768947368421053,39.83018481469855,46.290304793127376,77.958,22.459,6.4619809362423215,26.58351982490674,10.575857019810508
468,2017-04-21,63.32,3.488783361638124,34.58,30.998539801748144,52.67230479312738,48.554,22.22,1.8499809362423216,50.02182148041035,13.345857019810508
469,2017-04-22,60.143,20.49878336163812,27.62,27.340924100690042,6.3453047931273785,41.21,23.55,1.8499809362423216,85.47902639907593,54.795857019810505
470,2017-04-23,71.019,29.668783361638123,38.25,31.16092410069004,0.107304793127378,86.39,27.477,18.29998093624232,75.59885149160702,47.142857019810506
471,2017-04-24,60.509,17.441783361638127,52.4,41.08687183406315,59.61330479312738,52.849000000000004,89.19200000000001,1.8499809362423216,84.99249909951814,18.61585701981051
472,2017-04-25,67.848,26.401783361638124,13.29,44.932659576848465,93.53630479312737,53.78,88.06700000000001,22.75998093624232,31.124844541035063,28.675857019810504
473,2017-04-26,32.676,0.31878336163812415,70.62,46.37967140566837,73.62630479312737,43.842,55.838,8.049980936242322,97.95124619504331,5.325857019810508
474,2017-04-27,105.44999999999999,54.33178336163812,50.199999999999996,43.229128680199004,60.35130479312738,58.66,29.312,1.8499809362423216,42.36462936040351,31.67985701981051
475,2017-04-28,26.66,46.20378336163812,43.519999999999996,33.520908743278135,24.630304793127376,80.368,36.26,1.8499809362423216,55.84903856523376,32.47685701981051
476,2017-04-29,123.658,13.957783361638125,67.12,17.60146689818482,27.397304793127383,65.64,22.55,14.379980936242323,90.34757103276624,16.055857019810507
477,2017-04-30,103.586,7.928783361638124,67.03,5.431466898184823,27.337304793127377,46.734,24.37,7.939980936242321,34.53780479900001,8.675857019810508
478,2017-05-01,149.844,0.31878336163812415,,16.608829766639214,0.107304793127378,79.839,11.09,7.999980936242322,37.56648763232154,35.94285701981051
479,2017-05-02,85.76,16.154783361638124,5.890000000000001,11.008164420512198,10.537304793127376,71.423,34.626000000000005,18.41998093624232,39.23384533111391,35.71585701981051
480,2017-05-03,30.54,10.188783361638123,12.09,4.995991560760316,0.107304793127378,30.665,70.645,63.939980936242314,3.3798453311139114,71.94185701981051
481,2017-05-04,75.704,23.990783361638123,37.47,18.496245467585172,51.379304793127375,62.486999999999995,35.67,50.79693798394818,3.272820095848524,22.67685701981051
482,2017-05-05,130.8,18.123783361638125,39.11,37.020964066363604,29.23730479312738,11.974,,,75.81273864944299,33.475857019810505
483,2017-05-06,59.22,10.855783361638125,40.620000000000005,25.060198819347278,59.88730479312738,,15.98,,9.075547393358189,8.635857019810508
484,2017-05-07,31.5,31.272783361638123,44.01,5.152873689121334,65.18930479312736,124.124,36.704,,102.85261117598434,13.655857019810508
485,2017-05-08,142.86619917911298,14.678783361638123,54.63,4.920004350817565,3.5905961377395634,32.187999999999995,,70.756,160.2429620383433,30.226857019810506
486,2017-05-09,90.82810489111846,38.401783361638124,37.95,9.5743744154326,69.18,88.174,12.846,20.955319991850224,28.46840589711553,79.9048570198105
487,2017-05-10,193.66110489111847,26.667783361638126,89.42,30.128393153747695,53.131,182.691,14.03,37.20590738686528,52.923235258934206,58.975857019810505
488,2017-05-11,186.35110489111847,3.682783361638124,77.193,11.480984928698692,22.475,163.029,51.867,9.026907386865277,46.625307947373756,72.74559622930437
489,2017-05-12,169.07910489111845,45.882783361638126,22.939,15.577604030731889,84.784,109.616,22.27,11.22090738686528,55.73505875955407,84.409
490,2017-05-13,90.93810489111846,14.380783361638125,21.799999999999997,27.288691621565125,32.202,25.91,7.28,0.1669073868652797,76.2476022851679,43.160000000000004
491,2017-05-14,119.57210489111846,0.31878336163812415,51.11,21.53995508875415,2.265,84.52,68.608,6.86690738686528,51.01721167705911,33.29
492,2017-05-15,43.02810489111846,61.212783361638124,40.06,27.70806307501101,81.97,108.88,32.385999999999996,0.1669073868652797,51.83700154858864,20.53
493,2017-05-16,78.08810489111846,40.10178336163812,39.88,21.32297579478134,93.98,31.389999999999997,28.808,17.89690738686528,48.60608540283392,35.849999999999994
494,2017-05-17,24.468104891118454,2.090783361638124,29.12,31.86520415164561,62.66,52.92,26.151,3.15690738686528,59.31942660534618,26.28
495,2017-05-18,23.89810489111846,55.62178336163812,16.45,27.176849902996274,88.43,80.712,21.545,0.1669073868652797,48.16377892270083,31.083
496,2017-05-19,143.83610489111845,34.263783361638126,86.08,46.81936905120653,82.646,39.984,18.64,45.55690738686528,55.289001318300805,9.1
497,2017-05-20,120.66810489111846,5.052783361638124,16.89,28.158424286560937,,116.95599999999999,28.35,31.14990738686528,87.03420039045537,77.95
498,2017-05-21,106.59010489111846,24.487783361638126,28.75,5.038691621565123,12.936,92.864,47.625,6.20690738686528,63.06591712865279,79.047
499,2017-05-22,59.35510489111846,14.358783361638125,23.43,21.48779418566769,63.836,54.359,22.789,14.206907386865279,69.94923267259755,53.980000000000004
500,2017-05-23,26.49810489111846,26.853783361638126,61.863,17.240858037939777,91.925,116.15599999999999,29.810000000000002,7.02690738686528,29.96308939196513,66.08000000000001
501,2017-05-24,12.84810489111846,21.850783361638126,18.45,28.22094561701788,52.681000000000004,38.52,38.187,15.26690738686528,41.75603068468776,12.29
502,2017-05-25,106.36810489111846,9.752783361638123,47.620000000000005,31.291928904814412,60.283,101.55000000000001,,67.94690738686528,65.01388228896585,59.080000000000005
503,2017-05-26,74.59510489111847,17.066783361638127,27.878,47.05193136238586,106.56800000000001,91.102,7.923,11.02690738686528,32.649839450853236,24.580000000000002
504,2017-05-27,45.386104891118464,2.121783361638124,,23.788691621565125,24.79,38.33,0.39,0.1669073868652797,168.9612780682549,35.65
505,2017-05-28,109.74010489111845,25.745783361638125,28.687857142857144,12.068691621565122,,28.68,17.613,0.1669073868652797,38.07345233385126,18.32
506,2017-05-29,125.13310489111846,13.725783361638127,40.542142857142856,25.712980414668575,78.92200000000001,15.02,11.754,16.87590738686528,71.89270402020834,40.59
507,2017-05-30,59.70810489111846,24.84678336163812,24.869,36.39650065454863,74.468,60.91,30.546999999999997,10.02290738686528,68.0344736174514,46.79
508,2017-05-31,29.718104891118458,31.998783361638125,37.774,12.375973692286882,65.65599999999999,87.709,17.957,25.51990738686528,26.738614833216438,45.552
509,2017-06-01,138.94810489111845,1.48691757374118,,18.345367110529246,27.96,30.067999999999998,55.129999999999995,29.63690738686528,16.286058759554074,72.499
510,2017-06-02,49.618104891118456,7.401600367369057,45.234,15.759416020418259,25.41,80.78,29.52,46.474907386865276,54.44505875955407,19.915999999999997
511,2017-06-03,42.57510489111846,15.9764746512232,57.492,21.69221053375156,86.232,6.049999999999999,25.951999999999998,14.79690738686528,3.145058759554073,38.11
512,2017-06-04,70.95987909238686,26.808755328728704,17.92,5.645981317417023,,55.991,67.09,11.88090738686528,56.76283586066214,17.07
513,2017-06-05,93.34804099259027,2.0287553287287046,7.13,18.964736686286315,4.88,66.763,,9.04690738686528,105.83543676897092,38.82
514,2017-06-06,92.17004099259029,23.244755328728704,42.571,31.06929692812012,65.64,53.239999999999995,23.923000000000002,5.89690738686528,31.999322460857684,28.57
515,2017-06-07,68.97940905346317,13.599755328728705,26.809,5.726433807291656,48.86,50.949,72.41,31.966907386865277,65.080478287153,15.329999999999998
516,2017-06-08,93.88712005097916,9.308755328728706,67.6,5.726433807291656,9.257,68.41,,5.96690738686528,8.112716098761496,20.259999999999998
517,2017-06-09,55.6654659636464,45.50275532872871,54.416,17.08907550344997,87.278,106.96,69.64,0.06745840219133178,23.33870912158352,23.33
518,2017-06-10,116.8354659636464,32.43375532872871,31.269,16.292814860005393,71.945,88.07,51.56,71.773,41.757838533714256,35.829
519,2017-06-11,53.3654659636464,8.821755328728704,48.309,24.8109241808952,25.023000000000003,145.01,131.806,6.49,31.69969237336894,24.05
520,2017-06-12,71.86346596364639,42.794755328728705,62.323,12.412107626744444,124.222,198.33499999999998,42.510000000000005,55.784,30.134909403517888,82.097
521,2017-06-13,89.8634659636464,8.057755328728705,48.934,23.356153044306943,67.14399999999999,56.96,9.813,4.98,105.07871823803781,22.69
522,2017-06-14,78.8644659636464,17.218755328728705,24.604,14.933878881896833,132.766,16.169999999999998,15.034,,20.77844860571871,23.08
523,2017-06-15,51.3204659636464,11.912755328728705,99.143,41.08840093256763,86.49300000000001,50.557,27.277,12.33,32.58172959775053,36.69
524,2017-06-16,143.4984659636464,40.443755328728706,197.625,30.249245927000175,84.608,32.283,11.02,,65.90631923785365,18.921
525,2017-06-17,85.1654659636464,3.831755328728705,41.08,20.42506312431967,27.283,57.108000000000004,23.03,39.769999999999996,95.53742588703437,52.33
526,2017-06-18,124.4344659636464,0.7417553287287048,34.14,8.335063124319674,3.159,79.19,13.373000000000001,23.614,90.70950793970655,42.919999999999995
527,2017-06-19,30.395465963646405,19.993755328728703,26.528,30.180414664384593,107.723,53.36,11.602,9.84,111.85586031787868,31.570000000000004
528,2017-06-20,87.8154659636464,33.60475532872871,66.473,29.928687427241186,54.86,82.182,19.292,,69.17497681747929,33.58
529,2017-06-21,37.909150174172716,26.711755328728703,39.543,33.05602367585984,99.758,60.872,24.338,12.0,106.83200682472132,10.959999999999999
530,2017-06-22,17.401781753120083,46.89975532872871,57.824,25.47123562775773,150.041,70.17,10.534,11.5,61.82813297370853,34.19
531,2017-06-23,94.60546596364641,18.651755328728704,66.605,41.64863725573854,78.347,15.637,5.21,15.187999999999999,127.35068583332725,45.328
532,2017-06-24,76.7504659636464,4.321755328728705,55.34,29.62528490676009,15.509999999999998,86.54,,24.3,72.19038175030414,14.829999999999998
533,2017-06-25,58.44415827133871,6.871755328728705,35.129999999999995,15.89749896595048,11.62,99.24033783783784,16.611,18.942,41.177003131682326,16.71
534,2017-06-26,106.75977365595409,22.267755328728708,50.742000000000004,47.56562934673794,102.22999999999999,129.22666216216217,33.762,9.08,77.64377514674902,32.47
535,2017-06-27,33.275465963646404,16.611755328728705,30.436,22.371457762108438,134.943,98.67,70.67999999999999,14.51,19.733514282583773,50.338
536,2017-06-28,23.7554659636464,54.75375532872871,58.367,37.55804158467865,43.963,109.32300000000001,22.979999999999997,29.732,51.99199465748969,42.836
537,2017-06-29,57.037465963646405,34.9607553287287,46.02,40.33001614440712,130.175,87.66999999999999,67.34,16.0,32.015592026102944,14.99
538,2017-06-30,90.7094659636464,39.953755328728704,34.02,30.746786209483037,63.472,46.11,38.14,24.671,59.668800168444896,31.35
539,2017-07-01,161.0454659636464,0.7417553287287048,,28.134171028373736,19.29,53.489999999999995,42.81,20.560000000000002,10.354243371426506,48.089999999999996
540,2017-07-02,99.6754659636464,1.9698400033538768,3.84,3.3592798962236077,43.43,27.940656177695512,14.53,,23.502939863131704,50.14
541,2017-07-03,79.9554659636464,7.75837329570524,21.4,15.368155005382647,109.376,49.97344794076816,14.26,16.73,4.1779398631317015,23.02
542,2017-07-04,111.64460871822344,2.7655609680899067,62.66,16.58923601649068,51.134,114.45444794076816,7.994,,37.5521849569984,15.66
543,2017-07-05,121.00352986217459,2.686560968089907,24.93,4.2556524098924235,8.61,61.002447940768164,15.735999999999999,49.089999999999996,36.73521376656844,56.129999999999995
544,2017-07-06,32.30552986217458,18.896560968089908,27.832,23.55148285573454,66.02100000000002,87.60344794076816,33.119,14.09,9.032567568716127,49.78
545,2017-07-07,70.81026593606443,15.117560968089906,70.11500000000001,4.288849871578424,59.45,40.33044794076816,26.027,5.08,77.05032969093307,63.2
546,2017-07-08,98.10300000000001,22.424560968089907,25.896,19.68784987157842,33.478,127.59244794076817,9.344,107.419,57.71778008625451,46.870000000000005
547,2017-07-09,115.00999999999999,71.6235609680899,34.813,13.381578848417874,74.584,52.392447940768164,24.85,20.966,33.54825093003374,57.32000000000001
548,2017-07-10,140.948,3.900560968089907,46.542,8.194228173291512,3.0,85.97244794076816,2.85,,97.97092922251889,68.19
549,2017-07-11,43.022000000000006,49.8685609680899,42.949999999999996,4.549337461187278,68.648,153.61044794076815,132.71,16.147,22.321033804851435,74.277
550,2017-07-12,132.403,30.545560968089905,59.47,17.532509062827252,55.673,62.33244794076816,42.711,7.544,26.508202843783703,55.033
551,2017-07-13,47.366,19.328560968089906,25.725,13.793401287610843,67.94,64.11544794076816,,34.5,64.27532242753148,170.7883204134367
552,2017-07-14,115.57300000000001,14.175560968089906,25.278,13.913401287610844,29.568999999999996,109.02244794076816,7.734,15.8,108.1799713684218,80.3016795865633
553,2017-07-15,98.02473988439306,8.468560968089905,30.200000000000003,16.471401287610842,14.35,31.896447940768162,10.55,7.43,68.25181721355284,63.46
554,2017-07-16,163.64726011560694,6.171560968089906,31.97,5.2234012876108435,19.39,88.03544794076817,,49.878,116.32687836485178,16.23
555,2017-07-17,54.074000000000005,6.062560968089907,16.96,16.944401287610845,77.13499999999999,57.70744794076816,60.486999999999995,44.90910253583242,77.55840824083826,48.269999999999996
556,2017-07-18,32.57,12.824560968089907,29.19,5.2234012876108435,82.724,135.66244794076815,38.811,2.8088974641675857,22.50314330284502,17.87
557,2017-07-19,86.16,29.568560968089905,44.92,5.2234012876108435,58.764,42.74244794076816,21.111,30.05,38.99314330284503,29.470000000000002
558,2017-07-20,75.39999999999999,24.020560968089907,24.57,5.2234012876108435,52.596999999999994,121.40344794076816,51.662,38.048,40.99314330284502,64.381
559,2017-07-21,32.31,30.53256096808991,30.62,5.2234012876108435,60.815000000000005,69.32844794076816,11.4,9.26,39.543143302845024,33.9
560,2017-07-22,97.81,10.600560968089907,22.45,17.437401287610847,31.71,91.09244794076817,13.88,38.269,76.60966312663356,70.09
561,2017-07-23,85.15,0.46156096808990676,21.48,29.207401287610846,,44.54244794076816,35.42,14.439,86.01662347905648,62.230000000000004
562,2017-07-24,110.761,10.198560968089907,19.169999999999998,5.2234012876108435,127.27600000000001,122.70744794076816,8.46,,73.61274412167819,17.349999999999998
563,2017-07-25,102.23,3.328560968089907,67.44,5.2234012876108435,39.333000000000006,139.76244794076817,13.221,17.27,68.81854583971656,56.800000000000004
564,2017-07-26,81.482,8.477560968089907,38.93,5.2234012876108435,56.561,119.97544794076816,34.461,6.55,36.046139947140325,46.164
565,2017-07-27,61.08,45.14056096808991,22.79,5.2234012876108435,49.114000000000004,84.80244794076818,5.5600000000000005,59.160000000000004,133.99614330284504,47.287
566,2017-07-28,137.18,5.794560968089907,60.47,5.2234012876108435,31.891,177.12944794076816,4.8,14.116,57.0275710045193,88.0
567,2017-07-29,119.14,4.249560968089907,16.85,5.2234012876108435,6.09,62.64444794076816,,36.879999999999995,142.21771560117074,75.94946153846153
568,2017-07-30,111.33,26.586560968089906,22.07,11.649401287610845,20.35,64.87244794076817,6.731,2.1807899022801305,21.113143302845018,76.51153846153846
569,2017-07-31,92.28,34.44056096808991,24.36,10.932401287610844,46.394000000000005,141.65944794076816,,13.558210097719867,21.78191027951177,91.66999999999999
570,2017-08-01,68.91,0.46156096808990676,,12.963401287610843,17.24,30.57844794076816,49.090999999999994,96.51400000000001,15.022865086907988,66.777
571,2017-08-02,85.989,19.311506708495656,6.06,14.052829900647403,85.60300000000001,54.055905599259745,31.67,,50.82311284323121,42.249
572,2017-08-03,79.327,37.71124711472768,38.682,4.8860153406043505,47.647000000000006,51.765,,98.758,3.209112843231208,43.43
573,2017-08-04,75.01,9.0577478357082,27.765,4.983209995479745,,72.431,7.11,,8.062588305648825,14.81
574,2017-08-05,60.3,12.5427478357082,62.94,18.5709375987695,68.52799999999999,143.504,19.735,25.394216595512763,80.5681445194292,26.21
575,2017-08-06,65.66,23.9577478357082,41.125,25.42681784976144,70.6,77.079,20.542,26.301242619674813,26.763152246683934,43.94
576,2017-08-07,83.475,0.6717478357082006,21.67,16.365028661405745,5.84,74.45,,50.77124261967481,51.713497878307045,50.18
577,2017-08-08,41.567,20.7777478357082,28.88,5.051028661405745,118.68299999999999,26.25,,85.98024261967483,52.14370306859456,23.13
578,2017-08-09,110.98599999999999,23.2757478357082,76.35,16.59051218412899,76.381,52.099999999999994,51.539,0.0012426196748115178,56.215617276492985,58.139
579,2017-08-10,147.112,12.524630560183594,50.631,9.001694212937489,48.709999999999994,66.13,29.38,40.231242619674816,88.71320826499064,3.89
580,2017-08-11,95.596,29.348303997936643,65.139,4.965978125984661,72.54903197474955,74.78999999999999,54.07,81.62024261967481,90.4352834609644,67.954
581,2017-08-12,235.429,25.38830399793664,45.14,29.029675492495123,95.74968670234664,127.78,52.64,17.696242619674813,23.29764747559487,52.275999999999996
582,2017-08-13,93.89,4.146303997936643,24.97,4.546685893980035,16.715686702346645,95.854,13.052,0.0012426196748115178,42.684119632026274,18.759
583,2017-08-14,84.847,15.301303997936644,43.484,14.356346271338527,70.10068670234664,129.07999999999998,28.240000000000002,23.845242619674814,86.31628776049148,29.547999999999995
584,2017-08-15,71.283,36.05830399793664,42.053,12.665025516621549,90.09368670234664,82.868,32.150000000000006,43.055242619674814,58.83885059377523,78.965
585,2017-08-16,114.744,0.8793039979366438,37.173,4.546685893980035,71.01168670234664,57.980000000000004,17.78,1.7742426196748113,146.96413132064586,47.22
586,2017-08-17,94.06,11.761303997936645,23.549999999999997,4.546685893980035,46.196686702346646,54.998,30.830000000000002,45.25524261967482,177.2096347532596,43.86
587,2017-08-18,186.848,30.354303997936643,42.69,20.293685893980033,73.38168670234664,47.419,21.35,29.953242619674814,80.67843609146827,23.259999999999998
588,2017-08-19,145.825,2.875303997936644,22.82,10.286685893980035,24.952686702346647,63.305,,27.40124261967481,58.25646018709008,50.46
589,2017-08-20,103.46694623655914,3.619303997936644,40.3,4.546685893980035,7.548686702346644,67.84,36.549,74.38324261967482,79.43031635091484,73.589
590,2017-08-21,77.77105376344086,8.836303997936644,70.168,6.386685893980036,77.63868670234665,72.712,25.38,3.7262426196748115,24.30062941173238,87.494
591,2017-08-22,91.571,13.165303997936643,53.859,13.286685893980035,88.36668670234666,53.379999999999995,74.56447368421053,18.09124261967481,52.898891219581,87.8
592,2017-08-23,77.40299999999999,65.09430399793665,49.55,4.546685893980035,74.45668670234664,21.37,55.78852631578947,6.1212426196748115,82.04954606848993,33.05
593,2017-08-24,138.264,18.920303997936642,33.431,4.546685893980035,136.09568670234663,116.75,47.75,41.11124261967481,19.91184576267954,34.86
594,2017-08-25,110.9929946380697,19.147303997936643,44.16,4.546685893980035,58.27768670234664,62.317,26.51,17.61824261967481,86.80184576267953,24.11
595,2017-08-26,97.96500536193028,21.677303997936644,8.81,4.546685893980035,15.368686702346645,75.78,54.262424242424245,28.181242619674812,107.15384576267954,70.66
596,2017-08-27,108.46600000000001,0.8793039979366438,31.14,4.546685893980035,65.13168670234666,71.546,39.267575757575756,0.0012426196748115178,95.07184576267954,83.621
597,2017-08-28,131.44,31.12030399793664,74.06656756756757,34.79668589398003,109.86268670234665,172.828,29.06,36.29124261967481,16.90184576267954,32.05
598,2017-08-29,99.11699999999999,37.64630399793664,53.11343243243243,4.546685893980035,92.06868670234664,85.711,35.58,7.951242619674812,14.761845762679538,83.88
599,2017-08-30,80.92,19.462303997936644,60.662,4.546685893980035,161.02168670234664,69.93,59.449999999999996,27.670242619674813,8.391845762679539,21.05
600,2017-08-31,115.564,35.66530399793664,19.45,4.546685893980035,54.45468670234664,66.81,16.4,15.641242619674813,2.911845762679538,44.370000000000005
601,2017-09-01,121.02,0.8793039979366438,16.02,30.97150387911784,1.8766867023466447,14.835,6.24,17.431242619674812,28.545559797067657,26.326
602,2017-09-02,98.0,3.3617638561915526,4.0,4.65558479240051,4.260686702346645,35.79,13.68,19.931242619674812,23.71486736667663,73.68599999999999
603,2017-09-03,90.34,20.027838679010188,37.913,5.281097147161128,68.31968670234664,57.642,29.580999999999996,17.411242619674812,3.5208673666766295,50.091
604,2017-09-04,45.066,1.2898386790101886,76.77,16.025640913844796,0.9886867023466448,72.66,,18.10124261967481,42.5308593842745,23.651000000000003
605,2017-09-05,92.906,28.70383867901019,17.99,4.663675172813154,66.87468670234665,98.56,9.488,18.800504814242892,45.85229917144203,62.24000000000001
606,2017-09-06,119.529,4.1898386790101885,44.689,29.150243858561392,68.21068670234665,92.55,15.32,53.102000000000004,54.88597178255209,30.799999999999997
607,2017-09-07,86.935,10.30583867901019,34.1,4.046524117381481,0.9886867023466448,36.81,,12.105,59.000732482635506,41.34
608,2017-09-08,85.0,19.300838679010187,14.33,4.046524117381481,122.92668670234664,109.838,43.024,37.765,67.94268263333076,69.236
609,2017-09-09,89.66,22.832838679010187,,16.50652411738148,43.380686702346644,38.199999999999996,32.39,59.888,29.59068263333076,104.77
610,2017-09-10,96.152,19.351714925453017,123.944,11.259410698383903,35.60768670234664,99.58,11.65,11.033999999999999,61.801183487511565,61.4
611,2017-09-11,155.03,28.920282516781747,103.36999999999999,10.72014002602825,36.85336695485149,62.54,83.84,66.298,19.67063759410962,82.75999999999999
612,2017-09-12,97.17,64.08628251678175,22.32,15.809955045467374,12.75,55.53,39.719,,12.796664282571292,98.413
613,2017-09-13,154.984,39.915282516781744,29.720000000000002,51.85553760151159,77.955,119.60551141610172,64.12,,7.835664282571292,116.03388907876958
614,2017-09-14,129.15200000000002,13.542282516781745,11.94,26.0048666172995,138.05399999999997,69.89,18.24,9.83,43.35866428257129,58.940000000000005
615,2017-09-15,101.33,24.180282516781745,47.906,30.474935255334827,77.585,69.36999999999999,28.84,7.05,59.27066428257129,60.4
616,2017-09-16,91.69999999999999,2.0822825167817456,49.010000000000005,22.85614186970675,43.752,103.02,18.149,13.98,85.11866428257129,100.444
617,2017-09-17,137.39,2.8922825167817456,17.310000000000002,14.13614186970675,,84.83,14.24,9.786,42.00766428257129,47.102000000000004
618,2017-09-18,79.016,23.396282516781742,10.115,37.91431717829295,117.933,171.81794871794872,17.65,44.89,39.14766428257129,82.267
619,2017-09-19,137.94,19.469282516781746,18.62,42.71703369715276,108.493,224.62905128205128,75.44,37.959999999999994,28.927664282571293,27.34
620,2017-09-20,114.753,30.031282516781747,26.006,28.443826707583554,92.12299999999999,54.76,47.1,65.166,12.257664282571293,37.39
621,2017-09-21,75.78800000000001,37.80128251678175,41.845,32.52925683326451,74.701,146.097,57.68,18.423000000000002,16.395664282571293,52.017678571428576
622,2017-09-22,183.63,9.708282516781745,20.36,33.75634056732824,55.315,55.129999999999995,,16.062,53.901664282571296,28.252321428571438
623,2017-09-23,72.152,7.601282516781746,23.646,12.87922923901576,16.518657534246575,121.24000000000001,7.978,60.111,67.28866428257129,12.93
624,2017-09-24,159.759,1.0822825167817454,15.500000000000002,12.87922923901576,56.46534246575342,98.738,,21.62,48.61466428257129,20.89
625,2017-09-25,158.59517027863777,56.573282516781745,52.731,52.110029504778225,87.848,131.45,,12.56,42.57400284993042,40.137
626,2017-09-26,136.39182972136223,22.16928251678175,51.949,21.779538941571275,98.017,82.123,,,43.355010181231584,88.57
627,2017-09-27,42.431,55.64828251678174,32.911,31.4319736671635,123.05199999999999,70.54599999999999,4.84,41.47,37.215355507159614,63.06
628,2017-09-28,118.55629749103943,11.791282516781743,26.524,19.746208655914103,75.31899999999999,115.393,,23.536,38.36339893679115,93.33000000000001
629,2017-09-29,247.71270250896055,34.792282516781746,125.60999999999999,37.033890641552254,70.877,68.15773673870335,,3.9219999999999997,166.5605935417041,44.370000000000005
630,2017-09-30,147.109,4.281282516781745,11.440000000000001,5.0949550454673735,63.22,75.80626326129665,9.954,45.854,116.7143754410853,33.761
631,2017-10-01,57.51,21.892282516781744,,16.818550107305185,31.73,55.97,16.4,,10.752830268962441,48.74
632,2017-10-02,63.39012030521795,4.0894994481355145,15.58,17.976890492388225,16.96,11.205,25.512,11.22,71.80599394250503,30.129999999999995
633,2017-10-03,110.2548313990679,9.658931423280135,46.93,4.38840861298541,61.244,63.279,24.22,41.113,3.84506505371898,38.620000000000005
634,2017-10-04,47.3378313990679,24.673931423280134,97.03999999999999,12.956667444293352,4.875,111.445,,8.83,19.31909206415483,38.554
635,2017-10-05,33.13183139906789,13.295931423280136,26.177,12.881677198933254,121.696,51.090999999999994,58.06,34.474,82.87709618016537,38.66
636,2017-10-06,54.0348313990679,19.264931423280135,31.26,20.380537586578747,39.34,47.56,,48.869,25.86912710095236,89.405
637,2017-10-07,74.3888313990679,15.595931423280135,56.181,11.259537586578746,54.733,81.654,29.57,19.484,24.06571050417633,53.11
638,2017-10-08,150.9378313990679,44.24893142328013,11.97,4.920537586578746,55.441,56.488,9.86,48.82864026931709,116.14104265404089,20.57
639,2017-10-09,40.6108313990679,0.06093142328013508,23.560000000000002,4.920537586578746,2.94,80.61050531914894,14.780000000000001,2.459634498236614,39.05404265404089,31.79
640,2017-10-10,158.1088313990679,24.893931423280133,40.06,12.487767444932635,61.815999999999995,100.23765957446807,41.31,67.39463449823661,49.62267218096684,83.72
641,2017-10-11,210.8648313990679,14.755931423280135,40.29,11.890944940087884,45.111000000000004,134.69765957446808,35.74,9.629634498236614,41.00278452135241,35.39
642,2017-10-12,124.52483139906789,24.510931423280134,7.72,14.078896262995134,33.562,42.56365957446808,10.706,50.48363449823661,67.3948311559768,76.51
643,2017-10-13,76.7848313990679,35.20493142328014,26.27,23.91334065915074,49.504,91.48765957446808,65.35,2.459634498236614,102.21691520809085,26.23
644,2017-10-14,202.7768313990679,15.400931423280136,16.48,9.720720536067194,,121.31765957446808,52.326,35.610634498236614,127.28619337674893,73.882
645,2017-10-15,161.6548313990679,0.06093142328013508,19.810000000000002,19.487720536067194,2.28,83.86165957446808,67.07,2.459634498236614,151.30731436646002,48.63
646,2017-10-16,72.75883139906789,17.865931423280138,30.86,22.050351285311084,83.03,40.05367286350463,43.2,10.929634498236615,59.6084790960517,30.61
647,2017-10-17,70.7938313990679,13.623931423280137,15.428999999999998,28.166790164405683,51.314,175.27664628543153,14.31,35.27963449823662,73.00697474684652,61.19
648,2017-10-18,99.9578313990679,41.18893142328014,13.169999999999998,27.797574597278686,55.221,128.97765957446808,19.46,17.202634498236616,137.29907657653334,53.459999999999994
649,2017-10-19,101.0618313990679,37.74893142328013,18.637999999999998,20.220884432247576,45.746,111.61818802975264,17.509999999999998,26.679634498236613,136.42679420447564,85.631
650,2017-10-20,112.1948313990679,42.86593142328013,16.27,25.608019922926204,71.708,28.11213111918353,49.627,27.262634498236615,84.0338311559768,17.79
651,2017-10-21,140.0348313990679,8.008931423280135,10.969999999999999,10.663012436115862,82.71,65.84765957446808,32.448,61.229634498236614,96.4028311559768,34.873000000000005
652,2017-10-22,208.34983139906788,11.802931423280137,10.651,24.86301243611586,,61.30765957446809,49.36,66.4486344982366,119.31831371411633,54.471
653,2017-10-23,169.6748313990679,45.991931423280136,74.098,20.771564923473754,23.367999999999995,118.95965957446808,53.188,5.1496344982366145,86.55948652887176,32.871
654,2017-10-24,153.56880616247483,20.185931423280135,47.44,42.94214935740702,131.08100000000002,157.12165957446808,30.742631343283584,5.029430602132718,92.61034665454521,56.9
655,2017-10-25,145.57985663566095,48.48793142328013,43.529,35.74189827062408,44.185847593582885,152.98465957446808,71.19336865671642,36.817814004096604,53.11417772637392,45.78999999999999
656,2017-10-26,179.5618313990679,19.087931423280132,26.216,30.3517219193005,36.36315240641712,85.54765957446808,102.133,29.093658888480515,138.95905972740536,78.86
657,2017-10-27,244.1848313990679,61.61493142328013,62.093,16.7150162443222,68.838,49.081659574468084,59.27,8.381634498236615,153.99905077107672,38.28
658,2017-10-28,179.7228313990679,15.409931423280133,64.1,28.990438404225202,12.14,66.06765957446808,34.778999999999996,29.931634498236612,130.98682301115844,44.28
659,2017-10-29,270.12083139906787,29.642931423280135,23.835,13.130438404225202,14.33,92.69765957446809,18.814,12.129634498236614,61.40140806341923,47.42
660,2017-10-30,118.9458313990679,33.90493142328013,47.87,50.221052895627516,130.739,38.02765957446809,93.78999999999999,34.66063449823661,63.94995119312563,60.256
661,2017-10-31,130.6318313990679,73.79193142328013,51.13,22.557462422145097,77.863,77.12265957446809,39.284,55.63663449823661,83.55499536636589,65.989
662,2017-11-01,126.0888313990679,12.313811173228656,37.97,23.41269004842512,53.477,41.041659574468085,11.793,23.369634498236614,23.6560850723777,54.607
663,2017-11-02,168.52183139906788,33.55159361582975,52.403000000000006,4.348357709853039,32.297,96.58465957446808,13.92,19.054634498236613,79.39523286385845,78.07300000000001
664,2017-11-03,39.5748313990679,0.48059361582975546,25.07,4.348357709853039,18.59,31.927659574468084,16.7,16.982634498236614,3.417859026676085,48.35
665,2017-11-04,82.91683139906789,28.704593615829754,48.528999999999996,3.93067592001284,,77.15365957446808,,45.58063449823661,53.1144131044572,42.1
666,2017-11-05,42.434831399067896,23.295593615829755,59.0,16.072562747058413,78.998,86.29965957446808,34.692,26.339634498236613,20.58022592884329,38.77
667,2017-11-06,46.944831399067894,9.720593615829756,,10.932487838426255,,39.510659574468086,16.412,9.379634498236614,54.657133959623486,64.45
668,2017-11-07,28.434831399067896,10.865593615829756,64.935,4.079721292745717,35.638000000000005,53.12165957446808,19.58,9.986634498236613,56.63141739587694,98.16
669,2017-11-08,194.07831180301312,5.3435936158297554,54.67,4.079721292745717,61.648360420380975,64.05765957446809,36.817,6.8683247835849475,76.61941739587694,34.910000000000004
670,2017-11-09,154.51813337068566,12.918593615829755,51.22,29.13924414846649,90.45980745050201,94.60583939590448,31.84,50.001000000000005,11.80141739587694,33.019999999999996
671,2017-11-10,97.73013337068565,26.463593615829758,21.79,21.645966848526292,39.86680745050202,77.16658142597258,65.81,36.37,100.96577297441684,68.78999999999999
672,2017-11-11,73.07213337068565,32.35059361582975,80.9,15.530489141580835,25.234807450502014,82.52942517522517,38.311,6.21,72.2474436061509,50.635513683526376
673,2017-11-12,111.46013337068564,47.065593615829755,86.05499999999999,21.172913752759936,99.96980745050202,93.26942517522518,44.775000000000006,7.44,11.138974120650602,59.27745015203918
674,2017-11-13,104.20813337068564,15.841593615829755,65.993,38.81948478153517,123.79680745050203,39.13942517522517,36.322,5.02,23.668903867722477,47.90745015203918
675,2017-11-14,100.52013337068564,17.56559361582975,58.467999999999996,32.09831541026199,59.32280745050202,146.80042517522517,85.37,15.47,83.33823296496405,72.89745015203918
676,2017-11-15,111.92013337068565,85.41859361582975,29.560000000000002,28.87192285107345,118.92680745050201,93.66542517522518,60.59,4.51,26.887916349664387,41.87745015203918
677,2017-11-16,179.21313337068565,48.162593615829756,14.69,51.32337478058769,104.18980745050202,121.20442517522518,44.294,39.929,44.77461749379988,92.50645015203918
678,2017-11-17,125.36513337068565,38.324593615829755,21.84,32.686206827392716,69.07080745050202,104.97542517522517,35.141999999999996,,55.92752736073053,22.917450152039184
679,2017-11-18,128.37713337068564,47.86959361582976,69.939,29.503651298929512,24.70580745050201,116.12442517522518,19.939999999999998,,16.443646687022287,77.96745015203919
680,2017-11-19,116.22913337068564,14.640593615829756,39.39,21.38565129892951,83.56580745050202,150.76642517522518,41.171,16.811,102.00033352868442,98.56345015203918
681,2017-11-20,72.79713337068564,30.339593615829756,35.897,56.08921870829869,71.68380745050202,99.06842517522517,74.16000000000001,2.552,55.626373333306425,27.213450152039183
682,2017-11-21,107.77013337068564,14.798593615829757,43.46,34.1529482680487,146.792807450502,106.07842517522518,73.13,14.283,37.128422707168156,115.90045015203917
683,2017-11-22,227.99713337068565,29.864593615829754,102.88,45.718462340084365,80.86980745050202,109.9610941407424,49.769999999999996,,31.938005008681493,46.491450152039185
684,2017-11-23,158.47913337068564,33.708593615829756,31.064,33.15035026418865,113.45780745050202,181.73075620970792,61.757999999999996,12.33,52.51366249600075,38.44345015203918
685,2017-11-24,168.25013337068566,59.150593615829756,34.212999999999994,52.63803571141513,43.15580745050202,136.67542517522517,60.103,26.57,58.28104765006236,41.30745015203918
686,2017-11-25,307.1651333706856,40.269593615829756,45.939,40.74654318183375,0.7558074505020174,152.11642517522517,16.57,,86.6609741206506,79.89745015203918
687,2017-11-26,181.65513337068563,42.852593615829754,15.68,28.536543181833743,17.34580745050202,112.52942517522517,25.423000000000002,20.5,16.7459741206506,21.30745015203918
688,2017-11-27,165.32013337068565,48.74159361582976,50.989999999999995,48.31513036332452,86.56380745050203,121.16942517522517,57.958999999999996,43.126000000000005,51.33197412065061,46.22287778361813
689,2017-11-28,103.93213337068565,59.46059361582975,32.480526315789476,43.90791771523501,82.72280745050202,192.37542517522516,42.189,55.102000000000004,54.4689741206506,37.342022520460226
690,2017-11-29,179.19013337068563,34.80759361582975,38.50247368421053,43.62026108259467,115.93680745050202,123.17942517522516,50.205,36.587,63.531974120650595,67.62745015203919
691,2017-11-30,159.30713337068562,23.65159361582975,39.5,33.55056974652525,109.34480745050202,76.76942517522517,20.48,23.17,64.8789741206506,86.78545015203919
692,2017-12-01,107.28113337068564,0.21326341702434934,,15.673911937484334,55.19080745050203,46.529425175225164,12.390999999999998,,3.0717838542277014,47.16745015203918
693,2017-12-02,50.137959487311065,12.536,25.95,11.862822835311713,21.105807450502013,121.88242517522517,6.41,24.759999999999998,42.91852387480654,70.28045015203918
694,2017-12-03,49.13530197161774,33.943999999999996,63.14,3.258815274771575,0.7558074505020174,45.43542517522516,49.437,16.256,2.861523874806536,39.406450152039184
695,2017-12-04,77.61030197161774,10.077000000000002,85.529,28.21272005530886,0.7558074505020174,49.95942517522517,,43.11,8.107729432067064,48.314450152039186
696,2017-12-05,45.42530197161774,32.804,68.988,22.568537900368984,27.68480745050202,41.63742517522517,18.508000000000003,7.59,34.58254552498582,39.99345015203918
697,2017-12-06,80.33530197161774,27.971,18.49,19.894574757137583,95.09180745050202,174.94942517522517,9.366,,35.64246227592939,17.877450152039184
698,2017-12-07,26.294301971617745,14.951,34.599000000000004,2.075320295147749,30.918807450502015,81.38942517522517,22.049999999999997,56.80499999999999,54.23512417214412,23.21745015203918
699,2017-12-08,44.1847624191403,7.929,47.086,15.407320295147748,49.33522351506084,34.239425175225165,22.53,57.221000000000004,92.68780527311515,43.66445015203918
700,2017-12-09,85.672,6.336,62.330999999999996,1.6601308702370032,106.80600000000001,134.72491892609273,14.27,,43.39180527311515,28.247450152039185
701,2017-12-10,136.26,23.689,20.8,5.615450408328816,59.14100000000001,99.4029513764322,10.36,19.69,62.501772726005676,37.867450152039176
702,2017-12-11,131.824,,32.45,11.755218032360629,71.23,121.457,66.789,25.77,35.77526214094331,21.783431907337103
703,2017-12-12,154.79,52.532,26.932000000000002,24.96688314484434,46.214999999999996,128.94,35.14,14.57,27.0,109.041
704,2017-12-13,126.169,46.016999999999996,31.57,20.00604729278828,63.897,68.28,40.796,,22.099,64.83
705,2017-12-14,163.339,32.074,31.919999999999998,15.783603367375104,41.907000000000004,89.89699999999999,40.129999999999995,,19.698999999999998,58.419999999999995
706,2017-12-15,72.69999999999999,26.891,53.471999999999994,9.652020425062103,35.673,58.49,45.599999999999994,18.3,38.929,45.44
707,2017-12-16,112.156,15.863999999999999,45.55,6.762020425062103,30.171,29.11,13.879999999999999,52.404,11.423,68.959
708,2017-12-17,35.101,6.713,28.189999999999998,7.5901785006634785,38.07,64.92,37.18,8.704,43.263,35.018
709,2017-12-18,214.038,23.804,33.057,31.694134723001582,146.735,97.889,113.815,36.697,22.0,55.54
710,2017-12-19,128.36,45.345,32.46,9.769052113092412,129.086,152.87,31.644,15.25,18.052,61.882000000000005
711,2017-12-20,80.69,38.429,25.42,0.8166723350373328,66.949,75.06,9.19,18.25,14.192,53.532
712,2017-12-21,118.87,20.297,42.650999999999996,6.686672335037333,40.568,128.676,44.11,5.11,46.708,85.742
713,2017-12-22,161.62466666666666,61.841,53.669,0.8166723350373328,16.301,108.375,25.450000000000003,96.35000000000001,37.516999999999996,107.489
714,2017-12-23,156.31533333333334,45.966,6.69,0.8166723350373328,,148.195,5.66,11.8,76.70599999999999,75.12
715,2017-12-24,57.8,9.989,4.19,0.8166723350373328,,72.47369317118803,41.83,19.02,27.0,11.18
716,2017-12-25,23.84,,8.85,0.8166723350373328,92.90299999999999,41.52430682881197,20.14,13.218,,4.65
717,2017-12-26,91.295,,33.633,0.8166723350373328,22.692,93.27000000000001,44.98,15.058,67.33526615969582,26.63
718,2017-12-27,195.94100000000003,45.665,39.613,0.8166723350373328,47.415,82.76400000000001,28.389999999999997,5.19,87.69473384030418,54.05800000000001
719,2017-12-28,153.368,15.781,26.53,0.8166723350373328,62.629999999999995,42.547,65.549,29.339,101.881,29.038
720,2017-12-29,175.5,2.845,4.87,0.8166723350373328,16.07,43.760000000000005,24.13,19.49,33.0,25.0
721,2017-12-30,199.97,49.832,13.53,0.8166723350373328,45.282000000000004,77.25,9.88,94.988,27.275,4.96
722,2017-12-31,76.852,,19.09,0.8166723350373328,21.97,28.7,25.13,15.07,37.0,30.96
723,2018-01-01,13.8,,8.27,0.8166723350373328,13.02,58.18,8.725999999999999,,10.610999999999999,5.01
724,2018-01-02,156.833,29.616,3.779,19.46572038691631,34.77,74.17,51.004999999999995,13.975,76.276,95.012
725,2018-01-03,70.5,,21.1,1.4887870232366955,16.985,,59.753,6.75,46.879999999999995,34.42
726,2018-01-04,329.82345883788906,33.855,19.94,6.272787023236695,80.67106382785957,67.735,39.491,,83.581,31.04639248253737
727,2018-01-05,238.128,35.46,30.333000000000002,21.185868183313605,61.658319139297845,142.06,34.245000000000005,,23.54,95.42532208595937
728,2018-01-06,139.55,39.878,17.201999999999998,46.507353844198065,74.95931913929785,182.787,21.8,,40.46,55.65432208595937
729,2018-01-07,50.4,3.709,24.5,16.70700729542802,29.584319139297847,102.70400000000001,11.001000000000001,64.87199863455413,86.84700000000001,18.268322085959362
730,2018-01-08,191.15,61.348,42.61,46.90821106913342,83.67631913929786,102.55,60.65,29.86,18.81,64.40432208595936
731,2018-01-09,310.53,17.358999999999998,37.23,9.879211069133428,68.94731913929785,100.96,106.37,100.75709406785688,196.415,87.90432208595936
732,2018-01-10,186.413,21.516,40.6,35.11621106913343,138.70831913929783,183.192,125.41999999999999,28.080999999999996,69.03999999999999,44.45032208595936
733,2018-01-11,210.912,76.584,45.83,45.57453416244305,95.13031913929784,202.481,33.554,47.947,44.321,41.50332208595936
734,2018-01-12,108.085,,30.880000000000003,2.523596012603741,22.56531913929785,241.256,60.41,39.036,143.70499999999998,98.96216819262881
735,2018-01-13,146.794,21.880999999999997,11.083043478260869,2.523596012603741,32.81631913929785,97.55,35.74,5.03,21.285,74.05255603451401
736,2018-01-14,95.85,33.415,22.55695652173913,15.673596012603744,2.465319139297848,92.99,34.87,14.413,53.308,73.717556034514
737,2018-01-15,265.447,49.031,13.012,56.657780786077446,54.884319139297844,148.53,32.588,27.527000000000005,85.14826086956522,39.616556034514005
738,2018-01-16,83.904,8.64,18.126,29.788436493054185,112.71231913929786,160.23,27.080999999999996,20.555,9.331739130434784,39.735556034514005
739,2018-01-17,54.44,48.84,77.584,26.66189897220353,61.28531913929785,73.29299999999999,8.167,4.88,18.0,64.45955603451401
740,2018-01-18,109.22999999999999,52.066,20.769,29.892679449973695,73.59631913929786,119.27,77.19000000000001,13.104,8.0,75.339556034514
741,2018-01-19,68.118,31.971,102.692,28.15362735515132,96.83031913929786,101.1,11.82,7.375,10.038,18.012556034514006
742,2018-01-20,158.43766666666664,15.098,4.16,21.42199422733223,35.69031913929785,79.56,16.185,24.326,18.490000000000002,45.646556034514
743,2018-01-21,135.33833333333334,10.44,9.16,22.751994227332233,17.665319139297846,133.72400000000002,14.746,27.234,,39.602556034514
744,2018-01-22,57.45,16.049,8.2,49.88368416465963,66.41731913929785,210.78,96.574,27.775,12.0,40.730556034514
745,2018-01-23,49.18,48.692,47.28,25.610679365800415,118.83431913929785,103.1,11.82,7.12,15.313999999999998,29.982556034514012
746,2018-01-24,67.745,40.896,45.69,27.95749088082268,49.57531913929785,257.286,85.702,6.28,56.753,31.731556034514004
747,2018-01-25,81.365,12.691,27.51,49.14880471505293,2.465319139297848,97.87,43.07,26.7,29.09,57.903556034514004
748,2018-01-26,99.03,25.3,31.37,24.653645887896616,63.914319139297845,156.75,62.569,4.77,29.379,32.053556034514
749,2018-01-27,144.10584615384616,41.972,,15.878221966802215,45.23631913929785,77.09,38.985,,85.09,84.142556034514
750,2018-01-28,100.84615384615384,14.291999999999998,23.306,15.878221966802215,57.304319139297846,63.53,65.356,15.25,66.1,8.242556034514005
751,2018-01-29,132.557,18.533,11.120000000000001,17.959483255125146,76.01931913929785,109.565,20.73,33.78,51.781,61.264556034514
752,2018-01-30,111.27000000000001,24.551,28.958000000000002,24.59387567754403,84.73431913929784,152.833,64.19,16.7,6.0,75.781556034514
753,2018-01-31,71.56,16.575000000000003,15.92,13.82962134561571,106.02931913929785,104.50800000000001,55.116,,17.130000000000003,26.640556034514006
754,2018-02-01,117.327,25.33,42.76,2.523596012603741,43.71531913929785,161.78,57.081,30.85,45.35,39.065556034514
755,2018-02-02,160.19726712293783,17.737,32.08,2.2534114531528506,28.614319139297848,118.801,23.424,8.175,26.87,106.723556034514
756,2018-02-03,54.34906992185505,11.422,14.18,2.532190989060799,2.465319139297848,65.57,,35.522999999999996,13.010000000000002,58.972556034514
757,2018-02-04,256.52706992185506,35.635000000000005,39.036,20.211395701257363,41.473361993204605,148.22400000000002,77.27000000000001,32.345,105.38,31.608178887236402
758,2018-02-05,140.92706992185504,1.46,75.485,19.893771832511174,158.23000000000002,50.98,48.5,18.541,23.89,61.05623394855464
759,2018-02-06,146.95906992185505,21.224,28.128,19.619972718423124,19.721,89.39,14.07,14.133,77.29499999999999,69.09823394855464
760,2018-02-07,147.70906992185505,20.555,31.159999999999997,18.962752686975794,41.629999999999995,142.397,51.7,51.665,22.049,68.21623394855465
761,2018-02-08,99.18106992185506,37.593,60.86,29.745752686975795,89.953,119.75,110.175,32.040000000000006,14.92,47.83623394855464
762,2018-02-09,181.47906992185506,,43.07,2.840752686975796,71.548,124.78,56.743,14.05,110.289,30.08123394855464
763,2018-02-10,217.73306992185505,39.741,96.41,47.61675268697579,114.044,258.41,43.8,6.176630098879701,82.52,48.79723394855464
764,2018-02-11,293.22406992185506,49.866,53.799,17.540074654079596,39.33,218.81,52.323,85.63680077384113,63.702,55.19623394855464
765,2018-02-12,308.644069921855,,64.79,2.6189413048282844,34.86,144.8666122818944,51.15,66.89680077384114,65.22800000000001,61.62953136283097
766,2018-02-13,127.66906992185505,49.135999999999996,39.18,37.950283015092374,68.27099999999999,122.76233045533112,64.126,13.085800773841136,18.656999999999996,60.334999999999994
767,2018-02-14,62.10906992185505,27.303,43.39,25.591851292880076,63.596,96.07760904160972,73.204,22.629357668084776,36.0,68.355
768,2018-02-15,92.43906992185505,56.986,56.089999999999996,26.237561245155355,45.837999999999994,141.06946974847042,65.584,25.40524387959749,60.45,73.287
769,2018-02-16,140.73984383489855,20.895,,26.05555469793239,67.667,91.73946974847043,68.279,21.925800773841136,83.395,35.35
770,2018-02-17,161.86829600881157,14.511000000000001,74.0,21.81836233072976,38.81,54.23946974847043,25.53,2.6658007738411347,126.274,106.678
771,2018-02-18,74.14406992185505,,35.38,13.838362330729755,,88.82546974847044,57.508,36.63580077384114,26.809,68.931
772,2018-02-19,121.71906992185505,33.564,15.280000000000001,36.38582676974953,68.03900000000002,86.97946974847042,68.34,46.06580077384113,41.617000000000004,56.517
773,2018-02-20,141.92906992185505,13.741999999999999,18.200000000000003,22.70622313927293,100.255,78.29946974847043,33.208,2.6658007738411347,92.05,123.72899999999998
774,2018-02-21,109.52906992185505,29.943,64.24900000000001,35.77466600858897,117.662,45.849469748470426,54.845,2.6658007738411347,39.72,65.57900000000001
775,2018-02-22,154.57906992185505,44.27,38.169,32.736714387663675,73.032,136.00846974847045,67.162,7.233800773841134,39.0,117.517
776,2018-02-23,177.89906992185504,65.65700000000001,51.68,22.400891533598386,108.423,110.53946974847041,74.42,31.855800773841136,74.15,83.284
777,2018-02-24,173.66106992185505,31.616,,74.82230771704201,49.098,179.15446974847043,34.09,52.07780077384113,27.686,83.33
778,2018-02-25,155.0997365885217,23.915,86.801,21.484307717042025,43.62,42.13546974847043,33.889,14.914800773841137,60.883,59.2
779,2018-02-26,163.8884032551884,9.363,42.160000000000004,38.09509284503069,99.025,186.92546974847042,50.164,23.055800773841135,66.17,71.161
780,2018-02-27,87.85906992185505,57.606,62.126999999999995,64.43023320325268,118.82499999999999,78.70946974847043,80.05900000000001,8.405800773841134,78.53999999999999,120.802
781,2018-02-28,77.91906992185505,,15.37,3.1399915281641597,40.485,35.90946974847043,3.4369999999999994,26.462800773841135,31.6,53.836
782,2018-03-01,143.31406992185507,19.501,29.130000000000003,14.429991528164159,49.113,117.07646974847043,40.04,62.18580077384114,27.253,62.34
783,2018-03-02,174.76884498697584,15.0,7.27,3.1399915281641597,44.025,79.09946974847043,25.19,7.356800773841134,77.029,88.379
784,2018-03-03,158.463,0.78,5.38,3.027357105002072,5.05,18.919469748470426,12.13,2.6658007738411347,38.370000000000005,24.970000000000002
785,2018-03-04,247.38,39.282,15.0,15.593849984178172,53.145,156.93946974847043,43.414,64.56880077384113,60.480000000000004,48.66265019618578
786,2018-03-05,251.56491481785812,20.549,36.633,47.67540752063616,37.807,114.36846974847043,14.0,22.505800773841134,79.05,99.73470161511086
787,2018-03-06,151.3430386195563,13.280000000000001,,3.2910188799389943,20.259999999999998,49.859469748470424,38.67,40.87080077384113,175.024,34.84970161511087
788,2018-03-07,76.94903861955629,38.356,64.11,20.326772317930423,66.989,135.73546974847042,28.05,2.6658007738411347,22.086,61.59970161511087
789,2018-03-08,140.5990386195563,34.159,12.41,19.225772317930424,20.72,111.73946974847043,71.11,18.850800773841137,107.445,12.619701615110868
790,2018-03-09,243.2700386195563,64.31,116.276,22.437772317930424,99.606,155.95946974847044,49.08,30.807800773841134,81.38,50.77270161511086
791,2018-03-10,254.36903861955628,14.504999999999999,52.327,42.58577231793042,175.464,190.00446974847043,49.92,15.121749007410806,41.09,38.55270161511087
792,2018-03-11,185.0990386195563,14.39,63.81,17.947772317930426,30.702000000000005,187.80746974847042,77.988,80.916,144.476,127.93170161511087
793,2018-03-12,219.94545342580267,26.159,46.15,56.12777231793043,129.53199999999998,272.34370450940395,74.036,1.577,22.37,108.72470161511085
794,2018-03-13,99.37635961435096,26.636999999999997,69.204,38.61017641185418,118.01,60.86650774731824,11.951,7.77,16.139,101.7204393523442
795,2018-03-14,228.14135961435096,17.937,32.92,23.922028976082206,95.027,91.20249225268176,59.364,40.713,27.6,96.46370161511086
796,2018-03-15,135.51635961435096,41.026,39.629999999999995,34.85243243467084,136.635,111.92,100.48,,36.8,113.17270161511087
797,2018-03-16,164.34535961435097,52.897,17.65,80.8506449316555,83.703,44.071999999999996,86.879,,64.17999999999999,59.779701615110866
798,2018-03-17,114.30535961435098,7.33,39.32,54.85481968233073,79.327,199.236,2.2,,66.65299999999999,53.90970161511087
799,2018-03-18,198.82635961435096,23.512,28.589999999999996,13.409819682330728,,120.036,27.0,,71.83,13.890701615110867
800,2018-03-19,170.81935961435096,43.592,57.75,24.78292920387805,209.751,189.291,86.355,12.508999999999999,18.714,72.96770161511087
801,2018-03-20,152.27635961435095,22.665999999999997,23.352,35.3552829052797,62.099999999999994,112.04,72.797,24.194000000000003,35.977999999999994,76.92923503939463
802,2018-03-21,77.94635961435097,40.667,64.303,20.08492188447668,51.32,137.57,32.094,55.13499999999999,41.0,109.57016819082709
803,2018-03-22,87.32635961435096,39.431999999999995,35.395,23.916106896345685,89.374,152.31115974440894,38.737,19.374863157894737,39.641,100.01227656767253
804,2018-03-23,139.45635961435096,41.644000000000005,61.15,86.52411471546019,35.235,87.41484025559106,117.715,88.73713684210526,45.78,37.228126662549194
805,2018-03-24,154.63635961435097,10.981,51.479,35.383924766773426,38.33606666666667,111.71000000000001,31.853,9.453,26.59,54.89666115268312
806,2018-03-25,91.65435961435097,46.194,104.149,21.861691924578178,54.448578902953585,115.16418518518519,32.192,67.759,84.84,117.41074207753861
807,2018-03-26,158.84635961435097,16.934,33.05,18.864768156570825,116.72735443037973,162.5448148148148,13.641000000000002,23.259999999999998,36.08,80.51870161511086
808,2018-03-27,78.60635961435096,45.840999999999994,63.016999999999996,33.523075210316094,66.34100000000001,134.674,65.105,24.602999999999998,42.0,116.12570161511087
809,2018-03-28,194.42635961435096,26.845,43.345,46.84077466406195,83.785,108.8,70.93,19.651000000000003,81.529,54.469701615110864
810,2018-03-29,228.07635961435096,49.674,56.414,28.759350616103777,30.689999999999998,146.532,91.454,20.48,53.695,124.50570161511087
811,2018-03-30,177.87708312856284,43.79,25.14,13.471457799684165,142.28,112.67999999999999,70.883,14.76,117.12,72.02970161511087
812,2018-03-31,136.38563610013907,21.034,18.270000000000003,47.889457799684166,,128.6,19.26,10.56,26.060000000000002,62.639701615110866
813,2018-04-01,125.16635961435097,10.499,,8.006136418204138,60.872,63.61,52.372,5.5600000000000005,32.2,46.78370161511087
814,2018-04-02,152.38335961435095,3.81,16.76,8.153852997352395,41.405,98.07,33.115,20.61,125.34,24.864701615110867
815,2018-04-03,123.18435961435097,,20.465,8.153852997352395,31.962,59.371,21.715000000000003,,22.862000000000002,13.279701615110866
816,2018-04-04,190.68035961435095,29.019000000000002,46.980000000000004,7.875846497084521,61.498,174.481,93.54,21.494,69.221,32.51130135048799
817,2018-04-05,156.308123352085,68.332,38.273999999999994,19.721530529883484,36.782999999999994,68.66000000000001,77.58,21.778,51.51,64.09
818,2018-04-06,170.9703927247525,4.822,75.735,20.280973074669056,52.590999999999994,131.74,53.9,17.73,58.81699999999999,59.361000000000004
819,2018-04-07,113.99839272475248,30.149,24.47,14.443973074669053,31.575000000000003,136.85,108.144,43.22,59.859,44.449999999999996
820,2018-04-08,123.54939272475248,14.547999999999998,66.004,7.764973074669054,5.8,175.3,28.450000000000003,6.36,47.85,35.97
821,2018-04-09,121.44739272475248,45.496,86.303,30.704973074669052,175.03799999999998,274.56,65.75,42.362,73.517,73.884
822,2018-04-10,112.34039272475248,29.259,86.94,29.89897307466905,98.948,149.123,36.550000000000004,44.68881987090153,62.778,57.792210287086974
823,2018-04-11,160.0063927247525,,53.617000000000004,7.764973074669054,70.79,194.862,32.88,10.80126135519389,64.414,85.69469508490144
824,2018-04-12,149.04902707987105,11.903,73.835,31.915509513125993,96.477,221.94199999999998,57.701,2.496261355193891,79.58,105.16669508490145
825,2018-04-13,151.7700717299578,81.648,71.714,37.07510219324289,35.799,97.94999999999999,42.370000000000005,12.48026135519389,151.927,57.126695084901435
826,2018-04-14,99.0700717299578,20.362000000000002,5.24,13.32789929920066,44.958,109.86600192822968,36.11,2.499261355193891,12.88,61.90669508490144
827,2018-04-15,133.2160717299578,,16.25,30.357899299200657,,108.81,28.499000000000002,31.586261355193894,60.06,16.80669508490144
828,2018-04-16,70.4890717299578,7.905,40.11,27.576098725143293,63.94500000000001,120.138,29.419999999999998,3.673261355193891,52.13,85.59409331498993
829,2018-04-17,127.16407172995781,41.377,25.831,47.82503890426233,22.794,108.849,50.19,21.86026135519389,43.76,134.78829685481296
830,2018-04-18,91.1360717299578,15.637,86.018,20.50803817517307,55.955000000000005,140.034,55.09,42.35126135519389,,144.97269508490143
831,2018-04-19,74.7290717299578,63.135999999999996,68.658,21.439421392223917,35.979,66.72,6.0,20.86926135519389,26.52,52.49669508490144
832,2018-04-20,173.8670717299578,52.778000000000006,88.12599999999999,8.64358305334501,22.490000000000002,48.89,43.410000000000004,6.706261355193891,99.44,49.40669508490144
833,2018-04-21,134.12158846355888,21.628,56.08,21.360867929652073,30.78,94.64,6.79,2.496261355193891,155.494,106.18946819414514
834,2018-04-22,173.26655499635675,27.619999999999997,20.356,23.930867929652074,28.553000000000004,157.707,60.07,17.76726135519389,143.907,86.73392197565774
835,2018-04-23,104.1420717299578,14.856,40.713,29.0581666668414,70.417,81.31,63.78,18.87626135519389,36.23,118.92359899949219
836,2018-04-24,90.4160717299578,32.989000000000004,50.694,30.453664001495273,114.654,29.905,31.169999999999998,17.35208240782547,17.84,68.8412603646235
837,2018-04-25,160.1510717299578,59.279,67.72,32.31444980071174,32.033,52.448,54.78,9.863733669909248,27.869999999999997,135.8206501834339
838,2018-04-26,118.7690717299578,24.904000000000003,20.74,28.76866109732244,80.19999999999999,145.269,54.78,70.64196798784694,75.99,101.56871729704905
839,2018-04-27,137.4960717299578,2.992,99.11500000000001,12.551626183535166,29.342000000000002,91.431,43.4,9.07626135519389,68.69,55.200248579908575
840,2018-04-28,196.1270717299578,29.29,34.008,27.923766838863216,52.105,166.379,11.94,22.71426135519389,26.31,116.15669508490144
841,2018-04-29,145.1790717299578,43.661,21.669999999999998,10.953766838863213,8.672,48.51,23.42,62.886261355193895,33.522,30.996695084901436
842,2018-04-30,84.0850717299578,8.469000000000001,52.499,5.403025612500074,59.211,76.39699999999999,78.12,2.496261355193891,16.41,31.556695084901442
843,2018-05-01,94.1740717299578,30.256999999999998,60.370000000000005,2.5681788623385278,73.947,139.397,53.400000000000006,69.9462613551939,69.22,54.84669508490144
844,2018-05-02,98.81207172995781,54.368,60.331,25.4857401108565,73.223,96.28999999999999,60.120999999999995,30.15426135519389,26.944,67.11069508490144
845,2018-05-03,80.81507172995781,13.972,52.87,2.7393364856347677,93.921,65.263,52.05,9.618261355193889,25.070999999999998,71.30669508490143
846,2018-05-04,121.30907172995781,43.208,8.98,24.71219643697021,118.09899999999999,101.74,48.16,36.539261355193894,66.65,63.51369508490144
847,2018-05-05,230.9600894973271,40.15,54.370000000000005,7.8115000641652586,38.54805302410186,86.23,7.9,2.496261355193891,28.144,118.67969508490144
848,2018-05-06,114.74524469857278,52.947,38.333999999999996,21.51350006416526,96.79315961800819,165.686,21.349999999999998,83.98900640784458,56.557,54.03669508490144
849,2018-05-07,99.64224469857278,41.646,48.93,19.31550006416526,42.402159618008184,194.184,56.347,25.23109795650108,54.8,80.37169508490145
850,2018-05-08,132.68524469857277,3.55,43.25,2.5615000641652594,41.23115961800819,123.53,35.533,44.23409795650108,90.338,55.82669508490144
851,2018-05-09,89.47524469857277,44.507,48.929,28.48150006416526,85.90115961800818,93.69,56.17,11.891097956501081,31.798000000000002,83.89069508490144
852,2018-05-10,307.4442446985728,31.875,49.397999999999996,26.421500064165258,76.8921596180082,163.82500000000002,41.107,27.791437429782015,77.75699999999999,45.6456322507716
853,2018-05-11,173.07524469857276,24.332,116.48,52.52550006416526,237.4901596180082,197.92000000000002,52.891000000000005,23.65883660130719,36.759,63.373999999999995
854,2018-05-12,289.8142446985728,41.948,73.745,26.05361243714792,57.31715961800818,236.006,55.695,26.77483660130719,68.79,115.75999999999999
855,2018-05-13,101.62324469857278,13.18,83.79918513765905,2.4568883578799126,7.373159618008184,71.98,32.37,31.28483660130719,10.94,93.491
856,2018-05-14,95.00524469857278,33.965,142.3,39.31481134504444,128.63615961800818,84.27,24.25,26.53383660130719,60.989999999999995,38.38
857,2018-05-15,137.65024469857278,18.084,33.149,36.080218270947405,32.48315961800819,54.13,49.019999999999996,6.8548366013071895,,93.636
858,2018-05-16,128.1052446985728,33.469,60.381,20.264078195178694,83.11415961800819,141.74,40.269999999999996,23.87383660130719,22.79,48.03
859,2018-05-17,150.59524469857277,21.819,67.92999999999999,15.158445620349106,68.08515961800819,44.907000000000004,17.314,0.3148366013071896,113.965,50.392
860,2018-05-18,150.98524469857279,16.769,41.082,8.118888357879912,9.463159618008186,189.28,56.28,10.62383660130719,45.312,82.777
861,2018-05-19,161.60224469857278,,64.348,13.136888357879913,62.94515961800818,177.951,9.69,9.28483660130719,38.647999999999996,87.9
862,2018-05-20,103.72824469857278,19.78,16.39,2.4568883578799126,61.71415961800818,106.603,54.429,0.3148366013071896,77.319,113.02
863,2018-05-21,132.3552446985728,50.656,51.980000000000004,11.062888357879913,75.0411596180082,124.99,80.11,41.798836601307194,21.22,69.01
864,2018-05-22,91.96724469857277,28.218,34.44,28.94369413215813,53.96415961800819,86.39,6.83,33.911789707989485,39.5,72.14
865,2018-05-23,178.1342446985728,27.31,15.67,13.608101814370928,70.03115961800819,60.74799999999999,51.56,23.050003016537243,31.439999999999998,11.48
866,2018-05-24,113.61524469857278,5.8759999999999994,44.879999999999995,21.244869127110682,111.66515961800818,149.17000000000002,8.73,27.35571707939484,75.269,71.42915789473683
867,2018-05-25,82.45024469857277,30.393,43.12,29.643888357879913,33.65615961800818,113.47800000000001,67.99,18.02483660130719,77.539,47.50684210526316
868,2018-05-26,172.8022446985728,17.796,4.75,2.4568883578799126,12.953159618008184,101.565,48.86958823529412,88.7138366013072,50.731,40.21
869,2018-05-27,199.18024469857278,16.03,92.113,2.4568883578799126,4.433159618008186,139.017,48.57941176470588,26.76083660130719,26.727,27.159999999999997
870,2018-05-28,171.86824469857277,3.5679999999999996,58.215999999999994,29.963888357879917,57.23515961800819,122.857,20.84,84.52364278442253,16.22,56.61
871,2018-05-29,158.91924469857278,23.543,67.216,9.074888357879912,128.5561596180082,82.04,32.68,82.11411857940092,42.91,80.87700000000001
872,2018-05-30,56.736811798139875,47.883,60.75,20.225888357879914,56.810159618008186,129.15,32.061,25.29874844009812,57.449999999999996,34.744
873,2018-05-31,200.9496775990057,32.724,12.86,9.255745582815276,71.40515961800818,170.131,58.04,34.03483660130719,33.29,59.589999999999996
874,2018-06-01,129.89524469857278,27.689999999999998,81.75999999999999,2.4568883578799126,47.08715961800818,72.92,98.288,16.23183660130719,55.261,11.59
875,2018-06-02,142.05024469857278,31.12,82.607,2.098537271861486,136.1741596180082,124.987,21.396,16.964836601307187,18.520000000000003,156.086
876,2018-06-03,133.69334008819405,46.668,55.912,3.1547052225300973,143.90315961800817,97.976,29.905,38.43483660130719,,75.61699999999999
877,2018-06-04,160.81187586827394,16.865,34.730000000000004,2.3814734710718413,118.5721596180082,64.949,62.463,10.53483660130719,40.197,71.126
878,2018-06-05,56.03924478457664,24.65,62.839999999999996,10.006978647126534,18.371158435652724,65.66,35.458,16.874836601307187,104.82300000000001,11.850000000000001
879,2018-06-06,79.01363116970117,43.675999999999995,46.844,12.66906312403029,46.038,157.72,44.93,18.199781867190282,8.511021272522791,69.09
880,2018-06-07,215.19263116970117,34.784,15.4,15.196063124030289,31.906,88.852,73.672,16.777067521407513,108.53431621641022,92.65
881,2018-06-08,223.14763116970116,33.803000000000004,62.538,11.464063124030288,138.154,184.81,57.879999999999995,50.26006752140751,88.56431621641023,38.581
882,2018-06-09,70.06263116970118,44.861999999999995,38.546,68.2090631240303,241.028,236.131,54.120000000000005,23.907067521407516,39.49531621641023,43.739999999999995
883,2018-06-10,175.10663116970116,42.5,19.93,2.8390631240302877,8.52,144.504,1.74,13.724067521407513,133.35431621641024,60.57999999999999
884,2018-06-11,181.97763116970117,3.754,71.14,24.960870808547817,58.653999999999996,227.49,63.12,40.747067521407516,101.32931621641023,113.20000000000002
885,2018-06-12,189.30563116970117,45.257999999999996,67.019,46.71148956270749,65.07,136.007,99.167,23.489067521407513,46.95631621641023,137.867
886,2018-06-13,189.4041791573173,47.039,79.946,14.233937261452256,59.063,71.419,21.51,29.640067521407516,15.01531621641023,10.15
887,2018-06-14,138.25508318208506,49.769,5.23,34.56761926982046,63.006,88.527,64.09,13.312067521407513,53.43531621641023,36.92
888,2018-06-15,197.3686311697012,40.480000000000004,28.85,17.407912156849765,145.412,182.18,88.32000000000001,6.827067521407515,96.93731621641022,50.05
889,2018-06-16,112.46163116970118,47.981,83.875,9.186489562707486,52.43948936170213,78.06,35.95,19.862067521407514,113.13631621641022,46.28
890,2018-06-17,135.3372039073873,7.07,41.55800000000001,2.7264895627074863,97.67251063829787,123.16599999999998,41.58,5.524067521407515,135.90731621641024,84.73
891,2018-06-18,172.57705843201504,11.834999999999999,55.564,22.050489562707487,143.618,130.42,17.080000000000002,14.955067521407516,33.765316216410234,88.65
892,2018-06-19,132.65263116970118,22.124000000000002,65.142,12.786489562707485,69.147,125.423,16.878,10.297067521407515,91.81531621641024,94.24000000000001
893,2018-06-20,134.22363116970118,36.522,63.263999999999996,5.681674747892671,45.067,202.69,61.339999999999996,0.3270675214075149,46.96531621641023,54.577999999999996
894,2018-06-21,228.29263116970117,25.142000000000003,46.506,15.5313043775223,35.632,70.55,79.713,0.3270675214075149,45.56531621641023,33.69
895,2018-06-22,166.43863116970118,26.252000000000002,63.980000000000004,12.404489562707488,10.27,86.724,23.492,11.150067521407516,85.96731621641023,57.45
896,2018-06-23,241.68363116970116,5.053,76.467,37.66956182377975,40.117999999999995,160.94,24.53,0.3270675214075149,88.59731621641022,49.52
897,2018-06-24,173.04263116970117,17.46,26.548000000000002,11.111417301635226,40.32,70.86,40.46,20.987067521407518,71.83531621641022,58.58
898,2018-06-25,99.15254483838062,43.449,64.593,19.707489562707483,79.898,111.631,29.4,32.03306752140752,53.82531621641023,51.629
899,2018-06-26,71.1158172479724,19.750999999999998,36.131,14.842489562707485,165.716,111.134,46.181,5.0970675214075145,41.80531621641023,47.31
900,2018-06-27,149.3988172479724,24.911,114.90799999999999,28.036489562707487,65.782,53.010000000000005,54.21,6.467067521407515,89.23131621641024,47.71
901,2018-06-28,138.3698172479724,36.47,49.872,19.339798884741384,76.343,76.64,27.76,82.61806752140751,74.45031621641023,20.240000000000002
902,2018-06-29,113.27181724797242,12.327,47.349000000000004,29.86435396948715,32.068999999999996,64.99000000000001,23.77,8.759952352868188,59.53531621641023,35.225
903,2018-06-30,191.0758172479724,,83.60199999999999,3.3305196075993333,46.448,44.867,57.72,54.1041840553927,94.69031621641022,77.38900000000001
904,2018-07-01,97.49836370358149,15.44,34.833,2.7264895627074863,24.809,100.24,42.607,69.40906752140751,38.01931621641023,20.402
905,2018-07-02,173.76227298797207,52.225,23.96,20.349282781833182,67.852,140.914,88.16499999999999,7.407067521407515,36.73531621641023,66.754
906,2018-07-03,145.77894911520494,25.053000000000004,174.1,8.570457395167516,75.334,115.652,89.33699999999999,19.938067521407515,8.045316216410232,68.379
907,2018-07-04,115.71934842616015,11.370000000000001,5.27,9.331337933573804,36.173,170.89600000000002,8.17,80.1320675214075,87.72531621641023,61.42
908,2018-07-05,148.19140394629133,,47.14,2.6075300500770786,112.652,90.851,58.004,27.74706752140752,56.501316216410224,65.38
909,2018-07-06,113.67885124998963,42.973,55.793,42.35451174122493,89.258,77.674,25.576,32.21120470673156,90.69480845158084,169.921
910,2018-07-07,160.67585124998962,29.088,27.93,2.8645117412249324,106.339,83.14999999999999,18.972,9.137867650397276,40.39,101.89000000000001
911,2018-07-08,112.62385124998963,52.568,47.48,33.47351174122493,53.659,145.254,10.52,23.194867650397278,140.93839511597253,34.2
912,2018-07-09,275.9184600763763,12.825000000000001,47.57,18.270511741224933,182.059,126.70011984856433,63.62,12.372867650397277,22.194482806465786,22.240000000000002
913,2018-07-10,294.21864562478726,31.02,104.39,2.8645117412249324,8.77,82.79316240563779,22.84,105.29286765039728,149.0614828064658,40.53
914,2018-07-11,178.48864562478724,23.461000000000002,64.43,11.40451174122493,85.01,131.9781624056378,95.354,24.272867650397274,6.324482806465786,71.78
915,2018-07-12,225.18864562478726,55.285,55.16,20.932511741224936,18.313,222.91516240563777,82.25999999999999,32.15786765039728,68.4254828064658,68.946
916,2018-07-13,164.83764562478726,15.296999999999999,28.886,27.787150353647778,18.0,70.32916240563779,25.424999999999997,10.812867650397276,21.674482806465782,50.746
917,2018-07-14,154.91864562478725,20.4,31.247,11.28663655955327,48.677,97.31816240563779,13.83,26.603867650397273,93.28448280646579,56.272000000000006
918,2018-07-15,63.178645624787244,,32.85,21.00563655955327,11.76,101.44716240563778,7.2,86.04286765039728,97.10748280646578,29.74
919,2018-07-16,164.51064562478726,15.547,55.36,24.40879954824869,30.25,120.84316240563778,11.959999999999999,75.25986765039728,75.13748280646578,67.02
920,2018-07-17,49.71664562478725,20.887,24.28,14.932428729326535,42.481,127.34716240563779,37.156,36.146867650397276,35.45448280646579,104.595
921,2018-07-18,107.30864562478725,30.732,46.845,18.51051174122493,66.895,52.89716240563778,38.56,26.534867650397274,52.89048280646578,26.490000000000002
922,2018-07-19,90.34564562478725,38.961,95.964,16.85551174122493,43.695,190.25716240563779,19.18,59.77886765039728,72.94648280646578,58.61
923,2018-07-20,146.46864562478723,13.405,21.58,19.947511741224933,135.2005960591133,138.33416240563778,44.519999999999996,117.83486765039727,41.13391714990013,48.91
924,2018-07-21,90.45864562478725,27.349999999999998,55.34,2.8645117412249324,38.33640394088669,120.54716240563778,26.44,23.352867650397275,113.9124478883188,63.45
925,2018-07-22,204.63364562478725,8.195,48.247,2.8645117412249324,18.29,148.5811624056378,6.147,35.912867650397274,96.04808338117843,35.13
926,2018-07-23,238.14364562478724,43.144000000000005,36.96,40.008511741224936,44.651,170.7461624056378,47.61,12.97752904280234,132.44048280646578,10.77
927,2018-07-24,222.15564562478724,63.678,49.458999999999996,18.284511741224932,43.113,92.48716240563779,7.7,20.591206257992205,42.13248280646579,31.355
928,2018-07-25,119.42864562478725,49.655,66.68,18.37161308932315,16.347,113.00716240563779,7.790000000000001,0.2828676503972758,64.4524828064658,109.384
929,2018-07-26,130.33964562478724,25.552,37.53,35.38534226602031,53.421,160.33716240563777,28.69,34.07486765039727,130.8844828064658,80.491
930,2018-07-27,113.60564562478724,18.885,32.241,12.207093238782955,64.25,130.41716240563778,69.07,36.61886765039728,55.26348280646579,43.042
931,2018-07-28,125.01964562478724,47.260000000000005,47.029,7.930614639561165,64.272,126.51416240563779,32.793,8.652867650397276,163.0574828064658,41.92
932,2018-07-29,162.15250166591835,39.54,28.619999999999997,6.618318919716805,24.939999999999998,121.77716240563778,51.79,8.572867650397274,74.19448280646579,10.56
933,2018-07-30,102.38478958365614,59.066,50.989000000000004,20.49934226602031,35.858000000000004,159.84261695109234,26.310000000000002,16.87289918192881,55.304482806465785,19.02
934,2018-07-31,110.64364562478724,33.518,39.1,23.181257769149834,25.807,132.19170786018324,36.56,15.288836118865742,39.05448280646579,16.91
935,2018-08-01,84.33166283056833,20.471,44.873999999999995,3.7386369295462263,66.019,182.6501624056378,33.94,26.144867650397277,11.242482806465786,17.0
936,2018-08-02,115.41759343884064,64.054,74.33,3.634866902046259,87.194,157.9491624056378,55.25,31.022867650397277,46.396482806465784,95.33500000000001
937,2018-08-03,125.76348327689833,39.589,37.5,3.64229869871311,49.253,175.95616240563777,36.226,13.022867650397277,26.504482806465788,88.672
938,2018-08-04,81.30348327689832,13.278,45.259,9.969151358044043,44.879999999999995,88.79616240563779,18.15,7.952867650397276,110.90348280646579,8.99
939,2018-08-05,127.9688402180537,14.77,46.83,3.3098830960925296,63.311,80.2501624056378,26.09,0.2828676503972758,52.16948280646578,44.879999999999995
940,2018-08-06,180.34098045306882,30.444000000000003,33.44,15.09661068388575,55.547,88.89716240563779,50.887,25.763182701475642,44.09548280646579,73.849
941,2018-08-07,163.38198045306882,4.498,46.3,3.506610683885751,10.49,103.75716240563779,35.269999999999996,10.94,94.96348280646578,45.2
942,2018-08-08,146.1311378733185,47.146,33.178000000000004,34.123610683885744,139.105,161.72716240563778,69.63000000000001,49.08,25.42712069005352,22.19
943,2018-08-09,203.2018084212712,11.72,46.405,3.506610683885751,60.823,180.0270079823024,23.619999999999997,,86.959,54.046
944,2018-08-10,193.22324849158605,17.181,69.59,19.076610683885754,100.78399999999999,181.786,34.0,,25.33,40.684000000000005
945,2018-08-11,166.55024849158607,31.224999999999998,47.114000000000004,38.078313285394835,82.876,205.717,60.927,65.11500000000001,38.435,59.58
946,2018-08-12,266.68424849158606,20.829,109.051,16.706363089625277,14.632,277.294,47.852000000000004,35.514,3.61,102.52999999999999
947,2018-08-13,137.26624849158605,24.078,108.377,40.8612586880247,64.262,158.8,121.52,27.32,67.13900000000001,83.78
948,2018-08-14,153.60724849158606,73.39099999999999,44.74,26.520801794608914,67.82600000000001,215.72,8.21,12.28,38.685,53.28
949,2018-08-15,150.34324849158608,27.868000000000002,79.88,7.227028786242243,91.48400000000001,94.14,67.35,28.720000000000002,105.925,95.031
950,2018-08-16,110.27124849158606,9.201,34.078,40.00144800306304,98.64500000000001,176.34099999999998,57.723,8.419,92.29299999999999,38.604
951,2018-08-17,247.72524849158606,11.802999999999999,66.633,23.19727817618752,99.59250800582241,156.602,28.235,14.918,105.538,74.64
952,2018-08-18,156.52524849158607,32.33,70.946,3.536363089625281,49.86349199417758,126.734,22.805,7.42,48.25,76.23599999999999
953,2018-08-19,156.91124849158606,31.8,60.041999999999994,3.536363089625281,67.63386538461539,69.267,43.129999999999995,21.99,115.11,
954,2018-08-20,116.24324849158607,53.257999999999996,118.818,29.61036308962528,92.8831346153846,218.457,42.05,30.695,1.78,80.052
955,2018-08-21,127.01324849158607,37.099,61.400999999999996,29.86236308962528,106.34,95.08,60.959999999999994,5.91,46.314,59.924
956,2018-08-22,173.01324849158607,63.580999999999996,89.01700000000001,22.38836308962528,95.22999999999999,155.984,48.845,,36.804273644388395,64.17999999999999
957,2018-08-23,133.35824849158607,38.719,22.95,29.23636308962528,133.994,171.303,90.13,6.129,37.6397263556116,93.627
958,2018-08-24,115.54324849158607,42.831,124.07600000000001,26.271363089625282,93.812,129.71,56.516999999999996,16.09,117.34,139.15699999999998
959,2018-08-25,116.54924849158607,15.5,29.228,18.51636308962528,27.118000000000002,141.953,29.02,31.125999999999998,22.641000000000002,64.27000000000001
960,2018-08-26,91.23524849158606,7.93,64.123,3.536363089625281,16.09,194.78,77.58,38.805,135.25500000000002,
961,2018-08-27,238.62324849158608,35.225,70.384,13.75536308962528,58.659,130.056,113.318,47.29,69.83,63.443000000000005
962,2018-08-28,212.40524849158606,32.949,73.961,32.69436308962528,143.928,136.94,52.144,13.47,101.75,47.7
963,2018-08-29,158.82824849158607,43.47,86.485,28.38836308962528,101.222,99.118,67.24,26.097,1.5394426229508196,56.7
964,2018-08-30,194.95324849158607,58.09,30.426,48.40236308962528,90.17500000000001,154.478,61.370000000000005,10.8,45.326557377049184,41.46
965,2018-08-31,253.36124849158605,32.425,75.77499999999999,25.838363089625282,95.414,58.059999999999995,22.700000000000003,36.1,152.008,141.73
966,2018-09-01,110.16624849158607,38.159,36.598,4.380106240088898,62.363,212.55700000000002,28.156,20.0,41.0,46.604
967,2018-09-02,162.97324849158608,66.604,13.506,21.736324440307847,46.204,80.09,18.91,0.399,124.107,26.019999999999996
968,2018-09-03,160.19524849158606,23.514,32.503,88.20947076809273,13.35,78.84124842587292,64.28,8.029,93.03,50.41
969,2018-09-04,195.02324849158606,22.831,36.29,1.5957662906261054,67.4,88.92788093875214,11.39,9.872999999999998,52.921,167.08
970,2018-09-05,153.14324849158606,8.53,134.184,1.848084594678689,143.90099999999998,138.16788093875215,32.37,52.705,22.48,132.26074289405685
971,2018-09-06,129.60924849158607,14.049,15.150000000000002,18.285223741165034,11.7,144.84788093875216,18.897,28.916939739260926,64.93299999999999,53.083953488372096
972,2018-09-07,90.58324849158606,35.178000000000004,26.589000000000002,27.98507945647858,17.94,115.71788093875215,34.189,29.21502757456387,31.868799617407937,26.390953488372094
973,2018-09-08,114.71315625857648,23.532,58.071000000000005,11.763117714646981,53.433,156.62188093875216,84.03,13.949027574563871,76.94685796269727,83.56395348837209
974,2018-09-09,149.55318607827124,11.151,13.3,9.553117714646984,100.02401267934601,176.37788093875213,42.272,114.41502757456387,68.05685796269728,27.083953488372092
975,2018-09-10,114.94418607827123,23.431,38.76,17.944117714646985,100.5089039039039,220.88788093875215,70.977,39.622027574563866,43.76685796269728,121.7739534883721
976,2018-09-11,313.76118607827124,42.647,60.111000000000004,10.159117714646984,70.7199039039039,179.92688093875216,51.285000000000004,15.326027574563874,70.17785796269727,49.5029534883721
977,2018-09-12,110.88318607827122,3.14,63.08,2.3931177146469835,28.8139039039039,176.96988093875214,54.96,22.93302757456387,134.10285796269727,22.313953488372093
978,2018-09-13,177.17518607827122,18.568,43.24,10.783117714646984,145.1159039039039,153.21788093875216,99.604,40.30302757456386,137.51585796269728,86.69195348837209
979,2018-09-14,304.0531860782712,21.684,109.77099999999999,37.566117714646985,49.0409039039039,197.75588093875214,19.38,75.93502757456388,17.889857962697274,11.405953488372093
980,2018-09-15,169.31018607827122,33.676,63.77,9.913117714646983,5.893903903903904,124.34988093875215,31.41,46.48302757456387,98.34285796269728,47.223953488372096
981,2018-09-16,139.88618607827124,13.27,29.540000000000003,2.3931177146469835,15.343903903903904,105.58188093875215,21.38,47.588027574563874,45.43685796269727,22.283953488372095
982,2018-09-17,110.27818607827123,22.101,97.88,21.144117714646985,31.1869039039039,197.66088093875214,51.25,40.635027574563864,46.02085796269728,58.20395348837209
983,2018-09-18,188.71818607827123,52.832,65.43900000000001,32.19611771464698,70.47590390390391,202.24988093875214,74.13,43.563027574563876,84.36185796269727,66.53895348837209
984,2018-09-19,219.91018607827124,16.872,35.617,31.034438935577217,132.97690390390392,245.62088093875215,67.21,4.143027574563872,105.59585796269727,57.413953488372094
985,2018-09-20,231.57218607827124,29.516,107.533,34.729940742780606,90.3249039039039,162.02088093875213,53.75,48.28502757456387,121.96685796269728,79.4989534883721
986,2018-09-21,181.00918607827123,41.243,69.835,51.16797346558313,66.60890390390391,193.99788093875213,60.24,36.64302757456387,52.49285796269728,142.28979498791978
987,2018-09-22,214.23418607827122,11.015,79.841,10.313117714646983,30.37663117663117,214.51288093875215,34.66,32.16802757456387,81.42685796269727,191.82311198882442
988,2018-09-23,166.71618607827122,,53.607,2.3931177146469835,64.04517663117663,154.83788093875214,42.11,119.61002757456387,60.561857962697275,22.05395348837209
989,2018-09-24,226.95018607827123,17.226,57.108999999999995,29.842117714646985,125.2749039039039,198.74188093875216,65.78,34.11502757456387,101.45685796269727,5.663953488372092
990,2018-09-25,179.44418607827123,78.02199999999999,126.41,16.633117714646982,91.87190390390391,175.90594960828005,38.89,43.93302757456387,18.936857962697275,75.78095348837209
991,2018-09-26,121.28718607827123,61.891,35.99,18.601117714646982,80.8899039039039,153.01722811080842,23.880000000000003,47.54702757456387,36.91685796269727,70.94395348837209
992,2018-09-27,143.23818607827124,30.286,57.410000000000004,13.943117714646984,109.9979039039039,156.20956587591283,129.576,4.943027574563871,87.53685796269727,93.67395348837209
993,2018-09-28,272.8631860782712,1.78,46.650000000000006,35.88311771464698,90.24990390390391,177.42288506151897,60.912,7.056436218964658,112.57685796269728,50.221953488372094
994,2018-09-29,172.78675750684266,61.10199999999999,15.71,17.623117714646984,17.223903903903906,143.12177603724044,84.99,53.60889383056149,45.51785796269728,50.215404929140504
995,2018-09-30,164.9126146496998,19.887999999999998,58.57,2.3931177146469835,55.1009039039039,210.33188093875214,61.427,56.782752674165465,153.7548579626973,38.59250204760369
996,2018-10-01,109.39018607827123,42.405,13.86,9.548927624524655,60.7089039039039,120.80688093875216,23.105,20.07302757456387,47.45285796269727,24.347953488372095
997,2018-10-02,127.83818607827122,,7.029999999999999,2.645869757844831,51.59390390390391,95.07059764380567,11.546000000000001,33.19302757456387,91.13185796269728,75.27795348837209
998,2018-10-03,245.86718607827123,41.306,54.78,33.15715887446379,0.543903903903904,128.55218116907324,35.04,24.255027574563872,41.866857962697274,110.5119534883721
999,2018-10-04,127.70818607827123,75.095,70.91,2.580184501040574,83.0069039039039,113.65617924084356,10.83,0.20402757456387166,17.901857962697274,44.32295348837209
1000,2018-10-05,148.86518607827125,38.371,20.402,27.757254748749045,98.2959039039039,114.38618116907324,61.938,5.3010275745638715,53.716857962697276,75.9026059431525
1001,2018-10-06,153.31118607827122,14.897000000000002,45.290000000000006,14.355772952884681,26.3189039039039,111.02218116907325,103.01,10.038260598386877,81.12685796269727,47.94
1002,2018-10-07,199.56792026938314,13.639,31.13,2.895772952884681,101.85390390390391,92.67218116907324,60.83,26.994999999999997,110.47231946437094,89.765
1003,2018-10-08,125.224,59.152,63.197,20.280772952884682,24.7539039039039,120.24318116907324,80.03,67.82492938460494,55.255,42.07
1004,2018-10-09,64.07000000000001,16.195,132.049,26.955772952884683,127.63677410744066,109.66218116907325,60.05,18.04270828146572,26.012,28.68
1005,2018-10-10,170.832,42.836999999999996,38.800000000000004,16.03577295288468,83.608,151.67818116907324,44.59,73.65170828146572,63.542,79.207
1006,2018-10-11,107.4,15.109000000000002,47.458999999999996,25.775772952884683,86.783,181.70618116907326,68.732,47.33870828146572,107.36500000000001,31.270000000000003
1007,2018-10-12,335.74,6.131,44.136,14.36712907709271,144.757,203.05418116907325,90.29599999999999,48.239708281465724,52.718,128.452
1008,2018-10-13,392.493,11.03,38.232,37.47293998895157,86.05,127.19718116907325,32.788,9.772708281465722,100.371,57.91
1009,2018-10-14,260.866,,93.222,3.312939988951576,62.78,104.32218116907325,63.487,6.459708281465721,72.57,49.781
1010,2018-10-15,290.67400000000004,14.848,64.60799999999999,18.695939988951576,65.114,134.92218116907324,48.83,93.30870828146571,127.91,62.823
1011,2018-10-16,213.06,15.431,57.001999999999995,3.312939988951576,104.45500000000001,202.57218116907325,31.27,35.90270828146572,117.29200000000002,41.290000000000006
1012,2018-10-17,181.852,9.363,67.64,25.736412407622012,115.603,127.91118116907325,35.589,15.092708281465722,91.208,61.093
1013,2018-10-18,214.379,10.190999999999999,26.770000000000003,27.556467570281136,41.376000000000005,205.89218116907324,30.585,9.869708281465723,113.21,77.758
1014,2018-10-19,296.086,24.478,76.9935,33.499581779996355,68.464,108.06418116907325,51.205,60.21470828146572,101.42699999999999,40.54
1015,2018-10-20,173.57999999999998,5.793,106.6965,4.495029541190382,16.18,189.21118116907326,55.172,10.728708281465721,106.92999999999999,104.92699999999999
1016,2018-10-21,308.863,,32.95,4.495029541190382,6.06,169.56418116907324,83.447,13.612708281465721,40.67122674418605,117.843
1017,2018-10-22,233.575,11.780000000000001,106.297,11.197119093429192,85.081,266.32018116907324,94.28399999999999,32.20170828146572,58.021773255813955,81.96000000000001
1018,2018-10-23,220.79,15.888999999999998,41.722,48.98093998895158,98.732,230.05818116907324,77.197,23.669708281465724,60.9,77.267
1019,2018-10-24,155.563,30.608,91.85,30.67793998895158,124.39099999999999,204.69318116907323,47.673,19.20570828146572,69.826,116.067
1020,2018-10-25,129.244,21.163,49.41,16.144939988951574,51.03,168.50918116907326,75.15,26.012708281465724,85.718,101.864
1021,2018-10-26,244.481,31.739,53.07000000000001,54.38993998895157,59.057,331.66118116907325,57.236000000000004,69.21670828146571,135.60500000000002,43.204
1022,2018-10-27,171.54000000000002,,199.90699999999998,11.202939988951576,41.944,169.32218116907325,46.98,93.65970828146573,102.22800000000001,123.10099999999998
1023,2018-10-28,256.628,,104.23100000000001,3.312939988951576,13.199,206.60418116907323,57.09,123.63070828146573,165.121,60.61
1024,2018-10-29,147.814,23.838,80.59,36.728168059127015,101.51599999999999,193.52141303589843,25.751,16.29270828146572,92.82600000000001,157.43900000000002
1025,2018-10-30,194.102,5.923,50.050000000000004,41.880711918776136,109.109,183.77394930224804,41.132999999999996,13.469708281465723,104.318,39.251000000000005
1026,2018-10-31,210.977,28.078999999999997,74.09,31.893726637704102,175.85000000000002,245.09718116907325,72.33,46.15070828146572,79.114,40.17
1027,2018-11-01,142.43900000000002,31.52,26.560000000000002,3.2138613182519267,55.53,123.59718116907324,91.30799999999999,32.92070828146572,44.06999999999999,18.991
1028,2018-11-02,182.89000000000001,5.32,34.88,12.448703976166776,18.82,110.66815732406586,37.19,8.512708281465722,44.925000000000004,45.44
1029,2018-11-03,133.76,7.89,31.11,33.05267661100113,26.81,106.7058952489985,22.386,22.604708281465722,116.49,127.56
1030,2018-11-04,70.49300000000001,76.146,91.983,4.085606343358036,74.838,119.94,9.75,2.542708281465722,78.53,80.95700000000001
1031,2018-11-05,115.13000000000001,27.671999999999997,40.227000000000004,3.911642070864879,25.1,114.333,37.07,2.542708281465722,105.62,58.13
1032,2018-11-06,120.14999999999999,32.808,28.14,23.96871348301939,62.531,103.64,52.85,5.682708281465722,27.43,60.209
1033,2018-11-07,164.88,11.738999999999999,50.44,10.146232341102136,77.039,199.367,56.260999999999996,29.781708281465722,35.61,27.089999999999993
1034,2018-11-08,199.827,41.89,70.53800000000001,3.7558195095374387,22.019,93.98107515804261,54.12,79.2308221714238,135.58,36.10999999999999
1035,2018-11-09,147.366,44.144000000000005,55.275,12.32181950953744,103.35199999999999,191.12029033013346,50.38999999999999,,68.591,42.57
1036,2018-11-10,116.939,23.103,40.2,37.445819509537436,96.385,131.42016679325573,56.35,26.813,73.936,42.33
1037,2018-11-11,199.933,11.094999999999999,56.795,33.405819509537444,40.97,166.45766362021948,34.59,78.039,98.696,22.14
1038,2018-11-12,138.867,14.356,83.92,28.107285267255858,58.283,256.9536636202195,22.750999999999998,25.666,83.05,87.165
1039,2018-11-13,138.788,19.923,71.28,13.82687929251436,84.574,182.66866362021946,44.942,9.89,66.49600000000001,86.768
1040,2018-11-14,215.07,44.659,74.836,40.51065247347054,151.09599999999998,117.43366362021948,83.034,10.069,39.150000000000006,62.163000000000004
1041,2018-11-15,165.551,15.610000000000001,34.18,33.94065247347054,75.70100000000001,227.00566362021948,72.721,23.291,27.294999999999998,132.873
1042,2018-11-16,234.1738448275862,25.997999999999998,14.45,31.59262096821967,64.068,183.52866362021948,10.939,29.789,44.127,106.607
1043,2018-11-17,265.8391551724138,14.647,69.9,8.238349089573228,11.098,221.04566362021947,55.593999999999994,36.099999999999994,67.33,199.68215697674418
1044,2018-11-18,187.031,37.629000000000005,55.516,8.238349089573228,61.291,186.85166362021948,19.740000000000002,49.646,15.89,46.21484302325581
1045,2018-11-19,235.60833333333332,21.793,147.31099999999998,27.235290746516043,133.081,362.37466362021945,72.74000000000001,39.684000000000005,33.54,70.50999999999999
1046,2018-11-20,179.09566666666666,32.449,53.43,40.33365247347054,111.534,311.1636636202195,82.57000000000001,23.665999999999997,49.230000000000004,62.098
1047,2018-11-21,274.034,50.596000000000004,119.68837735849057,34.714652473470544,60.318,282.8926297219144,57.31,4.202,39.511,68.28425
1048,2018-11-22,222.433,22.204,104.53962264150944,36.36565247347055,74.468,215.79969751852457,46.76,20.173,32.916,73.17375
1049,2018-11-23,183.403,1.6910000000000003,62.812,33.500652473470545,58.083999999999996,267.70566362021947,59.89,65.03099999999999,62.51,106.85999999999999
1050,2018-11-24,283.885,21.744,76.35,3.3386524734705434,51.92,201.16566362021948,28.15,36.025999999999996,110.727,76.763
1051,2018-11-25,268.231,,75.97,14.316652473470542,45.873,89.03366362021949,32.24,10.988,150.87895468277947,53.726
1052,2018-11-26,289.227,19.055,117.94,37.858543572426285,92.97099999999999,304.7906636202195,48.44,11.826,101.81104531722055,92.935
1053,2018-11-27,348.23199999999997,31.746000000000002,77.253,15.619085094057317,61.02799999999999,108.08366362021948,54.95099999999999,59.46,,51.461
1054,2018-11-28,174.92,28.331999999999997,37.881,15.639085094057316,82.369,185.59466362021948,54.813,10.45,66.059,94.95599999999999
1055,2018-11-29,160.91,,113.493,16.368896133341256,111.19500000000001,309.3406636202195,36.626,73.597,19.9,145.32299999999998
1056,2018-11-30,178.771,7.953000000000001,95.449,32.03865247347054,39.16,185.17666362021947,30.0,5.68,19.6,29.75
1057,2018-12-01,115.018,42.758,42.175,7.718409240116691,67.751,159.50366362021947,25.31,8.176,74.728,20.939999999999998
1058,2018-12-02,198.761,35.409,48.67,11.530674115884985,44.478,162.99366362021948,93.729,30.611,105.53699999999999,43.638999999999996
1059,2018-12-03,142.156,50.900000000000006,57.875,18.31692934565009,93.562,101.40466362021948,81.36500000000001,5.66,3.794,35.361000000000004
1060,2018-12-04,179.85999999999999,45.06,12.19,0.6143555851383254,55.995,53.85466362021948,75.132,,101.041,49.803000000000004
1061,2018-12-05,209.738,33.417,4.62,14.379766449513399,45.283,110.64366362021948,22.22,22.893,84.481,84.385
1062,2018-12-06,53.93,47.544999999999995,65.86,13.879752405739529,105.35700000000001,108.61366362021948,28.85,12.623000000000001,12.878,78.833
1063,2018-12-07,293.69,73.309,26.490000000000002,23.82975240573953,67.441,114.52666362021948,52.06,9.774999999999999,27.560000000000002,58.82
1064,2018-12-08,183.69,7.7620000000000005,91.78999999999999,0.029752405739529468,5.87,78.0308785581729,44.139,20.404999999999998,55.77,18.86
1065,2018-12-09,100.61500000000001,36.352000000000004,97.136,39.28975240573953,113.876,132.02137329008602,65.07000000000001,66.937,33.22,111.813
1066,2018-12-10,148.12,19.209,50.47,7.569752405739529,80.11,124.68729812438323,62.861000000000004,31.72,134.724,37.53
1067,2018-12-11,134.784,11.841,74.212,39.40425630400787,134.44,151.694,44.222,14.32,20.014999999999997,62.321
1068,2018-12-12,267.67,56.471,54.230000000000004,28.402,141.67899999999997,172.37,6.94,7.893999999999998,,59.27
1069,2018-12-13,333.678,21.48,29.9,31.331,91.11699999999999,199.65200000000002,72.866,11.646999999999998,66.017,66.503
1070,2018-12-14,252.38,71.272,45.686,32.644000000000005,158.461643715847,230.87395769682726,64.126,25.059000000000005,73.38,98.141
1071,2018-12-15,134.516,8.0,33.676,8.52,26.052356284153014,236.76804230317273,24.0,10.158000000000001,8.629999999999999,105.53
1072,2018-12-16,131.543,21.009999999999998,90.8,11.57,29.041183112919633,237.277,17.41,,26.220000000000002,143.169
1073,2018-12-17,263.358,22.825,52.71,23.634,35.891816887080374,239.58599999999998,53.655,13.186000000000002,50.06,40.967999999999996
1074,2018-12-18,243.792,44.917,43.06,26.666467197817973,24.955,135.9426611253197,39.858000000000004,44.862,9.46,42.83
1075,2018-12-19,302.88100000000003,35.445,33.79,27.104978947367684,153.6502391826923,199.2163388746803,73.451,28.124,48.738,98.057
1076,2018-12-20,185.64,36.63399999999999,61.649,24.006862117534027,62.8407608173077,206.65699999999998,64.108,32.257,87.527,95.372
1077,2018-12-21,112.63846008799497,0.991,34.3,24.871489761590315,87.33099999999999,288.347,79.849,25.166,6.12,72.98
1078,2018-12-22,127.01953991200503,27.982,30.240000000000002,11.37805549903693,18.413999999999998,238.4,103.17,18.41,94.25999999999999,117.65299999999999
1079,2018-12-23,145.38583885714286,24.514,19.96,10.77405549903693,21.134999999999998,112.50000000000001,12.488,25.568,111.81,5.17
1080,2018-12-24,196.08616114285715,8.126999999999999,105.93,8.086624368017894,22.93,242.546,48.75,77.491,37.65,63.007999999999996
1081,2018-12-25,65.95658333333333,,16.18,0.0013925651063585926,40.05,56.635,5.12,,24.76039627039627,3.555555555555556
1082,2018-12-26,227.59342434912503,6.241,88.08500000000001,0.0013925651063585926,89.869,220.207,97.46799999999999,6.920999999999999,39.72960372960374,70.91444444444444
1083,2018-12-27,244.36200547543638,,38.735,7.876392565106358,51.644999999999996,166.691,47.266999999999996,26.224000000000004,147.75,84.564
1084,2018-12-28,166.04698684210527,6.361,69.58,0.0013925651063585926,17.54,187.916,53.775999999999996,36.465,98.49,69.58500000000001
1085,2018-12-29,69.69,16.163,43.787000000000006,0.0013925651063585926,7.7,118.20899999999999,43.44,79.295,71.42,44.124
1086,2018-12-30,152.69030629139073,,38.051,0.0013925651063585926,,137.426,16.04,15.184999999999999,46.03,83.062
1087,2018-12-31,111.09969370860927,22.418,43.067,0.0013925651063585926,54.963,183.732,24.359,19.963,40.629999999999995,31.593999999999998
1088,2019-01-01,88.663,,11.54,0.0013925651063585926,21.43,83.2232415501561,71.535,0.051034349934291026,41.251,37.32
1089,2019-01-02,184.65800000000002,10.355,65.405,59.383661964708175,67.42500000000001,248.63600882313017,80.537,13.64440870983822,27.27139870512066,128.26753806528083
1090,2019-01-03,227.26141019709448,8.48388047615752,45.496,62.91488798525769,19.061,211.44334414090775,79.15400000000001,31.29440870983822,74.351,101.56436542669584
1091,2019-01-04,149.5484473026742,40.45274108934874,23.32,35.468392565106356,66.13199999999999,232.46200882313016,46.97,14.887408709838219,17.532,66.53936542669585
1092,2019-01-05,219.2245794229454,52.73874108934874,69.04599999999999,69.31639256510636,98.19800000000001,222.9650088231302,,64.14840870983822,49.58,199.80536542669586
1093,2019-01-06,164.75275949542225,23.06746663395815,91.81,0.0013925651063585926,5.0,253.53200882313018,5.422,68.64940870983821,59.861000000000004,84.79936542669584
1094,2019-01-07,50.48281480441664,24.448393371851868,65.52,16.681392565106357,26.479999999999997,230.05500882313018,80.113,36.14940870983822,114.442,66.4654568109144
1095,2019-01-08,228.24840897887816,32.59939337185187,22.43,16.073392565106356,49.759,181.69757524129926,59.278,71.51640870983822,90.59,148.45236542669585
1096,2019-01-09,1.7615555196054888,0.7863933718518659,,0.0013925651063585926,,0.6650088231301752,,25.989435346164953,,0.9193654266958424
1097,2019-01-10,1.7615555196054888,0.7863933718518659,,0.0013925651063585926,,0.6650088231301752,,0.34340870983822,,0.9193654266958424
1098,2019-01-11,1.7615555196054888,0.7863933718518659,,0.0013925651063585926,,0.6650088231301752,,0.34340870983822,,0.9193654266958424
1099,2019-01-12,1.7615555196054888,0.7863933718518659,,0.0013925651063585926,,0.6650088231301752,,0.34340870983822,,0.9193654266958424
1100,2019-01-13,92.27155551960549,0.7863933718518659,55.477999999999994,0.0013925651063585926,50.46,258.79240345914553,56.35,0.34340870983822,92.274,15.919365426695842
1101,2019-01-14,138.11495551960547,43.219393371851865,128.826,70.26639256510636,115.525,363.464022402776,55.883,19.00340870983822,67.701,42.17536542669584
1102,2019-01-15,210.5041555196055,77.11439337185186,82.17,58.83039256510636,129.995,288.1596006074691,39.538,17.56340870983822,26.259999999999998,49.26936542669584
1103,2019-01-16,206.7275555196055,12.456393371851867,50.91,27.56616179587559,119.664,150.36173770328733,112.459,14.14040870983822,79.919,70.09636542669584
1104,2019-01-17,321.6805555196055,24.032393371851864,33.585,58.03162333433712,102.96100000000001,310.41521840451145,84.53,23.337408709838222,8.24,77.48936542669584
1105,2019-01-18,241.5460249073606,31.827393371851866,103.964,38.17439256510636,80.865,185.1220703615917,35.056,80.83240870983822,47.41,24.809365426695845
1106,2019-01-19,215.5400861318504,20.336393371851866,84.279,0.0013925651063585926,44.515,200.97700882313018,19.57,35.94440870983822,7.62,113.07836542669584
1107,2019-01-20,60.395555519605495,18.326393371851864,6.713000000000001,0.0013925651063585926,85.64,218.77000882313018,30.810000000000002,40.69540870983822,126.69000000000001,131.08936542669585
1108,2019-01-21,226.92848033163557,24.935393371851863,41.78,36.98721902856323,105.373,278.91100882313015,34.116,60.69640870983822,76.169,72.87936542669584
1109,2019-01-22,237.1466307075754,46.36439337185187,51.190000000000005,23.782234962058208,154.21,222.12500882313017,31.585,0.34340870983822,29.490000000000002,65.16336542669585
1110,2019-01-23,250.74773419395706,52.21239337185187,33.67,29.580234962058213,108.49600000000001,277.3990088231302,58.662,77.56640870983821,62.769999999999996,22.369365426695843
1111,2019-01-24,131.3823768452539,35.76939337185187,21.499000000000002,27.64223496205821,117.604,275.8150088231302,47.512,15.79240870983822,63.359,66.50236542669585
1112,2019-01-25,270.7685555196055,62.740393371851866,15.915,8.622038910793922,80.175,229.41600882313017,46.219,0.34340870983822,63.0,109.50936542669584
1113,2019-01-26,78.43631906640351,13.894393371851866,69.791,0.0013925651063585926,38.144000000000005,215.63388687191065,11.213999999999999,68.38740870983823,57.1,66.85836542669584
1114,2019-01-27,186.01179197280746,8.636393371851867,79.83,0.0013925651063585926,43.079,229.89618264754853,41.900000000000006,0.34340870983822,83.46,101.87936542669584
1115,2019-01-28,206.2955555196055,35.53139337185186,23.77,28.636392565106355,99.994,176.27895694993134,99.462,39.31340870983822,11.049,46.389365426695846
1116,2019-01-29,185.6985555196055,43.54639337185187,14.059999999999999,36.64939256510636,67.78999999999999,220.07500882313016,80.80499999999999,0.34340870983822,,44.21136542669584
1117,2019-01-30,202.2415555196055,32.304393371851866,15.99,34.23239256510636,93.446,282.4090088231302,63.81100000000001,0.34340870983822,,57.45936542669585
1118,2019-01-31,233.2875555196055,30.393393371851868,61.66,25.47933454156026,133.61,219.48100882313017,55.028999999999996,7.025408709838221,43.36860129487934,89.74936542669585
1119,2019-02-01,295.63155551960546,0.7863933718518659,138.93099999999998,0.0013925651063585926,44.93,180.69830617889292,40.25,13.951704354919205,146.576,79.01236542669585
1120,2019-02-02,105.89455551960549,25.926393371851866,21.578,0.0013925651063585926,42.22,179.3821353996327,33.679,5.317,43.05,114.64449913384351
1121,2019-02-03,213.8192789396112,13.987539125883195,70.233,4.501392565106359,21.47,241.32838543720595,39.319,82.09299999999999,89.37,45.16
1122,2019-02-04,96.03810821693129,92.13165228250313,19.515,33.42739256510635,77.21499999999999,233.52710385046703,58.082,17.286,128.91,84.58
1123,2019-02-05,143.12613531676897,58.61465228250312,23.086,9.09939256510636,45.159000000000006,224.66799411667307,,32.083,29.21,69.763
1124,2019-02-06,159.75951216259097,4.446705980296873,65.337,0.0013925651063585926,30.35,222.7989941166731,29.367,37.28633593612252,114.785,78.66
1125,2019-02-07,178.02272487269096,72.31,38.26,19.4849873412444,51.761,261.5919941166731,26.733000000000004,62.573244754540184,24.919999999999998,29.28
1126,2019-02-08,295.05116852737507,51.066,76.191,41.04848845243875,89.035,108.91235210733797,43.3,115.88224475454018,111.077,122.92
1127,2019-02-09,0.3619841575021149,,,1.281488452438743,,3.8366249367275507,,2.463244754540188,,
1128,2019-02-10,0.3619841575021149,,,1.281488452438743,,3.8366249367275507,,2.463244754540188,,
1129,2019-02-11,0.3619841575021149,,,1.281488452438743,,3.8366249367275507,,2.463244754540188,,
1130,2019-02-12,0.3619841575021149,,,1.281488452438743,,3.8366249367275507,,2.463244754540188,,
1131,2019-02-13,176.1159841575021,24.653,41.28,37.067488452438745,93.43599999999999,255.86262493672754,71.253,25.33024475454019,38.19,61.667
1132,2019-02-14,166.21084431581346,29.058,63.197,41.912488452438744,104.566,228.80662493672756,16.78,33.55824475454019,121.59,88.71000000000001
1133,2019-02-15,183.22710289101136,6.8149999999999995,37.337,30.06348845243874,30.3,217.48428347331293,44.361,81.51124475454019,68.713,42.04
1134,2019-02-16,190.86210289101135,36.795,33.519999999999996,12.361488452438744,31.201,163.90629973347552,21.740000000000002,27.290244754540186,61.705999999999996,113.27399999999999
1135,2019-02-17,196.1728865321723,7.6240000000000006,62.467,18.851488452438744,22.689,251.02429160339423,58.95,12.619244754540189,71.29,146.411
1136,2019-02-18,257.2319841575021,42.18299999999999,18.42,34.616488452438745,143.62,331.5376249367275,70.893,9.154244754540189,73.046,59.73799999999999
1137,2019-02-19,131.31998415750212,42.901,50.870000000000005,27.252488452438744,69.186,359.44962493672756,12.377,12.083244754540189,96.063,96.93100000000001
1138,2019-02-20,181.8009841575021,36.038000000000004,91.91,56.20548845243874,55.299,230.92889211230008,107.465,35.36424475454019,102.08,36.24
1139,2019-02-21,167.3428831474011,35.918,19.62,19.32248845243874,150.17399999999998,195.88541361221885,47.015,28.25424475454019,45.259,101.72
1140,2019-02-22,209.62308516760314,16.473,30.821999999999996,21.327488452438743,40.516999999999996,181.46956908566372,65.043,11.363244754540188,66.02799999999999,125.44
1141,2019-02-23,138.37498415750213,,45.91,1.281488452438743,19.44,141.06562493672754,42.664,77.01824475454019,6.24,65.53654958677686
1142,2019-02-24,211.07598415750212,,29.215714285714284,1.281488452438743,8.69,337.99762493672756,20.255,26.508244754540186,159.734,161.46345041322314
1143,2019-02-25,272.60698415750215,11.955999999999998,85.92428571428572,37.52648845243874,114.75399999999999,167.99662493672756,90.57300000000001,60.16024475454019,,40.064
1144,2019-02-26,190.1139841575021,20.734,30.88,20.207488452438746,71.524,212.68062493672755,43.44,2.463244754540188,34.379999999999995,72.41
1145,2019-02-27,193.42798415750212,14.555,78.68,38.40648845243874,112.67699999999999,235.2501371318495,84.3,87.14124475454018,63.01,65.155
1146,2019-02-28,301.6419841575021,18.874,35.74,46.03999303228741,69.16900000000001,240.09377742382802,63.789,13.473244754540188,134.804,106.3
1147,2019-03-01,139.00282737697208,,28.21,15.493488452438744,82.30199999999999,245.0780213240583,78.617,10.379244754540188,100.86,95.636
1148,2019-03-02,168.2835289926319,,15.850000000000001,1.281488452438743,66.23,300.0704895370949,58.22,27.464244754540186,6.826,104.07000000000001
1149,2019-03-03,197.00178097666787,7.251000000000001,7.85,16.781488452438744,,191.405285038322,31.07,40.49224475454019,98.3,177.151
1150,2019-03-04,255.53337371027948,24.629999999999995,38.989999999999995,37.269124628791886,107.2,165.76143147032892,17.74,26.04924475454019,83.987,125.93
1151,2019-03-05,228.49037371027947,23.485999999999997,87.326,41.62284979850183,49.316,260.49163082005447,,16.614244754540188,23.49,25.004168978218363
1152,2019-03-06,252.1395493876872,35.486,48.8,31.936849798501836,65.511,254.11763082005447,6.427,30.936441036549695,212.311,44.12694693283616
1153,2019-03-07,108.29238955277738,18.509999999999998,7.75,16.669570177057025,34.113,268.2146308200545,39.586,30.35657039736094,64.328,51.24694693283616
1154,2019-03-08,204.46638955277737,30.044,71.123,0.01975391116945076,49.53,276.3956098678647,41.956,83.7561450164865,312.7936196171161,46.59394693283616
1155,2019-03-09,1.3923895527773755,,,0.01975391116945076,,,,0.9261450164864862,2.2113046246191628,0.5369469328361602
1156,2019-03-10,1.3923895527773755,,,0.01975391116945076,,,,0.9261450164864862,2.2113046246191628,0.5369469328361602
1157,2019-03-11,1.3923895527773755,,,0.01975391116945076,,,,0.9261450164864862,2.2113046246191628,0.5369469328361602
1158,2019-03-12,1.3923895527773755,,,0.01975391116945076,,,,0.9261450164864862,2.2113046246191628,0.5369469328361602
1159,2019-03-13,168.82238955277737,35.072,66.15,39.415753911169446,85.816,260.618,83.142,62.180145016486485,72.56130462461915,24.356946932836163
1160,2019-03-14,170.71745468455563,48.051,15.49,24.38475391116945,98.746,135.602,64.739,25.598145016486484,29.74130462461916,107.64694693283616
1161,2019-03-15,270.8189154540194,44.227000000000004,60.53,48.016753911169445,58.405,139.93099999999998,40.39,9.321145016486488,79.24230462461917,47.399946932836166
1162,2019-03-16,165.64891545401943,,62.007000000000005,4.765276797905168,5.22,179.214,7.27,27.272145016486483,54.167304624619156,148.57694693283617
1163,2019-03-17,297.8185821206861,,66.52600000000001,6.8396670418076075,55.806,263.126,20.339999999999996,58.305145016486485,136.35430462461915,53.53094693283616
1164,2019-03-18,237.06908005060632,14.561000000000002,52.4,22.785667041807606,53.627,289.66200000000003,65.80799999999999,39.14814501648649,40.66830462461916,78.31694693283616
1165,2019-03-19,251.10838955277737,65.972,75.69999999999999,14.533667041807607,93.394,268.60199609375,50.943,18.405145016486486,16.971304624619165,87.57794693283617
1166,2019-03-20,216.72517801431584,46.599000000000004,81.899,26.774491632519233,48.620000000000005,247.17300390625002,85.324,32.65714501648649,83.42130462461917,52.31694693283616
1167,2019-03-21,222.8036010912389,26.979,33.81,18.097753911169452,80.54499999999999,211.90213294797687,24.549999999999997,8.526145016486486,122.26230462461916,123.23794693283617
1168,2019-03-22,307.42238955277736,42.878,22.67,31.642021117647182,30.809999999999995,218.26886705202313,122.774,111.0081450164865,152.53330462461918,35.65694693283616
1169,2019-03-23,193.84038955277737,42.138999999999996,96.697,3.710566742063253,40.43,127.924,39.215,66.29314501648648,50.508304624619164,91.95394693283616
1170,2019-03-24,174.88238955277737,,65.896,3.710566742063253,43.777,179.709,83.76,110.5081450164865,59.38130462461916,53.479946932836164
1171,2019-03-25,167.94338955277738,42.080999999999996,62.82,39.186566742063256,47.078,245.73109557945043,92.29,17.382145016486486,100.92730462461917,67.18694693283616
1172,2019-03-26,270.7023895527774,65.723,70.02,47.8190482120103,114.688,323.6239044205496,38.245,16.387145016486485,49.73530462461916,90.56094693283616
1173,2019-03-27,144.33238955277736,72.56700000000001,51.266999999999996,28.586753911169453,90.875,140.358,66.021,0.9261450164864862,87.12230462461916,114.05694693283615
1174,2019-03-28,158.89038955277738,28.826,30.306,30.746753911169453,45.021,218.88982962962965,108.167,43.84814501648649,28.01130462461916,105.91694693283615
1175,2019-03-29,239.37638955277737,81.389,84.48400000000001,46.727091642040165,37.422,231.47917037037038,37.426,113.0771450164865,52.44130462461916,56.87694693283616
1176,2019-03-30,276.22038955277736,15.046,44.209999999999994,13.993416180298734,16.9,137.64000000000001,56.297,42.531145016486484,119.43010016365263,121.90194693283617
1177,2019-03-31,170.26438955277737,21.07,85.51,0.01975391116945076,42.7,179.34,49.176,11.272145016486485,165.51950908558572,33.38694693283616
1178,2019-04-01,218.33265644428465,50.909,53.730000000000004,22.360753911169446,57.564,221.719,48.397,52.57214501648649,2.2113046246191628,80.37794693283617
1179,2019-04-02,108.2158447176476,12.437000000000001,30.55,43.51475391116946,114.55300000000001,319.5,82.269,30.688145016486487,46.026304624619165,72.00594693283617
1180,2019-04-03,169.84140648653602,15.610999999999999,40.849999999999994,30.176753911169452,132.396,282.944,76.35900000000001,9.218145016486485,18.181304624619163,95.78294693283617
1181,2019-04-04,150.865,41.23176950438701,80.81,17.167753911169452,69.746,197.88799999999998,34.35,47.421145016486484,11.002304624619162,53.75072196167258
1182,2019-04-05,109.94,15.936595209864834,98.64599999999999,0.01975391116945076,57.776,140.40800000000002,,49.53614501648649,133.42430462461917,85.51807320971537
1183,2019-04-06,141.982,40.808595209864826,60.599999999999994,33.91775391116945,83.315,150.0419900918899,,45.30848491751696,78.33865189534585,150.41065017301852
1184,2019-04-07,248.206,45.91859520986483,70.958,15.77675391116945,18.769999999999996,135.111,9.555,68.1273538617558,121.30101256127897,74.84865017301853
1185,2019-04-08,158.124,33.01059520986483,18.060000000000002,13.62975391116945,40.076,96.02,57.0,91.711,182.1283972094035,61.09065017301853
1186,2019-04-09,,1.0105952098648328,,0.01975391116945076,,,,,1.1507327201562538,1.180650173018526
1187,2019-04-10,,1.0105952098648328,,0.01975391116945076,,,,,1.1507327201562538,1.180650173018526
1188,2019-04-11,,1.0105952098648328,,0.01975391116945076,,,,,1.1507327201562538,1.180650173018526
1189,2019-04-12,,1.0105952098648328,,0.01975391116945076,,,,,1.1507327201562538,1.180650173018526
1190,2019-04-13,114.704,11.785595209864832,86.106,24.818753911169452,21.348,234.27486849044166,19.362,15.986999999999998,285.13873272015627,82.60765017301853
1191,2019-04-14,108.075,29.304595209864832,65.65,0.01975391116945076,20.564,217.956,30.259,81.051,93.91073272015625,130.13665017301852
1192,2019-04-15,174.567,41.65059520986483,53.519999999999996,43.76375391116945,86.129,248.51999999999998,47.050000000000004,51.795,85.55273272015626,34.830650173018526
1193,2019-04-16,244.825,65.67559520986484,58.209,15.55375391116945,109.66499999999999,234.115,12.437,36.957,98.05073272015625,54.34340488999966
1194,2019-04-17,208.803,47.94759520986483,110.98,62.00775391116945,103.29599999999999,167.05257142857144,20.927,28.665,98.46473272015625,122.61989545603738
1195,2019-04-18,263.378,49.600595209864835,80.733,23.29875391116945,81.256,234.27342857142855,48.974999999999994,120.976,56.35673272015625,156.2214683548367
1196,2019-04-19,258.538,1.0355952098648327,119.466,19.59475391116945,43.879999999999995,175.35244600938967,41.521,150.77322950819672,125.90073272015626,55.779831991200346
1197,2019-04-20,168.088,36.87059520986483,83.129,8.86975391116945,24.895999999999997,157.21555399061035,82.899,61.35977049180329,174.12073272015627,111.09349155232886
1198,2019-04-21,197.66299999999998,17.700595209864833,27.752,0.01975391116945076,38.19,160.058,16.432,0.15,101.55973272015625,91.0678087937082
1199,2019-04-22,161.89,14.17059520986483,71.44,28.36580941446202,66.913,216.167,,76.62100000000001,161.42773272015626,98.95065017301853
1200,2019-04-23,176.286,48.32859520986484,76.337,25.07869840787689,65.068,182.15715048975957,,59.793,52.90073272015625,85.32065017301854
1201,2019-04-24,150.109,69.58959520986484,65.46,45.71775391116945,48.37031952662722,131.55884951024044,,63.844,86.58573272015626,119.36965017301853
1202,2019-04-25,213.683,36.54959520986483,67.948,22.83575391116945,85.16968047337278,240.9604668470907,,87.22500000000001,69.59173272015626,119.78474876456782
1203,2019-04-26,249.612,7.676595209864833,26.666999999999998,45.34275391116945,115.505,204.79153315290932,,49.83,36.81073272015625,145.52655158146922
1204,2019-04-27,247.016,14.769595209864832,111.191,7.269753911169452,28.302999999999997,202.52100000000002,,57.761,139.28073272015624,84.18128192888892
1205,2019-04-28,164.764,14.053595209864833,30.006999999999998,0.01975391116945076,23.442,227.43536632200886,,26.830000000000002,109.98073272015625,106.24501841714812
1206,2019-04-29,184.885,37.80259520986483,104.549,41.00975391116945,131.183,345.55063367799113,,46.629,67.62673272015626,87.93721880046951
1207,2019-04-30,154.511,41.98359520986484,65.129,41.92275391116945,50.458,121.565,,37.32,57.69173272015625,125.35008154556755
1208,2019-05-01,121.61,33.46159520986483,78.385,0.01975391116945076,25.114,172.618,51.7,16.834,93.31073272015625,86.94565017301854
1209,2019-05-02,143.138,44.34359520986483,47.31,51.115753911169456,114.593,171.227,110.476,10.785,6.089732720156254,51.84565017301853
1210,2019-05-03,242.586,20.18159520986483,60.019,15.96375391116945,117.964,344.338,64.638,5.768893688614042,86.39673272015625,145.02965017301852
1211,2019-05-04,303.53647504629527,25.95696940953316,39.05,30.870657513608858,42.346000000000004,173.112,66.39,71.55021571480539,115.50973272015625,52.00136995362599
1212,2019-05-05,158.1285410255824,,24.009,9.462758740115921,46.354,156.433,,46.893215714805386,140.40273272015625,86.763
1213,2019-05-06,136.4555410255824,67.79599999999999,105.643,66.23575874011593,157.99699999999999,158.19577777270445,,23.841215714805383,82.47114734963513,119.676
1214,2019-05-07,285.1425410255824,71.805,110.16,32.56475874011593,33.75,179.78023199065203,45.565000000000005,65.2866765163382,90.36602478349644,21.32
1215,2019-05-08,164.73554102558242,55.637,84.697,16.557758740115926,93.25399999999999,215.2553041928181,26.03,36.8181686127776,146.97083365016798,49.53
1216,2019-05-09,0.6355410255824055,,,0.36275874011592424,,0.9813041928180992,,4.9681686127776015,,
1217,2019-05-10,0.6355410255824055,,,0.36275874011592424,,0.9813041928180992,,4.9681686127776015,,
1218,2019-05-11,0.6355410255824055,,,0.36275874011592424,,0.9813041928180992,,4.9681686127776015,,
1219,2019-05-12,0.6355410255824055,,,0.36275874011592424,,0.9813041928180992,,4.9681686127776015,,
1220,2019-05-13,239.61554102558242,15.375000000000002,112.55,45.224758740115924,69.961,205.9533041928181,,122.23884318713408,34.485,140.75
1221,2019-05-14,172.73211034166374,36.46,125.36,17.352758740115927,69.44,199.46030419281809,,42.852168612777604,104.27999999999999,72.749
1222,2019-05-15,183.7659717095011,51.34,73.887,48.35275874011593,106.39399999999999,285.18530419281814,,43.63416861277761,67.59,108.569
1223,2019-05-16,180.45554102558242,24.025,67.306,31.321758740115925,96.40599999999999,203.07230419281808,,61.328972502566906,48.172,111.45
1224,2019-05-17,253.1115410255824,46.261,98.27,18.186758740115923,58.67341912512717,194.57830419281808,,122.84883084764952,190.379,151.942
1225,2019-05-18,216.15854102558242,13.569,113.51,0.36275874011592424,61.77108087487284,262.08230419281807,,53.093702488116364,53.94,53.37
1226,2019-05-19,173.7065410255824,,21.580000000000002,0.36275874011592424,79.9915,244.4613041928181,,132.8601686127776,31.799,76.491
1227,2019-05-20,204.85254102558238,42.031,42.77,23.512758740115924,73.243,319.0434741472946,,28.715168612777603,128.09,133.4
1228,2019-05-21,226.59215340343258,52.545,78.401,41.75275874011592,84.902,211.26313423834162,,53.9231686127776,36.81,80.86200000000001
1229,2019-05-22,180.63592864773224,68.309,65.7,58.00275874011594,91.682,167.3153041928181,,39.0841686127776,63.283,92.949
1230,2019-05-23,271.2835410255824,39.367,100.89,18.312758740115925,89.397,274.5963141009282,1.722,60.7241686127776,87.628,203.546
1231,2019-05-24,203.1385410255824,58.482,43.239,5.832758740115925,10.950000000000001,253.64830419281807,11.116,93.49916861277761,78.61642596356555,84.743
1232,2019-05-25,263.8545410255824,20.302,38.233000000000004,0.36275874011592424,33.483000000000004,131.25730419281808,5.871,54.9681686127776,135.81857403643446,15.8
1233,2019-05-26,129.0138261893589,,99.879,0.36275874011592424,39.42,223.7263041928181,,88.2331686127776,93.908,55.88
1234,2019-05-27,256.0182558618059,34.573,32.7,30.042758740115925,49.13,203.1423041928181,,57.427372873429235,87.98,33.0
1235,2019-05-28,214.4725410255824,85.443,76.17999999999999,34.18275874011592,27.900000000000002,156.31730419281809,19.019000000000002,18.18484011339272,70.8,159.91
1236,2019-05-29,194.86554102558242,81.14699999999999,18.018,40.044758740115924,47.63241262848752,270.21430419281813,13.221,64.49929285151086,59.733,117.73
1237,2019-05-30,110.0835410255824,72.51920163487739,15.43,16.092758740115926,25.327587371512482,258.22930419281806,31.655,33.436411750032505,27.81,154.32
1238,2019-05-31,162.2645410255824,29.953798365122616,72.351,6.092758740115925,6.798,153.1933041928181,51.699,39.7819254755227,114.466,155.308
1239,2019-06-01,69.7255410255824,13.47,67.44000000000001,0.36275874011592424,50.642,211.5323041928181,20.43,66.5661686127776,116.501,48.13
1240,2019-06-02,184.96054102558242,76.319,25.660000000000004,29.229758740115923,89.23,186.38915541371532,64.256,13.754168612777601,5.47,123.625
1241,2019-06-03,191.8555410255824,24.706999999999997,67.594,57.63375874011592,88.451,179.7629055556801,55.246,15.556587765196301,38.954,52.09
1242,2019-06-04,195.79729418623265,18.0,38.008,17.79275874011592,65.876,125.33208541095283,35.351,34.93495289797222,135.943,103.71
1243,2019-06-05,239.35000000000002,51.653999999999996,107.25399999999999,14.199758740115923,74.085,219.41398213468295,,133.55195289797223,116.27554927726676,160.27
1244,2019-06-06,146.888,49.768,52.79,34.36075874011593,136.62452047467826,236.28247585643103,51.934,51.25195289797222,57.53381340341656,138.8569022919757
1245,2019-06-07,245.92502519538087,5.352,101.688,0.36275874011592424,66.48674157732624,207.7720486722175,49.723,130.39295225930036,162.63648751523672,65.5886200296665
1246,2019-06-08,141.74967327656597,84.801,109.459,20.76275874011592,124.05874157732623,191.87167794186485,75.749,32.366,42.66792246142209,48.628620029666486
1247,2019-06-09,0.516673276565963,,,0.36275874011592424,0.8627415773262338,1.511677941864844,,,1.7469224614220815,0.7586200296664911
1248,2019-06-10,0.516673276565963,,,0.36275874011592424,0.8627415773262338,1.511677941864844,,,1.7469224614220815,0.7586200296664911
1249,2019-06-11,0.516673276565963,,,0.36275874011592424,0.8627415773262338,1.511677941864844,,,1.7469224614220815,0.7586200296664911
1250,2019-06-12,0.516673276565963,,,0.36275874011592424,0.8627415773262338,1.511677941864844,,,1.7469224614220815,0.7586200296664911
1251,2019-06-13,234.96414209051963,60.002,61.611,47.84375874011592,127.33174157732624,215.43967794186483,44.221999999999994,17.201,91.51692246142208,171.4006200296665
1252,2019-06-14,168.79372245689385,64.297,62.65,56.498758740115925,31.534741577326233,273.80267794186483,67.269,38.028000000000006,61.15692246142208,79.85962002966649
1253,2019-06-15,181.63667327656597,32.391,112.81800000000001,0.36275874011592424,33.19374157732623,182.71567794186484,8.267,91.989,106.14792246142207,126.49862002966648
1254,2019-06-16,127.64367327656596,27.810000000000002,70.955,0.36275874011592424,75.66274157732624,272.4016779418648,3.425,63.489622448979596,98.68692246142209,13.55862002966649
1255,2019-06-17,193.81544495555963,56.992000000000004,76.37,31.797500937116325,97.07674157732623,205.12267794186485,36.325,126.56837755102043,43.37692246142208,46.932620029666495
1256,2019-06-18,261.3689015975723,63.918000000000006,110.151,33.02246805905816,83.47274157732623,215.05767794186482,14.738999999999999,17.85,34.88692246142208,135.7200153785037
1257,2019-06-19,180.76367327656595,39.001999999999995,31.642,46.63443434281735,126.71874157732623,71.67667794186484,32.739000000000004,97.03392670157068,16.736922461422083,78.90722468082927
1258,2019-06-20,307.428673276566,68.291,65.57,40.54763162147186,105.43874157732624,238.86467794186484,12.533000000000001,102.70007329842932,157.64392246142208,87.44962002966649
1259,2019-06-21,204.29667327656597,34.992000000000004,48.551,36.63775874011592,113.33874157732622,289.3006779418648,38.835,123.084,101.04092246142208,139.34262002966648
1260,2019-06-22,273.7753692847543,6.546,33.07,0.36275874011592424,27.773741577326234,334.04267794186484,,18.367,137.7369224614221,45.87862002966649
1261,2019-06-23,132.63597726837764,42.394999999999996,66.23,2.7417587401159245,20.524741577326235,204.17467794186484,4.186,124.782,138.52992246142207,55.13862002966649
1262,2019-06-24,161.19667327656597,59.586,103.64,19.346758740115927,52.18874157732624,283.14467794186487,8.638,,95.30892246142209,100.47562002966649
1263,2019-06-25,273.22767327656595,61.742999999999995,63.99,37.184758740115925,96.84474157732623,229.16567794186486,25.191,41.417,74.39692246142208,103.33162002966648
1264,2019-06-26,171.22667327656595,73.383,79.7,32.82375874011593,70.85974157732623,215.06267794186485,58.524,29.118000000000002,31.966922461422083,65.8846200296665
1265,2019-06-27,173.30567327656595,62.657999999999994,54.51,60.309758740115925,117.71974157732623,286.0288161304736,36.905,33.29,75.44092246142208,106.92662002966648
1266,2019-06-28,175.59667327656598,86.743,86.089,22.400758740115922,30.650741577326233,163.77553975325608,27.311,14.778,47.26692246142208,79.9386200296665
1267,2019-06-29,124.47267327656597,,81.00999999999999,0.36275874011592424,36.75974157732623,224.56267794186485,,42.601,42.35992246142208,80.35062002966649
1268,2019-06-30,179.70367327656598,17.4,60.898,0.36275874011592424,81.60774157732624,130.47167794186484,15.219999999999999,75.794,139.06492246142207,102.79862002966648
1269,2019-07-01,134.62967327656597,35.569,94.77,37.22203054461241,88.42674157732623,231.72867794186482,52.08,59.13438747727273,14.426922461422084,67.46762002966649
1270,2019-07-02,152.55767327656596,81.491,73.1,29.078366175009563,61.59874157732624,186.21778583510707,81.73100000000001,41.0892109090909,13.530922461422081,86.74762002966649
1271,2019-07-03,207.22067327656598,11.155,38.55,36.784366175009566,148.32674157732623,285.8810765790028,31.894,6.827210909090909,47.796922461422085,135.7686200296665
1272,2019-07-04,189.36867327656597,15.629000000000001,29.86,0.3613661750095657,43.87274157732623,209.42359935364547,48.59,26.51421090909091,172.34692246142208,182.6496200296665
1273,2019-07-05,146.7540772151966,45.083,67.59,21.28636617500957,55.69174157732624,171.76000000000002,,27.96121090909091,47.120971081658645,114.8906200296665
1274,2019-07-06,209.62075613891196,16.734,61.54,42.974366175009564,17.50797378286099,152.448,14.392,55.28821090909091,136.52110905800552,64.8421168476958
1275,2019-07-07,184.96022379445702,25.124,32.99,0.3613661750095657,29.84933296339969,128.783,44.18,39.69721090909091,135.43903780721269,104.0
1276,2019-07-08,102.8757740102509,47.288,129.54999999999998,25.314366175009564,115.87224928903377,248.164,28.779999999999998,45.01821090909091,31.398244694132334,49.35
1277,2019-07-09,0.9377740102509049,,,0.3613661750095657,0.9182492890337796,,,2.287210909090909,0.6042446941323345,
1278,2019-07-10,0.9377740102509049,,,0.3613661750095657,0.9182492890337796,,,2.287210909090909,0.6042446941323345,
1279,2019-07-11,0.9377740102509049,,,0.3613661750095657,0.9182492890337796,,,2.287210909090909,0.6042446941323345,
1280,2019-07-12,0.9377740102509049,,,0.3613661750095657,0.9182492890337796,,,2.287210909090909,0.6042446941323345,
1281,2019-07-13,321.1927740102509,12.147,51.37010684673102,0.3613661750095657,23.47824928903378,262.202,36.149,59.71021090909091,169.8927315223726,86.376
1282,2019-07-14,162.3987740102509,32.516,99.32300000000001,0.3613661750095657,107.58824928903378,236.37153507728894,62.671,63.39921090909091,118.64775786589207,118.97333333333333
1283,2019-07-15,151.5877740102509,25.276000000000003,83.78999999999999,25.493366175009566,99.51424928903377,160.53477104516003,42.605000000000004,110.89621090909091,105.85924469413233,60.31966666666666
1284,2019-07-16,171.57777401025092,36.178,74.53,0.3613661750095657,96.58624928903377,219.86669387755103,62.3,35.78821090909091,52.12724469413234,70.66
1285,2019-07-17,255.70177401025092,10.885,43.58,48.19836617500956,89.01724928903378,258.633,47.114999999999995,52.99721090909091,72.35924469413233,53.7
1286,2019-07-18,135.0997740102509,25.727000000000004,48.207,31.458366175009566,46.73524928903378,367.322,10.67,28.857210909090913,85.70361969413233,147.091
1287,2019-07-19,200.21877401025088,9.294,18.509999999999998,46.489338047696464,45.11424928903378,190.30198666666666,61.322,39.94521090909091,28.964869694132336,109.406
1288,2019-07-20,195.77177401025088,,103.621,22.11439430232265,6.978249289033779,234.28401333333335,36.311,95.0942109090909,198.39324469413233,93.09
1289,2019-07-21,206.0047740102509,,44.266,32.06771134266242,70.02224928903378,173.763,,89.27121090909091,152.00224469413234,113.602
1290,2019-07-22,221.6827740102509,19.551,63.91,38.56902100735668,69.79524928903378,259.11105133470227,58.876999999999995,96.5972109090909,120.19124469413234,115.65999999999998
1291,2019-07-23,261.1877740102509,23.759999999999998,22.405,13.966366175009565,61.26124928903378,201.43294866529774,26.753999999999998,82.18721090909091,172.16424469413232,65.11
1292,2019-07-24,251.0697740102509,52.045,50.72,49.93836617500957,26.46324928903378,198.6529380203515,77.42,50.68121090909091,119.25659084797849,147.494
1293,2019-07-25,135.0677740102509,18.318,29.78,15.745366175009567,47.89824928903378,192.6220619796485,29.016000000000002,23.62221090909091,118.32289854028618,37.782
1294,2019-07-26,268.9957740102509,11.845,29.92,19.512366175009564,70.16924928903379,244.38373306772908,53.693,66.40221090909091,198.07224469413234,73.757
1295,2019-07-27,191.03677401025092,,62.355,0.3613661750095657,72.15924928903378,237.12332678779208,49.843,52.37521090909091,217.90476992777718,62.062999999999995
1296,2019-07-28,222.4027459728677,,50.65,0.3613661750095657,43.35524928903378,274.9604142526491,46.57,98.00021090909091,302.6457194604875,103.450875
1297,2019-07-29,291.5748020476341,22.237,47.0,35.318822905778795,80.67524928903379,326.9285258918297,88.357,82.30321090909091,138.18624469413234,98.48812500000001
1298,2019-07-30,210.04777401025092,58.751,41.129999999999995,8.400909444240337,52.15624928903378,331.297,98.211,29.02721090909091,158.78124469413234,64.481
1299,2019-07-31,183.9327740102509,37.74,32.87,12.011366175009568,135.7232492890338,257.735,58.919,67.62621090909091,104.50324469413233,126.298
1300,2019-08-01,152.92830491231862,49.150999999999996,57.17,12.011366175009568,64.57324928903378,327.41700000000003,43.730000000000004,2.421285250000831,45.96824469413233,45.35
1301,2019-08-02,304.8481584683286,41.154,71.12,16.737366175009566,38.27824928903378,212.36599999999999,75.894,71.352,157.52824469413233,82.126
1302,2019-08-03,340.5651584683286,26.782,35.488,21.548366175009562,43.80924928903378,363.183,98.963,125.58099999999999,100.36924469413232,93.578
1303,2019-08-04,83.79615846832861,33.813,10.469999999999999,25.94509618548717,93.13624928903378,376.413,20.93,8.942796938008337,75.49424469413233,99.05
1304,2019-08-05,305.9040556517499,21.249,82.1,57.30500000000001,88.86424928903378,363.779,,61.945139840065615,82.63424469413232,71.056
1305,2019-08-06,177.78778016615271,19.77,96.03,,11.89824928903378,180.22,,99.78313984006563,129.62924469413232,26.28
1306,2019-08-07,242.3024193855974,53.194,51.120000000000005,6.343,81.05918836558686,246.514,42.906,112.68413984006561,122.18778457483725,40.425
1307,2019-08-08,182.79997617135245,24.199,64.14699999999999,30.140000000000004,94.24600000000001,276.322,60.802,99.10613984006562,72.445,64.86
1308,2019-08-09,2.6449761713524502,,,,,,,2.8941398400656144,,
1309,2019-08-10,2.6449761713524502,,,,,,,2.8941398400656144,,
1310,2019-08-11,2.6449761713524502,,,,,,,2.8941398400656144,,
1311,2019-08-12,2.6449761713524502,,,,,,,2.8941398400656144,,
1312,2019-08-13,175.72097617135245,33.047,98.235,35.19,95.232,229.185,25.863,94.2301398400656,100.01400000000001,75.99
1313,2019-08-14,279.85097617135244,81.519,83.886,48.036,107.68803086722195,121.47,107.586,23.714139840065613,23.708,136.212
1314,2019-08-15,226.03586880666745,55.809,99.80000000000001,26.08,171.2565777706518,302.35699999999997,69.918,61.32413984006562,133.248,107.21000000000001
1315,2019-08-16,209.88763366913417,29.387,83.934,63.994,136.39703536212625,256.428,176.399,43.11713984006561,115.46,97.78999999999999
1316,2019-08-17,215.74363366913417,50.32,75.9,22.73,87.857356,156.232,54.608000000000004,44.88313984006561,122.08500000000001,63.693999999999996
1317,2019-08-18,245.25376854047403,6.63,12.83,,89.145,193.899,39.609,143.40013984006563,129.91,107.566
1318,2019-08-19,199.51697617135244,32.761,55.650000000000006,70.973,110.73592592592593,341.005,106.779,71.93613984006562,86.788,78.35799999999999
1319,2019-08-20,159.85497617135246,55.657000000000004,49.66,39.79,92.85707407407406,308.574219369895,38.629000000000005,129.5431398400656,78.03699999999999,103.497
1320,2019-08-21,212.63129069716277,24.473,49.18,65.326,82.18283650190114,287.7744328040181,74.255,46.58413984006562,10.545000000000002,161.3821622002821
1321,2019-08-22,225.7956616455421,74.194,41.158,47.322,159.21616349809887,213.19434782608695,65.29708474576272,38.79013984006561,93.513,150.66483779971793
1322,2019-08-23,226.35306708044334,22.630000000000003,108.19,64.825,94.97078106508876,390.541,84.18691525423729,44.44713984006562,81.07,178.116
1323,2019-08-24,219.11288526226153,44.482,93.939,21.06,94.1414843007649,223.46155134741443,74.126,62.93213984006561,198.207,169.608
1324,2019-08-25,206.76497617135246,,84.299,,85.29568812251844,183.88644865258559,81.61,85.56696871707096,110.7,30.609999999999996
1325,2019-08-26,251.88876226760914,46.169000000000004,91.77000000000001,31.1,166.9730465116279,288.53,94.07,41.19948559238482,91.798,71.61
1326,2019-08-27,192.83019007509577,68.567,71.711,19.479999999999997,163.48600000000002,286.43033333333335,107.024,38.95396521074107,67.09,100.32999999999998
1327,2019-08-28,237.68730950468577,53.044000000000004,112.53800000000001,45.858,92.16499999999999,315.2456666666667,106.088,102.94313984006563,57.717999999999996,94.477
1328,2019-08-29,249.7676428380191,61.481,32.9,26.767,103.65301003764115,252.70222235722966,53.671,16.554139840065616,25.815,76.337
1329,2019-08-30,141.57497617135246,78.963,110.172,42.318000000000005,54.81298996235885,350.6797776427704,44.217999999999996,53.805139840065614,125.63999999999999,103.21
1330,2019-08-31,137.14397617135245,50.676,69.531,13.22,26.476,296.837,67.562,94.02613984006561,162.832,69.03
1331,2019-09-01,256.03852706887653,40.571,55.002,35.82000000000001,61.69800000000001,257.672672872655,73.31700000000001,82.17813984006561,74.8,14.51
1332,2019-09-02,157.86659171327474,9.732,98.66600000000001,12.208,10.0,70.60911250270752,55.36,40.234139840065616,56.72,90.147
1333,2019-09-03,167.20759171327475,16.48,73.87700000000001,64.86,19.841,139.90267996897438,39.16,58.48813984006561,23.58,90.828
1334,2019-09-04,124.40959171327475,34.212,92.283,15.032000000000002,45.787,250.88867996897434,45.337,31.870007860021822,21.239,52.5
1335,2019-09-05,238.57118203712108,33.977,54.379999999999995,29.857,106.018,271.99567996897434,,39.79,51.833000000000006,119.356
1336,2019-09-06,181.61619015060023,9.6,65.1,,44.14,100.59598711521195,1.184,50.727000000000004,158.722,130.101
1337,2019-09-07,191.39416895870292,25.649898798423077,33.300000000000004,17.326,75.94,182.7756596187614,28.3,90.619,111.17775810813988,28.46
1338,2019-09-08,336.79795528446493,39.37777956138901,29.525,31.09,108.87917987819273,161.5956596187614,33.89,27.252000000000002,118.5389448378582,68.41
1339,2019-09-09,1.9949552844649394,0.9377795613890134,,,0.9628780510835182,1.9516596187614064,,,3.2326807157207895,
1340,2019-09-10,1.9949552844649394,0.9377795613890134,,,0.9628780510835182,1.9516596187614064,,,3.2326807157207895,
1341,2019-09-11,1.9949552844649394,0.9377795613890134,,,0.9628780510835182,1.9516596187614064,,,3.2326807157207895,
1342,2019-09-12,1.9949552844649394,0.9377795613890134,,,0.9628780510835182,1.9516596187614064,,,3.2326807157207895,
1343,2019-09-13,1.9949552844649394,0.9377795613890134,,,0.9628780510835182,1.9516596187614064,,,3.2326807157207895,
1344,2019-09-14,1.9949552844649394,0.9377795613890134,,,0.9628780510835182,1.9516596187614064,,,3.2326807157207895,
1345,2019-09-15,1.9949552844649394,0.9377795613890134,,,0.9628780510835182,1.9516596187614064,,,3.2326807157207895,
1346,2019-09-16,1.9949552844649394,0.9377795613890134,,,0.9628780510835182,1.9516596187614064,,,3.2326807157207895,
1347,2019-09-17,1.9949552844649394,0.9377795613890134,,,0.9628780510835182,1.9516596187614064,,,3.2326807157207895,
1348,2019-09-18,1.9949552844649394,0.9377795613890134,,,0.9628780510835182,1.9516596187614064,,,3.2326807157207895,
1349,2019-09-19,1.9949552844649394,0.9377795613890134,,,0.9628780510835182,1.9516596187614064,,,3.2326807157207895,
1350,2019-09-20,1.9949552844649394,0.9377795613890134,,,0.9628780510835182,1.9516596187614064,,,3.2326807157207895,
1351,2019-09-21,1.9949552844649394,0.9377795613890134,,,0.9628780510835182,1.9516596187614064,,,3.2326807157207895,
1352,2019-09-22,1.9949552844649394,0.9377795613890134,,,0.9628780510835182,1.9516596187614064,,,3.2326807157207895,
1353,2019-09-23,1.9949552844649394,0.9377795613890134,,,0.9628780510835182,1.9516596187614064,,,3.2326807157207895,
1354,2019-09-24,1.9949552844649394,0.9377795613890134,,,0.9628780510835182,1.9516596187614064,,,3.2326807157207895,
1355,2019-09-25,1.9949552844649394,0.9377795613890134,,,0.9628780510835182,1.9516596187614064,,,3.2326807157207895,
1356,2019-09-26,1.9949552844649394,0.9377795613890134,,,0.9628780510835182,1.9516596187614064,,,3.2326807157207895,
1357,2019-09-27,1.9949552844649394,0.9377795613890134,,,0.9628780510835182,1.9516596187614064,,,3.2326807157207895,
1358,2019-09-28,1.9949552844649394,0.9377795613890134,,,0.9628780510835182,1.9516596187614064,,,3.2326807157207895,
1359,2019-09-29,1.9949552844649394,0.9377795613890134,,,0.9628780510835182,1.9516596187614064,,,3.2326807157207895,
1360,2019-09-30,1.9949552844649394,0.9377795613890134,,,0.9628780510835182,1.9516596187614064,,,3.2326807157207895,
1361,2019-10-01,218.45695528446495,36.36477956138901,9.273,33.69,72.61987805108352,208.82414389876433,72.893,20.746000000000002,6.838994659145379,100.124
1362,2019-10-02,250.68295528446495,0.9377795613890134,18.81,,62.355878051083515,257.91599089416474,75.42699999999999,21.377000000000002,110.07750939517234,159.445
1363,2019-10-03,325.48695528446495,6.367779561389013,58.9,8.3,33.04087805108352,204.4558506581423,56.51,17.059,55.23950939517234,41.61
1364,2019-10-04,192.67895528446493,43.617779561389014,91.113,20.09714646397297,84.36287805108351,168.81778461716715,39.679,30.852999999999998,141.56350939517233,63.422000000000004
1365,2019-10-05,192.34097943937903,67.350779561389,79.548,45.62391345512735,16.76505060754324,253.65978461716713,,39.85,92.15594630970918,117.058
1366,2019-10-06,191.343693579615,39.26377956138901,80.089,18.197913455127352,102.28481596824545,160.61008797731827,48.986000000000004,45.313,68.49562816468779,140.752
1367,2019-10-07,243.40222801207906,93.02349392129595,63.418,15.490913455127348,80.86381596824545,192.61035999130354,11.432,74.935,71.14708158551149,114.32300000000001
1368,2019-10-08,321.87209492778186,21.952,118.327,0.2509134551273503,37.05029455754738,277.83867099608824,51.28,138.899,106.78505032624304,59.910000000000004
1369,2019-10-09,0.6920949277818442,,,0.2509134551273503,1.1269379171619274,1.1236709960882414,,,0.6839474489669944,
1370,2019-10-10,0.6920949277818442,,,0.2509134551273503,1.1269379171619274,1.1236709960882414,,,0.6839474489669944,
1371,2019-10-11,0.6920949277818442,,,0.2509134551273503,1.1269379171619274,1.1236709960882414,,,0.6839474489669944,
1372,2019-10-12,0.6920949277818442,,,0.2509134551273503,1.1269379171619274,1.1236709960882414,,,0.6839474489669944,
1373,2019-10-13,0.6920949277818442,,,0.2509134551273503,1.1269379171619274,1.1236709960882414,,,0.6839474489669944,
1374,2019-10-14,0.6920949277818442,,,0.2509134551273503,1.1269379171619274,1.1236709960882414,,,0.6839474489669944,
1375,2019-10-15,0.6920949277818442,,,0.2509134551273503,1.1269379171619274,1.1236709960882414,,,0.6839474489669944,
1376,2019-10-16,0.6920949277818442,,,0.2509134551273503,1.1269379171619274,1.1236709960882414,,,0.6839474489669944,
1377,2019-10-17,0.6920949277818442,,,0.2509134551273503,1.1269379171619274,1.1236709960882414,,,0.6839474489669944,
1378,2019-10-18,0.6920949277818442,,,0.2509134551273503,1.1269379171619274,1.1236709960882414,,,0.6839474489669944,
1379,2019-10-19,0.6920949277818442,,,0.2509134551273503,1.1269379171619274,1.1236709960882414,,,0.6839474489669944,
1380,2019-10-20,0.6920949277818442,,,0.2509134551273503,1.1269379171619274,1.1236709960882414,,,0.6839474489669944,
1381,2019-10-21,0.6920949277818442,,,0.2509134551273503,1.1269379171619274,1.1236709960882414,,,0.6839474489669944,
1382,2019-10-22,0.6920949277818442,,,0.2509134551273503,1.1269379171619274,1.1236709960882414,,,0.6839474489669944,
1383,2019-10-23,0.6920949277818442,,,0.2509134551273503,1.1269379171619274,1.1236709960882414,,,0.6839474489669944,
1384,2019-10-24,0.6920949277818442,,,0.2509134551273503,1.1269379171619274,1.1236709960882414,,,0.6839474489669944,
1385,2019-10-25,0.6920949277818442,,,0.2509134551273503,1.1269379171619274,1.1236709960882414,,,0.6839474489669944,
1386,2019-10-26,0.6920949277818442,,,0.2509134551273503,1.1269379171619274,1.1236709960882414,,,0.6839474489669944,
1387,2019-10-27,0.6920949277818442,,,0.2509134551273503,1.1269379171619274,1.1236709960882414,,,0.6839474489669944,
1388,2019-10-28,0.6920949277818442,,,0.2509134551273503,1.1269379171619274,1.1236709960882414,,,0.6839474489669944,
1389,2019-10-29,0.6920949277818442,,,0.2509134551273503,1.1269379171619274,1.1236709960882414,,,0.6839474489669944,
1390,2019-10-30,0.6920949277818442,,,0.2509134551273503,1.1269379171619274,1.1236709960882414,,,0.6839474489669944,
1391,2019-10-31,0.6920949277818442,,,0.2509134551273503,1.1269379171619274,1.1236709960882414,,,0.6839474489669944,
1392,2019-11-01,305.97509492778187,42.322,60.558,14.420913455127348,27.77793791716193,278.82467099608823,83.024,21.563,54.985944442544124,87.8
1393,2019-11-02,214.00009492778184,45.969,59.9,37.66091345512735,73.05993791716193,190.3272051388073,44.318,38.474000000000004,40.60711876951544,72.419
1394,2019-11-03,331.13009492778184,33.102,88.88,34.54691345512735,84.19893791716193,291.64053293169223,86.411,10.54,13.418118769515438,76.39
1395,2019-11-04,95.66209492778185,51.688,54.822,10.147449882206455,128.26693791716193,148.45755296145055,6.01,37.302,72.05711876951544,48.459999999999994
1396,2019-11-05,261.21495653542416,33.7,181.268,,17.826689928682818,174.78455296145054,,48.966,78.11017986991718,48.82
1397,2019-11-06,181.11241063954273,46.463,24.355,29.462,143.53099999999998,196.67155296145054,36.919,47.958,73.12069117027748,177.619
1398,2019-11-07,219.85813708987797,40.586,36.675999999999995,3.0100000000000002,130.933,257.7571510475747,29.488,58.58,105.25169117027748,81.19999999999999
1399,2019-11-08,272.203,,92.96000000000001,,113.162,155.0146869327424,55.32,133.25,180.71369117027746,13.096
1400,2019-11-09,,,,,,1.3116869327424032,,,0.599691170277479,
1401,2019-11-10,,,,,,1.3116869327424032,,,0.599691170277479,
1402,2019-11-11,,,,,,1.3116869327424032,,,0.599691170277479,
1403,2019-11-12,,,,,,1.3116869327424032,,,0.599691170277479,
1404,2019-11-13,,,,,,1.3116869327424032,,,0.599691170277479,
1405,2019-11-14,,,,,,1.3116869327424032,,,0.599691170277479,
1406,2019-11-15,,,,,,1.3116869327424032,,,0.599691170277479,
1407,2019-11-16,,,,,,1.3116869327424032,,,0.599691170277479,
1408,2019-11-17,,,,,,1.3116869327424032,,,0.599691170277479,
1409,2019-11-18,,,,,,1.3116869327424032,,,0.599691170277479,
1410,2019-11-19,,,,,,1.3116869327424032,,,0.599691170277479,
1411,2019-11-20,,,,,,1.3116869327424032,,,0.599691170277479,
1412,2019-11-21,,,,,,1.3116869327424032,,,0.599691170277479,
1413,2019-11-22,,,,,,1.3116869327424032,,,0.599691170277479,
1414,2019-11-23,,,,,,1.3116869327424032,,,0.599691170277479,
1415,2019-11-24,,,,,,1.3116869327424032,,,0.599691170277479,
1416,2019-11-25,,,,,,1.3116869327424032,,,0.599691170277479,
1417,2019-11-26,,,,,,1.3116869327424032,,,0.599691170277479,
1418,2019-11-27,,,,,,1.3116869327424032,,,0.599691170277479,
1419,2019-11-28,,,,,,1.3116869327424032,,,0.599691170277479,
1420,2019-11-29,,,,,,1.3116869327424032,,,0.599691170277479,
1421,2019-11-30,,,,,,1.3116869327424032,,,0.599691170277479,
1422,2019-12-01,125.62,7.73,43.738,7.076,93.41499999999999,195.7136869327424,1.38,34.939,76.47569117027749,135.22
1423,2019-12-02,334.367,22.304000000000002,62.54,20.982,120.13300000000001,282.96554480775103,78.071,74.089,67.04969117027748,62.205000000000005
1424,2019-12-03,270.87,21.858999999999998,66.11,41.927,60.912000000000006,223.121,66.65,12.759,23.35469117027748,55.391000000000005
1425,2019-12-04,198.41400000000002,10.064,35.979,47.753,31.057999999999996,105.53200000000001,,90.67,108.02969117027749,100.32000000000001
1426,2019-12-05,107.571,,49.18,,83.894,236.344,5.822,70.491,45.742776192035954,54.21
1427,2019-12-06,177.714,50.007999999999996,73.523,72.49900000000001,72.792,263.845,29.646,38.923,100.37,100.715
1428,2019-12-07,342.782,30.844999999999995,48.239,20.38,33.17,227.84199999999998,8.43,84.19800000000001,177.09,101.669
1429,2019-12-08,227.317,37.519,112.902,34.74,106.708,295.12,59.715,55.391,71.044,33.35
