start_date,BRYANT,CAMBRIDGE,HAMILTON,HIGH,MPL,RINCONADA LIB,SHERMAN,TED THOMPSON,WEBSTER
2011-07-29,,,6.249457,,,,,,
2011-07-30,,,28.978652999999998,,,,,,
2011-07-31,,,37.209163000000004,,,,,,
2011-08-01,,,5.041244,,,,,,
2011-08-02,,,16.210423000000002,,,,,,
2011-08-03,,,26.878111031746034,,,,,,
2011-08-04,,,29.736455968253967,,,,,,
2011-08-05,,,31.489418,,,,,,
2011-08-06,,,69.274091,,,,,,
2011-08-07,,,13.397158999999998,,,,,,
2011-08-08,,,18.101343,,,,,,
2011-08-09,,,17.349076,,,,,,
2011-08-10,,,11.151858,,,,,,
2011-08-11,,,17.816884,,,,,,
2011-08-12,,,13.36458,,,,,,
2011-08-13,,,21.485197999999997,,,,,,
2011-08-14,,,22.584837000000004,,,,,,
2011-08-15,,,17.125500603603605,,,,,,
2011-08-16,,,29.292041396396396,,,,,,
2011-08-17,,,24.79735332857143,,,,,,
2011-08-18,,,27.02665167142857,,,,,,
2011-08-19,,,31.553527000000003,,,,,,
2011-08-20,,,12.648807,,,,,,
2011-08-21,,,38.561442,,,,,,
2011-08-22,,,9.631848,,,,,,
2011-08-23,,,43.560528310077515,,,,,,
2011-08-24,,,47.64457468992248,,,,,,
2011-08-25,,,14.774353,,,,,,
2011-08-26,,,17.175258,,,,,,
2011-08-27,,,27.324761,,,,,,
2011-08-28,,,28.163386051948052,,,,,,
2011-08-29,,,27.25777394805195,,,,,,
2011-08-30,,,26.982022,,,,,,
2011-08-31,,,43.908577,,,,,,
2011-09-01,,,20.482843,,,,,,
2011-09-02,,,43.729961,6.403768,,,,,
2011-09-03,,,45.009934,,,,,,
2011-09-04,,,21.46702178701443,10.786432000000001,,,,,
2011-09-05,,,30.651383212985564,,,,,,
2011-09-06,,,28.615484000000002,,,,,,
2011-09-07,,,22.872207,4.253296,,,,,
2011-09-08,,,6.710543,19.751828,,,,,
2011-09-09,,,,9.906827,,,,,
2011-09-10,,,4.880477,26.134719,,,,,
2011-09-11,,,2.450984,2.936031,,,,,
2011-09-12,,,44.4707,,,,,,
2011-09-13,,,44.556933,11.717298,,,,,
2011-09-14,,,21.949843830508474,17.298585,,,,,
2011-09-15,,,36.92823516949153,6.171631,,,,,
2011-09-16,,,68.67596331325302,,,,,,
2011-09-17,,,52.26793468674699,,,,,,
2011-09-18,,,28.127181196560198,,,,,,
2011-09-19,,,78.0014368034398,,,,,,
2011-09-20,,,50.25328,8.387703,,,,,
2011-09-21,,,48.773034,,,,,,
2011-09-22,,,32.081033000000005,6.319664,,,,,
2011-09-23,,,36.91608590697675,13.158178,,,,,
2011-09-24,,,19.138915093023257,10.831704,,,,,
2011-09-25,,,24.879452,8.832977,,,,,
2011-09-26,,,41.908759,2.54925,,,,,
2011-09-27,,,44.664097,7.784872999999999,,,,,
2011-09-28,,,23.45881,0.614354,,,,,
2011-09-29,,,66.9721259495549,3.8259420000000004,,,,,
2011-09-30,,,48.72425153139676,8.821672,,,,,
2011-10-01,,,43.03105351904834,4.690233,,,,,
2011-10-02,,,15.823211,2.397252,,,,,
2011-10-03,,,22.906943,,,,,,
2011-10-04,,,41.361066287128715,11.581711000000002,,,,,
2011-10-05,,,52.50866971287129,3.8725889999999996,,,,,
2011-10-06,,,57.436766865853656,29.911123,,,,,
2011-10-07,,,60.94009913414634,8.964861,,,,,
2011-10-08,,,32.243818,2.275877,,,,,
2011-10-09,,,19.11414,,,,,,
2011-10-10,16.764479,,41.65338,,,,,,
2011-10-11,13.397377,,34.563077,18.926015,,,,,
2011-10-12,16.016336000000003,,38.610665,14.854501,,,,,
2011-10-13,26.342278999999998,,51.220678,,,,,,
2011-10-14,11.908109,,32.856449,4.441539,,,,,
2011-10-15,9.564022,,18.096426,3.559538,,,,,
2011-10-16,,,29.420055819727892,,,,,,
2011-10-17,10.293681000000001,,52.58527219553928,10.564828000000002,,,,,
2011-10-18,18.946306,,37.31200863433912,20.581628,,,,,
2011-10-19,45.02560607692308,,55.7980083503937,13.939979999999998,,,,,
2011-10-20,17.922764923076922,,45.058976,10.20529,,,,,
2011-10-21,46.520961,,42.165428,19.368669,,,,,
2011-10-22,13.637180584615386,,44.487048,1.278987,,,,,
2011-10-23,10.050155415384616,,32.899809000000005,,,,,,
2011-10-24,13.036423000000001,,43.802643,10.865645,,,,,
2011-10-25,36.913503000000006,,50.70357175,5.5204640000000005,,,,,
2011-10-26,27.173063999999997,,60.53672125,1.474404,,,,,
2011-10-27,17.094515,,60.80489733333334,,,,,,
2011-10-28,38.638317,,72.35383466666667,13.648854,,,,,
2011-10-29,9.22011,,25.015302,9.565186,,,,,
2011-10-30,11.233711,,25.455541692307694,11.038768000000001,,,,,
2011-10-31,18.47503,,54.62193130769231,2.81227,,,,,
2011-11-01,24.676934,,42.812897,8.376494,,,,,
2011-11-02,29.116753000000003,,35.24411915384616,,,,,,
2011-11-03,19.09285,,51.40521638273921,11.484503,,,,,
2011-11-04,37.81278522994653,,43.628732463414636,,,,,,
2011-11-05,18.395323770053476,,39.705102,7.924726000000001,,,,,
2011-11-06,35.076127,,40.954842,9.746609,,,,,
2011-11-07,10.061405,,31.718843611764704,,,,,,
2011-11-08,11.241423000000001,,60.0269253882353,10.687433999999998,,,,,
2011-11-09,27.197792,,59.29383392369478,18.878253,,,,,
2011-11-10,51.139851,,39.86053307630522,16.530309000000003,,,,,
2011-11-11,12.088098,,61.639553,10.382624,,,,,
2011-11-12,7.131128000000001,,54.054452,16.184903000000002,,,,,
2011-11-13,23.539630965665236,,24.315162,,,,,,
2011-11-14,10.431794034334764,,41.750537,9.152287,,,,,
2011-11-15,8.546498,,37.89008745614035,2.811498,,,,,
2011-11-16,20.913927,,28.76486750682261,22.910257,,,,,
2011-11-17,17.110847,,41.273794037037035,11.456033,,,,,
2011-11-18,19.515061000000003,,60.19334394174758,14.403217,,,,,
2011-11-19,12.040477000000001,,44.00261883759515,11.71033,,,,,
2011-11-20,20.451889574468087,,56.13644022065728,12.313765999999998,,,,,
2011-11-21,43.683940425531915,,60.340512999999994,4.477306,,,,,
2011-11-22,8.780913,,30.805655,3.481848,,,,,
2011-11-23,17.171008,,30.906358,5.510502,,,,,
2011-11-24,,,10.146242212290502,,,,,,
2011-11-25,1.778934,,34.352136164332876,6.226124,,,,,
2011-11-26,19.100416,,23.350839623376622,5.809645,,,,,
2011-11-27,,,22.453958975609755,5.880527,,,,,
2011-11-28,13.73852,,34.9861752836495,9.864023,,,,,
2011-11-29,11.038736,,44.78614474074074,9.798680000000001,,,,,
2011-11-30,40.20581,,66.00222590625,13.503864,,,,,
2011-12-01,35.86896,,57.73456104555723,1.837035,,,,,
2011-12-02,29.513303,,71.25380614896797,17.719368,,,,,
2011-12-03,,,39.4417588992248,14.10524,,,,,
2011-12-04,7.159354,,18.551806000000003,9.137551,,,,,
2011-12-05,20.128552,,47.48091423880597,14.853271,,,,,
2011-12-06,21.674891,,81.01926890873501,26.24588,,,,,
2011-12-07,17.426506470588237,,53.43809955188098,9.982267,,,,,
2011-12-08,17.548970529411765,,74.59330130057803,13.077495,,,,,
2011-12-09,31.924523,,71.64236035,16.929962,,,,,
2011-12-10,15.75407,,12.256703898407643,9.28959,,,,,
2011-12-11,8.139627,,56.30023575159235,,,,,,
2011-12-12,16.531511402877697,,53.93329573550725,13.867246999999999,,,,,
2011-12-13,41.27070360651197,,85.13568526449275,18.44270188372093,,,,,
2011-12-14,14.899891990610328,,71.35670064516128,29.807188116279068,,,,,
2011-12-15,15.087263,,86.80595592626729,26.89063,,,,,
2011-12-16,23.145304,,36.76171242857143,16.984886,,,,,
2011-12-17,16.777272,,33.51550611885246,1.844812,,,,,
2011-12-18,13.728124,,25.02052614626382,,,,,,
2011-12-19,18.691046,,39.68116508362321,9.720503,,,,,
2011-12-20,14.892319,,67.24046565126051,14.55866,,,,,
2011-12-21,19.810983,,42.93406,21.417402,,,,,
2011-12-22,36.16244,,16.646359,18.642912,,,,,
2011-12-23,24.555282000000002,,42.513888,,,,,,
2011-12-24,20.628992999999998,,13.987345000000001,,,,,,
2011-12-25,,,10.430083673640166,,,,,,
2011-12-26,9.796748,,28.756782326359833,6.766776,,,,,
2011-12-27,14.280396,,14.492641,10.947284,,,,,
2011-12-28,13.255884,,12.909286999999999,7.154036,,,,,
2011-12-29,5.814819,,24.371223999999998,17.685419,,,,,
2011-12-30,28.28632,,26.053245,9.014759,,,,,
2011-12-31,5.756423,,13.227352,,,,,,
2012-01-01,4.670387,,24.974259,,,,,,
2012-01-02,17.437064,,10.611269,10.327776,,,,,
2012-01-03,13.600292,,43.446418,7.909102,,,,,
2012-01-04,25.660688999999998,,29.69479557731959,20.549522,,,,,
2012-01-05,19.552182000000002,,28.154997422680413,14.322362000000002,,,,,
2012-01-06,17.913304,,55.41903027777778,34.158854,,,,,
2012-01-07,5.730107,,28.075445722222224,11.087546,,,,,
2012-01-08,14.252575,,1.085995,,,,,,
2012-01-09,14.722840999999999,,44.977089,,,,,,
2012-01-10,10.580201,,35.017097,7.303333,,,,,
2012-01-11,16.509587,,48.715625,18.720587000000002,,,,,
2012-01-12,14.221469,,30.708685999999997,7.114287,,,,,
2012-01-13,34.976782,,54.300969,12.459240000000001,,,,,
2012-01-14,18.994950297297297,,39.517899,23.85226193103448,,,,,
2012-01-15,12.237382702702702,,24.694618,16.616287068965516,,,,,
2012-01-16,10.390139,,44.95525934,11.61313,,,,,
2012-01-17,19.727787,,59.085468524864865,5.792912,,,,,
2012-01-18,29.014981000000002,,53.70502715424342,17.96509,,,,,
2012-01-19,25.426893,,53.790004980891716,6.749228,,,,,
2012-01-20,49.695974,,36.352168,,,,,,
2012-01-21,17.189567,,38.09559804176904,15.885591,,,,,
2012-01-22,5.426255,,30.518684958230956,,,,,,
2012-01-23,19.91709,,36.600362000000004,20.654443999999998,,,,,
2012-01-24,16.632938,,41.757076,15.451381999999999,,,,,
2012-01-25,36.103356,,28.449611,16.277843999999998,,,,,
2012-01-26,37.607846,,40.829289,15.459055999999999,,,,,
2012-01-27,24.519885,,56.360329099173555,17.890558,,,,,
2012-01-28,8.561817000000001,,28.004963900826446,5.46639,,,,,
2012-01-29,10.912305,,7.118338,,,,,,
2012-01-30,21.728082999999998,,11.570482,6.012601,,,,,
2012-01-31,28.157097,,42.960648,17.566179,,,,,
2012-02-01,35.294602,,25.289058999999998,13.218675,,,,,
2012-02-02,38.431627999999996,,51.877066,13.321468,,,,,
2012-02-03,39.593649,,21.902544,9.699498,,,,,
2012-02-04,51.591063000000005,,8.644311,6.788497,,,,,
2012-02-05,,,30.396227757142857,2.818414,,,,,
2012-02-06,6.095781000000001,,53.681808242857144,16.740592,,,,,
2012-02-07,19.738567,,52.891313999999994,8.988990000000001,,,,,
2012-02-08,58.761606,,51.844302,6.196377,,,,,
2012-02-09,35.335550999999995,,27.644990999999997,18.266481,,,,,
2012-02-10,35.166038,,53.372815,13.071244,,,,,
2012-02-11,8.990317000000001,,23.665468106707316,5.209468,,,,,
2012-02-12,8.019971,,54.563618893292684,,,,,,
2012-02-13,17.330737,,46.305121,11.814134,,,,,
2012-02-14,26.376102,,51.90988,4.500749,,,,,
2012-02-15,40.81006561016949,,68.1165992919708,19.695135,,,,,
2012-02-16,26.720943744260893,,48.890359708029195,13.144553,,,,,
2012-02-17,11.86458964556962,,54.582212999999996,14.66283,,,,,
2012-02-18,11.221975,,29.816684999999996,6.3920639999999995,,,,,
2012-02-19,17.718836,,10.628232086419754,14.257838,,,,,
2012-02-20,26.146126000000002,,33.55918443817041,,,,,,
2012-02-21,11.623581999999999,,38.79887047540984,6.804865,,,,,
2012-02-22,23.966916832116787,,27.777754127868853,16.609113999999998,,,,,
2012-02-23,26.521964167883212,,63.362641509631146,22.570141,,,,,
2012-02-24,45.399657,,48.5072248625,17.336086469072164,,,,,
2012-02-25,6.963102,,23.683037494871797,21.360714530927837,,,,,
2012-02-26,19.783777,,23.53537577773094,,,,,,
2012-02-27,42.316144,,66.55431522739725,14.082346999999999,,,,,
2012-02-28,30.475738320833333,,43.61018,34.05004,,,,,
2012-02-29,37.628269679166664,,60.623881999999995,8.884886,,,,,
2012-03-01,45.578622,,42.773002,29.573349,,,,,
2012-03-02,32.414107,,51.850528,30.63356,,,,,
2012-03-03,17.312658,,29.132589808588662,13.475281,,,,,
2012-03-04,5.638524,,35.03178556695718,1.810668,,,,,
2012-03-05,23.422063,,90.89770862445415,6.597958,,,,,
2012-03-06,42.777823328125,,66.74650651115766,9.635615999999999,,,,,
2012-03-07,51.24941267187501,,58.30690948884234,30.823216,,,,,
2012-03-08,57.009429000000004,,42.854486,23.845068,,,,,
2012-03-09,33.4383,,57.354484,19.727222,,,,,
2012-03-10,32.189752999999996,,33.51428654368932,15.577389,,,,,
2012-03-11,20.689692,,45.50234963315956,,,,,,
2012-03-12,75.363747,,36.06615282315113,30.934247000000003,,,,,
2012-03-13,51.383610000000004,,46.582429,17.251732999999998,,,,,
2012-03-14,43.318695,,41.158595000000005,22.988340811403507,,,,,
2012-03-15,54.104866,,54.48137250063857,42.23317218859649,,,,,
2012-03-16,70.509692,,68.38442049936143,24.317596,,,,,
2012-03-17,28.589787,,24.032821326966378,3.6588,,,,,
2012-03-18,11.001916000000001,,27.04478367303362,4.61531,,,,,
2012-03-19,59.696769,,52.303440873254566,20.243204,,,,,
2012-03-20,56.196299,,64.36600112674545,29.498204,,,,,
2012-03-21,48.782229,,64.87932698412699,22.163017,,,,,
2012-03-22,38.235454000000004,,33.70939301587302,24.71172,,,,,
2012-03-23,45.064748,,70.52928569354839,31.68171,,,,,
2012-03-24,28.134220000000003,,30.96538130645161,32.711561,,,,,
2012-03-25,17.934899,,26.526764894009215,3.6895560000000005,,,,,
2012-03-26,61.616039,,71.7103304608295,27.40973,,,,,
2012-03-27,50.346687,,78.29783562574382,25.606337,,,,,
2012-03-28,55.594196,,71.82874256889116,20.81785,,,,,
2012-03-29,28.745728,,40.786890450526315,11.680631000000002,,,,,
2012-03-30,72.052171,,50.2421698221709,20.746761000000003,,,,,
2012-03-31,58.577307,,43.37636685009801,,,,,,
2012-04-01,10.366012,,17.959517327731092,16.234832,,,,,
2012-04-02,58.551079,,54.47887547096774,24.882126999999997,,,,,
2012-04-03,55.431456786259545,,73.93616152903226,23.966127,,,,,
2012-04-04,61.83876654707379,,51.674183,31.216442999999998,,,,,
2012-04-05,68.30576166666667,,46.740541,31.852788999999998,,,,,
2012-04-06,56.105506,,37.862785,14.514032365957444,,,,,
2012-04-07,33.813319,,44.812517,21.437784634042554,,,,,
2012-04-08,20.961018520547945,,35.858967,23.001725145205477,,,,,
2012-04-09,60.977204479452055,,34.719589,47.63731185479452,,,,,
2012-04-10,37.419149,,42.882919,28.367914,,,,,
2012-04-11,32.600961999999996,,30.749156,23.952479999999998,,,,,
2012-04-12,48.105331,,44.884504,16.868386,,,,,
2012-04-13,85.284341,,49.245195,30.813781933333335,,,,,
2012-04-14,35.038925000000006,,34.932614,35.34192663188406,,,,,
2012-04-15,,,61.596408999999994,14.171753348277418,,,,,
2012-04-16,58.887451399999996,,72.097858,36.92860908650519,,,,,
2012-04-17,65.5301786,,63.562061,23.776874999999997,,,,,
2012-04-18,52.289891000000004,,51.39253711352657,26.622022,,,,,
2012-04-19,51.362756000000005,,51.54280788647343,23.439254,,,,,
2012-04-20,30.62459097297297,,44.289088,34.214403,,,,,
2012-04-21,24.239303027027027,,76.34616206855125,12.745599,,,,,
2012-04-22,30.183039,,32.30035493144875,15.405414,,,,,
2012-04-23,41.864969,,65.129481,33.09963,,,,,
2012-04-24,54.959689,,71.713814,22.243348,,,,,
2012-04-25,51.137671999999995,,62.589099090264675,20.198577,,,,,
2012-04-26,51.135099000000004,,89.76165971090491,36.809183,,,,,
2012-04-27,40.263119,,74.33902247605813,36.952115,,,,,
2012-04-28,41.79030303984064,,32.0593216331171,14.529595,,,,,
2012-04-29,20.591758960159364,,30.901162089655173,27.609348999999995,,,,,
2012-04-30,54.331782,,61.619866,19.9165,,,,,
2012-05-01,76.089092,,42.166379,26.516822,,,,,
2012-05-02,36.590691,,57.072421999999996,24.555826,,,,,
2012-05-03,56.425227,,66.34364040723982,28.756513,,,,,
2012-05-04,60.541403,,71.15613938972987,27.530369,,,,,
2012-05-05,28.952527,,37.38315720303031,15.937029999999998,,,,,
2012-05-06,18.426249,,22.00327956088561,8.66024,,,,,
2012-05-07,52.293844,,55.172408005486076,31.055466396396397,,,,,
2012-05-08,59.955666186612575,,76.98817963980999,26.187576603603603,,,,,
2012-05-09,49.40758575598561,,85.9499562009113,35.474615,,,,,
2012-05-10,67.49268005740181,,86.28898959290701,24.137097,,,,,
2012-05-11,44.837242366863904,,55.177949,27.940269999999998,,,,,
2012-05-12,18.460290633136093,,36.956894,20.1136957,,,,,
2012-05-13,7.795447,,25.022907,7.9387683,,,,,
2012-05-14,46.5944,,77.80549910029364,40.649524985422744,,,,,
2012-05-15,54.027654999999996,,64.42154989970635,46.12620139729331,,,,,
2012-05-16,49.413193,,64.7291251707317,22.84060361728395,,,,,
2012-05-17,44.903009,,56.0028398292683,25.905231999999998,,,,,
2012-05-18,36.077021,,51.000848,36.817881,,,,,
2012-05-19,13.65142,,33.494986,9.93334,,,,,
2012-05-20,0.938379,,18.774876000000003,,,,,,
2012-05-21,36.321146999999996,,55.678745,29.669484,,,,,
2012-05-22,50.019126,,41.89817578698225,37.612088,,,,,
2012-05-23,55.629799,,69.40083421301775,23.875591999999997,,,,,
2012-05-24,61.811865,,80.608542,23.306376999999998,,,,,
2012-05-25,48.175816131832796,,75.83922434408602,15.649267,,,,,
2012-05-26,34.3569938681672,,34.659349655913985,16.022479,,,,,
2012-05-27,29.265596000000002,,22.059607,2.199643,,,,,
2012-05-28,31.792083,,21.873141,20.491319,,,,,
2012-05-29,60.253951,,68.844991,24.702975,,,,,
2012-05-30,61.538951999999995,,59.234215999999996,33.29464856896551,,,,,
2012-05-31,76.370047,,85.030067,38.53626243103448,,,,,
2012-06-01,66.65975644117647,,65.32742196564885,6.699676,,,,,
2012-06-02,64.52757555882353,,22.289004034351144,13.797668,,,,,
2012-06-03,33.500372999999996,,40.5435,19.773754,,,,,
2012-06-04,51.660217,,73.619577875,35.083047,,,,,
2012-06-05,46.979694,,68.15671759615384,32.646178,,,,,
2012-06-06,75.769532,,79.61998705018762,21.359657,,,,,
2012-06-07,86.56048797923876,,88.86106147865854,35.014351999999995,,,,,
2012-06-08,40.489209020761244,,75.66843745348837,27.318134,,,,,
2012-06-09,22.772998,,22.662506546511626,14.970381,,,,,
2012-06-10,35.26635439501779,,23.520341013513516,7.173673000000001,,,,,
2012-06-11,38.7450486049822,,87.2228965800027,33.056069,,,,,
2012-06-12,46.458623,,81.9896264064838,32.638568,,,,,
2012-06-13,37.011212,,55.655474,25.736507,,,,,
2012-06-14,58.302357,,57.372455,11.720210999999999,,,,,
2012-06-15,66.223014,,66.14600608101637,14.8952318317757,,,,,
2012-06-16,39.69421661682243,,71.13987154137453,12.4779581682243,,,,,
2012-06-17,47.06664838317757,,43.12447737760911,12.586248999999999,,,,,
2012-06-18,41.10701,,48.558381,24.96859,,,,,
2012-06-19,46.576917,,68.24042537362637,33.904217,,,,,
2012-06-20,37.646114000000004,,87.23805662637363,27.796514000000002,,,,,
2012-06-21,68.81144261003861,,53.878567000000004,18.841094000000002,,,,,
2012-06-22,37.99805138996139,,31.162944,10.174066,,,,,
2012-06-23,22.518625,,33.24867,20.050397,,,,,
2012-06-24,17.216921,,8.494092,2.276222,,,,,
2012-06-25,53.907662,,76.363594,25.35883,,,,,
2012-06-26,57.55215589230769,,49.5966118372093,29.90012715,,,,,
2012-06-27,64.8296721076923,,62.205220049668526,20.758080850000002,,,,,
2012-06-28,64.53514004646898,,51.41616346027243,21.20002059090909,,,,,
2012-06-29,67.92370595353101,,75.5846801906141,33.357623409090905,,,,,
2012-06-30,34.364643,,50.47541746223565,9.866451,,,,,
2012-07-01,22.69127817293233,,26.839187,17.670448,,,,,
2012-07-02,49.152198827067664,,42.609335,8.787746,,,,,
2012-07-03,49.63267862162162,,52.819257408,8.436443,,,,,
2012-07-04,40.84043137837838,,14.716352592,16.990595,,,,,
2012-07-05,50.367951,,50.743654,27.751824,,,,,
2012-07-06,61.042747,,53.52233,19.107622,,,,,
2012-07-07,25.096557999999998,,37.046287,13.735928,,,,,
2012-07-08,46.925126999999996,,6.388236999999999,20.158116,,,,,
2012-07-09,60.73611,,51.771952,34.953312,,,,,
2012-07-10,48.982024,,60.992274,23.236413,,,,,
2012-07-11,63.434072,,58.56799,24.164116,,,,,
2012-07-12,53.534543,,53.887257,35.890006,,,,,
2012-07-13,49.911286000000004,,73.476491,26.445768,,,,,
2012-07-14,54.888353,,71.1239029574468,22.60915,,,,,
2012-07-15,22.151590859375,,25.82296604255319,14.55834,,,,,
2012-07-16,74.087422140625,,57.747416875,21.168617,,,,,
2012-07-17,55.25947390588235,,73.929953125,35.837084000000004,,,,,
2012-07-18,40.44937809411765,,72.68015178571429,26.232249,,,,,
2012-07-19,85.00389600000001,,86.43569821428572,26.377841999999998,,,,,
2012-07-20,74.05999,,51.942609,33.777751,,,,,
2012-07-21,39.356704,,18.077397,19.430054000000002,,,,,
2012-07-22,33.433664,,28.067764030303028,8.214739,,,,,
2012-07-23,40.984083,,73.11846196969697,30.523536999999997,,,,,
2012-07-24,72.476831,,75.06403816410257,26.439946999999997,,,,,
2012-07-25,28.104177,,60.07688983589743,25.44257,,,,,
2012-07-26,35.797895999999994,,28.956728000000002,20.024808999999998,,,,,
2012-07-27,77.09562106177607,,52.262033,15.134867999999999,,,,,
2012-07-28,15.674878938223937,,20.726860000000002,9.762151,,,,,
2012-07-29,20.820004456431533,,41.137426999999995,,,,,,
2012-07-30,43.75592254356847,,62.88051916923077,23.922699,,,,,
2012-07-31,56.873021,,50.97222983076923,26.409594,,,,,
2012-08-01,56.071159592391304,,86.5682130608365,23.504107,,,,,
2012-08-02,63.3919584076087,,67.60975349300965,44.851220999999995,,,,,
2012-08-03,52.612202,,46.056864446153845,35.178513,,,,,
2012-08-04,16.801695,,28.386303,3.838104,,,,,
2012-08-05,19.363728,,28.718590000000003,5.522492,,,,,
2012-08-06,43.032299,,63.40060775159236,19.964717,,,,,
2012-08-07,64.222703,,54.21211024840764,15.464506,,,,,
2012-08-08,58.628026,,68.583913,18.27945,,,,,
2012-08-09,28.894235,,48.384321,29.888044,,,,,
2012-08-10,54.715438999999996,,78.90405799999999,29.992232,,,,,
2012-08-11,27.916452999999997,,22.275608,18.139135557471267,,,,,
2012-08-12,15.494125,,20.061577,16.467950442528736,,,,,
2012-08-13,70.886006,,81.99134223121388,14.672261,,,,,
2012-08-14,81.05607621621621,,43.910820768786124,30.894793652173913,,,,,
2012-08-15,40.37376549638221,,68.63765674074074,30.955554333227546,,,,,
2012-08-16,58.239576287401576,,66.87195625925926,40.62172601459854,,,,,
2012-08-17,44.907651,,38.921052,23.418657,,,,,
2012-08-18,39.225016000000004,,59.520148,12.642544999999998,,,,,
2012-08-19,9.431945,,21.174118,3.99371,,,,,
2012-08-20,50.50773636085627,,60.26747773676269,25.807676,,,,,
2012-08-21,66.98507563914373,,92.59639250204327,47.216475,,,,,
2012-08-22,64.109024,,59.41952476119403,19.546558,,,,,
2012-08-23,77.12984,,63.121044999999995,3.584992,,,,,
2012-08-24,39.84298,,72.28164872413794,,,,,,
2012-08-25,44.187546595132744,,46.69226959404389,,,,,,
2012-08-26,41.50802440486726,,22.32788968181818,,,,,,
2012-08-27,76.07595,,87.26490423036218,,,,,,
2012-08-28,47.122672,,74.87284076963782,,,,,,
2012-08-29,67.423457,,79.90664002941176,,,,,,
2012-08-30,85.891783,,60.43192897058824,9.590412,,,,,
2012-08-31,53.289356999999995,,48.389976,30.78715,,,,,
2012-09-01,27.640353,,54.752745,18.043194,,,,,
2012-09-02,23.294384,,29.732937,8.520134,,,,,
2012-09-03,30.361452,,6.580703,6.40319,,,,,
2012-09-04,48.093572,,61.900106009708736,13.005861000000001,,,,,
2012-09-05,80.907057,,65.62465399029126,22.690694999999998,,,,,
2012-09-06,56.763295,,49.016833,37.006673,,,,,
2012-09-07,64.87256520754717,,54.145052,15.081251,,,,,
2012-09-08,15.124570792452833,,42.543789000000004,23.877566,,,,,
2012-09-09,25.681585,,24.884870713754648,15.034341999999999,,,,,
2012-09-10,59.117676,,74.18564628624536,30.409083,,,,,
2012-09-11,61.13597,,63.17736299999999,32.136303999999996,,,,,
2012-09-12,48.328221,,66.88010100000001,18.204058,,,,,
2012-09-13,50.184864,,57.9258245875,39.939687,,,,,
2012-09-14,67.844105,,71.3268914125,20.797799,,,,,
2012-09-15,39.631651999999995,,32.719204000000005,9.544359,,,,,
2012-09-16,15.571517,,34.6414746635514,,,,,,
2012-09-17,47.388477,,72.8388323364486,21.87436,,,,,
2012-09-18,86.26314106622517,,89.307331,23.553258,,,,,
2012-09-19,74.98633493377483,,69.541836,11.576248,,,,,
2012-09-20,66.132948,,52.37880192944785,41.799984,,,,,
2012-09-21,66.056456,,80.16778207055214,29.249532000000002,,,,,
2012-09-22,30.102653,,47.874472999999995,4.91423,,,,,
2012-09-23,36.297368,,63.053851,10.611829,,,,,
2012-09-24,74.221492,,59.633357,31.447622000000003,,,,,
2012-09-25,57.843954,,68.71851296296296,27.679068,,,,,
2012-09-26,45.959081,,90.63147103703703,23.892688999999997,,,,,
2012-09-27,67.911191,,36.80078,17.848045000000003,,,,,
2012-09-28,70.24420568000001,,63.009799,29.860978367088606,,,,,
2012-09-29,28.02705632,,39.623567,39.42578063291139,,,,,
2012-09-30,33.86857,,44.076013,15.461848,,,,,
2012-10-01,48.339817000000004,,71.675682,27.830755,,,,,
2012-10-02,62.097583,,72.582013,20.476349,,,,,
2012-10-03,60.744279999999996,,69.85815099999999,23.574796000000003,,,,,
2012-10-04,61.838242,,54.537096999999996,29.714109999999998,,,,,
2012-10-05,96.032071,,94.84215,17.504074,,,,,
2012-10-06,27.853795,,30.390919147482013,17.249737,,,,,
2012-10-07,27.184213,,10.281623852517985,5.6485389999999995,,,,,
2012-10-08,43.532961,,33.473768,18.879357,,,,,
2012-10-09,81.0282850801807,,40.042657000000005,35.47071935761589,,,,,
2012-10-10,66.5890379198193,,40.842204,40.620928642384115,,,,,
2012-10-11,60.234940072289156,,33.317142000000004,18.093949000000002,,,,,
2012-10-12,50.65942592771084,,36.566269999999996,31.308371,,,,,
2012-10-13,58.343794,,22.751243420560748,23.835292,,,,,
2012-10-14,17.970435,,24.38587857943925,5.2119040000000005,,,,,
2012-10-15,57.534793,,30.143684,33.298198,,,,,
2012-10-16,53.14658812903225,,28.789775,16.316622,,,,,
2012-10-17,51.660568870967744,,33.75289292248062,29.059994,,,,,
2012-10-18,48.499214,,44.63389007751938,13.462704000000002,,,,,
2012-10-19,33.90017086111111,,37.731466999999995,28.691195,,,,,
2012-10-20,50.99885699465812,,44.053456,15.527183,,,,,
2012-10-21,17.34091814423077,,14.062325,13.221221,,,,,
2012-10-22,52.585418000000004,,46.748328,24.07489943801653,,,,,
2012-10-23,51.125462,,56.077729,27.582825561983473,,,,,
2012-10-24,82.591014,,79.087491,32.032268,,,,,
2012-10-25,44.245465,,53.340659,12.313513,,,,,
2012-10-26,89.55868541618497,,59.00108694318182,33.94434,,,,,
2012-10-27,48.03984447484067,,44.23035605681818,16.317436,,,,,
2012-10-28,50.59743810897436,,31.683991,13.475298,,,,,
2012-10-29,72.42805832765957,,59.212883000000005,31.483731,,,,,
2012-10-30,57.464338672340425,,63.513205,19.627813,,,,,
2012-10-31,41.749186940170944,,50.13900478308824,23.340788000000003,,,,,
2012-11-01,78.68367973261194,,72.44508121691176,28.932987999999998,,,,,
2012-11-02,94.41961352721712,,66.68560829399424,38.759965,,,,,
2012-11-03,53.7726978,,79.54012170600576,12.234542000000001,,,,,
2012-11-04,13.330407999999998,,41.235846,3.021892,,,,,
2012-11-05,67.322619,,85.098711,44.303514,,,,,
2012-11-06,45.186695,,58.14418910785619,31.924530999999998,,,,,
2012-11-07,91.670903,,72.84249342050201,46.326921,,,,,
2012-11-08,82.225795,,62.10425647164179,34.341656,,,,,
2012-11-09,72.049427,,83.38596874329502,33.196471,,,,,
2012-11-10,63.680187000000004,,48.56487425670498,22.653228,,,,,
2012-11-11,14.014916,,47.43049499999999,25.605636999999998,,,,,
2012-11-12,60.051361,,69.323662,38.390712,,,,,
2012-11-13,43.540484,,61.234786,37.487473,,,,,
2012-11-14,71.982906,,65.402558,17.284924,,,,,
2012-11-15,120.688225,,65.253114,32.630193999999996,,,,,
2012-11-16,87.843483,,111.58557108511626,32.711800000000004,,,,,
2012-11-17,28.093682,,33.55847891488374,19.639485999999998,,,,,
2012-11-18,20.473729,,43.875755,13.235332000000001,,,,,
2012-11-19,86.55122932258064,,75.226522,32.987394,,,,,
2012-11-20,75.92056267741935,,64.93287505899706,39.208301999999996,,,,,
2012-11-21,56.700339,,84.44020794100295,23.426811,,,,,
2012-11-22,,,25.383129964426878,,,,,,
2012-11-23,66.24361732835821,,32.43523303557312,20.711524,,,,,
2012-11-24,26.22222767164179,,25.926522,13.990708999999999,,,,,
2012-11-25,21.852841,,16.451203999999997,19.715605,,,,,
2012-11-26,88.85430761016949,,59.655856935691325,44.853642,,,,,
2012-11-27,78.83113938983051,,44.37071106430868,37.146944,,,,,
2012-11-28,61.315416,,27.451885,23.878374,,,,,
2012-11-29,82.01168,,27.847465,29.143829,,,,,
2012-11-30,85.848806632,,50.861879738983056,45.02671557831325,,,,,
2012-12-01,53.613599367999996,,53.17001673374422,22.873540421686748,,,,,
2012-12-02,44.72908237577639,,10.610683527272727,19.957225,,,,,
2012-12-03,100.4984606242236,,56.71384821818182,45.804368,,,,,
2012-12-04,82.84560631696428,,85.03793086181818,35.054030999999995,,,,,
2012-12-05,62.146749683035715,,59.760644920000004,49.622139945169714,,,,,
2012-12-06,44.471563,,74.752501,37.67917305483028,,,,,
2012-12-07,70.850414,,63.916499,41.706314,,,,,
2012-12-08,68.917124,,46.9227017761194,7.219811,,,,,
2012-12-09,32.065601,,21.521933223880595,,,,,,
2012-12-10,67.218601,,60.144966,35.169498000000004,,,,,
2012-12-11,73.011882,,70.562996,28.581459,,,,,
2012-12-12,74.739546,,74.966376,29.752842,,,,,
2012-12-13,86.831611,,60.49828,48.135815,,,,,
2012-12-14,65.654845,,78.8604694398217,30.006012,,,,,
2012-12-15,78.124871,,88.42895768921056,26.327531,,,,,
2012-12-16,17.426184,,38.255905156682026,18.19473,,,,,
2012-12-17,71.240388,,87.5841172880562,42.612949,,,,,
2012-12-18,77.98361299999999,,101.2612723359911,42.143816,,,,,
2012-12-19,51.929069,,74.67080909023841,29.672802,,,,,
2012-12-20,63.091578,,81.882878,20.235945,,,,,
2012-12-21,47.259186,,77.485227,54.926378,,,,,
2012-12-22,27.447967781818182,,36.81159114285714,18.396894,,,,,
2012-12-23,26.282566218181817,,28.188111857142854,10.075627,,,,,
2012-12-24,36.478746,,33.906554,38.772875,,,,,
2012-12-25,0.489516,,3.086077,,,,,,
2012-12-26,40.649856,,47.856952,26.198017,,,,,
2012-12-27,62.547615,,46.407821,15.910752999999998,,,,,
2012-12-28,48.764832999999996,,38.608547,23.433118,,,,,
2012-12-29,49.587354000000005,,44.959956,13.422142000000001,,,,,
2012-12-30,23.647847,,30.591743,43.4985393192053,,,,,
2012-12-31,35.82239,,43.346318,52.023010680794705,,,,,
2013-01-01,16.257542,,28.96251,17.633554999999998,,,,,
2013-01-02,107.5291848370044,,68.660193,26.888618,,,,,
2013-01-03,107.4540331629956,,60.270982999999994,57.56820486378738,,,,,
2013-01-04,75.280279,,83.0426378611111,47.86927313621262,,,,,
2013-01-05,30.307654999999997,,35.02135513888889,28.589818,,,,,
2013-01-06,52.763662,,42.802890000000005,17.170143,,,,,
2013-01-07,101.1808018289759,,69.101624,40.698026,,,,,
2013-01-08,125.18723917102409,,50.28301895138889,19.803591,,,,,
2013-01-09,76.95806820481927,,76.23219204861111,37.821650000000005,,,,,
2013-01-10,78.74894656909376,,80.07638999999999,31.972382,,,,,
2013-01-11,96.08136922608696,,81.224705,46.252010999999996,,,,,
2013-01-12,64.14014902870814,,53.481986,18.64514,,,,,
2013-01-13,65.28292762346578,,53.66621787128713,17.107844,,,,,
2013-01-14,127.61037034782608,,62.2699249235758,51.844731,,,,,
2013-01-15,76.82952499999999,,66.34322920513708,33.46884,,,,,
2013-01-16,96.56961251241235,,54.90342228,59.829142000000004,,,,,
2013-01-17,106.83399648758765,,53.623645596404494,26.448267,,,,,
2013-01-18,92.403548,,68.8194891235955,24.609528,,,,,
2013-01-19,43.4857,,33.448328000000004,19.933279,,,,,
2013-01-20,65.735653,,23.340622,11.573217000000001,,,,,
2013-01-21,55.209175,,69.78658662962962,23.593228,,,,,
2013-01-22,88.80915999999999,,65.52115737485468,28.048045,,,,,
2013-01-23,118.51021486234818,,86.52176095864934,34.687845140625,,,,,
2013-01-24,63.52882313765182,,90.71308303686637,31.666896859375,,,,,
2013-01-25,98.813218,,75.832344,34.15643375,,,,,
2013-01-26,89.58584688347457,,58.043783000000005,12.56382525,,,,,
2013-01-27,94.88959611652542,,45.425171,5.919422,,,,,
2013-01-28,96.42917143298969,,90.82530515277777,37.022997,,,,,
2013-01-29,86.16264256701031,,75.95531584722222,35.240692,,,,,
2013-01-30,96.92248798305084,,61.554321,28.083892000000002,,,,,
2013-01-31,79.23855101694915,,84.369287,30.92651,,,,,
2013-02-01,85.72696461111111,,77.253241,84.55353825,,,,,
2013-02-02,54.12212838888889,,35.99753,29.635882749999993,,,,,
2013-02-03,23.976033,,27.432225,4.741055,,,,,
2013-02-04,107.679017,,85.76946797348485,23.694658,,,,,
2013-02-05,109.905241,,74.5910118364325,33.689627,,,,,
2013-02-06,107.559449,,86.06723960563811,26.341028,,,,,
2013-02-07,89.73783399999999,,72.60953958444455,47.266245,,,,,
2013-02-08,84.88905768503938,,71.75704400000001,42.230122,,,,,
2013-02-09,54.18148731496063,,69.13897899999999,16.934089,,,,,
2013-02-10,84.70467000000001,,54.298923,16.229747,,,,,
2013-02-11,114.707414,,85.21911539705883,35.514437,,,,,
2013-02-12,70.231123,,83.88488060294118,40.071961,,,,,
2013-02-13,87.552234,,77.797298,29.270641,,,,,
2013-02-14,65.996224,,68.061411,33.16024,,,,,
2013-02-15,101.794539,,68.072986,44.587281,,,,,
2013-02-16,40.772328,,39.032008,17.22719,,,,,
2013-02-17,19.548981,,43.859246,18.417496,,,,,
2013-02-18,78.008484,,31.924393000000002,17.733487999999998,,,,,
2013-02-19,79.227585,,54.85037,32.692439,,,,,
2013-02-20,112.09877220111731,,100.00277145897549,29.97387544,,,,,
2013-02-21,120.61905179888268,,67.64785301272262,48.59749556,,,,,
2013-02-22,78.452624,,98.95912331378042,17.716027,,,,,
2013-02-23,52.6686,,57.67429121452145,7.291734,,,,,
2013-02-24,46.806796,,68.798439,18.745302,,,,,
2013-02-25,78.579703,,74.628863,30.900071,,,,,
2013-02-26,101.57961089813243,,88.622192,19.722153,,,,,
2013-02-27,106.28007710186756,,80.08884594186047,38.552726,,,,,
2013-02-28,77.99383300000001,,86.36877835789383,42.040073,,,,,
2013-03-01,82.676256,,93.6673307002457,33.146578292307694,,,,,
2013-03-02,46.627355,,52.565824,36.20929370769231,,,,,
2013-03-03,18.386692,,28.816216456066947,23.733123,,,,,
2013-03-04,89.283854,,74.68503654393305,46.921186,,,,,
2013-03-05,72.32633523954372,,64.882196,36.191351,,,,,
2013-03-06,100.90341376045627,,84.869574,69.05945921445783,,,,,
2013-03-07,77.68327609243697,,60.864891,33.74189478554218,,,,,
2013-03-08,78.35982090756302,,66.86570048648649,34.73182800000001,,,,,
2013-03-09,50.478494999999995,,51.13156051351351,27.138765,,,,,
2013-03-10,34.161049,,45.850986,15.425464000000002,,,,,
2013-03-11,98.417213,,91.82687299999999,77.9192409076087,,,,,
2013-03-12,84.413237,,52.014448,38.63032909239131,,,,,
2013-03-13,102.975559,,88.964342,27.447363,,,,,
2013-03-14,109.991158,,56.154438999999996,24.851064,,,,,
2013-03-15,94.550539,,91.96394000000001,38.028314,,,,,
2013-03-16,38.766413,,67.31920000000001,26.774268,,,,,
2013-03-17,16.873779,,41.957329,14.071945,,,,,
2013-03-18,75.412037,,88.041381,41.751298,,,,,
2013-03-19,81.076706,,70.63799,28.602439,,,,,
2013-03-20,118.916459,,63.159051999999996,38.829345,,,,,
2013-03-21,100.28688507569721,,87.42672300000001,33.321363000000005,,,,,
2013-03-22,132.9575119243028,,88.822429,41.882131,,,,,
2013-03-23,40.08681,,62.57306,20.590878,,,,,
2013-03-24,41.265074,,65.02774797003745,40.371139,,,,,
2013-03-25,21.526564999999998,,113.38718502342685,60.431948000000006,,,,,
2013-03-26,59.384645000000006,,75.7840430065357,37.884240000000005,,,,,
2013-03-27,99.599059,,89.633588,50.202636,,,,,
2013-03-28,110.11638656091954,,75.375941,63.591404999999995,,,,,
2013-03-29,129.44333843908046,,89.447206,43.335264331838566,,,,,
2013-03-30,57.770113,,39.697297,38.65044566816143,,,,,
2013-03-31,22.025042,,56.989172,11.717723,,,,,
2013-04-01,87.532671,,94.04857945527323,45.476690999999995,,,,,
2013-04-02,68.55807,,89.50065229472678,63.645778323843416,,,,,
2013-04-03,76.46009851351351,,64.425775265625,42.79510767615658,,,,,
2013-04-04,77.42534748648649,,95.54317798437499,32.20287,,,,,
2013-04-05,92.047453,,64.577359,26.389542,,,,,
2013-04-06,64.875421,,71.24649,11.453240000000001,,,,,
2013-04-07,17.856595,,33.535156,13.584811,,,,,
2013-04-08,91.357068,,92.64156413861386,49.261164,,,,,
2013-04-09,98.618391,,100.76913467869383,33.359391,,,,,
2013-04-10,99.55085079831933,,83.4659141826923,38.720527,,,,,
2013-04-11,76.36184520168068,,95.543024,61.002782,,,,,
2013-04-12,78.004674,,114.84417525118484,35.934655,,,,,
2013-04-13,54.332253,,39.903030939291355,31.398756,,,,,
2013-04-14,63.459856,,47.542732809523805,7.470765,,,,,
2013-04-15,65.337219,,85.21843,35.767517,,,,,
2013-04-16,94.025795,,100.460165,65.23424,,,,,
2013-04-17,78.08462999999999,,70.61091590566038,24.9622,,,,,
2013-04-18,96.469763,,99.96425109433963,45.092871,,,,,
2013-04-19,85.02936298275863,,117.78792690846682,35.691653,,,,,
2013-04-20,39.37683301724138,,37.86021209153318,35.7393886,,,,,
2013-04-21,52.393862999999996,,43.347709,67.25761340000001,,,,,
2013-04-22,99.730569,,93.508523,52.73356,,,,,
2013-04-23,81.391534,,83.827296,49.36532,,,,,
2013-04-24,82.859562,,74.543222,40.427613,,,,,
2013-04-25,85.812276,,80.792268,40.830861,,,,,
2013-04-26,148.626156,,82.172265,37.195024000000004,,,,,
2013-04-27,60.711715999999996,,72.78213187272728,40.205878,,,,,
2013-04-28,68.11245204568527,,66.56262612727272,29.240128,,,,,
2013-04-29,124.47139536172213,,92.056972,53.297129999999996,,,,,
2013-04-30,95.2445935925926,,77.39567882105263,28.777147,,,,,
2013-05-01,114.688132,,87.88356117894737,38.306948,,,,,
2013-05-02,121.659172,,59.615192,39.563050000000004,,,,,
2013-05-03,114.40878808314088,,69.308522,32.480862,,,,,
2013-05-04,70.21888791685912,,62.619922,36.016864,,,,,
2013-05-05,55.955076,,36.270146,6.108366999999999,,,,,
2013-05-06,72.163811,,102.8184282086331,66.95268814084507,,,,,
2013-05-07,78.763367,,86.59577279136691,74.31493585915493,,,,,
2013-05-08,80.02347524390244,,93.00637790697675,46.42787982075472,,,,,
2013-05-09,84.85156514137894,,83.61882808440257,39.048749179245284,,,,,
2013-05-10,112.11404161471862,,75.6212320086207,27.502542,,,,,
2013-05-11,78.85213909707363,,82.19830660869566,29.627871188679247,,,,,
2013-05-12,92.52140550032897,,86.49815239130434,52.387433811320754,,,,,
2013-05-13,110.27170496370056,,83.03419099999999,40.098899,,,,,
2013-05-14,92.98484943889684,,86.06716899999999,40.412134,,,,,
2013-05-15,69.891565,,75.14312817370892,48.547204,,,,,
2013-05-16,72.130515,,88.16796872816025,31.27803,,,,,
2013-05-17,91.191503,,67.66038309813084,29.079345,,,,,
2013-05-18,81.89197700000001,,68.28616699999999,21.342092,,,,,
2013-05-19,89.179332,,72.599117,18.68812062017804,,,,,
2013-05-20,116.98562469565218,,72.76422600000001,95.16098737982195,,,,,
2013-05-21,76.55460230434782,,94.41272548741418,57.365517,,,,,
2013-05-22,113.07721,,116.16489744889155,38.842135,,,,,
2013-05-23,77.9331381445537,,54.63488079135384,52.79779,,,,,
2013-05-24,83.5036958554463,,88.27640827234042,45.143531,,,,,
2013-05-25,80.54452283495147,,81.188033,36.64374596875,,,,,
2013-05-26,90.48288116504855,,58.933044,25.21960703125,,,,,
2013-05-27,43.164446999999996,,58.595295,52.466356,,,,,
2013-05-28,79.433742,,78.249919,55.778445000000005,,,,,
2013-05-29,67.018873,,77.88030803225807,32.307525,,,,,
2013-05-30,100.301796,,68.83079296774193,50.595838,,,,,
2013-05-31,117.005731,,100.271039,42.412800572687225,,,,,
2013-06-01,44.011408,,67.277551,30.709606427312778,,,,,
2013-06-02,66.77708799999999,,40.190276,41.156093999999996,,,,,
2013-06-03,114.279882,,78.26099077777778,17.575816,,,,,
2013-06-04,133.318018,,111.15620822222222,47.401189,,,,,
2013-06-05,118.91288529411766,,86.504608,48.137359000000004,,,,,
2013-06-06,91.28856570588235,,100.41354984210525,44.049735,,,,,
2013-06-07,87.70430685714285,,106.15867834650685,44.403486,,,,,
2013-06-08,78.37036673706004,,43.5920048113879,60.034185,,,,,
2013-06-09,75.1965484057971,,55.7027161,17.233405,,,,,
2013-06-10,69.21529,,91.8566363,50.075151,,,,,
2013-06-11,90.78124199999999,,92.87472460000001,29.515116,,,,,
2013-06-12,98.64596321632654,,79.971998,38.404803,,,,,
2013-06-13,110.26396674593762,,90.750566,47.089288,,,,,
2013-06-14,69.41079203773585,,87.852871,43.270627,,,,,
2013-06-15,56.495746,,78.726334,47.975126,,,,,
2013-06-16,94.293233,,59.656661,49.736605849878934,,,,,
2013-06-17,93.598235,,93.49205106153846,40.98909715012107,,,,,
2013-06-18,95.564946,,100.06883693846154,55.325805,,,,,
2013-06-19,80.148686,,93.6314619090909,38.442225,,,,,
2013-06-20,74.686108,,86.6720930909091,54.728606,,,,,
2013-06-21,88.69086100000001,,63.524011,30.141341,,,,,
2013-06-22,53.681881,,66.46244800000001,21.045296,,,,,
2013-06-23,48.859288,,58.807609,12.936419,,,,,
2013-06-24,92.76367,,89.30373357854405,50.943999,,,,,
2013-06-25,87.24049556680161,,153.10707563904853,58.85839,,,,,
2013-06-26,87.87251943319838,,84.6203647824074,33.97261,,,,,
2013-06-27,98.551158,,75.721492,37.983522,,,,,
2013-06-28,78.196794,,105.80893594674556,33.423963,,,,,
2013-06-29,56.70560713333333,,94.35360979973332,44.453702,,,,,
2013-06-30,84.40947729751772,,59.25901773094048,22.43714075373134,,,,,
2013-07-01,105.18443512670487,,85.15055382258065,42.89004424626866,,,,,
2013-07-02,93.79448444244406,,89.68249932252462,47.014992747826085,,,,,
2013-07-03,88.813721,,130.83369389716043,41.16703657997474,,,,,
2013-07-04,49.09826346987952,,34.31900748031496,0.09848667219916951,,,,,
2013-07-05,53.209081530120486,,59.050665361111115,42.40846424035608,,,,,
2013-07-06,46.276294,,78.45556581442081,7.922733759643913,,,,,
2013-07-07,54.287890000000004,,80.54650182446808,17.795688,,,,,
2013-07-08,66.750724,,55.898136,40.705103,,,,,
2013-07-09,109.141007,,73.60093097612423,37.475216,,,,,
2013-07-10,66.027203,,97.62893211879103,43.823230692913384,,,,,
2013-07-11,91.21085015884476,,114.97760290508475,39.803841307086614,,,,,
2013-07-12,131.05286484115524,,102.73598998253276,43.29866,,,,,
2013-07-13,64.95296681132075,,81.63032301746725,43.586025,,,,,
2013-07-14,94.38607018867924,,74.69122148636363,31.851031999999996,,,,,
2013-07-15,83.146984,,50.99375151363637,43.8524845515695,,,,,
2013-07-16,102.42396280793088,,84.31327152631579,46.3008014484305,,,,,
2013-07-17,96.77029019206913,,110.88581811695906,63.244452461538465,,,,,
2013-07-18,100.690702,,96.43825235672514,49.85132553846154,,,,,
2013-07-19,113.38045600000001,,88.32282290212765,38.217214,,,,,
2013-07-20,101.726282,,69.88017609787234,58.471872,,,,,
2013-07-21,99.937663,,77.11240048323607,14.992373999999998,,,,,
2013-07-22,94.75746625925926,,122.00221225360603,41.151614,,,,,
2013-07-23,63.227112740740736,,80.95468926315789,33.07783,,,,,
2013-07-24,87.755657,,77.66732,54.89336,,,,,
2013-07-25,92.5913519478261,,80.567089,34.16849491891892,,,,,
2013-07-26,91.46743557772136,,89.239796,35.84854108108108,,,,,
2013-07-27,64.6131468698014,,61.27189543478261,38.687165,,,,,
2013-07-28,41.545976604651166,,56.72093156521739,60.828023673469396,,,,,
2013-07-29,59.545229,,77.329571,68.2499683265306,,,,,
2013-07-30,89.038263,,110.46712735928143,35.647108,,,,,
2013-07-31,120.3316824562212,,89.49251975913963,39.275642,,,,,
2013-08-01,88.00621054377879,,90.86837388157895,66.844956,,,,,
2013-08-02,92.49164702816901,,73.837833,38.804513,,,,,
2013-08-03,64.62627397183098,,84.473527,31.133073,,,,,
2013-08-04,24.440088,,48.234455,31.170669,,,,,
2013-08-05,100.02993000000001,,89.36288692307693,41.310222,,,,,
2013-08-06,97.658179,,97.6971036145259,48.707875,,,,,
2013-08-07,88.651293,,92.87019779011754,47.37263,,,,,
2013-08-08,78.844986,,61.298660672279645,52.048082,,,,,
2013-08-09,73.96729370776255,,68.073677,36.766063,,,,,
2013-08-10,52.04024929223744,,83.18374760761589,29.715463,,,,,
2013-08-11,57.083808000000005,,45.232069392384105,42.556413,,,,,
2013-08-12,86.5009776,,85.64470552695653,29.618397,,,,,
2013-08-13,121.91702449523808,,96.72184647304348,30.295621,,,,,
2013-08-14,102.3563199047619,,59.835815999999994,50.888755,,,,,
2013-08-15,120.95708429850747,,80.400726,51.054782,,,,,
2013-08-16,99.29404714593699,,76.673013,54.021001,,,,,
2013-08-17,75.91040855555555,,91.086449,36.116929,,,,,
2013-08-18,67.591185,,95.051847997183,22.927717,,,,,
2013-08-19,94.570441,,138.88987400281698,61.214398,,,,,
2013-08-20,66.05171409913793,,82.030269,43.002204,,,,,
2013-08-21,116.39605428752873,,86.351522,32.469523,,,,,
2013-08-22,149.5269614684058,,58.715122,46.81302144055944,,,,,
2013-08-23,123.51916944581248,,48.194233,59.471501576984416,,,,,
2013-08-24,91.55079269911505,,50.631448,40.995927982456145,,,,,
2013-08-25,56.559577000000004,,42.966142,39.446782,,,,,
2013-08-26,95.4021,,44.125582,45.202904000000004,,,,,
2013-08-27,80.04943086956521,,56.504902,47.388213668571424,,,,,
2013-08-28,84.99863029776546,,62.005966,41.65799542548798,,,,,
2013-08-29,105.44891988778744,,41.575667,54.43212090594059,,,,,
2013-08-30,107.74491672135247,,77.525476,42.892414,,,,,
2013-08-31,78.80450222352941,,22.971361,38.426792999999996,,,,,
2013-09-01,93.23867803603603,,58.063697,42.172303,,,,,
2013-09-02,66.31585563571075,,39.323729,44.40745350273224,,,,,
2013-09-03,138.1475483282532,,55.688555,58.79305649726775,,,,,
2013-09-04,91.899673,,46.450206,51.042815,,,,,
2013-09-05,105.43683299525692,,50.74889783032491,46.723747,,,,,
2013-09-06,132.41530077523487,,51.58686516967509,40.764719,,,,,
2013-09-07,69.6486772295082,,54.768963,36.03925761764706,,,,,
2013-09-08,79.04069341867748,,30.640432070175436,29.365345382352942,,,,,
2013-09-09,106.64253534655096,,77.51277365772751,45.402393,,,,,
2013-09-10,133.60995013196782,,59.666280272097055,36.100090916666666,,,,,
2013-09-11,159.17268418695758,,95.233151,43.506967083333336,,,,,
2013-09-12,111.99623438806837,,63.232294,53.79121917961165,,,,,
2013-09-13,97.71238754356725,,65.818839,30.70626682038835,,,,,
2013-09-14,73.60615998421052,,52.613530000000004,42.696475,,,,,
2013-09-15,15.730722,,59.031532210810816,26.664507716981134,,,,,
2013-09-16,74.727531,,130.80645652158356,44.608848283018865,,,,,
2013-09-17,39.95164645853659,,92.29796733054269,53.09521342857143,,,,,
2013-09-18,55.56523454146341,,95.27818520229899,42.10622057142857,,,,,
2013-09-19,69.084297,,86.56100525161789,40.864759,,,,,
2013-09-20,86.49680748148148,,149.50027327169232,45.138512,,,,,
2013-09-21,52.61012737990466,,56.203021211453745,50.2341551,,,,,
2013-09-22,65.24185178147101,,64.21340899469496,43.4756749,,,,,
2013-09-23,93.03453935714286,,109.26519400530505,58.672792,,,,,
2013-09-24,66.317654,,77.175944,49.508691,,,,,
2013-09-25,62.594314,,80.749015,32.040599,,,,,
2013-09-26,45.110247,,77.36551,41.459617,,,,,
2013-09-27,53.025943,,109.89314813870968,55.277541,,,,,
2013-09-28,37.912243,,79.13599686129031,32.508188000000004,,,,,
2013-09-29,25.447232,,40.129805,18.094989,,,,,
2013-09-30,87.72640403252032,,66.942909,57.959469999999996,,,,,
2013-10-01,43.26306896747967,,93.350079,49.527851,,,,,
2013-10-02,5.600566,,88.52147253793103,55.163248,,,,,
2013-10-03,91.531059,,122.30433946206898,57.85807207142857,,,,,
2013-10-04,41.698437999999996,,89.95660699999999,44.96125792857143,,,,,
2013-10-05,63.843595,,45.257983,42.03841700000001,,,,,
2013-10-06,59.088399,,50.381096,40.849164,,,,,
2013-10-07,115.18311208333333,,104.72855141609823,36.42145,,,,,
2013-10-08,70.99750791666668,,111.23626658390177,29.461901,,,,,
2013-10-09,108.604277,,75.3868243,35.390118,,,,,
2013-10-10,112.888525,,93.5640156140625,39.479382,,,,,
2013-10-11,90.613471,,108.86045508593752,36.066124,,,,,
2013-10-12,113.991777,,85.13270200000001,29.652283,,,,,
2013-10-13,65.531736,,60.13001084070797,26.896705,,,,,
2013-10-14,89.329281,,58.05509815929204,35.008319,,,,,
2013-10-15,73.440317,,110.63805307526881,39.458638,,,,,
2013-10-16,106.571361,,113.88534892473119,39.617461,,,,,
2013-10-17,70.13312375409836,,74.390901,48.369983999999995,,,,,
2013-10-18,115.08839546812386,,85.049696,60.833007,,,,,
2013-10-19,56.994387777777774,,53.927664,21.250365,,,,,
2013-10-20,98.44092400000001,,45.609562477203646,12.738659,,,,,
2013-10-21,127.791947,,77.36841852279635,32.407579999999996,,,,,
2013-10-22,84.9620165602606,,103.24880784079602,69.73409453271029,,,,,
2013-10-23,113.52911143973941,,126.42174215920396,47.99634946728972,,,,,
2013-10-24,86.81260975,,66.511353,35.331033,,,,,
2013-10-25,109.57805325,,98.55231694267516,32.103344,,,,,
2013-10-26,78.71619368253968,,97.57212360818569,29.205659,,,,,
2013-10-27,107.12808631746032,,36.35622944913914,24.034755,,,,,
2013-10-28,85.013989,,67.181736,40.760367,,,,,
2013-10-29,93.496495,,87.894458,47.230441,,,,,
2013-10-30,105.16856,,92.00303570304976,45.602385999999996,,,,,
2013-10-31,82.02762074534161,,130.6242942599132,45.891517,,,,,
2013-11-01,106.44255925465838,,98.77125838535164,35.383973,,,,,
2013-11-02,78.23563920000001,,66.9558286516854,36.967698,,,,,
2013-11-03,65.1241408,,29.163394,37.566748000000004,,,,,
2013-11-04,92.994984,,68.974762,47.366189999999996,,,,,
2013-11-05,98.63940029569892,,84.08046066666667,30.930816,,,,,
2013-11-06,114.11909970430108,,77.62528533333334,30.758583,,,,,
2013-11-07,94.826057,,71.707863,35.732518999999996,,,,,
2013-11-08,113.47816233870968,,83.417498,46.005061,,,,,
2013-11-09,96.31912866129032,,67.16692745985401,29.163943,,,,,
2013-11-10,130.94331200000002,,46.77030654014599,21.170152,,,,,
2013-11-11,113.808132,,52.092903,45.600125,,,,,
2013-11-12,113.37521958506224,,79.23724522648084,39.596111,,,,,
2013-11-13,128.06089441493776,,57.63866677351917,33.893820999999996,,,,,
2013-11-14,94.222748,,82.910331,31.825062000000003,,,,,
2013-11-15,99.698185,,101.543296,49.680935556314,,,,,
2013-11-16,76.44669426171875,,45.607871,49.36357468506532,,,,,
2013-11-17,55.37434573828125,,36.957053,30.993912011632737,,,,,
2013-11-18,104.60001114049587,,71.97050399999999,56.98965174698795,,,,,
2013-11-19,100.30712185950414,,73.730301,56.128157,,,,,
2013-11-20,66.519575,,56.845251,47.916347,,,,,
2013-11-21,73.357196,,59.387721,45.497137558558556,,,,,
2013-11-22,113.604753,,75.76318647524752,44.94408044144144,,,,,
2013-11-23,72.83686,,32.072949524752474,50.699448,,,,,
2013-11-24,47.094395,,45.855719,10.820326,,,,,
2013-11-25,86.1073,,69.59889799999999,43.448399,,,,,
2013-11-26,85.2907920730337,,71.179889,38.144156,,,,,
2013-11-27,132.0809919269663,,73.882615,37.580186,,,,,
2013-11-28,4.226718,,6.893157,6.061122000000001,,,,,
2013-11-29,50.713688,,44.696965,12.172336,,,,,
2013-11-30,70.691707,,47.174292,6.302844,,,,,
2013-12-01,76.818546,,57.773559,16.526519,,,,,
2013-12-02,118.982646,,69.606421,43.18649448275862,,,,,
2013-12-03,111.098059,,79.101884,47.85447651724138,,,,,
2013-12-04,134.293034,,84.264407,42.183431,,,,,
2013-12-05,102.827824,,88.51935499999999,35.87217085258964,,,,,
2013-12-06,100.040244,,65.310872,68.01992814741037,,,,,
2013-12-07,100.920925,,49.176656,24.666887666666668,,,,,
2013-12-08,58.703047,,73.74983491845494,21.960007333333333,,,,,
2013-12-09,104.814344,,108.31449108154507,50.215557,,,,,
2013-12-10,120.86335878481012,,92.001368,64.285828,,,,,
2013-12-11,128.5521366174245,,76.708618,59.343921,,,,,
2013-12-12,129.63102842598622,,84.215995,60.629713903743315,,,,,
2013-12-13,104.65513317177914,,114.170018,72.38323099262973,,,,,
2013-12-14,91.79394,,62.717788999999996,36.223017103626944,,,,,
2013-12-15,67.783645,,56.685527,17.244789,,,,,
2013-12-16,116.37531025261585,,84.048385,35.539580073033704,,,,,
2013-12-17,104.64498874738416,,91.590688,52.50496832696629,,,,,
2013-12-18,106.807239,,90.829093,52.452320942541434,,,,,
2013-12-19,118.9391588372093,,103.37191425413106,40.96840803245856,,,,,
2013-12-20,112.4899001627907,,133.36272874586894,62.484972625,,,,,
2013-12-21,94.472009,,53.854965,29.038899999999998,,,,,
2013-12-22,110.460856,,40.654837,26.681482000000003,,,,,
2013-12-23,56.281813,,80.884873,19.317790000000002,,,,,
2013-12-24,89.336209,,84.288295,20.006906,,,,,
2013-12-25,30.258931,,20.157736,12.192253,,,,,
2013-12-26,43.339318,,78.494766,17.862235000000002,,,,,
2013-12-27,81.818429,,86.58868146204621,26.841954,,,,,
2013-12-28,29.136179,,55.85429553795379,18.877385999999998,,,,,
2013-12-29,50.981271,,41.434313,32.530056,,,,,
2013-12-30,102.987574,,56.486404,36.540589,,,,,
2013-12-31,89.044535,,68.196197,27.536035,,,,,
2014-01-01,44.762723,,21.576243,17.826098,,,,,
2014-01-02,121.19918261864407,,85.90422025294117,54.363878,,,,,
2014-01-03,92.81535722984079,,119.6073473713682,53.289135,,,,,
2014-01-04,84.31653115151515,,54.00449937569061,19.581772,,,,,
2014-01-05,102.96534722433461,,53.516695,30.840777,,,,,
2014-01-06,140.1094437756654,,87.698181,46.257363,,,,,
2014-01-07,98.220103,,98.27360497714285,34.177231,,,,,
2014-01-08,104.19990200000001,,123.93886702285712,38.657377,,,,,
2014-01-09,115.367076,,84.278554,37.503775,,,,,
2014-01-10,122.09543500000001,,83.627628,43.333206,,,,,
2014-01-11,99.48247699999999,,75.008327,15.77451,,,,,
2014-01-12,92.17312100000001,,46.81508899999999,60.982907000000004,,,,,
2014-01-13,104.661188,,70.289345,44.320688,,,,,
2014-01-14,132.977769,,73.61331200000001,54.468196,,,,,
2014-01-15,115.297164,,88.53950713768116,37.161132,,,,,
2014-01-16,107.99605491666667,,85.55440786231884,30.068128,,,,,
2014-01-17,96.04459608333333,,65.781536,43.426846,,,,,
2014-01-18,60.81973036363636,,44.573502431372546,29.567329,,,,,
2014-01-19,86.84396363636364,,37.83406856862745,16.111769,,,,,
2014-01-20,97.89813216863207,,62.413221,40.828566,,,,,
2014-01-21,93.38974883136792,,85.159599,41.866587,,,,,
2014-01-22,112.11013799999999,,77.735252,30.754112000000003,,,,,
2014-01-23,87.413037,,80.400012,53.783196000000004,,,,,
2014-01-24,87.161657,,72.513944,58.920269,,,,,
2014-01-25,81.614015,,62.721336,43.71443918987342,,,,,
2014-01-26,59.676226,,46.639001,20.502157810126583,,,,,
2014-01-27,84.489081,,78.06986968907563,59.37388910810811,,,,,
2014-01-28,117.34577413288591,,98.88170229876631,58.65728489189189,,,,,
2014-01-29,98.1258008671141,,118.18915501215804,32.991,,,,,
2014-01-30,96.702294,,75.13169599999999,40.667876,,,,,
2014-01-31,110.16998000000001,,83.064967,49.509036,,,,,
2014-02-01,82.415746,,79.38038531034482,29.978325,,,,,
2014-02-02,47.401443,,78.39373668965517,29.362932,,,,,
2014-02-03,121.348424,,60.37486,63.24379999999999,,,,,
2014-02-04,135.95839923586547,,88.918481,81.65568504347826,,,,,
2014-02-05,129.1820677641345,,92.84145699999999,54.73481595652174,,,,,
2014-02-06,101.445785,,90.729573,49.100071,,,,,
2014-02-07,95.267729,,104.039185,43.271516,,,,,
2014-02-08,63.727108,,65.002632,17.768356,,,,,
2014-02-09,49.63684014583333,,42.311286,36.183011,,,,,
2014-02-10,97.29659485416666,,97.419613,62.31730135294117,,,,,
2014-02-11,109.772499,,71.53804099999999,47.53740284149157,,,,,
2014-02-12,91.78055437688442,,96.9317324928206,28.784295850259987,,,,,
2014-02-13,98.46813262311558,,120.1444045071794,31.254463955307262,,,,,
2014-02-14,84.47024,,84.417969,55.427938000000005,,,,,
2014-02-15,74.090229,,88.801139,28.48483,,,,,
2014-02-16,54.334661,,41.331777,26.125224,,,,,
2014-02-17,71.16249599999999,,72.555176,29.386746000000002,,,,,
2014-02-18,95.875011,,64.816799,47.003207,,,,,
2014-02-19,105.71744754271356,,112.31407618518517,45.450021,,,,,
2014-02-20,105.13368635728644,,109.08726581481481,39.528598,,,,,
2014-02-21,83.35452409999999,,61.047801,43.113833,,,,,
2014-02-22,73.060416,,70.904089,43.65276,,,,,
2014-02-23,77.09936106002854,,58.751129999999996,30.677587,,,,,
2014-02-24,91.26607793997147,,86.48243599999999,65.73963550943397,,,,,
2014-02-25,124.82455900000001,,70.238704,46.41077749056604,,,,,
2014-02-26,78.88636,,77.991263,45.46517,,,,,
2014-02-27,97.465548,,77.279438,28.525479,,,,,
2014-02-28,90.852923,,104.13982288451443,50.973533999999994,,,,,
2014-03-01,54.42784443973941,,141.34531911548558,51.366085372093025,,,,,
2014-03-02,46.04808856026059,,48.383118,50.37775862790697,,,,,
2014-03-03,100.196814,,78.184845,34.010675,,,,,
2014-03-04,63.855114,,39.933611,39.566052,,,,,
2014-03-05,90.30820399999999,,46.257762,41.37878,,,,,
2014-03-06,51.003473,,45.347334,43.323198994475135,,,,,
2014-03-07,49.147690999999995,,53.32836911111111,43.74313600552486,,,,,
2014-03-08,43.13544,,77.71874788888888,16.533374000000002,,,,,
2014-03-09,34.252929,,66.150435,36.664476,,,,,
2014-03-10,42.164085,,64.204059,35.4102,,,,,
2014-03-11,109.599063,,50.143663,37.904937,,,,,
2014-03-12,110.26680900000001,,97.62303406321641,65.48014,,,,,
2014-03-13,69.645348,,101.10245493678359,40.230269,,,,,
2014-03-14,105.544384,,75.218647,36.984596,,,,,
2014-03-15,66.17492314857142,,90.74133857894736,47.055521,,,,,
2014-03-16,56.56834785142857,,72.58506042105263,21.455918,,,,,
2014-03-17,91.574541,,79.18894,35.474873,,,,,
2014-03-18,106.6516565,,72.610011,75.05611437499999,,,,,
2014-03-19,118.6122685,,81.41399,46.50369431124161,,,,,
2014-03-20,106.57616300000001,,62.17301,70.7692253137584,,,,,
2014-03-21,103.802448,,77.315929,53.22723533333333,,,,,
2014-03-22,118.641754,,81.40664087372014,22.340919666666665,,,,,
2014-03-23,83.398275,,64.60699712627986,49.40064833870968,,,,,
2014-03-24,102.636971,,77.14832,44.023542887096774,,,,,
2014-03-25,68.155653,,71.594988,32.887166774193545,,,,,
2014-03-26,90.113219,,88.464687,63.524518656249995,,,,,
2014-03-27,93.03371700000001,,96.98021899999999,42.99663634375,,,,,
2014-03-28,83.98370289237668,,67.5732541935484,41.78421,,,,,
2014-03-29,58.461401107623324,,71.43671580645162,28.910532,,,,,
2014-03-30,53.144057000000004,,53.85684769318182,34.987556000000005,,,,,
2014-03-31,76.402966,,106.88806664015151,46.266484449056605,,,,,
2014-04-01,119.81282900000001,,69.73808066666666,62.41651858243946,,,,,
2014-04-02,140.6400034495842,,97.263848,65.25668396850394,,,,,
2014-04-03,111.0151515504158,,76.880039,45.269508,,,,,
2014-04-04,77.87190199999999,,88.970502,52.16995380568721,,,,,
2014-04-05,62.298255999999995,,45.495542,40.0628201943128,,,,,
2014-04-06,50.997245,,28.925172000000003,24.792340000000003,,,,,
2014-04-07,85.446787,,97.70032499999999,41.758797,,,,,
2014-04-08,79.509092,,71.597191,51.294863,,,,,
2014-04-09,106.915211,,120.09673007228916,45.048792,,,,,
2014-04-10,102.720174,,76.06775692771085,34.892618,,,,,
2014-04-11,80.60119,,102.046956,53.551529,,,,,
2014-04-12,98.498631,,86.52158600000001,21.761045000000003,,,,,
2014-04-13,32.852866,,51.918530000000004,38.119234000000006,,,,,
2014-04-14,86.56805,,99.83971700000001,60.977801,,,,,
2014-04-15,108.893062,,85.86399144720497,56.079231743589744,,,,,
2014-04-16,71.299067,,82.26757591072862,49.96476825641025,,,,,
2014-04-17,131.62046986285714,,82.25921064206642,72.69238640605296,,,,,
2014-04-18,95.49002613714286,,57.38451707679466,65.75570159394704,,,,,
2014-04-19,106.86037445454545,,95.81755558543496,33.478599,,,,,
2014-04-20,56.724990545454546,,105.94358174402038,33.252443,,,,,
2014-04-21,104.260943,,53.48843459375,48.26607894736842,,,,,
2014-04-22,99.305683,,38.878094000000004,47.826299052631576,,,,,
2014-04-23,82.88086,,64.144351,46.756253,,,,,
2014-04-24,101.911647,,66.6801763438914,46.42596945378151,,,,,
2014-04-25,117.202847,,50.571993656108596,54.885357546218486,,,,,
2014-04-26,85.792283,,97.99589240758294,23.79796477777778,,,,,
2014-04-27,75.892701,,64.35894159241707,54.252733222222226,,,,,
2014-04-28,89.4793,,58.859634,40.850995,,,,,
2014-04-29,97.133961,,67.069571,41.081524,,,,,
2014-04-30,107.506607,,93.68271235542169,50.876541,,,,,
2014-05-01,82.23292572486773,,96.95547464457832,55.890002,,,,,
2014-05-02,93.09535227513229,,83.052549,44.951308000000004,,,,,
2014-05-03,73.34045499999999,,69.863141,24.108507000000003,,,,,
2014-05-04,57.333184,,55.683941000000004,36.315841,,,,,
2014-05-05,118.80239531578947,,66.092037,56.102339,,,,,
2014-05-06,107.65002468421052,,77.53320438372093,51.621397,,,,,
2014-05-07,52.929456,,86.55131061627907,49.081354,,,,,
2014-05-08,89.706988,,84.671566,52.249982833333334,,,,,
2014-05-09,105.113752,,90.57686994117647,28.938458166666667,,,,,
2014-05-10,66.77528924110672,,106.44039505882353,40.514955,,,,,
2014-05-11,64.67317875889329,,79.21933963934427,25.15801,,,,,
2014-05-12,90.379789,,86.80232336065573,39.101400999999996,,,,,
2014-05-13,70.806273,,75.409735,46.525488,,,,,
2014-05-14,90.40597700000001,,110.894412,54.572659926829274,,,,,
2014-05-15,77.080747,,68.160497,54.50297307317073,,,,,
2014-05-16,72.227127,,75.71786200000001,34.255039,,,,,
2014-05-17,53.202402,,55.64925,40.070509,,,,,
2014-05-18,62.032635,,55.46630992328767,16.502031000000002,,,,,
2014-05-19,79.251269,,96.82087207671233,53.730983,,,,,
2014-05-20,75.235085,,82.922868,41.06939971111111,,,,,
2014-05-21,93.127251,,85.588353,49.401710288888886,,,,,
2014-05-22,88.402837,,89.21297541513762,33.44645523111111,,,,,
2014-05-23,75.50196199999999,,121.05099258486239,46.72286876888889,,,,,
2014-05-24,68.370003,,54.796242,25.29271,,,,,
2014-05-25,47.569898,,73.060874,22.228274645161292,,,,,
2014-05-26,63.050754000000005,,74.453521,32.05098535483871,,,,,
2014-05-27,69.91656,,56.097478,34.459341,,,,,
2014-05-28,87.57505599999999,,74.61457030888575,42.290313,,,,,
2014-05-29,102.173132,,102.38184569111424,70.692509,,,,,
2014-05-30,59.658658,,62.46047407964602,31.696652000000004,,,,,
2014-05-31,75.622519,,74.97933292035398,21.167999244444445,,,,,
2014-06-01,70.856378,,75.085867,42.819305755555554,,,,,
2014-06-02,106.959732,,70.600473,35.065358,,,,,
2014-06-03,93.27676,,74.13634900000001,38.467831,,,,,
2014-06-04,90.439836,,87.01236121494833,42.281685155893534,,,,,
2014-06-05,116.007684,,136.52523845397062,55.838316844106465,,,,,
2014-06-06,82.185926,,128.84276433108107,41.304512,,,,,
2014-06-07,40.265445,,92.87698007692308,52.59153847848537,,,,,
2014-06-08,48.65996,,94.60367192307692,63.64976732433154,,,,,
2014-06-09,96.361842,,72.251705,32.504397197183096,,,,,
2014-06-10,99.785889,,68.074096,49.197381,,,,,
2014-06-11,107.431605,,109.25908700000001,67.8396556375,,,,,
2014-06-12,118.339253,,83.71781805940594,104.73065736250003,,,,,
2014-06-13,91.03049313990554,,113.7295830015606,48.56438955335968,,,,,
2014-06-14,89.71119386009445,,143.99454893903345,44.87018824664032,,,,,
2014-06-15,35.496700000000004,,51.642224557213936,20.8163692,,,,,
2014-06-16,111.2419802077922,,120.09684744278609,38.986726,,,,,
2014-06-17,123.0389407922078,,74.86384365306122,51.584737000000004,,,,,
2014-06-18,97.741093,,73.56984734693877,42.74952496363636,,,,,
2014-06-19,106.272055,,96.11255615384616,49.92533103636364,,,,,
2014-06-20,92.948659,,111.1206315810936,49.490886,,,,,
2014-06-21,88.703383,,100.64947963584675,30.029906,,,,,
2014-06-22,53.0098467447833,,71.89578062921349,26.043478,,,,,
2014-06-23,134.4738662552167,,79.89169111888113,58.942499,,,,,
2014-06-24,77.31788324657535,,90.18581588111888,51.761887,,,,,
2014-06-25,157.17868715693342,,85.758533,55.46538657894737,,,,,
2014-06-26,81.99640159649122,,93.78830596428571,53.624915421052634,,,,,
2014-06-27,116.296869,,74.03720303571428,29.940899,,,,,
2014-06-28,85.801878,,94.696453,50.244261,,,,,
2014-06-29,42.05356963671875,,97.4827522183755,37.531385,,,,,
2014-06-30,93.98242636328125,,127.54361278162449,52.468866000000006,,,,,
2014-07-01,102.706501,,100.860196,34.611784,,,,,
2014-07-02,106.41585629411765,,81.275959,43.997088999999995,,,,,
2014-07-03,135.65889428877006,,76.235046,52.233616,,,,,
2014-07-04,79.695708351033,,68.088386,33.973736,,,,,
2014-07-05,61.201189066079294,,70.573893,43.989742,,,,,
2014-07-06,44.081654,,81.12498099999999,38.287714,,,,,
2014-07-07,93.27795599999999,,81.192888,41.230245000000004,,,,,
2014-07-08,81.772997,,82.24345352941177,48.879259000000005,,,,,
2014-07-09,125.524195,,77.30943935294117,43.098918,,,,,
2014-07-10,122.135616,,89.57088790255273,67.86752599999998,,,,,
2014-07-11,111.743679,,133.05196552110527,40.089776,,,,,
2014-07-12,67.535552,,60.85353369398907,29.113495,,,,,
2014-07-13,93.38389600000001,,60.99805,19.412118,,,,,
2014-07-14,104.629358,,97.810899,37.14811321875,,,,,
2014-07-15,130.544154,,63.697863,52.12236978125,,,,,
2014-07-16,111.878796,,92.073363,54.33573338461539,,,,,
2014-07-17,109.69229918181819,,91.96143286792453,48.46761461538461,,,,,
2014-07-18,118.63035681818182,,78.67259433662093,32.403092,,,,,
2014-07-19,74.045784,,88.85051079545455,28.083959,,,,,
2014-07-20,44.824676,,106.5710279063492,31.510309999999997,,,,,
2014-07-21,114.68494500000001,,157.48292963860993,51.45389627586207,,,,,
2014-07-22,114.654188,,117.3009174321401,49.327893015047025,,,,,
2014-07-23,92.052634,,103.6596178562341,72.75656970909091,,,,,
2014-07-24,116.59481684299858,,93.72515822495953,37.207499999999996,,,,,
2014-07-25,132.1050531570014,,114.66462096298373,42.444794485981305,,,,,
2014-07-26,68.936698,,113.52732300517843,39.724004237251016,,,,,
2014-07-27,86.07688934482758,,74.34034197354497,76.26564527676769,,,,,
2014-07-28,89.10910747813892,,107.28852919132359,37.174301,,,,,
2014-07-29,107.02392017703349,,148.89540417048542,30.719926,,,,,
2014-07-30,105.3528862972973,,98.86151633971524,50.633959,,,,,
2014-07-31,124.89171440445709,,106.01764672234403,37.911651,,,,,
2014-08-01,131.11225052681704,,141.49020100535546,54.339813,,,,,
2014-08-02,121.55552977142857,,87.21969756226564,41.556979999999996,,,,,
2014-08-03,66.98552581818181,,101.16969331228005,27.1741,,,,,
2014-08-04,109.53355918181818,,95.99684505039728,45.921707,,,,,
2014-08-05,100.55754802727273,,129.53433064583334,45.408201999999996,,,,,
2014-08-06,128.41564793426573,,72.363021,47.52148281548975,,,,,
2014-08-07,112.78460003846155,,98.27749962962963,94.77591051082604,,,,,
2014-08-08,105.88969477300613,,117.48400766106803,74.34380667368421,,,,,
2014-08-09,133.22054322699387,,69.57443088413676,26.643727,,,,,
2014-08-10,72.096912,,154.92885072839135,23.20718467346939,,,,,
2014-08-11,126.89358727946546,,116.33285995556382,64.24176632653061,,,,,
2014-08-12,110.4659402230471,,131.91068149306224,53.282756,,,,,
2014-08-13,104.92252315850439,,133.3344795694675,48.160104,,,,,
2014-08-14,133.42480093594122,,111.11585907868064,37.559124000000004,,,,,
2014-08-15,119.48499472879224,,83.42671027458256,34.129193,,,,,
2014-08-16,147.03860467424957,,132.12052972541744,29.323403,,,,,
2014-08-17,82.926859,,98.92410557769654,10.511929516949152,,,,,
2014-08-18,79.406776,,108.18749542230347,60.23106548305085,,,,,
2014-08-19,93.369701,,107.11501906666666,52.222943,,,,,
2014-08-20,118.88147711297071,,110.03003461319565,55.43499204923077,,,,,
2014-08-21,127.98196788702928,,111.86042119908507,64.79546695076924,,,,,
2014-08-22,114.12444954407052,,73.84737005746881,44.643327000000006,,,,,
2014-08-23,105.14182245592949,,103.19372706358382,34.92951278095238,,,,,
2014-08-24,77.86008925675675,,115.67407507086614,33.51996521904762,,,,,
2014-08-25,117.64544719565906,,120.13616381484815,55.141815,,,,,
2014-08-26,155.2964116040358,,122.11098755695218,41.130015940928274,,,,,
2014-08-27,126.70352868548387,,146.52806055733353,60.79799305907173,,,,,
2014-08-28,122.13741294483495,,98.850424,45.433518,,,,,
2014-08-29,137.78438831322956,,72.677507,44.978404000000005,,,,,
2014-08-30,69.733798,,42.315985000000005,48.927309,,,,,
2014-08-31,49.44639008192771,,64.16805,8.397148000000001,,,,,
2014-09-01,124.69673335557229,,41.457608655097616,34.332925,,,,,
2014-09-02,159.7998658375,,115.09989434490238,34.225156999999996,,,,,
2014-09-03,164.27518265092593,,89.57300576829269,70.16547847916667,,,,,
2014-09-04,164.24207577304506,,127.50053023170733,61.07041252083333,,,,,
2014-09-05,168.2489162625675,,113.49885346128588,61.644566,,,,,
2014-09-06,121.72815407662948,,133.50778953871415,20.073763,,,,,
2014-09-07,61.84413961680282,,60.65243,33.452806,,,,,
2014-09-08,144.60776615041996,,110.17789101398601,62.657049,,,,,
2014-09-09,136.85150538426444,,148.77039113261083,48.059757999999995,,,,,
2014-09-10,146.9844201353703,,107.53199685340314,20.913182,,,,,
2014-09-11,170.2814980938624,,84.481405,62.074028999999996,,,,,
2014-09-12,159.18803258111214,,88.89928400000001,46.575669424657534,,,,,
2014-09-13,99.25465218320036,,103.39887387406014,52.903274575342465,,,,,
2014-09-14,52.92393656679964,,81.6544803051437,79.91240443214285,,,,,
2014-09-15,108.7469959572072,,132.36065172884213,19.610529567857135,,,,,
2014-09-16,152.72975417158068,,114.89299630028736,50.68895680085653,,,,,
2014-09-17,151.56374712121212,,108.56581556089743,74.33294619914346,,,,,
2014-09-18,95.060928,,109.36093523076923,55.79871211578947,,,,,
2014-09-19,118.61201393258428,,121.66429500000001,34.015007884210526,,,,,
2014-09-20,84.28312406741573,,76.77971,30.432195,,,,,
2014-09-21,112.42241980334728,,84.11581899999999,42.801678,,,,,
2014-09-22,137.20786116294485,,98.87858829775281,47.239052,,,,,
2014-09-23,148.78658573416868,,126.12971000026045,68.48379998270893,,,,,
2014-09-24,169.49165867611288,,122.62259770198675,47.949650537522274,0.560109,,,,
2014-09-25,155.5846044375856,,94.01593778157503,51.67245947976879,,,,,
2014-09-26,107.6745391858407,,146.02018377252944,43.618891,10.757406,,,,
2014-09-27,94.27256805245264,,80.95221344589551,39.158094999999996,36.925433,,,,
2014-09-28,97.09251994754736,,80.301045,16.189076,20.145774,,,,
2014-09-29,140.84310755726872,,76.620897,65.0490406,10.095551999999998,,,,
2014-09-30,166.615414291279,,109.30282020652174,58.31031497674419,12.232568999999998,,,,
2014-10-01,157.1573570638029,,128.00842279347825,64.5617041478935,2.469038,,,,
2014-10-02,128.78324962100962,,89.247148,119.05185449950025,,,,,
2014-10-03,145.56391995988304,,88.045015,67.33882577586206,9.37817,,,,
2014-10-04,87.80736950675676,,105.19068779096774,39.230156,44.549769,,,,
2014-10-05,114.3556436099585,,85.55572120903226,53.46031753495935,13.482128,,,,
2014-10-06,144.9404118155317,,84.661062,88.96265546504065,16.3064,,,,
2014-10-07,142.59506117645154,,85.476434,51.216424009433965,24.878641,,,,
2014-10-08,87.40825591692618,,77.3879,48.57358399056604,,,,,
2014-10-09,152.21399248113207,,99.62383109022556,33.666989,9.063341000000001,,,,
2014-10-10,99.915784,,98.39164135421888,74.247964,0.518961,,,,
2014-10-11,88.176258,,77.45054555555555,37.269616,18.772983,,,,
2014-10-12,93.30442116326532,,82.84368564406779,45.04619400000001,28.229752,,,,
2014-10-13,151.92059283673473,,98.01499058498248,34.708411999999996,5.352283,,,,
2014-10-14,110.06475047701149,,101.76656477094971,37.844136,19.073894000000003,,,,
2014-10-15,113.06462260632183,,79.80833100000001,44.979321,4.757428,,,,
2014-10-16,139.8493571279176,,97.8519364427481,32.025158999999995,41.754897,,,,
2014-10-17,115.75455113405843,,97.47593462176803,42.854819,38.73044031896552,,,,
2014-10-18,143.0611826546906,,71.46274393548387,52.422963681818175,28.368967681034484,,,,
2014-10-19,46.23936923351222,,74.32915791980781,39.63184831818182,11.242557999999999,,,,
2014-10-20,109.00803576648778,,138.8483120801922,40.226803,56.187265000000004,,,,
2014-10-21,95.30584180357143,,79.820973,53.57036452173913,40.907593999999996,,,,
2014-10-22,141.67794978466387,,90.030242,49.90977347826087,32.534563,,,,
2014-10-23,127.63813537937604,,92.881328,80.91928244983819,28.81568,,,,
2014-10-24,107.57346121126334,,100.607962,63.986234550161804,24.392151070817285,,,,
2014-10-25,132.72067882112532,,77.03030600000001,9.550972,22.192653929182715,,,,
2014-10-26,67.90387799999999,,63.575669000000005,12.866732,29.928248000000004,,,,
2014-10-27,125.86505815744681,,129.34701545823208,40.9724803081761,9.152861,,,,
2014-10-28,133.98194264255318,,120.43334454176795,53.0335946918239,29.58871087106017,,,,
2014-10-29,145.27267223061463,,103.446664,50.677152130434784,33.87615612893983,,,,
2014-10-30,130.6029012665351,,87.980685,33.38154686956522,26.46996509569378,,,,
2014-10-31,132.51333170285028,,77.27651959398496,33.19593,17.61019990430622,,,,
2014-11-01,74.73242,,99.03077040601502,40.966718,4.868769,,,,
2014-11-02,84.94872266735163,,60.876415804780876,45.23537633955224,52.329244,,,,
2014-11-03,129.16980333264837,,118.67422819521911,50.85823666044776,8.306057,,,,
2014-11-04,112.95265,,109.79731474320242,44.659378000000004,58.560549,,,,
2014-11-05,107.22708110082645,,129.6269372567976,43.037929000000005,22.286341,,,,
2014-11-06,201.20903589917356,,93.704221,42.042262,12.337072,,,,
2014-11-07,95.474401,,80.020238,32.635354,20.012634333333335,,,,
2014-11-08,93.1434396,,102.81861230470913,27.736799000000005,53.56008166666667,,,,
2014-11-09,87.2450324,,79.31165869529086,31.832771,27.185357,,,,
2014-11-10,89.77473,,101.0896,41.887072,25.064310999999996,,,,
2014-11-11,90.33548400000001,,81.757816,47.521989999999995,13.692048,,,,
2014-11-12,145.11431822360248,,119.42877912674744,28.38365,67.32087921052631,,,,
2014-11-13,117.70716177639751,,128.62990487325254,41.984996,44.42529718077803,,,,
2014-11-14,114.74132771927162,,90.331749,35.683717,50.04092560869565,,,,
2014-11-15,124.94416528072838,,51.031706,59.976118,66.900322,,,,
2014-11-16,71.94805500000001,,88.151142,46.130467,130.59120688384755,,,,
2014-11-17,128.199007,,121.219511,49.103024,103.12104411615243,,,,
2014-11-18,83.174896,,96.89339809110629,56.164503,76.55852999999999,,,,
2014-11-19,107.387306,,123.28105490889371,38.538508,47.182887,,,,
2014-11-20,123.138661,,84.17454430285714,44.082619,58.18288,,,,
2014-11-21,83.23885,,89.79084969714286,46.410194000000004,94.823094,,,,
2014-11-22,94.04206825241675,,81.81382900000001,40.046768,72.842637,,,,
2014-11-23,64.56036316932239,,70.985495,18.637295,75.04398066666667,,,,
2014-11-24,131.48724363948537,,82.69406599999999,35.599972,115.53497133333333,,,,
2014-11-25,122.60527772644674,,86.75035509649122,33.252042,77.06566679651162,,,,
2014-11-26,77.03628321232877,,119.1555740222515,55.203918,78.62607520348837,,,,
2014-11-27,29.300534999999996,,71.23394788125728,12.926703999999999,71.763475,,,,
2014-11-28,68.635707,,82.951434,30.767516,30.243085,,,,
2014-11-29,60.82157645454546,,82.36111343012422,36.414248,76.24261899999999,,,,
2014-11-30,36.61433654545455,,108.17989456987577,5.725931,74.01943800000001,,,,
2014-12-01,132.3768321037281,,69.536617,38.513818,77.98173700000001,,,,
2014-12-02,94.3902298962719,,80.565412,67.417087,75.10129302777779,,,,
2014-12-03,77.15079644680851,,70.792392,51.764775,77.89315134064327,,,,
2014-12-04,97.52933655319148,,86.386345,23.40471,76.03724063157894,,,,
2014-12-05,124.74113420325203,,104.058587,57.320499,36.83942,,,,
2014-12-06,104.98164094308943,,84.42965592941177,8.404288000000001,6.155063999999999,,,,
2014-12-07,71.01574485365855,,71.77934107058823,55.226575000000004,47.236549,,,,
2014-12-08,102.29295107692307,,73.35141899999999,67.224588,70.78247025233645,,,,
2014-12-09,130.7953234332292,,77.769446,58.380682,92.75723808250518,,,,
2014-12-10,114.12134048984771,,110.95645507174888,38.022746,78.52070034278995,,,,
2014-12-11,61.372406,,77.20420992825112,51.699127,74.09064132236841,,,,
2014-12-12,99.641997,,89.16943290797546,40.654338,69.138311,,,,
2014-12-13,71.528302,,84.66613335328336,35.702043,27.774015,,,,
2014-12-14,62.226873999999995,,102.13858373874118,42.036345,119.189442,,,,
2014-12-15,128.4311928440367,,80.93457500000001,26.706426,126.5664136542056,,,,
2014-12-16,128.8266551559633,,113.991484,40.376481999999996,86.69215334579438,,,,
2014-12-17,120.633499,,87.495544,38.641636,44.504112,,,,
2014-12-18,96.89350200000001,,87.63924399999999,43.479382,78.26969448214285,,,,
2014-12-19,89.045502,,88.30796720253164,45.501542,81.04771560194473,,,,
2014-12-20,65.974817,,105.55000679746837,29.363317,62.34404299994602,,,,
2014-12-21,69.627097,,43.763014999999996,25.975718,97.52815691596639,,,,
2014-12-22,112.91236491750503,,88.17907166567608,35.478383,74.711056,,,,
2014-12-23,147.27664208249496,,101.68860316854852,40.224458,62.499412,,,,
2014-12-24,76.139056,,66.35814952695792,20.069743000000003,44.445128,,,,
2014-12-25,22.146144,,80.96731463881747,11.489763,57.749025,,,,
2014-12-26,75.103433,,63.730342,43.438832000000005,114.00706100000001,,,,
2014-12-27,39.957456,,64.84179102524229,32.059331,42.204234,,,,
2014-12-28,48.625371,,26.026348080020874,14.65962,82.31442200000001,,,,
2014-12-29,98.87931,,71.47446489473684,27.591605,47.36927191469194,,,,
2014-12-30,79.079419,,86.957562,43.218501,58.91632708530806,,,,
2014-12-31,64.492046,,67.83040034343435,36.927958,81.10483599999999,,,,
2015-01-01,35.142638653061226,,97.49322465656564,25.202640000000002,38.25719,,,,
2015-01-02,108.02127734693876,,71.944947,22.206796908759124,39.279652999999996,20.32795,,,
2015-01-03,65.367024,,38.812728,34.41595509124088,117.754997,37.805411,,,
2015-01-04,35.372979650000005,,45.324962,28.309322,155.27742700000002,67.376775,,,
2015-01-05,113.78927591287426,,96.159053,49.890665,104.634612,28.281074,,,
2015-01-06,104.44163443712574,,102.37396716314488,33.919629,90.130422,46.18114,,,
2015-01-07,89.07112000000001,,149.0388548368551,51.073772,67.633675,55.389297,,,
2015-01-08,118.768857,,94.163855,60.573737,96.25847900000001,34.448789,,,
2015-01-09,115.76275177229601,,91.718453,41.162006,86.18858399999999,30.125750999999998,,,
2015-01-10,137.27641252706707,,109.22925068092106,29.018243,79.91564100000001,16.607664,,,
2015-01-11,93.84249470063693,,67.74242942883504,7.4831129999999995,85.670566,21.348338000000002,,,
2015-01-12,72.77076219791667,,131.8200428902439,34.620279000000004,125.90757199999999,20.438001,,,
2015-01-13,65.20248320208333,,79.56079181214422,34.11558,64.17095,9.876165,,,
2015-01-14,165.47956339389313,,117.90266018785579,42.791754,57.593736,8.489453,,,
2015-01-15,149.135973803808,,95.58822329172142,36.101128,118.264443,22.00448,,,
2015-01-16,114.96129040229884,,115.92660770827858,50.470147,94.620406,4.899852,,,
2015-01-17,77.03148499999999,,113.2699519090909,29.561595,109.371140948,31.917164,,,
2015-01-18,81.17195444010648,,60.661908090909094,18.329191,97.16618107696101,30.107309,,,
2015-01-19,98.76913255989354,,69.456161,21.852311,98.98059797503899,45.87824,,,
2015-01-20,95.23034219117648,,102.31588500000001,38.796011,50.661317,34.408468,,,
2015-01-21,86.58357980882353,,145.00199591135134,42.392464000000004,125.80524094222223,24.813731,,,
2015-01-22,136.4815355314286,,151.65147580817683,61.527185,96.35571505777777,47.356177,,,
2015-01-23,132.79089646857142,,171.114582458554,60.041859,93.38153,35.773396,,,
2015-01-24,60.419079,,117.75309882191782,48.270884,69.002739,69.375693,,,
2015-01-25,77.70198,,99.82172480079261,38.988085999999996,78.70372925170068,30.271744,,,
2015-01-26,125.44672426375632,,122.6975741992074,38.737924,88.04888074829931,40.031319,,,
2015-01-27,114.40750373624367,,104.87622443912248,37.475965,100.79730599999999,51.238177,,,
2015-01-28,116.52116156584094,,156.14676556087753,52.548500000000004,100.559901,29.108363999999998,,,
2015-01-29,124.88338143415906,,111.9378204,44.031777,158.32131032258064,63.062367,,,
2015-01-30,123.57669601298701,,139.54902587927927,44.747728,74.71558767741936,33.837862,,,
2015-01-31,77.53893698701299,,77.1304925135429,37.004798,107.75085572566373,15.018004,,,
2015-02-01,53.788592,,127.11685020717782,50.829237701513065,112.94710627433628,67.467626,,,
2015-02-02,101.37839229166667,,73.445737,98.69508129848693,155.64005799999998,59.468957,,,
2015-02-03,115.07459770833333,,81.588085,50.883277121621624,87.76715150657895,63.915465999999995,,,
2015-02-04,129.02706164102565,,82.913182,106.46048121171171,44.059531493421055,28.640659,,,
2015-02-05,136.20840735897437,,108.91441431372549,63.09565366666667,109.966211,48.426103999999995,,,
2015-02-06,114.569616,,108.36939007757887,41.89811377777778,110.499732,33.278205,,,
2015-02-07,102.33181746391752,,103.46752060869565,51.07273429592165,90.687151,18.530986,,,
2015-02-08,84.41032853608247,,45.27511,65.58809492630058,88.39648700000001,24.536362,,,
2015-02-09,101.3496150981595,,95.301778,41.390743,97.82805499999999,42.200671,,,
2015-02-10,129.38770478969096,,115.70762793975904,40.596286,126.12694200819672,26.633045999999997,,,
2015-02-11,138.01944559652452,,124.06319206024098,85.2636924402174,149.64935336927863,37.850855,,,
2015-02-12,122.58360751562499,,73.86574,56.80675255978261,120.91574762252463,75.66136,,,
2015-02-13,104.74969999999999,,99.06959953124999,37.33345,56.69749173660714,36.273494,,,
2015-02-14,79.392024,,115.32124016148742,19.305435,52.961382263392856,29.659118,,,
2015-02-15,66.372708,,71.23046930726257,16.129307999999998,68.962488,52.379796,,,
2015-02-16,102.475616,,93.19636850226244,27.630392,67.66359,26.410191,,,
2015-02-17,122.806644,,106.73973849773756,52.545951,116.84494156338027,38.337396999999996,,,
2015-02-18,116.473876,,84.49410662003781,49.73610757142857,122.37713443661973,49.267160000000004,,,
2015-02-19,121.611644,,105.83682737996219,39.25894842857143,98.083109,44.874953000000005,,,
2015-02-20,84.87521,,82.706346,33.218111,106.1676498465909,19.137902,,,
2015-02-21,81.850915,,68.08319900000001,44.585868,61.13589915340909,74.15026585365854,,,
2015-02-22,59.478004,,66.64157399999999,20.83568781651376,111.4581,50.311762146341465,,,
2015-02-23,87.969436,,87.454305,50.88636818348624,78.737792,81.653532,,,
2015-02-24,90.146294,,91.79421734831462,59.990722,173.519044,60.421735999999996,,,
2015-02-25,117.31784980740059,,126.5256581045282,50.718292999999996,119.216896,61.106159,,,
2015-02-26,117.2655611925994,,160.0331495889835,49.508466,127.887327,70.901423,,,
2015-02-27,123.07283983636364,,93.7881629581737,52.877863999999995,128.99376817499999,51.213111000000005,,,
2015-02-28,80.72780796650375,,65.561313,28.373627,95.189140825,101.511708,,,
2015-03-01,63.45458719713261,,40.76608,34.730799,107.51080300000001,74.22926774556213,,,
2015-03-02,83.532054,,76.625297,61.077913,104.19444736065574,50.46056125443787,,,
2015-03-03,133.692488,,72.26034,54.026619,83.74215763934427,78.45116280290792,,,
2015-03-04,116.133635,,81.007082,47.47321652631579,86.95919635955056,101.9951981970921,,,
2015-03-05,155.26877211363637,,96.965402,45.33912847368421,117.82285964044944,38.320792,,,
2015-03-06,110.04051188636363,,75.56879599999999,33.803239000000005,117.367835,47.391123,,,
2015-03-07,74.91846103296703,,85.727162,33.091028,93.69165699999999,99.00059039880061,,,
2015-03-08,55.36283196703297,,50.335991,25.018459,55.781231,86.10728060119939,,,
2015-03-09,104.280734,,111.52134794797688,60.647380999999996,71.813694,75.1227871693227,,,
2015-03-10,141.79125000000002,,69.60707205202313,35.103605,59.04540342134831,89.3221468306773,,,
2015-03-11,107.8299714742115,,76.680608,46.652938,94.00570887031834,55.956193,,,
2015-03-12,152.19170532199703,,82.50196799999999,42.6901498173516,110.52320670833333,56.611244,,,
2015-03-13,96.73626720379147,,83.551545,53.9913111826484,55.518356325581394,136.61437399999997,,,
2015-03-14,114.275912,,55.777902,33.411143,107.95247257524505,62.778709000000006,,,
2015-03-15,55.670221000000005,,51.298912,30.375683000000002,121.96544209917356,54.07646163592233,,,
2015-03-16,104.23249665582655,,85.779653,23.62842,56.297706,41.406036642766196,,,
2015-03-17,94.87558934417343,,110.409825,50.57424105882353,65.50662,53.997509721311474,,,
2015-03-18,96.813556,,99.466289,62.95375294117646,86.30154,56.747722,,,
2015-03-19,111.3412543125,,93.0345694117647,30.867528,111.81919869406393,86.753374,,,
2015-03-20,120.25001646587839,,83.3553505882353,39.207979,44.20301830593607,51.401677,,,
2015-03-21,100.34150922162162,,90.506765,44.272265999999995,124.794869,22.947969999999998,,,
2015-03-22,99.01765426986755,,62.222403,20.32068,103.656922,89.06137,,,
2015-03-23,137.43253073013244,,70.734004,43.152411,119.60875100000001,60.46338,,,
2015-03-24,99.3273,,100.49597351559633,43.01239,128.470848,48.970461,,,
2015-03-25,109.36828920091324,,129.49672348440367,42.514643,75.409119,96.586643,,,
2015-03-26,104.70525584873215,,97.05489472477063,48.936051,65.60815029411765,85.340287,,,
2015-03-27,99.70232217035462,,127.17370127522935,20.309883,84.34510970588235,38.209245,,,
2015-03-28,129.37789978,,68.33199798709677,27.995192,147.899948,54.760473000000005,,,
2015-03-29,69.695322,,70.78553701290322,26.760384,115.698208,41.31170899999999,,,
2015-03-30,121.661231,,103.85480714421553,43.88408421505376,71.002611,74.488271,,,
2015-03-31,112.46409100000001,,131.94626085578446,43.66020678494624,52.407040140625,68.927089,,,
2015-04-01,130.74979059911894,,92.280521,51.777180589665655,136.998316859375,74.32812899999999,,,
2015-04-02,125.71689840088105,,88.98697701785714,81.49152841033434,99.241402,46.614047,,,
2015-04-03,76.921386,,134.7335559821429,45.289492,78.44753488181819,61.006248,,,
2015-04-04,85.74543800000001,,75.83631384668192,27.769687,98.18934276524064,63.162604,,,
2015-04-05,51.944276,,88.21782115331807,24.460687,95.37321335294118,57.718686,,,
2015-04-06,118.18759326264592,,82.80681375,39.120701,72.824877,85.8519964171123,,,
2015-04-07,161.59852267745293,,101.62277025,34.759408,101.779554,61.230446582887694,,,
2015-04-08,143.0530477407522,,74.834366,54.497884,95.33496398,90.46711400000001,,,
2015-04-09,104.893074474784,,79.28847214285715,47.992084,126.41398102,59.167559,,,
2015-04-10,133.40525084436493,,85.29852185714286,36.845223,73.317335,43.992945,,,
2015-04-11,120.890934,,76.95195,43.40486,121.85724511619476,88.355726,,,
2015-04-12,47.666951999999995,,39.977343999999995,37.468764,71.26758488380523,48.444671,,,
2015-04-13,77.476822,,78.742934,31.200197,129.43867502105263,51.689635,,,
2015-04-14,116.94545099999999,,83.74650700000001,37.331628,186.63505197894736,69.55003199999999,,,
2015-04-15,120.26357932458839,,94.16138600000001,28.772216999999998,137.8698186223448,64.90904,,,
2015-04-16,134.80082055589511,,114.06307314858842,32.71179,43.691439377655186,79.902141,,,
2015-04-17,95.85133870016166,,115.04360864552923,52.40347,107.68244899999999,39.573983,,,
2015-04-18,73.70996641935484,,69.47647410687244,34.066826,132.61330330927834,10.547461,,,
2015-04-19,64.51974700000001,,110.20285242618668,2.695738,149.81283777129036,55.009743,,,
2015-04-20,121.09776000000001,,109.63689367282322,46.194486,94.18787691943128,66.401516,,,
2015-04-21,120.4303301230329,,77.485074,38.066005000000004,122.0784373692946,54.285087000000004,,,
2015-04-22,122.49608498190179,,88.893677,36.713482,107.0644246307054,71.57115300000001,,,
2015-04-23,151.3811908041562,,67.533596,39.128967,127.113555,83.869165,,,
2015-04-24,80.48199609090909,,88.345884,41.318211,96.328097,56.150987,,,
2015-04-25,56.380394,,96.73921899999999,35.07543,163.3012342053232,83.065264,,,
2015-04-26,90.581759,,70.130308,9.864211999999998,137.2934747946768,66.528092,,,
2015-04-27,116.206207,,84.093025,28.814494,93.131378,120.849539,,,
2015-04-28,124.45852,,116.13088977016743,41.287553,148.0462046570605,73.200816,,,
2015-04-29,113.9344517667087,,131.71712222983257,36.65676,83.38424434293947,70.163791,,,
2015-04-30,147.07750026377911,,72.991428,47.151134,126.95104878604123,87.70820400000001,,,
2015-05-01,73.6204739695122,,64.69348500000001,43.187793,233.14884423812543,78.395233,,,
2015-05-02,87.78365195604397,,114.523843,43.815412,135.81030697583333,96.573703,,,
2015-05-03,62.61884604395604,,86.491746,40.305085,156.39803566949152,67.490948,,,
2015-05-04,108.42135237075333,,94.127067,36.644191,170.9682080969737,57.341622,,,
2015-05-05,116.40603100242453,,92.95170973722628,54.539524,172.30396223353478,100.488672,,,
2015-05-06,110.33703860576952,,103.86315626277371,27.858389,129.343498,94.611669,,,
2015-05-07,127.41011302105262,,102.63693099999999,66.42717300000001,113.27175999999999,103.16837699999999,,,
2015-05-08,104.11099745801526,,78.496781,44.64948798404255,162.571411,72.701917,,,
2015-05-09,71.34595954198473,,95.728026,27.380924015957447,182.22164622360248,104.631961,,,
2015-05-10,94.704112,,71.504586,23.004728,56.20408977639752,98.279992,,,
2015-05-11,76.481442,,89.46551377777777,34.941072,85.472223,64.080934,,,
2015-05-12,113.40455238039927,,129.51912914857883,41.679836,87.51367,96.63606999999999,,,
2015-05-13,144.01520561960075,,124.92814507364342,80.17184,109.55014899999999,76.717348,,,
2015-05-14,138.520695,,65.095055,45.306619,76.212345,85.869164,,,
2015-05-15,113.28729023600842,,92.52094061931818,56.366303,164.0885716,55.2119,,,
2015-05-16,91.3515057639916,,79.46833038068182,32.563689000000004,131.16775366677317,41.380215,,,
2015-05-17,87.02520245245901,,53.215832,32.69999,169.11838773322685,93.239068,,,
2015-05-18,144.95804526709819,,112.6464968097166,65.31123887179487,93.539417,62.851203,,,
2015-05-19,140.9485112804428,,103.24536076106111,59.482961128205126,90.317165,108.44856,,,
2015-05-20,110.41085612183235,,169.68284442922229,58.093700710059174,98.54409,68.961476,,,
2015-05-21,98.26635287816764,,88.85891,51.298897289940825,138.01085975634518,63.639706,,,
2015-05-22,109.45842433342507,,70.414561,12.954483,168.6007732201254,92.905506,,,
2015-05-23,98.41125366657494,,98.704177,37.320235,139.12977976285526,76.658853,,,
2015-05-24,64.44203924489796,,45.013429,20.13956,83.61597013391359,130.0729885483871,,,
2015-05-25,75.52430575510203,,35.917856,36.525029,94.35550526961771,53.2468864516129,,,
2015-05-26,118.79927855093246,,90.304085,43.095361999999994,112.40265685714286,73.721541,,,
2015-05-27,125.79280144906754,,103.121579,54.883447,133.003745,69.526366,,,
2015-05-28,113.42241481889764,,88.830866,50.728622,87.092395,87.46087031095406,,,
2015-05-29,112.69349518110236,,84.594778,33.755019,83.84318485981309,60.55083268904594,,,
2015-05-30,105.11441449767442,,101.817515,23.167035,116.4526501735759,101.10006967948718,,,
2015-05-31,140.6690078091407,,97.56759612307692,34.917158,222.5561673334452,91.62537132051281,,,
2015-06-01,122.08579005568488,,107.47771446801619,63.299459,136.10948663316583,79.91509500000001,,,
2015-06-02,112.33936281735612,,76.12749940890689,42.515592,63.227495000000005,71.06368733187773,,,
2015-06-03,113.27211021632247,,106.60422163140497,50.17303883798883,110.9131724489796,71.70652738123702,,,
2015-06-04,124.39345924561245,,123.43330855540822,30.323098162011174,125.33799955102042,61.383086286885245,,,
2015-06-05,90.19337935820896,,102.53132220712621,48.42517404,117.172598,83.37154002845529,,,
2015-06-06,84.121657,,81.74290860606061,39.5476559291358,72.886205,56.356132343742026,,,
2015-06-07,74.18786961538461,,96.281603130597,47.7078200308642,82.75923300000001,105.8177826278027,,,
2015-06-08,146.72213551784068,,75.84883520644068,37.617288,95.478057,49.10995,,,
2015-06-09,105.9374558667747,,99.81124466296231,32.260639,125.971582,57.243772,,,
2015-06-10,92.53794752284264,,111.79057841576206,26.952171999999997,70.014911,49.71579779310345,,,
2015-06-11,100.5166086090255,,126.1959772665909,41.627032,105.69584086054958,75.08716820689655,,,
2015-06-12,109.3205540810351,,74.94348631764706,46.242964,117.42757912556154,32.61675889473684,,,
2015-06-13,89.51573178709678,,59.413385000000005,26.458744,96.3988710138889,30.94338710526316,,,
2015-06-14,96.78315124489797,,65.744403756654,42.284884,120.61999566379156,39.094486,,,
2015-06-15,97.06054075510204,,89.869637243346,55.585832,171.53155837951553,71.96808,,,
2015-06-16,105.22587696428572,,82.477257,34.333695,93.96735695669291,32.986616,,,
2015-06-17,120.34922984288981,,100.626901,35.096207,111.88097567741936,49.638241,,,
2015-06-18,117.30632333126772,,75.924181,26.961257,52.16852632258065,82.264928,,,
2015-06-19,119.58545286155675,,85.5635830590406,35.722556,24.799784,47.806830999999995,,,
2015-06-20,88.39460199999999,,96.25895170634031,23.68858,22.684583594117647,24.09724,,,
2015-06-21,99.29319000000001,,69.1680132346191,37.15947,40.33347940588236,54.535502,,,
2015-06-22,117.80159107109004,,88.823086,42.878559,25.809289,60.965369,,,
2015-06-23,112.24717307767028,,97.940307,54.345385,14.122871,30.870493,,,
2015-06-24,125.30443953931307,,82.87628613043478,18.995421999999998,14.287501,62.910246,,,
2015-06-25,94.94459028952855,,83.46518696510662,48.069888,15.631470999999998,65.198718,,,
2015-06-26,119.74449517624421,,86.2224019257352,51.717038,39.791905,80.170315,,,
2015-06-27,67.42894726188419,,94.13830097872341,22.99571533944954,24.719223,51.802704999999996,,,
2015-06-28,77.17226758426966,,72.959165,20.25308366055046,30.438169000000002,31.32114242105263,,,
2015-06-29,116.88757244957984,,73.96020505662021,36.819555,34.958270000000006,59.335813578947366,,,
2015-06-30,125.85167585930047,,125.6314580333798,29.832481,64.49431799999999,103.51008321374046,,,
2015-07-01,160.4455216911197,,72.9847605284739,51.498225000000005,9.588996,86.44182328990918,,,
2015-07-02,107.042618,,122.34615038152612,38.698219,8.625839000000001,102.65072360024647,,,
2015-07-03,94.31603588888889,,55.07375433009709,41.017082,21.770041,78.89936489610389,,,
2015-07-04,101.79324411111111,,68.46694810990292,13.082036,37.947961,66.175568096,,,
2015-07-05,59.12191632142857,,52.991909559999996,30.113715000000003,16.034346,111.481897904,,,
2015-07-06,130.98832033320397,,134.31923573496192,52.073366,8.430766,100.629435,,,
2015-07-07,132.75267481939343,,136.11246922549006,44.179506,34.628461,106.161869,,,
2015-07-08,120.30504052597402,,132.57902484501435,54.448717,16.178808,62.960126,,,
2015-07-09,92.088099,,134.1347751945337,3.311222,21.157004871485945,81.595525,,,
2015-07-10,105.549441,,83.49440418091451,57.637771,23.030243128514055,113.200061,,,
2015-07-11,66.690318,,128.1845678190855,36.1897026,24.292331870588235,83.405971,,,
2015-07-12,74.81856826349456,,61.720189,73.4166594,53.39911212941176,69.114686,,,
2015-07-13,120.38804373650544,,88.01331607865168,36.121587258064515,11.936629,85.47232,,,
2015-07-14,93.18569120909447,,131.64611821279127,45.538157741935485,51.693368,104.975942,,,
2015-07-15,141.40736209559304,,122.09959800455704,44.823516999999995,54.560311,106.402238,,,
2015-07-16,118.6145966953125,,83.032274704,58.80804919614148,11.354299000000001,117.52693411764706,,,
2015-07-17,124.47853491893383,,97.77692604347827,50.89266880385852,23.959474,80.71812628991597,,,
2015-07-18,86.06311708106617,,48.243978956521744,30.986286,58.9167672631579,99.17943559243697,,,
2015-07-19,78.33602434026997,,60.99304510526316,34.533906,19.346003736842107,96.63888399999999,,,
2015-07-20,120.90422053296948,,85.18693689473685,53.536117,28.628568,111.409199,,,
2015-07-21,116.51988358271912,,102.57370087452472,47.396705000000004,21.37345967741935,147.93355400000002,,,
2015-07-22,102.81375100029145,,107.4748336171289,41.502964,20.675710009067135,91.628833,,,
2015-07-23,98.10755286063963,,122.80466670065408,37.185351,36.07538431351351,116.31992630870712,,,
2015-07-24,115.13769261293493,,100.70877880769231,57.630216,38.829441,77.29917569129287,,,
2015-07-25,76.65532882148507,,72.88257019341565,18.051603,17.717005,121.848801,,,
2015-07-26,84.70682465687621,,73.04338480658436,50.20827105699482,7.18089,55.946153,,,
2015-07-27,108.79251510250299,,88.755551,56.91486394300518,5.685406,104.433344,,,
2015-07-28,108.46432589339346,,79.727995,42.306677,46.316862,88.175371,,,
2015-07-29,149.5949095959177,,100.69768667605634,91.5925927763713,27.3857462,76.99480299999999,,,58.31623
2015-07-30,92.571007,,96.96849664857052,81.15901022362868,13.8632208,121.02179175,,,133.06089511739128
2015-07-31,113.833972,,105.19322567537314,119.080251,24.805389092105262,61.17245825,,,144.05796964903206
2015-08-01,47.56692754945055,,62.3641744488189,90.429439,17.190547907894736,39.515657,,,58.74127123357664
2015-08-02,68.56170321116721,,73.4176365511811,37.089202,6.589995,94.6577411017964,,,53.936268
2015-08-03,101.28649323938224,,112.55960159045121,101.596357,4.812042,90.77156112461867,,,159.931502
2015-08-04,101.3465037159091,,120.79812652465671,135.824055,6.467810999999999,133.18086019025156,,,129.001106
2015-08-05,129.36943428409091,,108.38112859311138,138.32185407575759,9.934247000000001,83.25577558333333,,,137.165507
2015-08-06,120.576409,,122.8468292917807,84.08520192424243,7.261561,71.97019024793389,,,129.030473
2015-08-07,106.347819,,119.30902912765957,122.55964999999999,35.230475,83.02998475206611,,,149.222102
2015-08-08,73.12497072000001,,68.86848114082292,91.17476300000001,,42.86956000000001,,,105.93731715384615
2015-08-09,58.79112528,,85.30739773151751,87.025373,26.781751999999997,36.720658,,,62.86339260548995
2015-08-10,104.83546871084337,,68.028507,89.279717,35.8339386286295,90.861542,,,145.8251442406639
2015-08-11,103.93132024947408,,93.75252702150537,109.939563,12.207390371370499,82.72703425543477,,,96.241345
2015-08-12,102.83626937301587,,125.86961165291322,112.156308,23.685223,97.01048305991792,,,121.277833
2015-08-13,110.30430766666667,,75.8010973255814,119.59760855137482,5.416388,73.2657156846473,,,134.707563
2015-08-14,94.868888,,86.004693,147.40887444862517,32.810558,95.664717,,,83.96248
2015-08-15,91.86258552683616,,111.56831701111112,83.94161299999999,29.370323,81.76133499107142,,,89.672891
2015-08-16,136.89531847316383,,99.90781998888889,92.1452,50.417770000000004,151.7298758286007,,,114.07307029824561
2015-08-17,95.36604200000001,,99.55148645588235,123.913055,18.812324,83.32429144490186,,,165.45289291793082
2015-08-18,89.854133,,93.57971309253334,122.75138899999999,22.589805000000002,65.5847659234602,,,189.62166346253844
2015-08-19,105.650925,,146.42280245158432,130.364248,5.312159000000001,107.77310518153102,,,184.43620832128514
2015-08-20,100.778476,,81.420201,95.508786,67.52859419414182,94.31719963043477,,,119.612921
2015-08-21,112.960809,,79.677064,109.24331,41.72151280585818,69.153653,,,169.8990403384986
2015-08-22,53.855947,,75.128841,112.01436700000001,,95.89894699999999,,,109.52793166150141
2015-08-23,82.45756,,64.62011276470588,65.211971,37.80350382511211,89.36866782658959,,,135.63036784210524
2015-08-24,88.89607365486725,,92.08275823529411,138.819771,21.52159117488789,103.84924642010644,,,183.0504683622743
2015-08-25,118.78512452923317,,90.520711,116.483019,7.757134,125.40290961816882,,,194.22836479562042
2015-08-26,91.0431505431723,,81.86256983098592,129.07663169004206,42.807945,124.89023213513514,,,161.44746105882354
2015-08-27,109.35067327272726,,76.86112016901409,144.57202230995793,21.863898,70.22210799999999,,,180.15147894117646
2015-08-28,95.16896387218044,,74.465177,110.031336,38.203977,76.31645499999999,,,172.67745299999999
2015-08-29,81.48066390662139,,74.09383700000001,115.450583,49.997243,156.288086,,,91.24250794186045
2015-08-30,81.43672423489679,,59.453439,46.45834,41.962432,138.812435,,,73.40351205813954
2015-08-31,86.79029004802976,,88.73538463128492,105.451136,85.87891206382979,94.57715577130045,,,173.81986174468085
2015-09-01,117.50492810573571,,70.99193045655292,97.333533,66.27579193617021,102.40467426217236,,,159.56244325531915
2015-09-02,84.26401083253589,,68.20972291216216,120.05911772727274,68.171596,112.5864329665272,,,164.30636447880826
2015-09-03,90.40291610588235,,73.39630199999999,102.12429927272727,76.722833,76.78836,,,181.76660852119173
2015-09-04,95.69198289411764,,61.53761166666666,111.832481,64.618929,87.19027899999999,,,120.905159
2015-09-05,39.05836,,97.81142833333334,62.243483,53.502275,86.70872,,,98.197433
2015-09-06,47.91681749236641,,62.278971,87.067901,47.130309,57.858074,,,103.40098300000001
2015-09-07,73.86028441637883,,55.30005,105.88602300000001,42.14928666942149,114.2020533877551,,,114.525085
2015-09-08,105.3534181403345,,87.87769554074073,115.640069,63.71819310608872,108.90777104105538,,,180.4660715728643
2015-09-09,81.63521358647186,,85.49719145925926,113.66841683999999,102.3276194651537,154.26712457118953,,,199.08772242713567
2015-09-10,122.92725736444838,,58.198067,97.79556516,127.19977404744385,90.174491,,,181.459922
2015-09-11,75.47721159585493,,75.49045799999999,139.585665,151.95377571189226,87.51422,,,173.4392088575834
2015-09-12,51.93039151142477,,70.915829,45.999988,91.73807897095436,143.416956,,,122.50896314529683
2015-09-13,72.60850422203758,,57.16098,61.629171,106.70266202904564,170.751618,,,142.31499399711976
2015-09-14,90.53682096798003,,73.02150400000001,119.725617,155.28863279807692,111.26688266063348,,,145.591482
2015-09-15,100.55871661475503,,90.37540951104972,126.264208,138.34211213210764,91.28982673373271,,,160.54233100000002
2015-09-16,92.11105508794768,,96.66817748895029,90.83776,124.1324802329527,75.7213476056338,,,147.28450999999998
2015-09-17,103.69143772093022,,114.923363,108.57431931012658,201.77655288194472,94.090921,,,150.941025
2015-09-18,122.32845911311057,,85.61446720718942,93.35082868987342,94.56071895491803,95.849537,,,99.30059937762238
2015-09-19,80.493489980774,,56.509884291115675,90.54260731578948,96.09350096055182,143.10443198648647,,,173.1045306223776
2015-09-20,79.87246918518518,,59.344844501694915,93.41786368421053,181.96624003944817,141.90538801351352,,,95.18215500000001
2015-09-21,86.56834472614108,,79.870165,127.667182,128.53289633164982,112.58572031304348,,,117.41861
2015-09-22,90.61078427385893,,75.907117,140.33775599999998,138.87759569282525,116.19986784080268,,,152.176086
2015-09-23,123.31264594805195,,75.46901,100.12478999999999,165.96650401512886,102.89827684615385,,,156.306699
2015-09-24,87.07001739143145,,95.9553624402985,142.394846375,129.97415072437119,90.321944,,,157.65926455421686
2015-09-25,120.67131907316467,,88.2473855597015,124.073505625,203.4161351559114,119.724757,,,143.39226444578313
2015-09-26,95.03030590730276,,96.74760390344828,87.285136,119.19622208011343,128.48985000000002,,,127.986444
2015-09-27,72.26288490699955,,116.23943509655174,66.820387,85.218368,103.065348,,,95.219611
2015-09-28,119.962066386686,,50.296191,113.957937,138.67311074835308,79.369342,,,161.290513
2015-09-29,84.08319552401545,,70.18307852016129,90.847431,108.38297225164692,77.61127644485293,,,147.028171
2015-09-30,112.54437927403477,,132.2705910186988,100.89649,125.876366,88.17418155514706,,,150.2784848385093
2015-10-01,86.58960116609119,,95.2097134611399,104.036402,117.51144446296296,79.987131,,,197.6088261614907
2015-10-02,119.38397953333333,,102.641421,110.866333,133.43227353703705,54.628904,,,215.8325819754386
2015-10-03,74.23565299247454,,73.390948,89.853613,58.768274000000005,119.730474,,,153.04226902456142
2015-10-04,55.077911306772904,,26.895126,37.20694959401709,81.386685,107.22767999999999,,,112.747627
2015-10-05,119.22255458964143,,61.506354,152.49721776717692,97.9279578255814,112.91276972727272,,,162.03346299999998
2015-10-06,109.21529006772909,,67.8749540882353,125.57609063880598,87.34121917441861,112.95061879927594,,,177.363773
2015-10-07,82.83974793227091,,82.4911789117647,97.349415,130.421475,117.04622647345133,,,108.282215
2015-10-08,121.75523653053253,,76.32501134146342,136.274808,86.778385,100.124477,,,150.12451947368422
2015-10-09,74.86268846946747,,57.22023465853658,128.237797,143.32346257894739,72.244118,,,164.40568352631578
2015-10-10,80.48180940740741,,68.30464,97.220377,105.57710942105264,109.56106000000001,,,116.941096
2015-10-11,100.8165517037037,,38.001925,41.25787,110.436084,125.551234,,,140.058105
2015-10-12,139.24913966862457,,72.529372,126.579005,160.68525014115693,101.001805,,,180.8142894587629
2015-10-13,123.04701414811908,,78.88719211827957,68.823967,151.4471230762344,72.715233,,,166.2585585412371
2015-10-14,116.59898307214524,,92.95889188172043,104.636258,152.3329701558806,76.107786,,,158.18913015686275
2015-10-15,91.862081,,70.19752,112.422937,133.4678036267281,88.478104,,,168.2548394878741
2015-10-16,69.75930597727272,,97.45259655555556,111.425187,115.17270404531722,94.59703696296296,,,194.37089783167823
2015-10-17,103.21720273069188,,78.75743944444444,100.069898,86.47446268613155,135.46511503703704,,,170.36689327730392
2015-10-18,108.42012721826491,,61.608631,70.009522,105.40283629810789,60.214761,,,157.52104524628098
2015-10-19,118.67561617394378,,53.111308,77.647124,90.4574039231445,37.728972999999996,,,131.85233
2015-10-20,114.7370065604826,,98.085832,140.757203,123.54845531765716,90.99207135955056,,,131.440011
2015-10-21,131.83102462942045,,66.198235,124.546276,131.2919920806621,135.10554594347974,,,139.849852
2015-10-22,95.15135328699877,,77.972472,144.291741,97.40220664897959,88.7486816969697,,,157.1986475789525
2015-10-23,111.0387284229249,,92.67553805861485,148.67911827710844,156.35081630044843,90.47640204237288,,,161.55874996046657
2015-10-24,91.7959451372549,,105.55215317900893,107.28760670888596,117.12465930299983,108.50884895762712,,,114.91132383943554
2015-10-25,75.81893934044443,,62.373453762376236,79.4994150140056,110.95567512075107,101.37444405555556,,,78.89553872828823
2015-10-26,121.57918907237224,,74.37521,93.808291,172.09335172457452,62.429413405982906,,,192.57733987342243
2015-10-27,97.62584611659511,,95.722087,132.540615,136.33362355122614,87.3764070895979,,,164.5787890194347
2015-10-28,108.47193968859649,,85.039348,105.413299,124.4156738673913,86.54075044886363,,,145.520411
2015-10-29,106.72466075041432,,74.041448,129.28924800000001,130.9757341326087,73.415562,,,132.2961070044843
2015-10-30,102.2112975083576,,73.980084,151.149446,159.45950274439463,84.671404,,,158.6988377455157
2015-10-31,53.53180438596491,,60.366002,84.772927,108.87655225560539,105.357387,,,162.75999720726495
2015-11-01,50.702880946601944,,57.709987999999996,68.486225,105.717311,113.277722,,,134.34827604273505
2015-11-02,115.78556367990407,,108.12737100000001,153.282513,99.342517,77.096652,,,124.766961
2015-11-03,96.68713037349397,,73.119271,126.231397,170.23913100000001,88.684782,,,163.887539
2015-11-04,100.00824257611477,,117.86704243103448,109.064319,127.756189825,82.837495,,,190.326658
2015-11-05,114.04758552558015,,97.12451304595297,142.820384,143.221406175,100.911701,,,161.745266
2015-11-06,102.00371261745403,,95.52156452301256,143.096197,148.60223722580645,85.732636,,,184.6725781519715
2015-11-07,94.97174728085108,,65.659599,79.666259,73.66037615107797,143.9487980819672,,,116.44992625343392
2015-11-08,47.547199325,,61.112839,129.933427,128.46213300865776,152.6169039180328,,,89.76221582863714
2015-11-09,108.8786340237395,,95.282558,128.433065,172.61013161445783,89.902197,,,197.52728576595743
2015-11-10,85.15114750657965,,91.74620569246406,130.021651,134.66912782442748,87.505887,,,125.529819
2015-11-11,77.07794360054542,,103.81819430753595,87.347807,127.58211017557252,84.059844,,,183.027446
2015-11-12,92.50019554413544,,78.855572,120.423412,175.173838,86.234569,,,219.73866055146357
2015-11-13,115.12367016182573,,119.8777638974855,131.787164,130.582849,108.322317,,,242.8847071056793
2015-11-14,76.63266883817427,,87.07725610251453,75.19938,108.32687605743865,139.49636414285715,,,117.73065434285714
2015-11-15,59.480651708860755,,76.009957,64.567223,157.78042894256134,119.08338876942355,,,80.04374200000001
2015-11-16,108.15877012787394,,104.88283179617835,104.169285,186.95227856348032,92.1923680877193,,,184.64107898850574
2015-11-17,110.6651071632653,,80.77759220382165,153.74905800000002,168.4040667677299,81.139605,,,175.13322833149425
2015-11-18,93.260398,,78.92010499999999,125.94218500000001,161.83877278586297,101.06719686222223,,,177.3648059373645
2015-11-19,120.50671660404625,,82.389358,98.898463,163.12636388292682,98.90184213777778,,,237.0761261564286
2015-11-20,99.89262139595375,,73.95797115200165,104.868876,191.20082819206658,98.181443,,,244.06562939392535
2015-11-21,81.198199,,117.39816484799836,88.435892,149.35347445267027,138.833993,,,123.9234968923111
2015-11-22,81.24498188466093,,69.86644558064516,48.669146999999995,101.49621935526315,87.1385,,,143.77528329997043
2015-11-23,148.65968291201958,,73.71717629752743,123.414088,197.710628,101.59871428355288,,,215.35042296581196
2015-11-24,75.67092453225914,,82.34265712182741,101.95540842857142,163.16250654390336,120.74425071644711,,,147.39129303418804
2015-11-25,102.84926417106037,,73.00420209375,107.33007257142857,209.43509487803757,88.81250301287554,,,141.725887
2015-11-26,24.150253499999998,,40.038353424468625,10.559847000000001,118.19500663776057,28.131270987124463,,,52.539522
2015-11-27,78.42570172222223,,91.73695448178138,93.39965060451978,98.15186052808477,61.964282,,,146.979737
2015-11-28,62.3425981273353,,61.668523,81.72871399877981,154.634847223216,93.901292,,,107.1234338732331
2015-11-29,48.65486715044248,,82.57893183544304,88.03569624030231,130.82922388899775,115.2227935,,,167.35004927249344
2015-11-30,103.625958,,91.87367815338378,98.8688481563981,152.75337681169333,82.2754485,,,173.83673485427346
2015-12-01,87.9081632631579,,88.78988101117318,120.20620112432432,179.4175512717198,135.42314270749677,,,164.175378
2015-12-02,64.0023055113102,,65.15393399999999,137.38902633836224,229.9734927909112,111.06001029250324,,,167.517802
2015-12-03,97.53924922553192,,70.214035,113.81259853731343,179.73359140393654,111.79432355348837,,,193.23676
2015-12-04,88.217697,,76.3237,145.28046,197.94269467391305,118.19001314770685,,,191.27374
2015-12-05,105.19334248333332,,47.309076,97.098146,107.50069509875546,118.85189070194615,,,101.563257
2015-12-06,76.15836451666667,,49.2206,67.561265,242.0865569486904,119.91681859685863,,,187.97278400000002
2015-12-07,102.01301068965518,,103.90311859459459,164.573343,186.0810868003802,108.959517,,,156.22094244537814
2015-12-08,89.98565801920559,,101.15906740540541,121.709236,137.10757170603014,58.809976,,,160.69384655462184
2015-12-09,103.54990242474248,,105.216032,146.568709,163.23614907347294,95.486761,,,186.8043699132948
2015-12-10,105.83133686639675,,89.77688500000001,135.965864,134.62818731978007,85.61095,,,165.99099712530256
2015-12-11,94.312242,,110.48575498804782,148.11898200000002,215.4003010543965,136.38807,,,257.44204796140264
2015-12-12,68.343338,,61.34254901195219,123.058485,143.67608974261665,124.246561,,,150.956721
2015-12-13,69.96210212875536,,91.469231,61.91700045783132,179.40424596460596,82.93041646153847,,,96.25025345971564
2015-12-14,93.38062187124464,,100.904453,160.46352956919569,147.29135360760168,77.24946953846154,,,206.47025896581627
2015-12-15,98.88378131111111,,93.642529,150.64706297297298,175.0994283294848,114.4221242121212,,,216.38148961798456
2015-12-16,129.74932566596624,,103.356769,123.01720300000001,177.35374420703718,158.04980142035743,,,157.2869849564835
2015-12-17,110.64242619106423,,86.622319,112.208128,226.60893242454142,102.30689936752137,,,156.38595340444445
2015-12-18,124.42962030526978,,88.382357,141.47739236842105,153.4080700704327,77.45957382222223,,,211.38989396226614
2015-12-19,88.59534152658863,,91.78082202233347,83.15793663157895,123.47457331185032,75.72731412899729,,,143.00801863328942
2015-12-20,67.5918332128514,,79.52333297766654,79.726582,186.97443915440735,94.29435204878048,,,141.8593216392157
2015-12-21,110.0417627871486,,86.66462909090909,128.054438,120.98760809111938,67.661469,,,164.6862703607843
2015-12-22,119.15104589219439,,94.17027450619834,121.6706346919643,126.53948141900091,96.03231228571428,,,209.0887039047619
2015-12-23,83.36062915285065,,113.29744940289255,115.12401330803571,156.7408298317853,75.22200894364352,,,127.0356220952381
2015-12-24,79.34796742721477,,75.32369388492401,53.337513,68.65006419183673,79.4136437706422,,,94.90785696685697
2015-12-25,18.51971752774019,,30.482949115075993,2.221392,113.16374589071856,12.474557633093525,,,65.39968619874813
2015-12-26,60.26872285714286,,48.101480698795186,70.2070775631068,133.43344810928144,69.85600836690648,,,113.27851783439492
2015-12-27,66.83720926785715,,47.33621030120482,43.49108243689321,119.01675,46.395561,,,62.966353999999995
2015-12-28,86.24748988833333,,77.471279,96.203681,124.32304948684211,70.26209,,,168.58217100000002
2015-12-29,69.07588098666668,,91.692171,99.810166,155.00584534261526,82.313856,,,126.960672
2015-12-30,103.290278,,90.972511,119.53935000000001,98.89952617054264,93.120303,,,147.085545
2015-12-31,69.46441899999999,,89.220585,89.156407,124.469319,112.57089616915422,,,149.088156
2016-01-01,66.971653,,40.122293,46.09551445074874,122.09956,61.50282583084577,,,73.18692482882884
2016-01-02,61.764669000000005,,90.405957,86.85790354925126,99.5791525050505,123.190746,,,146.41088217117118
2016-01-03,46.60316558045977,,56.980278999999996,99.7025692575527,159.9755054949495,105.89311620987654,,,75.27189
2016-01-04,93.24672041954022,,114.06948130911901,124.05422074244731,164.935823851214,91.8092278775021,,,212.1282687695246
2016-01-05,96.97205363839285,,131.17834469088098,129.622991,224.20445726805085,81.17442291262137,,,217.0001168619454
2016-01-06,90.74578036160715,,102.691586,112.97633024324324,169.59955396320936,82.928595,,,232.75396276853004
2016-01-07,120.85043182589285,,73.81591717808219,161.65701875675677,173.5979604544576,153.332133,,,259.02111052473117
2016-01-08,116.27896053093534,,151.4674328219178,135.388284,191.27327631402972,77.619298,,,132.04704234057493
2016-01-09,90.41337197520305,,79.80568970731707,103.775402,195.29400124746306,89.768876,,,150.1422007346939
2016-01-10,73.60355271568659,,74.73237529268293,98.065188,226.91401917576897,86.342677055794,,,103.172023
2016-01-11,123.85149595228216,,64.192127,140.208974,167.66075193603373,135.4171879963387,,,196.593861
2016-01-12,122.5917644529148,,68.04340499999999,141.02125161702128,206.37524622572644,125.8197059478673,,,161.410434
2016-01-13,99.3521085470852,,110.542386,138.81491038297872,179.68368981859174,118.960305,,,167.455415
2016-01-14,134.26479773362445,36.7384366883721,114.740301,104.316918,167.31927374545455,66.128959,,17.476474,210.42197091891893
2016-01-15,139.83091616209455,81.3258153116279,116.929198,132.98957887096773,183.531418,133.318751,,35.46257,256.19316626056826
2016-01-16,112.60592936317117,50.320134,113.29610852654778,133.4154266390745,174.34867353719554,139.64926699791667,,29.167652,262.58482068079104
2016-01-17,105.44779274110984,65.32836,86.1870094734522,139.67442048995778,177.09485746280447,155.32249900208333,,44.553846,243.2466751397218
2016-01-18,139.91165182914952,92.043496,117.033424,178.2734203862434,162.24694598477157,138.24822137931034,,23.520099,200.200413
2016-01-19,172.75769190212802,80.33384600000001,110.41816,142.8701836137566,167.89788201522842,111.91488587826542,,60.15714,237.007332
2016-01-20,138.58007826872247,78.173318804,163.968512,135.06125048369566,161.377961627451,96.38309474242423,,39.888829,274.2299519784689
2016-01-21,78.58347337528815,95.91659480347664,159.31625726126126,189.53840206630434,137.28567152130935,108.38927275384616,,63.597049901554406,285.99277765398585
2016-01-22,134.56398723665214,68.46895039252337,109.89186173873874,149.86495945000001,173.82952959324936,103.19159694478398,,44.792950098445594,328.45561036754526
2016-01-23,68.13234942330199,46.567688,126.41877446153846,101.93994599999999,187.10110508032534,112.55251346266019,,19.297823,215.07352921739133
2016-01-24,80.90279462591474,52.182279,85.43327753846154,122.96142300000001,152.2232805558468,180.29761887236353,,19.290378,222.56075192939767
2016-01-25,99.24097576662075,100.61836699999999,132.775222,131.80741799999998,133.51214383297335,122.22819318856838,,61.65882,357.51444996544046
2016-01-26,129.05705573451115,90.770771,137.1268258547486,154.532221,210.42878183892483,136.40545569480835,,66.341361,343.8606059796284
2016-01-27,133.32321224324102,93.936507,144.2000701452514,84.24596,193.7914991788028,116.54360008296943,,67.583506,359.2192972198304
2016-01-28,122.86746659447005,97.443199,127.83158399999999,125.242617,139.66043377111717,98.134781,,83.02600553435114,310.1290696883117
2016-01-29,126.5308303568282,90.74079900000001,122.821108,175.616082,178.4977796568047,117.595825,,39.42476946564886,281.20570206372173
2016-01-30,81.09707322325839,66.034008,115.05673406103287,110.44837600000001,141.26627945351555,131.03927318969556,,40.081154,253.58101727365377
2016-01-31,106.14335014830847,38.094702,93.46283618606793,111.03468099999999,179.28918352408832,132.33278481030445,,33.111863,254.3848161775746
2016-02-01,114.96720810453472,139.77696737209303,171.12633143861348,119.568247,104.92817736559141,70.94663,,67.563201,224.63708617244265
2016-02-02,122.51474099373688,111.69865062790697,135.41986182936108,136.915641625,153.86314099999998,142.867392,,65.749614,281.2842813126072
2016-02-03,101.67422946472527,132.154133,167.77008648492466,137.95837811464497,230.7510087047022,163.112975,,41.176491999999996,305.96855222753334
2016-02-04,131.79749585792933,109.120586,130.782047,123.85649726035503,238.09697065501,127.847949,,48.69585,352.9742717699929
2016-02-05,126.21784685067874,121.266496,107.144023,119.158433,267.6080851825719,125.643729,,41.66975,296.4393408031591
2016-02-06,71.95421999999999,54.121778,110.01525451798561,114.63375400000001,174.94480351903664,127.94038833880091,,43.924295,240.34371553264802
2016-02-07,57.538312999999995,16.237576999999998,74.93977548201438,65.19044853376205,119.73451461679794,102.8408696611991,,30.585026000000003,150.11922066666668
2016-02-08,62.604244244979064,134.737852,147.6517666038961,132.66011946623794,252.05328860465124,122.11514886928104,,32.633558,269.165336
2016-02-09,167.32200811933785,100.68734531343284,131.5723123394696,144.451616,206.32820171723006,98.14870813071896,,55.76733,266.1932125575658
2016-02-10,146.78046401596478,104.54251468656716,174.1742370566343,161.13727,190.54747545655238,140.6305506889952,,38.430056,332.12277766465644
2016-02-11,140.25477834471832,107.08770481679389,95.424068,123.36725299999999,199.43226478292812,94.45652131100479,,45.985479999999995,242.10459777777777
2016-02-12,136.835231275,111.7048291832061,123.642193,161.44535492391304,188.9912353426922,54.826921999999996,,58.420215,266.837825
2016-02-13,91.76152656410257,55.63336,117.61355734745763,67.09098507608697,186.99873656472423,70.990195,,13.37509,223.21939799999998
2016-02-14,75.06335443589744,89.63744488349514,99.38422990254237,51.094852,160.84916619614515,80.508645,,21.735397,131.189428
2016-02-15,135.456889,118.18997370774572,70.12361275,114.03214200000001,221.299639682843,81.072501,,37.694655,265.777179
2016-02-16,95.587832,128.9629090114377,116.36363399999999,156.864944,222.40861713224623,86.40972047509578,,53.351846,248.4164341885829
2016-02-17,95.98777799999999,125.19922239732142,71.997701,82.080135,187.58139047344767,121.59111352490422,,53.042843,269.9839992461729
2016-02-18,118.32807738805971,116.39968347555555,121.67901598518519,133.082275,197.22997099013918,160.080538,,57.426664,242.85223156524415
2016-02-19,91.4349416119403,118.39558752444444,114.98390901481481,141.248376,221.22930824956902,94.358428,,61.320611,265.2122435338413
2016-02-20,103.177745,68.638387,110.506577,93.623388,165.76698916283465,146.713854,,27.215993,228.36479746615873
2016-02-21,100.87317479812206,63.643271,69.96512,78.33785400000001,167.7873653387596,121.597548,,11.668056,150.483881
2016-02-22,150.4645258775536,92.024304,124.84690501655629,152.0035461038961,170.14767962711863,61.486867000000004,,67.581974,299.484378
2016-02-23,152.82446132432435,135.12891199999999,140.9956059834437,145.1690682823108,171.57815947690403,117.10742313286713,,66.516952,311.9089763276304
2016-02-24,122.48169254199134,131.080082,112.3611,129.9262276137931,192.57283180047662,106.16288586713287,,75.184658,292.73598067236964
2016-02-25,166.8723808835406,107.515213,147.066961,186.435661,196.26969442261935,117.536065,,63.835778,221.042304
2016-02-26,94.57676410756397,85.57985985263157,136.64504300000002,133.883816,137.4295343,108.794377,,79.30887200000001,228.08486852712696
2016-02-27,97.25998246690412,85.73316325263158,96.433615,96.06623400000001,141.33056052681388,147.1090960808081,,22.941991,282.01752547287305
2016-02-28,94.579045,52.57538944224815,162.0010713076923,71.061283,154.658522615601,159.86701838727703,,19.117406,200.5485061075196
2016-02-29,136.709129,112.6397404524887,160.8339366923077,134.335441,185.27995639852836,86.21894053191488,,70.600047,291.5869058924804
2016-03-01,123.533528,116.03729475221239,102.969003,124.65947800000001,182.79439899115462,133.8427649609375,,85.118065,163.4177035156695
2016-03-02,105.55754,102.6656242477876,111.27634925210084,92.720684,153.58780046790218,58.8946040390625,,54.062377,269.4728625676638
2016-03-03,106.12523209698996,129.59214500000002,158.89763674789916,143.73983900000002,154.39615354455447,90.587346,,75.610567,298.4116516813726
2016-03-04,122.38714790301003,113.723547,133.792566027241,140.694667,187.64326745544554,110.862042,,71.63206,235.38570323529413
2016-03-05,86.77684,59.422455,79.91526097275899,100.01902728623189,192.31196642706487,90.156185,,7.356998,179.46999218276764
2016-03-06,92.03469555113637,82.205525,113.69797999224807,139.79055871376812,189.73147216241932,143.41362999999998,,22.358066,200.70953081723238
2016-03-07,103.17606044886364,122.573216,133.24502100775194,148.478822,170.3892150590767,102.357956,,80.758716,281.27417017430184
2016-03-08,112.49259882733813,111.56332281132076,124.063358,169.51594,194.96333118984518,117.515051,,57.961474,239.37736982569814
2016-03-09,113.7085311996889,151.84565018867926,172.164388,150.636743,216.8839776108108,136.027319,,69.78879891304348,233.444186
2016-03-10,103.58382694184458,113.77458401382489,88.72303990243903,143.52647100000002,189.01279676259105,96.302452,,81.32643708695652,275.637868
2016-03-11,121.57384021294658,116.09704770289866,195.99566723709586,157.46052489473684,228.96494702871686,140.774382,,56.484953,251.67004416152895
2016-03-12,70.74653181818182,64.99324028327645,131.40074586046512,81.20885310526316,208.39250581004464,92.2702418835159,,38.671704,263.4821178476975
2016-03-13,54.844169436821744,70.629266,101.28840518290598,71.93592323188406,122.23232194943057,157.0125259919597,,81.11991797364568,156.4999953544099
2016-03-14,101.8863685427701,109.78411799999999,158.81991158486653,156.80042276811594,187.11878705195488,155.5085571245244,,85.30125302635432,282.1316166363636
2016-03-15,133.26837648583347,126.517235,136.36299123222747,164.571077,187.92645084870736,102.715141,,45.810192,268.957178
2016-03-16,126.89303013457467,100.89451289686099,139.3633481301775,106.58119407211538,152.38796761795265,97.218205,,76.654289,264.64701506582117
2016-03-17,120.23475963008849,114.82785810313901,127.59166486982248,170.5710679278846,189.53147248138512,75.50336328194543,,67.95974100000001,310.11385593417884
2016-03-18,109.82529445273089,125.4483526875,128.98356,135.4617416344086,172.4628483095169,139.62238671805457,,32.656979,257.3311174430823
2016-03-19,87.58643671450204,56.6980863125,105.138042,100.6828723655914,229.64551722970117,132.59080875190838,,34.638639000000005,293.70171225646925
2016-03-20,73.32616799398953,79.562872,96.24812,78.21344938620689,187.5655249875958,143.4323112480916,,58.920081,206.95098481136546
2016-03-21,133.5310533455756,121.13964026979191,161.3484620684039,162.8417186137931,103.44157247318613,110.29726413513512,,54.104059,309.09843262499317
2016-03-22,83.67832940725759,131.23740551982578,109.25011893159609,167.027128,155.22636312,116.91141521147841,,56.956098,323.69998731473356
2016-03-23,74.40640932014156,176.16284016871563,124.81710044954129,157.6703997142857,155.74727202741036,152.36380515338647,,71.396475,305.22477619254647
2016-03-24,59.37604147073234,120.57750974921383,128.94055855045872,138.76125328571428,164.8499646741345,182.2731575,,69.73522799999999,297.1365936461499
2016-03-25,100.55393430498195,104.37906829245283,171.41201891870074,127.10419900000001,198.12011917845513,114.667118,,56.936271000000005,290.49982815116806
2016-03-26,60.876794547610615,56.802801,132.58015382042967,49.989992098573175,155.24427933152174,105.41392495135135,,42.199953,337.81571925040095
2016-03-27,55.89730990804156,93.840419,125.13154026086956,109.28877590142683,149.30119566847824,85.53451041317545,,28.127791000000002,155.62236530909092
2016-03-28,85.37970897395135,96.359319,152.991784880597,74.99717725657894,160.8966693239112,115.4217026354732,,38.960176,313.7668168926267
2016-03-29,105.58896033039647,141.17887488888888,155.48174555870935,95.96374274342105,133.72493222781293,129.67649964,,81.960907,255.85867299778423
2016-03-30,134.69321556278368,154.3452961111111,153.00975656069363,89.060006,174.99244374948069,150.11985736,,99.793409,286.8835129826457
2016-03-31,196.50495923283677,126.09347319354839,166.22838,100.95053200000001,133.80482822012218,120.581669,,61.381108,321.5130438128072
2016-04-01,154.48520320437956,124.80266980645162,132.9875440821847,65.932468,159.18419802412754,116.39129790099011,,42.919729,246.9627941305478
2016-04-02,65.705327,57.979774,129.02782450674707,59.78321170866142,176.52876616681445,93.1402920990099,,31.178957999999998,290.15282018358835
2016-04-03,42.64316116770186,58.152559,83.26738606289007,63.898588775209554,168.81758133673333,85.81130846010637,,57.21303428426396,171.819322
2016-04-04,152.03701888962297,120.92916100000001,114.08015534817814,100.14894451612903,146.73218525507764,103.69581453989359,,81.40404471573603,274.1161132619926
2016-04-05,133.3201511294456,110.41273884905661,147.89684,95.242425,154.50833069592005,101.435977,,67.414679,296.9652623986671
2016-04-06,152.16122262275337,124.04477815094339,129.150479,125.66767253333332,159.0912160387097,121.482065,,66.676819,309.17901844673395
2016-04-07,143.1977200629594,100.975245,153.7958,111.08901146666666,148.22743796129032,137.94855562721892,,49.241290000000006,300.2779509322103
2016-04-08,135.05687812751677,119.41773500000001,133.3125526923077,98.87423799999999,99.30346212720848,89.5554503727811,,76.98556599999999,271.315437960396
2016-04-09,81.808377,31.759871999999998,122.47277912374582,93.118329,205.94278147443455,98.5912019986755,,51.3009,247.99188084134616
2016-04-10,103.31317214999999,67.455052,114.6870587121723,73.677813,197.69115101374157,168.6467830013245,,11.730892,188.75528515865383
2016-04-11,166.5586139109756,133.356807,136.3642579677742,91.371227,165.6479642862349,83.521603,,61.106008,322.8487520773196
2016-04-12,151.71069017046543,164.46700083410138,162.509290054,97.341262,187.73019309838048,141.810047,,86.296491,321.0252592246938
2016-04-13,132.28551366375547,114.7415311658986,133.54473645000002,124.571849,104.794723,106.572796,,87.373095,343.9947535026804
2016-04-14,130.40937400831226,142.7031632815534,113.463394,81.28237200000001,155.50889899899119,108.484402,,72.808699,298.3900851953062
2016-04-15,137.29678609649125,148.8570687184466,153.23154778849744,89.055452,243.08959401001783,100.008115,,72.938846,264.08648999999997
2016-04-16,86.70179272286822,39.776932,87.52446595659426,57.381276,192.95095645623164,110.193252,,21.002943,209.363545
2016-04-17,132.54615430466646,107.72279840363636,169.11737925490831,49.471163,238.04047253475935,124.1236,,28.822675,196.79052077272726
2016-04-18,180.71146297246528,139.73555459636364,161.46577990636703,82.95422,149.9032521048387,165.14327721073116,,47.73434,252.1389873939394
2016-04-19,126.28713649799197,106.07968516746412,126.7658053215701,90.196801,120.81733193753257,117.95920878926884,,81.103914,287.8829696863139
2016-04-20,159.4280389671243,146.35559694652554,137.5720887813436,143.57866394482758,142.5971622406476,87.949242,,89.530511,372.2366900823904
2016-04-21,136.28196582224004,151.77308088601035,139.90281999071925,142.8073970551724,167.82455771698113,111.23852697335701,,68.88134600000001,284.37770512506853
2016-04-22,173.15338310219346,146.358883,147.696216,152.477945,200.40447458891214,167.52125802664298,,48.231978,264.8159746248396
2016-04-23,109.80348645493316,69.2141740794702,68.39436644444444,78.13103173131383,203.53406179078712,127.401908,,40.348833,202.61586984413256
2016-04-24,70.08290294846861,56.5568209205298,90.45158899689633,117.36367526868618,206.41935952164604,134.4070452022472,,27.109989,153.07093047058822
2016-04-25,136.6405363892707,141.917444,131.06740455865923,162.54049899999998,131.47776676587324,92.39982781489567,,56.905512,284.084139
2016-04-26,149.80824227232324,160.0026466981132,141.71472272,162.0603814347826,138.91266033278146,167.23448698285713,,84.598207,246.778213
2016-04-27,137.07977799836934,162.09651084734134,148.50183928,171.1071565652174,162.727211,104.339902,,73.022556,214.85408105128207
2016-04-28,100.3058745470852,136.98896557892357,119.811801,156.32130071040723,151.60561375,191.52553864233576,,36.731981,245.65021401880716
2016-04-29,152.59190000711573,128.6954888756219,113.788415,157.12967728959276,191.76061525,82.03388635766423,,56.779996,355.09550592991076
2016-04-30,116.7376109203317,64.79021150905696,114.05396620086957,119.382164,199.902707,119.922712,,45.692334,214.20380519940477
2016-05-01,114.87678351610094,80.01860449094305,125.6267205726467,65.834078,167.797251,130.2543372511848,,60.337300004219415,261.2324227259684
2016-05-02,138.4649835564516,130.922927,147.04244022648373,128.253708,154.6312670012442,153.74029774881518,,43.03380099578059,278.9127301266955
2016-05-03,99.37656444827586,128.80652993582888,154.602988,113.024371,162.4542793174371,89.82381067914439,,58.003319,327.6476459479314
2016-05-04,154.18301255172412,138.1661320641711,132.89073,148.974586,165.43225408131866,136.5675233208556,,90.402997,268.220315351145
2016-05-05,108.98109600000001,120.84246499999999,141.008029,117.975507,202.4521520301889,117.38637100375941,,64.107453,247.4405757960411
2016-05-06,87.171716,148.536361,97.334699,160.3281299090909,184.62465464227486,115.5925459962406,,33.225550999999996,306.1581935060254
2016-05-07,86.08470797391304,107.783105,107.67019942211054,124.69102461577097,136.37914092753624,101.796491,,58.748394,147.95519834678845
2016-05-08,71.08197948287707,75.200485,104.65520976433012,72.57030947513812,241.676505,106.92110982819383,,54.781177,281.25127957250464
2016-05-09,107.08972192876972,152.90682976298322,158.3133679495975,124.28804099999999,170.25750401197604,122.18751417180617,,41.554280000000006,430.011609194162
2016-05-10,113.0277425319754,144.570501192769,149.6428558639618,143.960701,128.93450798802394,106.476359,,72.153351,332.44214214620064
2016-05-11,146.4040388160892,133.5843940442478,115.389093,151.553207,151.998001,105.68046324542124,,70.393394,338.1685810938743
2016-05-12,104.74367271420164,167.18054648169135,167.978405,160.22124300000002,152.35486300420166,164.15048745084042,,57.636279,285.94062103417497
2016-05-13,115.93155037790385,114.85636951830863,148.165093,144.40113875838927,202.6069597281927,84.18546094836643,,66.801264,327.48445254283985
2016-05-14,75.78038736463152,81.070194,113.0206627373831,114.76988324161074,161.04142050969068,120.8569938233719,,4.086354,266.376659153159
2016-05-15,101.43074880963856,82.817792,135.1917332626169,72.08657099999999,209.62277975791494,131.194340532,,15.214209,223.26634726308464
2016-05-16,137.3077214473684,117.883384,114.3816375,131.98573100000002,175.65819171026402,127.2451638019802,,54.194987,288.3115439258368
2016-05-17,73.99717643329001,137.86710938367347,141.1489735,116.3543791627907,172.42387416599016,120.37496019801979,,77.844449,353.4318350316388
2016-05-18,105.41815735618367,136.84568661632653,145.67294332298138,143.3128138372093,146.5573334364892,124.639527,,63.526722,311.87618669731546
2016-05-19,115.3260787631579,127.14450462857143,138.45268577938083,149.382246,194.5834915404429,136.9600377902511,,59.143258,302.50828734520894
2016-05-20,94.51145035254167,155.25431537142856,123.3521848023997,137.11188,179.41315977307636,142.31394820974887,,43.897342,270.5022862066116
2016-05-21,77.16281664745831,127.84445381147354,139.22835462119585,116.71764384328358,124.51498535717981,141.87007394039733,,14.699778,219.39813406170651
2016-05-22,67.1394685840708,74.20333218852646,117.98209721489592,113.83809215671641,257.6060183434593,180.59008767967433,,27.904423,236.35735873168193
2016-05-23,70.7878484159292,140.066024,166.36362425914635,140.84699,166.38234967309828,130.43358966519477,,83.702121,278.12342546117395
2016-05-24,88.58788865100671,121.300149,153.1827762912371,115.868392,187.14863957465914,133.49261071473356,,66.189418,266.5719963772876
2016-05-25,83.76466723445584,116.841485,182.09379970876287,112.75579,204.89257910726178,130.13059681159422,,60.009508000000004,309.4464193824324
2016-05-26,109.92295269787077,117.288302,125.52913324336284,93.97765,132.2432453180791,151.41756458850037,,81.731356,323.51845123690816
2016-05-27,100.52900894166666,139.11170007116104,183.76712475663717,128.069279,188.00385842016806,202.31102039300887,,69.200349,292.515160139831
2016-05-28,58.427090475,37.31850092883896,126.35691589850842,100.344723,126.77636606631842,138.36735920689654,,39.004273,190.54726026347797
2016-05-29,32.459986,89.73963499999999,121.68834792744093,55.166485,173.88594447779923,132.13298234472694,,10.198494,182.3312391388889
2016-05-30,53.22659,90.074038,141.38636817405063,105.095009,93.60033343056408,119.89669265527307,,10.078099,172.00075995679012
2016-05-31,113.6391915263158,127.56385446153845,149.57677520481928,132.727566,140.09851061106738,102.33851,,41.665688,344.7126979442
2016-06-01,109.79450765689032,138.13154753846155,134.89351879518074,133.238583,134.8499568740202,108.43120757894737,,74.64101,316.00714975054194
2016-06-02,93.20417681679389,125.935853,148.6691418095238,175.431772,184.97602512006267,101.86176463698183,,66.801675,349.80011127967623
2016-06-03,101.91950544479646,145.9736906910828,172.74797963578868,132.578398,207.36040618701298,123.86839678407078,,64.804106,250.93286806879175
2016-06-04,84.53503504564941,52.7313683089172,168.93923287336884,119.80630099999999,144.58181981298702,24.241968,,36.448734,243.4493291923077
2016-06-05,65.25856150955414,74.344745,119.29820601465201,63.250185,184.67768700922323,58.241980999999996,,26.743718,180.41455782972298
2016-06-06,82.4080084291498,110.610708,125.59591266666666,159.896062,151.5384054772564,110.71278869503546,,63.768494000000004,331.6965209947849
2016-06-07,130.6413285708502,126.622932,145.4379407255972,106.178248,177.49547678574262,82.48809930496454,,82.52527324475524,271.74234623137124
2016-06-08,82.899942275,126.927367,176.13466969204987,86.80057211111111,135.6953848738409,92.13002900000001,,87.36500075524475,306.41248042617195
2016-06-09,89.69634034332061,150.32073259227468,150.09330976794615,120.96714688888889,173.59903527896736,145.93382628169013,,58.574485,279.82199732564123
2016-06-10,94.58542475095376,136.22898240772534,121.93111881440679,127.848176,165.0457145749695,114.42015471830986,,52.111246,270.561305
2016-06-11,75.91344963072562,69.056402,79.051575,142.34561243548387,157.03418092228048,72.84380533945976,,25.205693000000004,190.36772099589027
2016-06-12,75.0274599089453,59.526983,69.01828946961325,105.85634296451613,182.71565596007244,70.23731466054024,,28.393852,171.29602500410974
2016-06-13,91.6901007565837,142.003584,110.53665442070933,144.9928966,145.9927313262724,137.420478,,63.477516,308.0953712399178
2016-06-14,98.26310833447099,139.465944,142.16913210967743,104.435669,159.15253679137467,156.15133649166665,,77.18715,310.2947434703178
2016-06-15,99.01824389534883,140.75208999999998,162.68282846575343,139.398548,140.1943124190141,132.13931750833333,,76.160832,288.3814239208991
2016-06-16,83.44310910465116,122.409542,156.6536268407502,103.003739,169.77890208098592,114.014786,,59.154586,273.7188595447446
2016-06-17,73.85510295673258,127.820303,98.97652452797911,121.869688,180.5173305,144.48031,,61.520394,240.84221587362555
2016-06-18,122.49864004326741,57.826155,120.58219025963061,81.14693700000001,153.63693028865978,110.192316,,40.011704,276.9855518818726
2016-06-19,101.83000799999999,55.72452009677419,122.86082817219098,142.7456949253112,222.80961932889505,136.91595338770307,,54.113422,278.2418650686225
2016-06-20,72.534176,119.74580290322581,146.84205868137008,157.2302960746888,123.01715038244514,152.28862961229692,,73.681007,316.93604856637165
2016-06-21,73.330554,131.7369722,118.25653657232559,133.204763,180.77473495333314,106.496804,,60.124529,290.3358062341981
2016-06-22,95.39261900000001,89.2740198,154.56702548,169.04718400000002,156.50848906530038,83.90945504444444,,77.905374,344.43747402130697
2016-06-23,103.27703,117.23371587966804,149.450707,124.290386,95.37914098136646,111.42036841971938,,47.291606,312.67420717812325
2016-06-24,80.71843351396647,93.86840812033195,124.7816975026738,145.9793547679558,155.5021297085202,132.44452844950524,,57.589759,314.20326453382546
2016-06-25,97.6448202159794,44.054468,115.96554949732621,126.76021823204421,231.47622918917804,108.38803808633094,,32.23617,243.00410946617455
2016-06-26,128.87585343507874,54.855551,117.840312,145.74872435147196,191.70792010230178,95.940245,,47.970947975609754,160.6230365364807
2016-06-27,88.47834783497538,84.051779,131.447049,115.02223064852804,157.173121,78.34838892821014,,82.57571602439025,301.6022340216998
2016-06-28,82.495989,85.642157,131.24381499999998,139.79126005882353,101.626251,131.12624114255908,,71.529748,231.80013544181952
2016-06-29,93.43586099999999,93.117198,137.29623800000002,97.35865286425339,118.66988588679244,160.3814363485856,,66.91976600000001,299.5313230229514
2016-06-30,83.029486,78.218964,130.14975229927006,135.42775064654333,105.47766211320754,130.62344758064515,,68.662249,298.5737059333639
2016-07-01,82.59868991935484,133.661587,171.31922825549182,91.39459743037975,174.26081808474578,115.375135,,67.335107,265.88505404368465
2016-07-02,49.17803308064516,85.700155,116.65731426036415,105.067071,117.15453191525424,95.19113644701922,,2.613036,206.46721
2016-07-03,44.26405997211155,66.789292,84.37702649125693,26.121882,166.49284500000002,103.40467655298079,,28.302208999999998,164.41360371583514
2016-07-04,43.95520302788845,55.62204179508197,98.26068269361701,43.74280219858156,140.20082299999999,95.91962957063197,,3.788196,230.2996404197592
2016-07-05,81.71613295726496,146.93580520491804,118.62035900000001,128.45161180141844,165.23510884070797,173.14176242936804,,80.081769,336.54014286440565
2016-07-06,106.84376904273505,117.896575,135.107097,104.11029,103.1251718259587,115.95284306825938,,45.51693356818182,296.9559886197183
2016-07-07,84.12472100000001,117.073712,117.71417154104478,115.956869,94.90983167231639,193.74119932316577,,81.65921843181819,308.82624657280934
2016-07-08,108.303433,152.90312927420592,150.84900245895523,120.193673,154.27202766101695,105.15233119553136,,50.076873,323.56100219045106
2016-07-09,71.9452,144.04000672579406,90.34827923976609,80.046636,157.88134385913042,103.66766741304347,,55.762569,171.35176779444063
2016-07-10,55.3752901875,69.63353599999999,103.22697918880534,97.684404,194.61169614086955,144.773968969163,,26.550858,217.26795242545145
2016-07-11,85.36217744040698,139.894884,124.18447610962053,118.742476,137.4474983512036,95.41372203083701,,95.181112,282.1765702698565
2016-07-12,131.46362237209303,135.00502772427984,132.0650722896769,129.616578,142.46761164879644,99.48802258260869,,72.302531,286.0080567984137
2016-07-13,128.644438,130.48839827572016,94.78772603699602,92.318652,150.71895515723935,124.3089133883658,,68.29118199999999,276.23874532885907
2016-07-14,144.2397093900415,130.94625,140.59063563801763,130.0377775814809,133.1787851009235,148.09828002902552,,74.17757900000001,302.98263188061935
2016-07-15,124.00133860995851,127.572705,137.0385174971175,122.28288641851911,200.09606677483896,97.00588,,42.254908,212.09375611938063
2016-07-16,80.9130130125,91.405788,164.5784115971983,126.327695,125.37502761663323,127.62296517473644,,29.825102,153.92573420197044
2016-07-17,62.2128299875,60.98801,129.1759280188017,123.69316029842932,151.70453835036494,94.16650182526357,,16.155596,169.29102836600538
2016-07-18,91.3386066741573,138.798949,143.840838384,137.92838770157067,130.0219855887574,109.12639288321168,,49.602208,313.10535940187344
2016-07-19,128.1086656936588,158.51108232806325,135.89856,150.2523369878092,145.39925559409022,126.49241956977977,,63.462892999999994,228.62833203015074
2016-07-20,123.05042763218391,126.99541278304787,150.48802785501857,124.64065101219082,150.82936252238267,126.84817254700855,,58.004018,276.8193527238257
2016-07-21,135.406266,157.3132028888889,142.97336463831329,123.61116700000001,110.53887529476971,154.494766,,69.376722,273.1486563889948
2016-07-22,117.50082727272726,124.80082,122.79238747466813,129.4188888764045,188.2660017586207,93.71261804339987,,62.031815,286.58579938717946
2016-07-23,140.74701334863195,87.144571,115.42568903200001,125.08953012359551,128.4731622413793,136.72019072611687,,25.38913110045662,216.17977735976072
2016-07-24,114.51457839171267,64.698301,128.931543,102.71393238412698,165.050451133829,154.47084930740635,,20.69328389954338,237.71136056063796
2016-07-25,128.8206519869281,140.588325,125.152894,190.47855161587302,146.604017866171,108.44506392307693,,57.916283,305.9283157647865
2016-07-26,164.0949682022472,152.62750583606558,111.816882125,142.19313589247312,153.64318218900343,125.88156207692307,,86.72396499999999,320.92869066481484
2016-07-27,125.60991979775281,163.85688716393443,137.6293639007096,116.13403710752688,138.46898209597018,141.04424341385183,,35.097198999999996,248.2323929097361
2016-07-28,130.76582364166666,137.04118593848094,207.6777399384848,152.46205481132074,135.74585628473227,157.7704242458774,,80.57481,272.8796542402639
2016-07-29,131.16733035833334,130.50599836921137,139.0793919488491,139.88085918867924,184.29960950454284,236.4405156188138,,48.866843,266.6695635028902
2016-07-30,94.53423785714286,77.6125656923077,125.36478608695653,144.651772,199.8849764598878,153.94329528591317,,27.139581,184.41575158550762
2016-07-31,119.31347914285715,91.71794175665399,105.528287,113.532276,196.51815746586345,125.95215943179143,,38.727547,196.63905317511572
2016-08-01,171.7831485151515,173.7595946274369,125.07266381586402,155.18595,164.80255766241513,155.10674829117036,,91.045401,249.24552876796034
2016-08-02,142.5116479328485,119.25404666315319,159.27944097382667,163.7127309125,150.7791637104662,174.6819436356589,,81.096773,309.98741665086624
2016-08-03,106.87620199081857,117.9348639527559,150.08838416721497,128.8776370875,163.75558657012382,119.53383841928601,,99.486313,277.5343133176599
2016-08-04,140.5354095009405,130.413345,117.60821536348267,127.92785165656566,169.86078843032598,177.76919658071398,,48.885467999999996,311.5255
2016-08-05,140.47304938655674,152.41050374058577,171.36271441333946,107.54916734343433,148.44707062666885,110.0996418445946,,79.489636,248.44430059923664
2016-08-06,76.2825596736842,60.50787125941422,92.00106722467362,89.534221,152.9917389879518,173.17583222282113,,32.17283,241.97870875841508
2016-08-07,63.108274,49.831053000000004,107.22371829346424,63.280076,156.11111401204818,111.30149720865789,,29.409678,181.92994303590922
2016-08-08,155.40044061276595,136.625162,159.8214609019805,111.165149,156.4857548300951,180.2044371746306,,80.556769,307.5045632461697
2016-08-09,109.06174438723404,127.322074,154.3443398094779,142.772622,134.60002112228585,142.88076513079358,,63.567443,270.63564158161347
2016-08-10,128.29795459504132,134.69158,128.34799003667595,99.77086032142857,159.95967404761905,109.5075354185022,,65.108338,303.0409863128111
2016-08-11,125.66621010323453,154.2647317361198,127.87909978437068,115.82839567857143,166.01663963157895,122.78512587741936,,57.686297,308.18715046584475
2016-08-12,135.7601063496243,124.6558132638802,131.3535252156293,105.55999039285715,186.52015674342107,144.8681471115715,,62.207539,319.166337561753
2016-08-13,91.49113795209985,103.012461,95.38993834352159,130.83941160714286,179.03253133530865,173.85202758667953,,39.610808,210.67321484581018
2016-08-14,137.59692262068967,44.8826,87.8371786564784,128.89441300000001,190.394671956358,125.84632542432966,,63.828790000000005,246.28630068511976
2016-08-15,138.61355193931036,136.845275,128.95399567802755,142.71068400000001,170.5581878012289,103.0578442793177,,69.798336,286.920775651986
2016-08-16,139.72939956665584,148.68197374451478,104.04714332197244,128.527488,179.29828418516564,133.5534169191268,,83.344771,295.7256436978139
2016-08-17,155.42103787334418,134.6825843972175,119.994041,133.13509206944445,152.254016482532,134.2320648015555,,96.351109,310.6889068377105
2016-08-18,109.252129,155.33258785826771,133.49358395057033,122.21982335912699,239.40318511519004,150.80165351502146,,70.47153454271357,265.84970522475726
2016-08-19,148.6795932,122.876011,115.08925376371536,122.77941457142857,230.75247823560363,153.1335662578399,,56.14312245728643,277.2347384950495
2016-08-20,94.1693698,61.985822999999996,137.03964480133928,133.134774,224.3081120213054,157.11726787713866,,55.390047,187.77728
2016-08-21,130.55338868888887,87.96674,104.41662102751144,113.482569,196.31197650863422,87.47132935,,34.243315,209.330152014966
2016-08-22,134.8662903111111,152.46359918326692,132.66687378923072,162.874483,198.44138435253606,135.41588654148472,,85.904418,332.77490484517386
2016-08-23,144.93821877173912,129.80324681673306,109.48445666763286,100.744711,191.706602742566,135.4455295027344,,86.859614,216.77906913986013
2016-08-24,151.69068722826088,161.17675075806451,124.77103465,124.50572012605042,231.50877441134497,124.60471079214453,,72.319765,296.59298896288976
2016-08-25,124.848622,131.20195924193547,152.92083835,153.2487281926309,209.02329911825205,119.78443959766274,,63.27740300000001,311.1901281291724
2016-08-26,126.92499897222223,142.238867,120.418618,133.8460076813187,176.54945856427238,195.59178637048493,,69.256319,309.8512081322369
2016-08-27,98.44193130653885,71.723255,120.0912053220339,110.33026000000001,215.35178583243783,148.73124746699924,,24.072893,257.54197277570097
2016-08-28,115.45460490544947,116.93879138095238,134.5379631690375,124.939684,147.18835787070117,172.4548437284895,,33.49098252808989,226.78529226481575
2016-08-29,163.09381881578946,175.46151518386242,133.25718250892857,145.373643,191.7633550324329,136.18665158149778,,66.40802347191011,251.37107344351756
2016-08-30,141.471986,141.5963224351852,106.30334656296297,165.924753,198.74242404186074,159.816463837046,,89.051584,268.0914130539985
2016-08-31,155.76038275,123.47170397468355,125.41842372275133,128.139734,199.99420861644597,122.66582758145618,,81.356344,295.0272251839769
2016-09-01,133.4819384181416,139.5007545703984,138.79117638996138,99.403742,140.2043254008234,115.05718300000001,,96.989937,277.70259394627993
2016-09-02,169.7387098318584,159.37050645491803,137.8177433243243,73.1032345196164,132.65031112857142,108.7682035438247,,62.721165,265.4950451074114
2016-09-03,58.192697,62.600096,107.610225,108.4156854803836,211.4345511247619,151.81883845617529,,32.63711,142.829427
2016-09-04,35.360704,96.26543249107142,79.38100303225806,51.957689,147.90592874666666,82.69265299999999,,35.448376018867926,174.643613
2016-09-05,106.85408000000001,67.89838650892858,66.85915996774195,47.103391,208.20611499999998,131.268289,,41.558079981132074,174.60808960696517
2016-09-06,162.264027,156.71674345812062,93.787769,142.641934,141.95737747058823,136.58916601136363,,86.293569,310.3469091622656
2016-09-07,139.48545669117647,158.70098570848663,115.87411871891891,102.82888700000001,172.62959510948275,161.14561698863636,,103.70195978754579,280.12729072980585
2016-09-08,174.38546190882354,156.4544895952975,138.63144355122327,86.975618,180.59297727616035,146.7928486059407,,97.5310772124542,321.5010839812783
2016-09-09,126.33928253539968,168.33243782323052,132.33403312116218,75.687423,228.86396871996948,141.9290693940593,,89.11405834117647,253.95282970150322
2016-09-10,134.0966428646003,77.03479186262592,102.45521860869565,72.325984,195.13627368236678,123.332194,,35.16204065882353,211.87870978961038
2016-09-11,66.832109,83.9691915522388,114.44489263225806,139.275899,190.15656021473558,112.80027100000001,,59.113127999999996,241.64365802857142
2016-09-12,116.894822,113.62275030670926,117.05711064046922,150.545773,218.9417530818808,127.237666,,76.40973749775785,324.111231
2016-09-13,104.090056,163.9075535133744,131.63866372727273,151.203652,178.5490917492063,141.790795,,107.14318850224215,294.6821785675676
2016-09-14,149.864927,163.06256117991632,143.102279,116.993801,167.37056111244075,100.55932491150442,,82.57478012903226,328.98049456598005
2016-09-15,131.66063858762885,152.84261920172645,147.56777515710246,153.9030552866894,189.711192583169,136.34413975428606,,85.96689916593176,258.69436349576273
2016-09-16,137.59468033502307,165.20255479827352,141.91146784289754,120.66573271331058,191.20677784210525,165.91636993947267,,103.03955570503598,302.1272940901141
2016-09-17,109.2153382494248,133.1413767843137,115.66141673553719,102.113243,172.42443657335366,122.80246294336527,,48.3910336875,241.0763452267722
2016-09-18,97.57845682792326,92.76342421568627,90.78517359861716,88.12668799999999,248.79942058454105,149.76823833098913,,71.83181931249999,272.80554932396814
2016-09-19,165.3592785,143.656892017094,129.62975966584565,150.739048,198.4827142277506,189.33632307791018,,70.558187,316.176376647868
2016-09-20,130.8413990179283,137.046053982906,119.10489289215687,84.655215,159.4931049775923,158.54834204247226,,82.615203,257.0725510819672
2016-09-21,120.21195359971877,113.668438,178.52286410784313,136.082796,148.71938294916353,129.99476383259912,,93.60848045454546,302.8944311805585
2016-09-22,134.68528363125162,121.78824900000001,144.077091,118.354635,188.90226382871504,99.44175571186267,,112.49924081004599,306.46124928252874
2016-09-23,123.29974725110132,145.03836146411484,124.00037151851852,90.921934,177.1731566337998,179.69084745553823,,81.95956048470555,296.6746657748785
2016-09-24,103.08611561302682,111.20601053588517,132.8427930831225,121.28670553076923,219.14957753977976,133.89751238197425,,56.97124410216303,245.1975076737989
2016-09-25,114.20895342101574,133.363541,198.635602992109,93.02825246923076,186.88401984319898,167.06746925438938,,66.98056614853999,262.7774130882353
2016-09-26,162.63524786206133,133.03125690509916,170.09820434120934,103.09967999999999,198.72114235294117,120.33038336363636,,99.97961500000001,262.24771937974685
2016-09-27,144.92823533919022,172.72169094143933,129.50158433776792,168.739401,140.65086811846635,116.74087931746031,,96.605393,315.18781962025315
2016-09-28,104.15592660552221,134.98273618048856,129.24217736616163,154.735091,261.2688285939454,113.66247968253968,,105.0837771746988,269.507634
2016-09-29,134.17963715918367,145.81098747280473,134.31130537393162,138.623588,213.52226519725303,121.46591885217391,,86.0358598253012,300.890379
2016-09-30,123.822853,162.38150767437637,159.9527630947339,106.506635,210.17327373739403,162.29321914782608,,104.072831,308.45751246153844
2016-10-01,134.56016873333334,108.27714282579187,148.7128838924456,80.34118,165.78039712676056,133.782053,,53.557228,201.1917989459199
2016-10-02,86.03163226666666,86.46507799999999,135.29420073805468,155.765885,149.69973987323942,148.529226,,68.10092399999999,292.3968956694076
2016-10-03,143.4715,132.851934,149.93445217010859,127.791353,135.72647406896553,127.0040351622807,,84.947133,355.98869002980064
2016-10-04,163.83717989361702,161.9090823390558,130.44549460403186,145.5722337894737,228.06056434909388,161.8027218377193,,82.20455924590163,247.93059516181583
2016-10-05,170.87023451467144,135.8270346609442,156.41385948780487,136.3390929992241,228.9327297742704,132.23009450186393,,85.85455975409836,330.02299973151753
2016-10-06,161.2335237957932,137.958903,157.5269081650927,186.41294721130222,263.2791257315654,173.11806848820504,,78.46880640082644,291.19227433333333
2016-10-07,112.27568668003853,140.258632,187.8023461652075,123.402527,208.10081383838087,180.13619399721918,,74.22324256556011,280.3719753768426
2016-10-08,127.57058312009924,88.050113,157.72985671578274,96.28639891411042,313.3924373987303,165.77609552503378,,72.98757803361346,299.324428289824
2016-10-09,133.85387588668968,103.09250173913044,153.10815695391705,132.1212715858896,258.92840183899364,159.3931520876781,,38.603321,209.05178899999999
2016-10-10,173.4016211090909,122.99777126086957,168.6772801764706,146.1818585,217.870513,127.38919432,,78.19670075389408,310.4708950471174
2016-10-11,172.37708999999998,149.15742915138196,126.28864063858457,114.27396203278688,165.21917816438358,110.78388908,,99.50861224610591,324.3916265249165
2016-10-12,135.10739013841018,167.5623782197971,130.64594618494485,144.75526596721312,182.1685320034486,124.27219120175438,,86.67322300000001,295.7157904300451
2016-10-13,133.87145586158982,159.55275445609368,138.1146,155.536478,206.16234837980318,116.64116879824562,,100.812589,271.0907528626075
2016-10-14,157.53495402654866,131.80996142913753,152.50231652814628,121.065981,250.51519854140577,153.35012514778325,,99.90202942822086,354.7976239315397
2016-10-15,136.52705825098437,92.13762874358974,108.34245833572807,114.260567,178.3440059109589,174.01589985221676,,140.15459257177915,223.86447544676443
2016-10-16,89.09828572246697,107.66941598245613,135.21309826112565,88.08373902739726,165.586385,156.785441,,44.58065,150.1683551608555
2016-10-17,142.58220366315788,142.26337801754386,152.24098761880165,167.97017397260274,183.1766675625,139.63038796066667,,110.035359,363.5874692041273
2016-10-18,176.8730363368421,132.213541,144.67134564508723,141.802366,230.38126075051792,159.8334389132072,,94.96558,325.0619505041867
2016-10-19,144.9632505210084,153.67432301311476,102.44163461111111,113.964205,207.20795147864874,166.29719312612613,,112.5655123452381,265.0130728878399
2016-10-20,144.9879844789916,143.14817898688523,132.72930077124184,131.038743,211.79823055486798,93.89277781818183,,105.91227165476191,269.433275
2016-10-21,151.29198644827585,133.55205006825224,151.82017222875817,147.575916,158.27918192126197,123.13210201038962,,103.64512739370079,297.74282708333334
2016-10-22,111.36375631703027,145.46191893174776,102.33273101316873,107.630522,282.3845446594249,166.19788678571427,,45.86080460629921,206.606183274254
2016-10-23,78.85166145150804,101.653811,86.20408339499454,68.568212,250.43054470321331,150.63878630520583,,55.804939,286.6524526424127
2016-10-24,159.95627381021288,146.24457,149.29791785045742,159.06226900000001,163.55036752865612,133.05008321332096,,94.937815,324.9816716414763
2016-10-25,122.42543828993726,141.780708,164.9254347413793,145.32671797757848,164.85347684090908,141.2762340031524,,104.38414499999999,327.8528013585237
2016-10-26,167.58218992872537,147.43237658992805,136.353428,169.82062502242152,181.3963951122449,147.49125640403508,,94.58914790714286,333.84965407768044
2016-10-27,155.4333105921482,146.44012441007195,137.0774193548387,136.47,180.3246968877551,119.97532846,,89.70584809285714,249.94262210892242
2016-10-28,130.29753771771772,137.44899999999998,115.70985375440499,145.79,246.0785405982906,103.63051040723983,,107.16366948453609,313.697940705253
2016-10-29,146.83738370370372,90.53399999999999,138.74920099434198,106.503,208.04475351935645,159.05428959276017,,75.27733051546392,353.9531892726134
2016-10-30,81.05213510693793,130.2541929728856,138.32052589641432,84.013,188.11070588235296,156.98372522522521,,47.361000000000004,250.7896610809295
2016-10-31,135.9051829065301,132.97211676162766,162.88,126.68800483091788,201.1550779341599,121.48201836451837,,101.55439024390243,336.11607975460123
2016-11-01,132.49342272727273,143.36524517106423,169.98078980378008,184.39026833981384,188.9810087084394,152.6259312871037,,119.79120190884791,297.03292063492063
2016-11-02,156.359,163.65744509442248,166.99356271420552,141.7987268292683,195.96305927056198,98.4313251231527,,120.47440784724965,331.21707936507937
2016-11-03,150.4,170.58888983684145,151.1886474820144,148.4717010557367,268.5885405622486,141.05654054054054,,103.418,300.49853256704984
2016-11-04,126.926,140.75811016315856,118.9650808339146,165.90129894426332,202.31731352459016,127.16495538664755,,106.42500000000001,313.86412071943823
2016-11-05,104.14884210526316,139.235,134.7449191660854,133.774,281.59672295566503,189.7960105663184,,33.962728,309.21859671351194
2016-11-06,86.00415789473685,90.50709169054441,108.85762660944206,95.812,194.4135993192165,145.12649350649352,,39.691272,202.62569796165408
2016-11-07,129.876,138.92990830945558,114.39779911796988,150.292,151.67662585191962,139.9414419642857,,88.146,457.9000983959618
2016-11-08,140.571,103.53800000000001,193.09621856789008,120.101,250.82027911417134,115.69376418650795,,84.23061538461539,277.1499536423841
2016-11-09,137.72420888888888,148.06491324200914,132.2431459144882,143.607,212.63455952373343,130.12179384920634,,99.38138461538462,316.189673417852
2016-11-10,163.28022755178907,135.37408675799088,143.94191993513732,161.329,173.87645647853736,147.175,,109.86467013888888,353.3505381968485
2016-11-11,125.02084015506672,143.595,129.4105839727195,119.497,227.46769063277088,119.905,,84.59032986111112,298.3341730006841
2016-11-12,129.7697234042553,85.45400000000001,150.0689106067624,159.7129929070929,209.9430661239859,142.586,,27.235,291.6310867417857
2016-11-13,91.4868349514563,108.09,97.33779527559057,129.26645607249893,225.125,180.91538222222223,,71.22908108108109,283.08463337307325
2016-11-14,164.0191650485437,132.925,123.68183673469387,154.07092602040817,191.64600000000002,140.4375403678553,,106.65891891891891,313.7469695238059
2016-11-15,137.89200884955753,125.016,135.75416326530612,129.797625,188.38569696969697,161.39007740992247,,118.486,326.6660737822043
2016-11-16,136.79764632285625,154.974,134.88880966325036,101.94181148219897,211.46080395598406,134.488,,79.9,347.30545068986083
2016-11-17,141.53186656671664,152.816,159.22688301967645,171.94715857768128,201.18949907431897,109.143,,94.167,332.2597986800455
2016-11-18,161.5949870327994,116.96600000000001,138.95530731707316,163.60653656606587,250.82801091082626,104.526,,101.0435194474249,324.49060259383987
2016-11-19,84.47349122807017,98.392,141.13026242054534,120.1464933740539,210.52630176523007,119.8105168326221,,85.99248055257512,250.7561857150605
2016-11-20,104.31473214285714,83.846,105.73989502626318,87.495,132.66768732394365,190.2241350178123,,71.921,231.3080772818814
2016-11-21,133.6827224025974,142.137,125.57484255319149,164.031,136.627,117.62200108206889,,91.02199999999999,336.86717617219756
2016-11-22,151.37278573723097,133.151,117.11943566591422,186.312,203.3091895132455,142.14068982368048,,53.667,367.5971183629615
2016-11-23,165.2669415354963,142.74535789473683,113.13756433408578,123.158,184.62376342793095,128.53665724381625,,55.78,316.721231914085
2016-11-24,56.404818181818186,3.6236421052631584,63.849,78.25399999999999,197.7770470588235,89.898,,1.701,152.88472285200243
2016-11-25,92.58825,64.474,137.487,91.127665,97.74,124.415,,34.379,298.24176879729896
2016-11-26,103.70192391304349,46.862,93.26986335403727,80.83333499999999,143.729,110.59257345971564,,24.161,174.43421815352264
2016-11-27,134.3858260869565,82.598,73.50211391869,84.32,167.992,102.28142654028437,,45.873999999999995,307.5379844747622
2016-11-28,129.116,112.834,116.90947592924317,132.772,174.25763452665493,137.09954022988506,,79.16990163934426,363.28924064980407
2016-11-29,154.859,153.096,186.14966801015078,159.234,246.39430719863074,136.15688834154352,,93.01509836065574,362.7514625392841
2016-11-30,136.5675350877193,165.93656647398842,144.25658644449132,129.3433786764706,196.77005827471433,154.7578500355366,,98.60434057971015,328.3098130871396
2016-12-01,148.99253328834908,138.39643352601155,120.38115807659057,165.6376213235294,219.44905550167698,128.15580509347535,,83.51465942028985,329.19996190709105
2016-12-02,115.13797662393162,173.68738244514108,178.2057762178611,150.579,246.04817072783123,149.82892822206318,,83.523,296.94103809290897
2016-12-03,109.64900628205129,108.87261755485893,128.41805133967065,95.17345873320538,158.9827737704918,150.01088807749625,,36.782000000000004,202.28171680913744
2016-12-04,127.96218350055742,80.835,37.41225115370962,183.57846516059993,182.97829383886256,132.2648537688442,,70.23,304.81328319086253
2016-12-05,146.5407652173913,121.22559744408946,139.55505555555555,157.9010761061947,164.4032554148688,152.24938720031878,,91.389,304.3724402872698
2016-12-06,164.65393663530713,146.33940255591054,145.90603437694529,112.88188429752066,206.2268952447086,162.71637677419295,,107.95388636363636,305.41919186959296
2016-12-07,139.0718425854721,126.7928888888889,123.90516832575743,136.94111570247935,188.4861860236484,171.03076526390623,,87.45111363636364,308.1081788020414
2016-12-08,156.9560828481863,122.27068803418804,120.23775381903643,133.59318644067795,204.05891168570386,141.01608530698934,,79.024,330.0597760718126
2016-12-09,123.58417706146926,144.919118729097,138.88126627618834,108.05681355932204,116.24170368226385,158.64404077665756,,74.543,322.0814129692833
2016-12-10,81.31696086956522,109.8023043478261,100.80879146232209,91.06268535262205,154.91675410994395,149.45998221343874,,44.734129629629635,164.519
2016-12-11,88.22251489361702,63.038,171.9372145382978,106.88231464737794,218.86390150520876,120.89260869565217,,78.19787037037037,245.1225972644377
2016-12-12,203.28218338224505,142.002,165.35090453478597,97.356,176.6744641691169,135.9723657903278,,88.49028440366973,342.75548844984803
2016-12-13,141.80230172413792,157.481,170.18995399061032,142.972,215.50445258716627,145.4494682030501,,106.51091559633026,342.317560315324
2016-12-14,118.16087732095491,130.08599999999998,186.11791267605633,110.66499999999999,185.4361002407107,160.9401660066221,,61.1418,420.47353836755343
2016-12-15,143.7491226790451,137.89000000000001,125.175,164.32594482816012,129.65313100274784,121.24117045761035,,111.3226095890411,289.38996834006315
2016-12-16,130.12760693641619,139.15235435435434,132.12893644859813,160.5920551718399,233.44940479639624,149.7430796281096,,91.1588554109589,333.2778472627737
2016-12-17,118.347227106137,116.50568912390652,152.73606355140186,95.73594382022472,148.48054569865326,178.7628561089703,,59.436535,236.06173548387096
2016-12-18,117.29816595744681,82.80395652173914,102.792,138.66805617977528,159.21000970873786,117.54791842652185,,50.986000000000004,188.801264516129
2016-12-19,158.3090508821632,141.94865000000001,127.13035754189944,146.994,144.71987986181426,87.78797537878788,,92.52291964285715,334.428
2016-12-20,142.1019491178368,127.39735,144.19005760851456,105.143,148.94265411876825,91.522,,91.67702303230209,291.266
2016-12-21,127.426,143.032,123.277584849586,124.41530556410518,117.71741513420902,144.2955,,95.88005732484076,274.551
2016-12-22,140.33,134.376,132.943,164.05469443589482,130.77165963800906,108.85413636363636,,69.62299999999999,205.633
2016-12-23,126.60261479591837,78.896,112.75,102.66499999999999,146.75338153846153,109.02910389610389,,55.608000000000004,194.50299218749998
2016-12-24,44.87438520408164,79.01,80.24592542372882,38.232,169.178,99.0390025018091,,11.552999999999999,180.3330078125
2016-12-25,16.287,2.999,43.395074576271185,20.032,73.315,87.90416200035541,,48.17099999999999,60.623000000000005
2016-12-26,80.23779856115108,36.631,68.39800000000001,110.706,109.961,198.04016892230578,,45.015,148.349
2016-12-27,109.68320143884893,115.23773684210526,118.93709902912622,65.73,145.024,132.31840457665905,,83.282,240.19
2016-12-28,113.804,112.67410571108623,131.65390097087376,125.006,97.90536511733879,99.47852173913044,,96.31,188.968
2016-12-29,91.314,141.7054665377176,134.87224449877752,116.13,137.20881017511067,111.90524261603375,,84.434,294.2588387799564
2016-12-30,106.06025352112675,108.73069090909091,121.99694660397938,117.31700000000001,163.60682470755052,131.57732881253767,,69.881,227.91212804468813
2016-12-31,50.169746478873236,72.99000000000001,110.60180245466609,72.911,183.56300000000002,106.61242857142857,,37.092999999999996,181.645221727544
2017-01-01,66.664,36.749,91.75800644257703,74.60917948717949,150.43108092485548,82.84200000000001,,48.239999999999995,229.78422811447814
2017-01-02,95.27300000000001,82.541,136.04899999999998,94.7708205128205,122.48958996122046,158.143,,46.022999999999996,197.52358333333333
2017-01-03,157.5674847161572,132.121,107.49499999999999,143.01,121.32032911392405,100.02630437298319,,79.123,380.1524188034188
2017-01-04,122.74551528384279,146.707,154.76198571428571,110.051,164.56133541612428,86.94691552230476,,111.37374168797953,286.2455811965812
2017-01-05,165.28305128205128,155.93,141.22086613756613,129.186,188.3741762117827,142.1308687746628,,89.45880016224072,312.16
2017-01-06,140.3637447378492,137.07217226890756,169.65714814814814,153.83803864734298,239.6232596942503,139.66191133004926,,78.69945814977973,243.224
2017-01-07,114.30920398009951,87.66609088898717,106.55418803418804,123.072961352657,151.3337778107907,139.42600000000002,,35.556000000000004,182.599
2017-01-08,41.14626490066225,59.431736842105266,71.46681196581197,73.21081467181467,166.443450867052,96.54789237668162,,6.06,147.14600000000002
2017-01-09,139.05773509933775,161.95690647482016,125.47610769230769,219.17018532818534,197.71674782608696,120.7304546504614,,111.066,325.74264964385446
2017-01-10,131.371,120.92909352517985,127.42889230769231,251.19,159.55446387854778,82.68925703377069,,87.51,252.09237567260124
2017-01-11,152.7031135371179,153.9128,93.455,279.354,159.00797898824916,179.1497781046914,,80.053,298.06526147599715
2017-01-12,126.90164917474651,139.38771818181817,114.625,330.134,210.92880930711613,131.18178882956843,,78.16102030456852,285.9214475070641
2017-01-13,151.65424878238846,131.8914818181818,119.06257627118644,339.48736641221376,225.75325188280985,133.9742340391514,,100.67497969543147,266.7812657004831
2017-01-14,112.22498850574712,75.099,106.69342372881356,216.66363358778625,278.1728976676925,144.85759496567505,,42.937,213.25
2017-01-15,118.2673878603544,135.53619146052188,124.48890867579908,160.668,144.3848504494976,127.86123300970874,,70.155,125.353
2017-01-16,111.50727637322224,133.8304770055988,156.05809132420092,224.316,206.08604529616724,131.42376699029126,,89.42599999999999,235.0248919860627
2017-01-17,148.12840568095328,138.57371863065356,119.732,319.2375393794749,223.54205496943615,150.37336084177574,,100.149,275.5521080139373
2017-01-18,149.26995191953122,140.95105181725296,106.07,317.85446062052506,164.23622557709325,94.57863915822426,,104.16055384615385,227.90845961002785
2017-01-19,121.95977215735516,147.86431547193777,114.90299999999999,268.627,202.01791786258767,161.909,,69.40544615384616,306.1465249986552
2017-01-20,148.2332060085837,176.2022456140351,142.297,298.191,236.5180478005072,103.771,,108.61454474982382,283.11078428020585
2017-01-21,88.7113547008547,105.28682857142857,85.13517589576547,202.119,251.62448672001491,179.16918878542924,,66.89045525017617,223.58023111111112
2017-01-22,96.5916452991453,76.89217142857143,122.62041233952866,128.79305410058683,220.08556128761637,231.56145259347332,,34.236,220.8407043314501
2017-01-23,161.66718029532436,167.1995820325431,129.03941176470587,307.8731977242307,192.1227604865772,143.44911109634498,,115.007,341.2928012447581
2017-01-24,143.52981970467565,177.98901067262406,128.7869640718563,363.6163213969398,214.4549,169.87993687858292,,78.60192537313434,314.4476194237918
2017-01-25,167.376,178.06379139361206,141.79803592814372,315.9064267782427,160.10413636363637,132.08560915363225,,96.99772680077871,338.3365859375
2017-01-26,157.45687068965518,156.9725271256022,115.80403305785124,278.805,197.30002201034551,119.96670149253731,,81.49798499422855,332.01953906250003
2017-01-27,138.12078596270536,142.45608877561855,140.79296694214875,318.66186169881075,251.2678770394676,153.12503684210526,,96.0273628318584,304.5942560240964
2017-01-28,77.66296727926341,63.831999999999994,100.464,304.65513830118925,171.00756535949736,224.24333815789475,,70.27214285714285,245.51005344726926
2017-01-29,83.36037606837607,95.03566972477064,146.4755337159254,185.3648115942029,242.66539922705314,144.6689863445378,,89.39294761904762,182.82344052863436
2017-01-30,141.157,157.29296536294865,134.4384662840746,310.06518840579713,196.59152727272726,174.00086587187786,,87.24899209261686,328.78585698172793
2017-01-31,170.261,149.96583458178287,135.99,250.535,177.42774195804196,175.99577728808882,,100.24191743119266,325.7015855228664
2017-02-01,122.662,175.28196400396723,126.696,282.98199999999997,150.25673076923076,146.3779954954955,,103.50506865671642,301.7719897218618
2017-02-02,134.468,157.1635663265306,130.145,380.35699999999997,177.888,145.63176923076924,,105.58772903114486,285.65607513133295
2017-02-03,133.71289082969432,167.722,120.68115384615385,315.70115331010453,235.2804618684271,133.09930632478634,,93.51913915424399,267.83849264221084
2017-02-04,71.60831175651258,98.884,122.38265865384615,173.90784668989545,260.3153473178267,189.139673866349,,88.42806315789474,265.536
2017-02-05,93.35984178090925,65.254,103.6121875,125.57851898734178,246.84783638336648,265.6907883318671,,42.495,215.483
2017-02-06,132.12895563288387,123.317,111.526,291.1904810126582,183.56490998593532,157.64046224622834,,102.01036893203884,304.258
2017-02-07,127.31692878901768,154.36082949308755,126.218,263.6663488372093,190.338377022877,78.188,,106.50163106796117,333.27221568627454
2017-02-08,140.22607121098233,160.36297050691243,139.3632880733945,252.9456511627907,175.96606742156743,187.9125078125,,98.669,310.0875385224797
2017-02-09,129.92521518987343,143.82420943396227,128.7667119266055,262.141,164.53776528400059,127.15814982332967,,62.585,286.09724579124577
2017-02-10,131.99650162428588,173.16655466860183,155.231,256.467,247.806392358767,124.07167195218531,,76.858,244.433
2017-02-11,156.37684014786603,121.82337690909273,94.086,230.009,248.8479204505387,164.92167041198502,,22.705000000000002,262.3764104477612
2017-02-12,85.94544303797468,124.0014263290914,111.65335347271437,245.98800000000003,211.3439219066937,162.117982859246,,56.498000000000005,199.88704589026696
2017-02-13,152.326,148.71711276857457,106.66364652728561,353.057,228.20832604481092,190.58825319225613,,89.24,340.12054366197185
2017-02-14,126.995,173.4640198906772,124.306,309.46500000000003,191.41962801948463,125.98268430248015,,106.575,293.66700000000003
2017-02-15,125.97200000000001,149.87833177570093,135.319,270.865,162.69404593570445,108.09583489077295,,99.67399999999999,309.79506492189086
2017-02-16,85.009,138.4213517105376,104.534,343.41700000000003,147.49001901140684,126.49178408108746,,80.709,257.27593507810917
2017-02-17,77.065,146.63794151376146,158.48405327868852,341.9458947368421,176.39293999529397,102.82446067415731,,83.832175,248.593
2017-02-18,82.88560427807487,100.332875,83.80182449908925,185.2271052631579,154.87204099329918,158.16861622719523,,50.689825,313.11599166980477
2017-02-19,100.711047704304,67.701,115.44232517425174,223.234,209.183,185.99040172977914,,28.774,220.41400833019523
2017-02-20,94.00534801762115,99.964,90.67279704797048,202.71860135135137,178.5308415725549,165.07462883818474,,28.076,221.039
2017-02-21,93.37217826086956,128.147,116.72,292.3133986486487,164.95723950905312,168.18033970534555,,77.852,288.9940165289256
2017-02-22,114.99146039459262,143.178,115.44,347.83603734439833,205.11270442228806,117.32910293038965,,92.04400000000001,312.2295317166884
2017-02-23,104.67518487394959,136.091,114.74614438502674,321.23830929425714,211.3857382606014,148.30985295874876,,84.234,312.1981840551312
2017-02-24,100.75717647058823,117.01599999999999,138.12181691528286,307.8953842488215,232.18509744762372,174.85774463319865,,74.897,266.89526769925476
2017-02-25,80.11977021276596,105.297,107.70132441397611,178.46036002161398,234.81788768641044,184.0023245731302,,61.8908773006135,233.244
2017-02-26,79.77222978723404,66.789,134.78996603396604,177.1154030668127,223.3682284752057,140.48751804829686,,66.9281226993865,168.6808108108108
2017-02-27,125.816,132.957,186.78980885780885,332.29550602409637,212.54808127911238,150.23247035573124,,97.493,334.5434940219029
2017-02-28,101.932,118.046,114.25586451046982,362.418,160.16830076333778,174.8882018535127,,49.875,310.506915953595
2017-03-01,84.02826724137931,145.251,161.77907488346958,250.651,159.88234497099774,111.97679814648728,,102.13600000000001,319.2275838066277
2017-03-02,87.30373275862068,149.00295067264574,135.61810775862068,299.889,159.80053561281474,125.84259030837005,,83.953,312.05026715594244
2017-03-03,98.46123076923077,127.31134037213039,134.5758922413793,316.80847168597165,229.0530387968614,115.90340969162996,,63.614000000000004,282.21592825112106
2017-03-04,99.63276923076923,102.73430966193766,115.15366071428572,258.7965283140283,191.53228918473673,124.64546758494829,,63.094,220.309
2017-03-05,120.61868152866242,87.80339929328622,78.92433928571428,244.01700000000002,199.47129091091006,155.15648926028982,,80.683,224.019
2017-03-06,109.28233571271689,123.946,136.246,278.082803030303,213.25269654822543,161.18082864790654,,94.449,342.42355230206124
2017-03-07,113.20998275862068,126.238,153.4354229828851,268.1310691501481,156.6404958948005,150.92063069048626,,108.293,278.6624476979387
2017-03-08,94.208,162.952,124.62357701711491,267.0411278195489,199.0374570181923,195.03472825751356,,101.209,316.3700055352284
2017-03-09,107.29825751072961,142.32250438206094,148.64861849710982,282.738,186.37373164627363,172.1985800033,,79.943,241.24799446477155
2017-03-10,97.34474248927039,164.28149561793904,139.43938150289017,353.28200000000004,220.95615322580645,140.66084077294687,,98.086,247.322
2017-03-11,59.41052966101695,83.88851886792453,93.03369518716578,226.434,214.40257355014984,169.72562765591186,,41.202999999999996,227.16594252873566
2017-03-12,96.47947033898305,75.85048113207547,127.45930481283422,161.026,178.7141193778899,141.11480712669683,,50.45,259.97710798045665
2017-03-13,128.69294736842104,165.71918339100347,113.05425641025641,319.514,205.6372571745718,175.9288501552795,,81.105,333.11885405512305
2017-03-14,94.53858463157894,161.96381660899655,151.2437435897436,273.74351174934725,167.0063539606616,126.0748679063945,,105.627,305.4576188001706
2017-03-15,88.26485261538461,147.43107989296635,148.964,273.91548825065274,164.88554271092045,110.00420193832599,,110.6352894736842,339.4605040327743
2017-03-16,95.03861538461538,151.41192010703364,103.829,270.4914025974026,170.877,142.92264053811658,,98.71571052631579,321.1539726027397
2017-03-17,92.54730039525693,131.9338685258964,131.06,310.08077795815296,242.95080664986253,158.8134394618834,,86.313,334.50966666666665
2017-03-18,61.94390811538138,109.90293591854802,108.56302027027027,140.49181944444445,259.73938187472766,122.51403481012659,,71.93900000000001,213.18633333333335
2017-03-19,61.436223588127135,128.95019555555555,66.00863190364277,204.1299397260274,158.20481147540983,165.8839651898734,,36.58,318.661
2017-03-20,101.13456790123456,142.327,180.93134782608698,294.2080162488154,175.137,120.80199999999999,,108.47200000000001,362.0876693203623
2017-03-21,85.09400000000001,104.713,132.70248051948053,352.51704402515725,163.3996817009078,97.23334223568281,,89.66020264317181,317.43022168451745
2017-03-22,72.176,145.963,134.39951948051947,350.9782320441989,209.9488467289725,151.43465776431717,,107.99619816654479,350.1873063073732
2017-03-23,76.303,144.76993714285715,137.33943902439026,292.6547679558011,256.12710793375606,154.92048493677163,,102.53694784928723,356.459802687747
2017-03-24,73.581,132.81906285714285,124.19456097560976,292.86214594594594,241.91756333307367,145.8807437815172,,105.34339535572913,246.369
2017-03-25,64.93601694915255,98.449,114.048,256.68585405405406,251.131411898382,174.6251822017943,,50.089514318600365,243.93938095238096
2017-03-26,63.55751745451718,60.07900000000001,116.70700000000001,188.529,243.38660124274583,192.3122680454341,,45.91874166666666,216.302968774395
2017-03-27,92.19637117572941,150.662,138.543,328.85104066543437,244.5858241991992,159.4006046738599,,105.69327966101694,363.1949531123407
2017-03-28,121.93909442060085,164.855,158.46459920661158,349.63695933456563,242.79039254853262,144.31979328369977,,85.41072033898304,328.6661475874812
2017-03-29,84.986,145.18698689956332,163.97738955743338,316.56283974358973,206.77857041443033,140.26936307692307,,90.744,309.7495495734021
2017-03-30,117.51577922077922,162.26573065768858,141.01001123595506,342.5011602564103,217.19688192640038,141.68456,,89.739,298.95689463724324
2017-03-31,123.71407792207792,109.16128244274809,161.6680339267719,319.56466666666665,218.94656397523897,196.06765502183407,,60.734,291.6211053627568
2017-04-01,80.18814285714285,76.122,175.51163273989476,163.51014385964913,199.38355409836066,193.02934497816594,,33.952999999999996,222.63133674520017
2017-04-02,77.95859241706161,85.104,69.90444444444444,221.3031894736842,189.0397142857143,160.5973597122302,,42.256,187.47110861751793
2017-04-03,111.57440758293839,140.382,147.16088888888888,355.1559004424779,145.7882857142857,135.81464028776978,,89.112,342.85069749442476
2017-04-04,79.555,152.3712784090909,155.71838992216084,389.88309955752214,163.72514999999999,88.81,,100.11909287925697,287.86512708150747
2017-04-05,136.94675217391304,114.87772159090909,154.65312071613704,261.183,157.60385,116.4824379315013,,102.6413875128999,277.7095138451335
2017-04-06,129.95124782608696,138.071,131.06548936170213,301.447,123.72,113.54256206849871,,102.18651960784314,277.9582162162162
2017-04-07,138.5477600922722,152.0737142857143,124.65216736401675,272.077,205.3840088571442,122.57300000000001,,82.87299999999999,289.548927672956
2017-04-08,87.23247509936543,129.67828571428572,118.08832386405345,260.25045080715535,242.93820462600186,139.47438853503184,,49.084304302155644,229.63407232704404
2017-04-09,94.00471546625711,54.235,93.62891031633137,205.93654919284467,181.36037606909275,185.65363939792906,,63.171695697844356,189.1221704106704
2017-04-10,185.8656964009288,139.852,141.48471166314562,303.3,197.47597521460057,105.13955654192496,,76.288,324.51175666496397
2017-04-11,122.94996163682865,137.845,164.79888679245283,261.77,197.44515337987878,180.4387120768383,,84.365,331.50724781015396
2017-04-12,122.68939130434784,142.24189956331878,161.585,342.962,195.02113685328186,117.92370344827586,,90.31299999999999,335.2163605472825
2017-04-13,145.30730901287555,146.77210043668123,135.112,303.80747120792785,171.998145,114.137,,77.324,284.45673937608944
2017-04-14,144.55969098712447,117.452,165.41386776859505,309.88284879207214,229.8619841733148,156.12624025974026,,98.08200000000001,303.9177182704245
2017-04-15,138.90344272445822,117.801,98.02213223140497,152.73768,295.7220401046714,202.09259276564143,,67.348,216.57298793307345
2017-04-16,53.7855572755418,113.54277419354838,58.312,201.72565762711864,249.24146352689183,153.69080574113812,,40.82299999999999,111.69053622872109
2017-04-17,94.196,135.85022580645162,114.43299999999999,269.2053423728814,190.74228142589118,164.45536123348018,,101.29199999999999,392.51099772868054
2017-04-18,118.7225,153.49448034934497,145.74599999999998,312.371,207.58623076923075,131.18004587155963,,88.905,321.30228232723744
2017-04-19,85.7215,154.46751965065502,150.239,295.457,232.4189855595668,168.8788849605818,,97.44399999999999,309.3220290500081
2017-04-20,139.161,133.24102202643172,154.879,308.302,252.21032931932595,156.51103693844607,,88.70958227848101,331.57298846750945
2017-04-21,149.90415690765929,159.65197797356828,108.894,317.42597023809526,248.02131135061546,156.32057939922382,,85.55982053933275,328.4719402437581
2017-04-22,134.37641398232003,134.21699999999998,78.9,167.62602976190476,141.06130118984666,191.11743831825714,,67.93559718218624,152.74924494142704
2017-04-23,81.38696678662981,76.616,54.363,222.7,210.76240815111495,145.25350638293367,,69.933,223.267
2017-04-24,164.84746232339089,151.602,139.53,284.73199999999997,215.86096177923932,168.64550812899785,,113.73618518518518,309.561
2017-04-25,118.4607043478261,121.649,147.07966433566435,322.142,184.57864859623683,143.95679411764706,,79.52381481481483,287.919
2017-04-26,125.0408570556827,145.796,136.08633566433568,308.0296993006993,179.26453132678134,131.27720588235294,,94.00082706766916,278.06329928045517
2017-04-27,120.09543859649123,155.19764516129032,162.671,313.4233006993007,191.63627272727274,165.6775293500617,,90.84470747778538,285.1278707875721
2017-04-28,146.303,141.64901929053693,117.593,292.5257088607595,213.79834849799929,177.44335437086852,,67.42346545454545,349.5670233585462
2017-04-29,90.475,135.82586487911263,81.535,154.6762911392405,212.54794556979732,202.8883996124031,,56.13661764705883,288.68210110212124
2017-04-30,98.4238909090909,95.11847066906013,78.98400000000001,149.329,212.55889271381258,170.09290670867972,,31.618382352941175,259.2232297543394
2017-05-01,138.71478452950558,155.43609250965252,112.505,278.03000000000003,190.1610632183908,147.42180995798694,,83.693,464.6458952168077
2017-05-02,135.35285127896077,131.32690749034748,137.1511020408163,299.3624498565366,212.5377863938053,128.37,,76.776,269.2102947858726
2017-05-03,144.01524266097383,170.19211168831168,139.59027573696144,352.97728168708755,281.9022136061947,175.03478866138866,,73.007,307.3712857142857
2017-05-04,172.27382036505867,148.2478883116883,126.60262222222222,272.68596882681527,202.481,166.05995431688373,,69.923,292.46770820668695
2017-05-05,165.5266868636496,138.08214159292035,128.998,276.3949150141759,209.41510039591668,132.7321858920205,,77.79078244060794,342.7049423957227
2017-05-06,133.9927233927607,127.92985840707965,120.13414409221902,253.85301297708398,201.6018641605403,187.19314584471172,,57.37221755939206,130.84616870452106
2017-05-07,131.4245189303905,67.123,162.88285590778096,258.17837163830063,205.10083401795228,207.79018352675362,,50.084,253.5601806930693
2017-05-08,206.2454810696095,135.278,123.685,328.008,225.35769886148816,180.34383574421804,,75.94386301369863,372.60757165861514
2017-05-09,134.724,132.78514117440224,130.36570761670762,346.5077756232687,212.61442737613262,200.1790604135391,,92.35213698630137,337.3336564115603
2017-05-10,125.714,154.34085882559776,141.17729238329238,344.4622243767313,210.65207518796993,161.447602179432,,78.888,306.53777192982454
2017-05-11,117.37599999999999,172.49440239207942,115.97500000000001,365.706,174.99768,232.73957675438598,,94.144,302.512
2017-05-12,89.005,142.41959760792056,154.47,376.12661052747677,269.90081492014724,123.24272001987084,,99.224,277.289
2017-05-13,124.12160888414046,115.441,95.49941311789172,233.8898132013368,194.45892613248435,141.1659731954684,,36.589,272.316
2017-05-14,75.34603246607051,98.126,108.30362492558655,188.27357627118644,210.92057894736843,128.34447345132742,,63.15,227.9381094495395
2017-05-15,169.37222582059292,168.32387957987694,158.86896195652173,335.153,228.9008740229286,201.64116015950162,,106.01495454545454,355.8019126575789
2017-05-16,146.90722074128402,156.20473332334885,125.75659493670886,376.861,233.09203369861004,182.8505330466815,,104.03204545454545,307.5499778928816
2017-05-17,104.96391208791208,155.1934085574025,138.95340506329114,351.674,227.435499887157,161.3599244408757,,67.702,365.83408742537085
2017-05-18,89.87299999999999,171.57196823009335,96.281,401.573,183.77413657735087,161.8125726184279,,85.42699999999999,380.15124968978307
2017-05-19,118.72612295081967,115.16301030927835,120.477,324.4777941176471,236.64044071747514,164.7464353041335,,89.672,313.3636292309999
2017-05-20,71.81949682104344,93.692,107.161,215.04035254901962,184.2306190568744,221.8183558849252,,62.912668874172184,256.1798578818747
2017-05-21,98.31781552225452,56.411,101.64,232.07585333333333,244.2490753092771,161.55097050869597,,92.97133112582782,214.4341757719715
2017-05-22,114.30710513141426,157.76780733944955,120.57381428571428,369.26545901639344,207.87332073032687,115.39854803675857,,111.10050000000001,329.273
2017-05-23,144.48568874113474,142.1547575237932,144.00561108742005,359.5605409836066,183.34760812482602,152.07623183330617,,105.87108215962441,299.20585542168675
2017-05-24,146.51080153508772,124.59243513675726,136.49857462686566,378.21,220.40358235136443,167.9351060662372,,99.16837103186495,338.9852827559259
2017-05-25,164.44096929824562,172.164,131.845,372.3617246963563,202.23196840770208,147.35366210045663,,107.40404680851064,304.44270796826436
2017-05-26,199.44873744292238,133.984,166.29236878531853,344.4832753036437,239.9274730220755,149.67980530973452,,100.54152941176471,389.59315385412305
2017-05-27,117.26026255707764,72.493,137.34140249127722,247.6774827586207,249.86888146301592,141.4368086857508,,47.787470588235294,156.161
2017-05-28,64.541,70.714,88.32722872340425,146.18251724137932,194.05629925951735,167.41071436272364,,68.116,95.78864347826087
2017-05-29,81.07900000000001,75.409,86.04599999999999,217.18961016949152,299.6341927205821,117.54367164179104,,48.072,192.83387157310426
2017-05-30,136.429,160.35904672897195,159.028,409.0023898305085,267.69201801898805,121.86137873015873,,92.39500000000001,377.52985704165815
2017-05-31,166.19718333333333,142.3941096691323,147.778,338.025,200.6220162358889,152.84383229412688,,84.827,298.4526279069768
2017-06-01,152.72499402515723,161.70736070109535,133.817,330.95505439508355,196.39628051799082,174.1824891351896,,84.303,352.7735705650136
2017-06-02,151.13882264150945,164.40948290080038,145.649,356.9258474067183,217.12202903059114,158.53979083151577,,93.2122947368421,380.40534314057015
2017-06-03,78.51899999999999,83.344,105.532,282.4474304457552,169.93665084745763,125.115509009009,,90.70603224939846,225.83753471076142
2017-06-04,68.504,55.511,87.114,197.71505484921718,174.94793329063987,201.934709364827,,102.99267301375944,277.3486805274695
2017-06-05,135.721,126.3793125,154.97,398.8834752661978,204.20907966972396,201.23385767333576,,96.936,364.59135396216817
2017-06-06,147.73986363636362,158.25111333732056,139.448,417.225137637028,174.2076732715202,113.7718447265431,,98.55142578125,289.5606976960238
2017-06-07,135.2365753880266,154.4580781069436,125.537,327.318,164.75393750203327,170.8545882352941,,81.02457421875,306.4299592888819
2017-06-08,134.69293020637897,172.34624948039337,122.003,303.741,123.50637626608267,93.655,,81.884,311.8390125481358
2017-06-09,138.90051870026525,125.30322410343236,92.139,316.3575471698113,161.83728481457257,147.609,,73.12400000000001,256.2860908042189
2017-06-10,89.18382946026986,126.96602247191011,109.621,171.62245283018868,245.28764218353032,170.7620099009901,,53.82324193548388,215.69626935834563
2017-06-11,63.92924541861301,73.27499999999999,104.0,182.758,193.40798796788349,174.9599900990099,,37.31175806451613,184.14348059569
2017-06-12,164.11003719008264,167.83638497652584,135.6214716981132,375.123,143.04236875494382,167.53272350230415,,71.001,353.1560068027211
2017-06-13,149.37,126.44149940481292,148.4525283018868,375.3320472440945,185.93896627906977,166.8731884147943,,74.447,279.35
2017-06-14,155.00033849557522,197.5077146524777,152.18,382.9550051569438,205.64978606002364,138.06231704513766,,71.809,297.65
2017-06-15,183.5026615044248,173.39309364462588,129.307,409.48594759896173,158.90234691869975,129.1180560377639,,94.20336717062635,291.17954251012145
2017-06-16,127.11431954887219,139.7393073215577,104.5,378.54680114285713,225.5957189820609,147.43226301194406,,88.76463282937365,270.3086198655004
2017-06-17,104.42268045112782,114.167,87.795,286.56019885714284,247.01003861429555,173.66805198805594,,62.894000000000005,199.3678376243781
2017-06-18,74.62867829457365,103.46638483146067,125.885,217.723,152.98137598121153,132.90968925985297,,55.96404366812227,202.00201879699247
2017-06-19,134.26791429801895,188.06563248455663,123.624,359.456,177.92425939999276,180.87903792206333,,125.13579253877428,308.0439086641474
2017-06-20,154.7804074074074,153.87744155844157,143.191,317.608,208.60723860954218,155.77720404280703,,127.19704088807552,285.76424013662546
2017-06-21,133.49699999999999,179.9670877922078,140.3854329896907,363.55076282051283,133.00511953233763,170.40884432112819,,100.12095046040287,286.5215168310134
2017-06-22,158.64684782608697,136.58145333333334,122.05709858925664,398.86803635981505,202.2892264168575,244.1547910687387,,89.26217244462508,333.58055681635744
2017-06-23,134.02849928135106,133.416,114.96946842105264,303.234225209916,205.95316347021839,194.70661185129418,,76.90669343065693,330.05840520421737
2017-06-24,65.13765289256199,118.64699999999999,97.0636862745098,192.704866518847,182.4689253737767,190.49672076606643,,26.849306569343067,295.12498573093166
2017-06-25,50.72694822888283,55.40609819639278,106.2365384890112,185.6271090909091,240.2185994366645,143.7962695894777,,70.28010958904109,161.95436781971478
2017-06-26,222.64605177111716,179.49690180360722,179.4243565409369,391.25,167.92748465613488,131.48736275751878,,74.2058904109589,326.0185696202532
2017-06-27,132.153,157.40151776649745,148.49741869554208,414.58148341232226,215.8154198343317,147.96035117967332,,108.88425938318301,349.57127433093945
2017-06-28,153.2465458515284,159.87633531407127,152.34407692307693,369.3935165876777,199.65460336409868,111.66142995139597,,79.15774061681698,319.3391560488074
2017-06-29,103.97682256952424,174.9371062277851,166.25494435351882,398.57099999999997,266.0017141945091,208.95166433807617,,89.721,260.290917721519
2017-06-30,203.45198327386262,147.62780270081902,141.69258958977724,256.89300000000003,283.2642094272733,177.82341292214065,,82.438,276.2838080849326
2017-07-01,97.53973766678688,113.04923799082717,156.65438913362703,278.38815714888443,221.47251972797133,181.34855175441334,,27.252,202.08027419354838
2017-07-02,97.60591063829787,110.519,71.42,198.7298428511156,181.597,155.8707422031633,,52.721,182.474
2017-07-03,134.0150731707317,130.321,153.668,235.041,149.37831523267755,123.39571607218986,,78.02844843049328,256.8153489361702
2017-07-04,88.65717086109854,28.777,43.44,52.58475167785235,232.04740341139026,111.4532735426009,,28.654551569506726,180.5887235275979
2017-07-05,182.73775596816978,109.2922561983471,153.448,337.90324832214765,181.79268866153356,116.71582935128978,,72.997,320.5620480680367
2017-07-06,260.89300000000003,130.5500326905418,136.067,415.75080487804877,217.2392156452183,111.67589710610932,,89.675,316.16487946819524
2017-07-07,291.40557612414466,154.67571111111113,139.80037238493725,258.7881951219512,185.8926272578022,129.109,,84.86531460674158,250.667
2017-07-08,125.0063889413575,118.35949812734083,146.45462761506275,256.9651606557377,246.77607176107512,205.47513157894738,,70.17247377500117,200.18312903225805
2017-07-09,122.96303493449781,78.65650187265918,124.12321428571428,257.4718393442623,195.81367803030304,123.27859093414165,,94.64421161825726,163.55887096774194
2017-07-10,357.6135384615385,145.25292307692308,124.60078571428572,362.163,120.18472761820355,138.7623910240289,,109.203,274.41721827006666
2017-07-11,366.03546153846156,179.81185868739556,131.918,327.778,209.672487712286,103.64456966898896,,75.73220717131474,263.70678172993337
2017-07-12,320.4239142259414,133.1855515690147,140.529,355.89789333333334,178.13178466951047,135.94411425331444,,99.95972513637757,310.9091886792453
2017-07-13,380.8800728985221,138.38066666666666,129.388,374.4230197101449,157.23791752577318,140.36991368624896,,92.82006769230769,295.2188113207547
2017-07-14,321.3190128755365,123.939,109.021,360.36008695652174,169.24862134631363,126.03501537018406,,75.931,315.38693333333333
2017-07-15,166.4763010855406,76.715,138.67000000000002,226.76999999999998,170.12794669799248,183.69525425337645,,41.0952576419214,113.51406666666668
2017-07-16,197.20274385827963,63.051634658454645,101.32432075471698,157.05100000000002,137.2975144299207,175.73375836120402,,45.33024235807861,179.85763414634147
2017-07-17,337.53695505617975,161.47742416507478,153.63367924528302,362.50981481481483,183.55561927318243,84.15919364267447,,86.6915,276.4421623748761
2017-07-18,329.30899999999997,176.6772111764706,153.3456,360.9681851851852,185.0683807268176,152.29457703081232,,100.69214166666667,316.82520347878244
2017-07-19,346.6620043859649,140.39263045248867,162.4864,368.774,146.03614170040487,155.18846096069612,,90.44803647098516,270.48158385093166
2017-07-20,446.0923388976172,172.68161756552934,108.106,333.962,152.7231272354869,142.14756321069765,,87.14982186234818,292.6860413636869
2017-07-21,441.3463587851573,144.788841981982,131.9747962962963,297.77383333333336,235.82841161966377,156.79646602468466,,68.253,262.0048448708515
2017-07-22,249.1493696296648,113.08874679611651,143.50594486671352,270.5741392694064,198.4622241247929,124.92635483870967,,68.93569155844156,171.0325299145299
2017-07-23,209.4183604066577,75.75539418620177,127.51725883699018,166.44902739726027,245.88573531965153,135.5610179063387,,87.4268360489204,95.356
2017-07-24,269.97956789493816,191.29542282720553,141.793,293.502,150.44963508816477,222.44767959413292,,71.62247239263803,233.63
2017-07-25,329.90000000000003,140.4521209665956,141.169,316.78594312796207,195.20734974098576,130.672645888229,,87.201,224.756032833805
2017-07-26,350.1075042539597,147.69653916548643,121.955,295.8620568720379,144.31166816448,166.85184608599673,,87.07936480686695,245.81338952644344
2017-07-27,354.88190400292103,146.88741605839417,131.796,299.891,176.99400532569715,160.4815507664854,,92.33863519313304,193.11336816344232
2017-07-28,340.27302924311925,117.176,144.00091946006748,324.227,225.24308855301555,162.3200681854137,,69.5941719745223,234.7791083527137
2017-07-29,227.7055625,70.869,86.43364345383979,161.805,185.61361312765672,132.66901591190907,,60.60801086669852,180.3558114410558
2017-07-30,188.22299999999998,57.954,101.45101570244492,188.749,238.3493395808067,94.75345134128862,,82.50281715877918,158.18677873363458
2017-07-31,337.932,160.702,128.69937273499914,332.818,197.446679419897,180.56536948149616,,113.465,194.6865109489051
2017-08-01,107.717,105.32,85.17904864864865,175.31,63.568980999296265,109.759,,58.547,173.97801244813277
2017-08-02,274.447,64.999,85.20495,222.805,65.581,62.17581818181818,,44.036,204.8329875518672
2017-08-03,177.31,74.89999999999999,121.94305,304.8111043956044,84.231,50.88318181818182,,52.46391814946619,183.79212598425198
2017-08-04,183.22,57.321,104.467,205.41796577983422,79.171,34.76763636363636,,55.58008185053381,201.2394511236812
2017-08-05,75.537,76.122,72.72273154322279,114.31592982456141,84.73400000000001,44.03037043908473,,,162.55042289206685
2017-08-06,105.74199999999999,60.083,117.1322684567772,42.801,128.21662937062936,90.11599319727891,,56.24,97.459
2017-08-07,142.812,62.345,109.28699999999999,236.326,99.68537062937064,32.522999999999996,,34.162,169.061
2017-08-08,167.734,87.721,108.51933507853403,206.78199999999998,70.759,105.161,,37.08992354740061,138.127
2017-08-09,110.28,74.056,127.62066492146597,167.285,100.43599999999999,75.85054285714286,,31.338076452599385,137.40800000000002
2017-08-10,141.654,92.97500000000001,129.792,266.574,119.58,86.60145714285714,,113.85414777327935,125.755
2017-08-11,102.52,98.7674875,86.62731954887218,122.56842105263158,112.863,89.274,,52.06785222672065,219.69
2017-08-12,105.765,51.5145125,85.37868045112782,103.69505811403509,159.18,43.45,,13.104,126.88000000000001
2017-08-13,107.032,45.677,43.705000000000005,142.38252083333333,135.9050092879257,126.181,,29.986,78.169
2017-08-14,155.409,50.95,114.6925111111111,129.46699999999998,107.9899907120743,38.81,,43.757,157.435
2017-08-15,92.248,72.594,124.95541672394043,163.526,119.414,35.59,,70.452,160.69899999999998
2017-08-16,141.705,104.467,143.83007216494846,148.53300000000002,107.13,64.886,,71.17999999999999,238.704
2017-08-17,157.03,87.62599999999999,143.62596296296297,163.84,76.602,18.023,,29.264,151.99600959692899
2017-08-18,225.34,74.959,118.92003703703703,175.87,78.552,45.446,,10.463999999999999,229.56101214220146
2017-08-19,133.2043488372093,47.342,70.771,112.079,118.428,65.69407883817428,,8.456000000000001,61.56297826086957
2017-08-20,127.7686511627907,50.623,109.75263483161513,68.62100000000001,62.925,48.737921161825724,,19.073,152.66595372257524
2017-08-21,161.788,61.564,75.70136516838488,176.98457894736842,72.277,56.55,,47.88,167.85184627742478
2017-08-22,164.866,71.003,109.575,98.91942105263158,96.101,11.297,,36.712,206.91405761589405
2017-08-23,189.964,82.416,123.23981818181818,102.091,96.09,58.63584153005465,,54.445,181.28114238410595
2017-08-24,197.334,103.59,112.34018181818182,101.8019375,77.994,28.85892658588738,,75.00267741935484,211.273
2017-08-25,182.266,77.39508518518518,116.516,160.3530625,97.951,62.32523188405797,,80.56032258064516,111.932
2017-08-26,111.67,56.307914814814815,122.77799999999999,230.403,79.656,83.075,,64.635,190.97799999999998
2017-08-27,57.85,54.205,86.39,178.173,128.1123500837521,54.041,,10.465,143.784
2017-08-28,179.305,81.463,74.578,163.14449253731343,97.1856499162479,17.799,,49.58,226.699
2017-08-29,152.05,92.715,101.05003225806452,93.65250746268657,99.398,92.54299999999999,,36.852,203.436
2017-08-30,206.394,83.246,118.79338078541375,188.131,123.96000000000001,65.673,,35.392,172.2959865771812
2017-08-31,201.00199999999998,95.619,97.99762399355878,94.45700000000001,79.806,51.736,,79.652,193.71001342281878
2017-09-01,265.657,77.243,148.83596296296295,158.627,49.231,42.910000000000004,,28.134,226.089
2017-09-02,90.336,46.846,51.872,149.10625098039216,48.945,40.20137037037037,,10.63,144.772
2017-09-03,95.572,61.42,51.425,146.33274901960786,72.804,69.4393569023569,,47.89,41.339
2017-09-04,135.65099999999998,5.737,14.494000000000002,86.706,33.161,65.1111094619666,,22.642999999999997,66.995
2017-09-05,214.47162576687117,77.748,108.487625,80.096,74.482,63.75616326530612,,32.067,191.491
2017-09-06,178.4713742331288,99.548,101.590375,107.948,58.65,56.64652838427947,,46.809000000000005,186.711
2017-09-07,132.201,54.267,145.443,126.798,103.36,40.56047161572052,,52.172,201.80904458598727
2017-09-08,186.138,88.945,126.41919069767442,144.984,104.649,27.65792727272727,,32.024,210.00273479918454
2017-09-09,158.1,70.012,82.19480930232558,127.60259722222223,16.801,31.737072727272725,,35.364000000000004,122.0852206148282
2017-09-10,91.578,48.412,95.2449421965318,122.72440277777777,85.324,58.718,,76.159,112.598
2017-09-11,144.22199999999998,75.438,95.4190578034682,96.06099999999999,85.173,70.05649593495934,,42.375,141.38045381526103
2017-09-12,146.55599999999998,76.801,118.70671653543306,163.688,84.771,21.49250406504065,,67.58086322686323,175.25454618473893
2017-09-13,211.93,72.166,96.01528346456692,168.68322727272727,92.64,65.414,,43.917136773136775,139.92600000000002
2017-09-14,150.165,135.268,138.03900000000002,145.61177272727272,59.179,59.436,,54.798,138.225
2017-09-15,222.81199999999998,97.301,132.57777829043224,108.6128319327731,109.891,36.281,,59.97398214285714,221.52825
2017-09-16,193.91524938271607,76.676,90.70022170956774,145.76495373734872,62.31,132.541,,57.98101785714286,119.60496827411167
2017-09-17,101.66275061728396,43.118,62.168,131.03221432987817,92.42599999999999,66.542,,69.291,132.83078172588833
2017-09-18,159.49767680608363,62.386,105.586,154.416,76.673,99.16147228915662,,55.832,165.801
2017-09-19,207.82332319391634,95.98,127.386,112.962,97.51299999999999,85.47952771084339,,71.254,183.252
2017-09-20,209.204,109.82300000000001,141.778,211.54500000000002,117.33,60.092999999999996,,71.47012413793104,159.082
2017-09-21,145.041,69.188,127.327,165.191,112.103,80.71938497652583,,90.14487586206899,188.071
2017-09-22,211.786,80.776,94.54700000000001,160.26500000000001,91.936,49.65875935337108,,57.834,167.389
2017-09-23,203.96022368421052,38.577,92.01731753554502,137.088,85.476,44.200855670103095,,69.47200000000001,170.052300997322
2017-09-24,94.20277631578948,90.41,70.78768246445497,124.503,71.409,85.07911764705882,,46.833,114.03015912537738
2017-09-25,191.468,97.504,89.67399999999999,138.883,82.20138372093024,86.36737796697626,,42.848,187.2761777139304
2017-09-26,168.389,63.260999999999996,121.254,132.17000000000002,116.40257504195637,37.35441500049005,,63.743,167.7683621633702
2017-09-27,225.812,79.942,95.499,155.13420289855074,85.7580412371134,55.035089385474855,,61.62094140625,148.7217672955975
2017-09-28,163.59799999999998,98.377,92.549,84.89179710144928,81.93571204188481,123.924,,68.33405859375,143.60823270440252
2017-09-29,215.334,76.314,142.462,181.09223529411764,74.97728795811518,57.876000000000005,,75.926,149.272
2017-09-30,166.368,64.987,89.61,102.64076470588236,99.443,71.63325328330207,,28.165,155.1776375
2017-10-01,108.45400000000001,47.901,56.226,149.6356,69.67017333333334,56.77074671669794,,35.476,154.5913625
2017-10-02,151.70640506329113,90.352,124.792,128.72658709677418,102.68113175141242,122.69415783811152,,41.667,174.44497993311037
2017-10-03,272.32759493670886,46.221000000000004,123.97085460452838,183.7848129032258,110.71369491525424,81.74884216188849,,62.479,242.57893793136603
2017-10-04,194.754,107.448,120.99535778485216,136.958,136.84651351351351,81.91886666666667,,107.97300000000001,218.6380821355236
2017-10-05,199.203,92.18900000000001,143.54678761061948,192.672,68.86105386237301,43.58613333333333,,49.499,176.838
2017-10-06,227.901,75.699,120.53,79.39800000000001,81.80843262411348,28.903,,21.666,156.5082641509434
2017-10-07,103.44200000000001,55.587,45.11000000000001,127.388,59.666000000000004,74.39318884120172,,6.885,95.49332100189503
2017-10-08,88.715,42.095,58.852000000000004,124.7113125,76.572,79.94281115879829,,33.309,138.37070896480864
2017-10-09,193.937,65.481,50.335,84.3466875,45.186,42.332,,20.2,203.88145588235295
2017-10-10,187.842,117.894,117.782,214.79,112.56930167597766,61.327,,80.429,232.78747772277228
2017-10-11,154.521,89.932,128.885,180.574,94.9854191362051,15.709999999999999,,67.036,189.6457722772277
2017-10-12,244.17600000000002,91.069,141.269,128.412,123.76240163679685,69.205,,56.838,234.22
2017-10-13,166.537,67.684,141.8467088607595,143.34341134751773,136.05167113819476,95.568,,66.514,238.449
2017-10-14,115.652,46.176,82.4072911392405,133.39216696573527,105.42720641282565,24.694,,27.846,88.71902298850574
2017-10-15,57.246,73.14502127659574,27.455,64.86342168674699,91.429,36.244,,39.30923076923077,147.69697701149425
2017-10-16,203.396,161.52897872340424,68.646,133.29999999999998,113.58741059602649,75.101,,63.32376923076923,168.42390476190477
2017-10-17,264.333,84.711,119.4138584474886,139.558,75.00835863474273,63.869,,67.645,227.83909523809524
2017-10-18,147.464,39.932,122.92278262736747,184.78,93.81181613508443,76.84514285714286,,59.06958208955224,176.69611307420496
2017-10-19,229.803,58.968,136.61935892514396,165.118,110.6137402155417,82.23885714285714,,54.443417910447764,205.71088692579505
2017-10-20,230.316,68.107,82.06364473684211,205.212,60.70567441860465,30.227999999999998,,52.461999999999996,188.22017021276596
2017-10-21,145.565,49.135,67.72135526315789,120.3919761904762,90.083,44.72127564102564,,14.366,96.6421306721898
2017-10-22,120.144,82.724,99.28599999999999,120.97702380952381,89.217,54.27272435897436,,43.066,58.627699115044244
2017-10-23,157.209,58.166000000000004,90.781,99.56561194029851,71.64569014084506,60.938,,41.038,171.527
2017-10-24,164.669,89.18929508196722,85.524125,61.725388059701494,138.72719946954453,30.637,,62.914,170.351
2017-10-25,233.6406203007519,87.8787049180328,92.291875,186.61,85.6301103896104,55.794999999999995,,53.625,184.58679098360656
2017-10-26,269.6502039412711,119.187,69.361,146.745,91.07370312500001,52.939,,69.632,148.52420901639346
2017-10-27,296.533175757977,51.364,74.672,161.973,91.894296875,51.97779372197309,,26.198,205.469
2017-10-28,110.85,76.202,76.74697555555555,52.299,56.19253571428572,35.20320627802691,,55.665,106.82900000000001
2017-10-29,83.797,59.855000000000004,98.18502444444445,53.363,86.92415178571429,73.471,,44.019,113.58900000000001
2017-10-30,185.5,62.936,85.822,179.71827536231885,97.77731250000001,40.730999999999995,,53.004,215.025
2017-10-31,211.499,86.154,97.847,61.761724637681155,50.95,46.364,,84.068,146.80100000000002
2017-11-01,180.14075483870968,74.469,95.089,159.89,81.46000000000001,24.890749206349206,,72.779,236.28431937172775
2017-11-02,332.1282451612903,117.49,88.584,195.389073089701,114.409,70.2577118714951,,59.425000000000004,172.83968062827225
2017-11-03,320.816625,77.292,66.40299999999999,197.866926910299,59.106830357142854,48.26853892215569,,38.312,218.68361374045801
2017-11-04,119.308375,46.858999999999995,55.451,126.941,103.08553896103896,72.911,,31.915,214.385386259542
2017-11-05,91.806,72.312,55.367,142.97899999999998,112.09063068181818,64.011,,29.314,123.60900000000001
2017-11-06,208.385,61.028,74.94500000000001,124.803,66.77446706586827,60.998999999999995,,20.867,191.762
2017-11-07,191.214,127.961,89.64399999999999,203.12103225806453,108.97181293413173,76.95400000000001,,67.158,216.508
2017-11-08,203.392,102.68,146.367,118.6169677419355,74.67972,31.341,,66.551,255.45622772277227
2017-11-09,220.88255032119915,90.967,96.624,143.221,138.9023435582822,85.711,,48.787,226.42538001203434
2017-11-10,251.24944967880086,104.871,104.711,196.612,54.76196370428762,34.77191666666667,,44.801,205.2211206602551
2017-11-11,182.04417632241814,69.158,68.735,185.007,59.12639106145251,45.41608333333333,,36.614000000000004,140.90642438271604
2017-11-12,187.00882367758186,66.41300000000001,84.278,211.15758361774746,83.54856074333516,40.447,,12.193,106.3680589869281
2017-11-13,124.326,94.766,100.82,161.47541638225255,51.83474093264249,49.845,,54.0,203.42178823529412
2017-11-14,224.166,123.565,121.68900000000001,90.356,97.66875,94.15703389830509,,73.97,215.906
2017-11-15,208.37097347480105,107.746,125.29899999999999,144.149,104.19125,88.44496610169492,,61.191,222.4498152866242
2017-11-16,205.65102652519894,87.19500000000001,131.388,181.43771875,78.60113294797688,51.308,,50.14,191.22818471337578
2017-11-17,162.802,129.487,95.52025252525253,123.25828125000001,83.75894223999305,72.39699999999999,,64.945,194.75948388483027
2017-11-18,110.604,54.051,74.76574747474747,97.438,48.883924812030074,55.284000000000006,,34.108,103.59052921560644
2017-11-19,103.54404280155642,72.457,112.63926732673268,139.86545185185184,85.681,16.711999999999996,,32.185,102.43198689956331
2017-11-20,227.3349571984436,105.694,88.31373267326732,153.44154814814814,66.38684821428572,37.577,,50.248,171.036
2017-11-21,219.9378029350105,99.803,100.917,129.502,79.32715178571429,46.699789644012945,,58.648999999999994,150.771
2017-11-22,170.82319706498953,95.263,128.54716326530612,112.477,55.086999999999996,47.19421035598705,,45.643,91.878
2017-11-23,56.696999999999996,21.861,36.60883673469388,40.21,83.682,41.759,,7.144,21.518
2017-11-24,47.115,25.413,76.382,40.550999999999995,31.381,9.532,,16.348,42.298
2017-11-25,132.422,42.60317307692308,63.29,180.85,83.28260927152317,44.894,,,62.173
2017-11-26,12.015,73.50082692307693,38.446,110.49155555555555,73.86139072847682,49.120000000000005,,33.91,105.4
2017-11-27,148.856,139.209,113.96900000000001,76.59995246583482,105.5015,48.318,,36.745999999999995,182.25900000000001
2017-11-28,212.327,127.08691132075471,137.38905988023953,84.56949197860962,106.35183870967742,94.13345818181818,,79.8625909090909,183.963
2017-11-29,201.268,168.2670886792453,133.37894011976047,152.186,59.21166129032258,56.69754181818182,,98.13240909090909,181.4632902584493
2017-11-30,164.901,134.442,107.472,131.75348717948717,80.83538235294118,38.17,,74.2,228.37070974155068
2017-12-01,311.943,102.98,112.826,186.47328266178266,111.69561764705882,55.97157471264367,,48.531,163.905
2017-12-02,105.69500000000001,55.955999999999996,72.675,188.0528606808185,75.982,74.73142528735632,,68.082,99.14699999999999
2017-12-03,104.494,74.91,118.01779735682818,85.61736947791165,72.06,86.10308045977013,,53.563,115.708
2017-12-04,206.078,99.923,137.7572212767122,130.89018072289156,93.75250228310502,73.70291954022989,,57.579,202.5
2017-12-05,267.796,133.572,173.050147046933,142.08981927710843,119.80566792966093,25.355999999999998,,82.074,246.46099999999998
2017-12-06,320.509,96.275,109.25883431952663,177.263,103.22225507459036,23.163,,92.742,225.92335
2017-12-07,237.885,166.688,109.364,132.877,111.5510077023344,25.179,,76.43599999999999,231.47965
2017-12-08,241.201,118.526,111.315,134.6715,83.57456701030928,59.638000000000005,,51.608000000000004,185.414
2017-12-09,95.09671428571428,71.834,84.42,141.32056363636363,90.893,78.0216214511041,,34.177,133.7108827586207
2017-12-10,188.6802857142857,86.656,89.13475471698113,79.05395085638999,75.711,79.25537854889589,,21.438000000000002,171.28242255111383
2017-12-11,210.79500000000002,91.829,132.00524528301887,139.33798550724637,99.45502499999999,53.496,,79.827,153.3537880235988
2017-12-12,271.78499999999997,123.788,149.43321348314606,121.01599999999999,84.76021742424243,34.871,,68.385,190.09790666666666
2017-12-13,240.0821854161019,140.398,155.6613432736107,167.69628846153847,93.55175757575758,62.32856950672646,,90.84811764705883,155.4619295774648
2017-12-14,264.113905492989,140.658,124.51644324324324,147.12771153846154,133.913,62.887483356709666,,97.31888235294117,248.05834734561213
2017-12-15,269.9859090909091,128.052,131.00300000000001,102.679,102.852,59.23294713656387,,81.05799999999999,247.85672307692306
2017-12-16,168.98299999999998,46.784000000000006,55.709,81.82190151515151,79.772,94.948,,31.032,107.547
2017-12-17,66.356,87.969,48.171,59.00909848484849,49.062999999999995,74.357,,45.43299999999999,64.97500000000001
2017-12-18,152.42454285714285,119.735,127.326,176.43104938271605,102.5460826446281,14.658999999999999,,80.533,188.48212716763007
2017-12-19,228.74345714285715,116.657,119.2668294117647,134.92295061728396,123.2449173553719,79.35,,86.726,214.69731033236994
2017-12-20,218.293,133.95600000000002,106.58817058823529,178.677,78.888,48.17478607227645,,90.726,211.3124881070572
2017-12-21,261.44,120.993,141.312,134.61599999999999,103.98,32.78028535629498,,85.413,238.29907439294283
2017-12-22,179.038,114.531,95.525,134.284,115.03107510499852,57.71622512315271,,75.911,102.237
2017-12-23,80.202,42.737,91.83448695652174,63.06747933884297,97.36391454862272,39.39470344827586,,27.979,106.139536720921
2017-12-24,30.107000000000003,46.38,58.45251304347827,89.85752066115703,28.21301034637877,32.266999999999996,,,92.59172119763103
2017-12-25,29.425,8.451,14.329999999999998,18.991999999999997,52.579,67.02971337579618,,38.821000000000005,32.937742081447965
2017-12-26,71.921,88.32300000000001,53.77020833333333,32.988,53.28353987730061,62.45528662420382,,55.033,47.17
2017-12-27,102.168,101.289,83.57679166666667,61.94,37.53287596428355,72.37,,67.818,86.06413913043478
2017-12-28,44.685,99.179,74.062,137.87199999999999,134.15334484217652,29.868,,79.722,135.73086086956522
2017-12-29,36.010999999999996,88.71,87.70100000000001,51.492,107.84323931623932,38.807,,34.745999999999995,94.88937885462553
2017-12-30,112.815,53.26,84.99209067688378,47.453,84.545,108.75097997604439,,32.437,25.39962114537445
2017-12-31,63.068,48.372,87.8199093231162,87.87599999999999,69.03350216450217,56.29302002395561,,2.057,52.539
2018-01-01,55.739,82.671,16.229,64.827,121.49449783549784,50.49,,14.536999999999999,42.567
2018-01-02,130.63,92.313,117.126,124.673,84.71233954451345,56.181,,81.77300000000001,146.064
2018-01-03,190.497,121.881,135.994,123.024,56.03866045548654,33.042,,83.144,118.604
2018-01-04,158.832,155.292,123.064,56.291000000000004,84.984,99.48742857142857,,109.41120833333333,219.70345102505695
2018-01-05,76.751,112.37599999999999,136.942,190.919,68.89396923076923,104.11224012775841,,70.38179166666666,168.81054897494303
2018-01-06,134.308,82.813,96.777,73.208,74.64303076923076,62.08133130081302,,26.512,72.84574683544304
2018-01-07,70.329,59.519999999999996,119.694,172.365,94.83599999999998,83.08524041811847,,60.086,93.76925316455697
2018-01-08,168.679,115.148,86.668,170.34300000000002,74.93299999999999,70.45075958188154,,77.179,181.149
2018-01-09,149.476,169.44,152.637,121.395,107.384,38.279201793721974,,87.307,144.46
2018-01-10,128.516,117.789,108.587,200.54,86.86734101382488,92.90145167162456,,70.256,192.129
2018-01-11,237.82,118.699,140.601,157.719,122.7706589861751,43.60634653465347,,75.093,219.394
2018-01-12,204.168027184466,92.423,163.623,171.033,96.711,56.401,,64.072,202.266
2018-01-13,186.190972815534,75.647,51.292,61.387,100.153,101.65806432311143,,41.217999999999996,110.892
2018-01-14,87.269,112.995,74.71236538461538,122.775,48.687000000000005,82.67611460665444,,21.130000000000003,151.161
2018-01-15,178.84324999999998,101.92,69.19263461538462,151.87900000000002,35.424,91.5837206984869,,60.315999999999995,132.402
2018-01-16,192.22575,117.652,129.3993535911602,200.519,132.602,54.796100371747215,,79.537,176.75
2018-01-17,263.562,116.894,133.0236464088398,165.97808896797153,98.43299999999999,59.25261710037175,,91.06,225.539
2018-01-18,198.237,162.399,140.338,228.34191103202846,64.106,70.19137731303607,,57.933,202.791
2018-01-19,209.315,120.38,158.03176712328766,158.085,134.986,46.98757246557307,,89.165,211.3778260869565
2018-01-20,117.226,81.608,102.74023287671233,155.235,93.208,116.70386628341227,,23.893,102.73917391304347
2018-01-21,106.18,43.028999999999996,68.396,124.30103225806452,93.517,125.75956683760684,,35.472,118.17075417661097
2018-01-22,206.735,101.438,134.836,153.0909677419355,113.11,45.06,,86.20038947368421,235.63724582338904
2018-01-23,138.653,143.102,130.661661971831,166.777,123.57379204339964,65.807,,86.3736105263158,155.11388321167883
2018-01-24,329.303,120.38900000000001,163.24533802816902,207.841,125.85220795660035,41.671,,63.165,210.18411678832115
2018-01-25,258.949,127.151,127.436,142.826,125.2389,43.745000000000005,,104.22143954025834,174.733
2018-01-26,215.277,125.327,109.414,208.2410221060493,80.81309999999999,79.23815555555555,,100.23156045974164,187.984
2018-01-27,141.98378260869566,63.065,104.233,214.85733805906938,98.683,73.07184444444445,,42.869,134.841
2018-01-28,166.26221739130435,78.15065245901638,59.102,131.92963983488133,89.91925,188.51180639097745,,26.564,122.985
2018-01-29,141.679,166.2753475409836,99.699,162.088,128.4969435483871,38.41519360902256,,53.086,175.895
2018-01-30,194.00300000000001,115.786,122.32499999999999,187.914,95.48680645161289,98.20355988857938,,89.217,206.082
2018-01-31,205.212,132.696,135.81448780487804,223.27621501706486,106.618,48.30444011142061,,53.004,167.094
2018-02-01,181.26,133.293,126.80551219512196,209.62378498293515,72.21495918367347,50.67700000000001,,87.49293995859213,200.2002311827957
2018-02-02,210.62244705882352,101.657,181.906,160.364,103.58704081632654,27.588,,107.19806004140786,202.9537688172043
2018-02-03,125.99127366189718,22.82,79.32793902439025,244.89359549915397,91.81292558139535,110.64360869565216,,11.149000000000001,77.393
2018-02-04,53.165279279279275,28.862,86.70140268415247,74.29540450084603,101.91207441860465,21.85139130434783,,41.744,69.22
2018-02-05,185.47,90.213,110.78365829145729,75.533,99.97071034482758,22.136000000000003,,71.863,139.51
2018-02-06,135.258,127.262,133.744,154.6608316831683,113.44678026792258,64.861,,77.361,166.23961780104713
2018-02-07,241.399,126.107,131.079,149.8070529322163,128.41050938724985,17.49497142857143,,95.29,209.8063821989529
2018-02-08,200.385,120.899,124.492,121.67211538461538,136.416,57.664028571428574,,77.91625110132159,156.924
2018-02-09,189.22400000000002,90.058,144.864,202.65754545454547,108.779,35.786,,90.52674889867842,195.1307670338269
2018-02-10,56.207,70.142,82.98100000000001,91.34645454545455,102.123,45.723,,44.511,124.78023296617312
2018-02-11,106.425,48.956,67.43561835748793,44.371,136.985,66.725,,32.127,46.817
2018-02-12,221.023,107.509,118.28038164251208,106.303,88.277,100.62270343580471,,79.558,188.797
2018-02-13,267.825,78.548,126.30048603351955,214.371,95.552,65.8322965641953,,58.696999999999996,203.52100000000002
2018-02-14,247.252,114.678,142.77851396648046,215.609,83.43905360824742,67.709,,89.55177777777777,196.818
2018-02-15,210.707,117.511,102.99300000000001,173.418,181.4659463917526,80.848,,115.15222222222222,179.492
2018-02-16,295.7978893494898,116.334,145.206,172.613,84.21245644599303,131.09172413793104,,65.86,223.74399727520435
2018-02-17,116.1601106505102,46.809,63.756,92.0364366197183,83.56854355400696,97.09927586206896,,,84.16200272479564
2018-02-18,133.84199999999998,58.037000000000006,80.71000000000001,43.34856338028169,83.801,45.65957650184342,,,75.78
2018-02-19,127.62700000000001,22.072,51.846000000000004,109.212,72.227,48.38942349815659,,36.739000000000004,145.49
2018-02-20,173.096,126.07300000000001,113.953,108.09400000000001,102.908,28.262999999999998,,101.843,211.679
2018-02-21,298.8819855670103,131.631,120.029,154.16699999999997,70.091,56.072,,64.336,222.274
2018-02-22,292.29501443298966,94.635,159.726,117.637,90.642,113.63400000000001,,72.3042029972752,246.69550823324295
2018-02-23,210.70499999999998,105.67,123.22300000000001,147.375,61.47,29.387000000000004,,122.78279700272479,160.83349176675708
2018-02-24,146.911,59.907,65.832,148.70600000000002,98.36699999999999,89.33485166418694,,16.253,111.471
2018-02-25,44.67400000000001,44.303,66.167,50.734,106.29613012174508,135.41697929947813,,33.689,82.589
2018-02-26,209.399,86.418,102.203,157.106,145.04386987825492,72.8731690363349,,32.719,152.25627882037534
2018-02-27,220.771,92.602,122.75,196.501,88.987,61.583999999999996,,112.43862906724513,203.58872117962466
2018-02-28,191.335,116.205,143.592,177.56,127.199,70.29225339366516,,102.48637093275487,214.321
2018-03-01,172.7,119.80499999999999,112.556,266.44,67.447,36.50174660633484,,69.786,212.96599999999998
2018-03-02,228.756,95.105,140.321,197.542375,66.522,67.78279802955664,,46.758,212.08782456140352
2018-03-03,71.927,63.961999999999996,86.591,207.924625,71.164,105.4275948275862,,21.898,101.8721754385965
2018-03-04,29.198,85.123,71.544,114.403,99.672,62.17860714285714,,21.21,71.72
2018-03-05,161.851,105.33,118.70444444444445,134.002,95.41,40.946000000000005,,69.32900000000001,246.559
2018-03-06,158.698,134.383,136.35055555555556,125.265,135.317,62.211999999999996,,84.8246375544139,181.12
2018-03-07,287.945,135.74099999999999,135.541,185.564,118.237,98.53779390531417,,105.9133624455861,195.75096398891966
2018-03-08,195.238,111.991,111.041,201.131,78.92699999999999,158.57556056623056,,35.119,181.94203601108032
2018-03-09,301.86899999999997,71.522,143.068,168.58375,113.81099999999999,63.08864552845528,,56.832,218.424
2018-03-10,86.675,28.926,76.57454166666666,170.48525,84.212,46.378,,16.788,74.773
2018-03-11,95.059,72.735,31.262458333333335,40.225,69.587,23.241,,36.829,61.426
2018-03-12,169.449,92.714,116.72800000000001,142.85281379310345,94.785,16.355,,54.936,206.45000000000002
2018-03-13,219.197,109.932,111.102,171.85918620689654,82.349,59.190999999999995,,101.6032600896861,205.245
2018-03-14,241.947,143.717,125.28,175.966,80.33500000000001,78.78699999999999,,90.6137399103139,239.66652818590703
2018-03-15,258.099,153.282,131.89137984496125,161.556,94.719,21.836,,73.855,241.45647181409296
2018-03-16,220.50658620689654,106.89,143.30550644266418,206.306,106.465,85.432,,72.57000000000001,248.249
2018-03-17,201.79841379310344,62.958999999999996,115.31754849498327,125.048,110.9328493150685,47.629999999999995,,26.432,155.154
2018-03-18,110.204,62.516999999999996,59.5165652173913,69.651,101.42215068493151,145.49,,42.206,92.63140449438202
2018-03-19,221.945,91.324,101.829,153.42,128.39600000000002,43.877,,70.82180071174378,187.568595505618
2018-03-20,192.322,108.314,147.175,124.138,70.07600000000001,44.481,,133.14519928825624,195.9204695652174
2018-03-21,259.008,119.856,126.57799999999999,173.528,128.183,54.908,,107.858,223.44014267968055
2018-03-22,262.991,99.327,114.745,174.094,81.253,61.358,,93.949,231.88338775510206
2018-03-23,287.762,158.10899999999998,104.07790322580645,217.2037013888889,125.424,47.65359433962264,,138.01128013582343,257.61400000000003
2018-03-24,128.49,94.193,61.63909677419355,107.8272986111111,124.18219273301739,97.61866265338435,,74.87071986417655,178.072
2018-03-25,79.81899999999999,101.21600000000001,89.822,134.761,148.96980726698263,145.08374300699302,,27.134999999999998,78.241
2018-03-26,241.15698264302293,124.68900000000001,109.54299999999999,167.067,97.644,13.627,,128.526,229.222
2018-03-27,175.88401735697704,121.012,159.89450303030304,179.10798876404493,137.976,61.452,,91.91,212.422
2018-03-28,201.513,115.513,103.20659186020792,253.85501123595503,140.37525,23.584,,123.134,212.942
2018-03-29,279.288,146.445,145.32690510948905,161.391,82.47475,34.662,,119.214,255.72199999999998
2018-03-30,146.396,96.898,130.502,168.1807987804878,103.0645064935065,41.525,,60.18884083044983,255.917
2018-03-31,150.025,43.144,77.32470175438597,127.36020121951219,71.74649350649351,92.378,,84.01915916955016,123.21108726415095
2018-04-01,63.167,47.681,42.697298245614036,66.05743749999999,103.66199999999999,21.973,,23.183,95.32691273584905
2018-04-02,198.57,112.776,128.434,111.2885625,64.115,12.68,,45.995000000000005,141.249
2018-04-03,183.832,131.022,120.177,144.148,43.603,85.926,,51.665,178.43563157894738
2018-04-04,271.625,94.209,125.10799999999999,122.498,69.441,17.916999999999998,,93.25099999999999,223.33184061040174
2018-04-05,224.035,111.213,103.974,243.48146,80.01656936936938,30.787000000000003,,85.346,210.3289352180583
2018-04-06,169.48,67.88799999999999,105.894,190.72286323232322,106.91196004239534,55.539,,93.44120168067226,178.1385925925926
2018-04-07,51.281,46.462,88.5238,131.33267676767676,122.43982262905162,39.94800000000001,,88.45255076232448,107.683
2018-04-08,104.06379850746268,73.464,51.0992,134.227,176.13564795918367,81.281,,73.69424755700325,99.744
2018-04-09,159.50820149253732,97.447,153.3114479452055,140.593,41.474,29.725,,83.967,139.681
2018-04-10,160.5413894736842,112.353,143.00555205479452,120.703,129.592,54.64774468085106,,154.52173502722323,238.02831985940247
2018-04-11,229.9356105263158,159.82,148.60978481012657,210.476,74.021,69.02825531914894,,179.1354412951949,268.93323229636945
2018-04-12,215.028197492163,157.28900000000002,120.75221518987341,109.691,80.88600000000001,36.382999999999996,,125.53582367758186,230.3104478442281
2018-04-13,303.628802507837,118.536,122.643,224.38,135.87805,7.278,,60.884,207.452
2018-04-14,180.45192248062014,47.784,71.657,60.439,132.64793465473144,29.871000000000002,,60.964999999999996,137.177
2018-04-15,150.68607751937984,49.861999999999995,58.293396396396396,138.415,153.01601534526858,102.646,,41.984,84.728
2018-04-16,185.939,131.05599999999998,156.9497117117117,140.917,69.615,22.037,,125.041,176.652
2018-04-17,199.92,144.268,110.30189189189188,216.147,134.97,53.566,,143.864,176.14405689900426
2018-04-18,165.603,199.612,105.809,116.253,109.034,22.012999999999998,,39.169,185.87694310099573
2018-04-19,241.666,194.575,133.513,164.45499999999998,100.517,21.848609836065574,,92.944109375,212.16278787878787
2018-04-20,256.5039117647059,114.412,155.474,193.89645454545456,36.655,66.45939016393442,,92.019890625,203.4711999631574
2018-04-21,81.58808823529412,65.526,80.86,69.62254545454546,97.564,46.903723300970874,,30.565,130.9470121580547
2018-04-22,36.357,81.838,60.489,94.497,113.407,85.65927669902914,,59.587,208.80700000000002
2018-04-23,165.10442116630668,102.991,98.11,159.921,122.827,11.046,,64.37,176.019
2018-04-24,254.38257883369332,110.792,120.27199999999999,160.73,102.79,47.086999999999996,,153.091,151.128
2018-04-25,193.40800000000002,206.41899999999998,154.696,152.058,118.24000334448161,39.49,,116.4016247818499,253.492
2018-04-26,214.4589438596491,153.149,133.9949756097561,176.66,80.81244251539101,18.899,,78.32237521815009,193.547
2018-04-27,276.59205614035085,104.84,95.0020243902439,155.821,84.97511983355805,34.449,,98.73700000000001,182.31163716814157
2018-04-28,117.98167647058824,61.634,78.288,106.04599999999999,224.54643430656935,17.524,,59.761,181.8683628318584
2018-04-29,83.92632352941176,110.93299999999999,86.74,109.67946913580246,87.986,130.558,,60.669000000000004,142.9882207792208
2018-04-30,243.037,174.62900000000002,113.94302921366122,196.40853086419753,74.395,56.31,,83.72549685534591,190.2937251953555
2018-05-01,264.26099999999997,169.707,125.82597078633879,222.43800000000002,131.494,61.404999999999994,,62.92550314465409,255.55728973205365
2018-05-02,214.193,173.771,130.91901445086705,214.769,145.691,42.85069158878505,,52.827999999999996,316.28345348255925
2018-05-03,216.71172413793104,114.486,130.01098554913295,223.512,124.78355379746836,35.810308411214955,,115.16435,172.46721039240077
2018-05-04,247.34584466940842,159.959,95.173,191.496,68.04944620253164,75.91079805825242,,208.59065,180.65510041841003
2018-05-05,130.08843119266055,97.513,106.63610222222222,202.04500000000002,88.507,77.98120194174757,,25.111,120.991
2018-05-06,25.639,128.723,46.98089777777778,106.354,152.41194650205762,67.43799999999999,,42.115009242144176,64.02
2018-05-07,197.5717426778243,128.663,95.74878184131022,136.252,166.02205349794238,38.592999999999996,,130.95399075785582,232.923
2018-05-08,243.90721723778753,102.211,119.01540933516036,172.36,134.037,37.196,,125.184,170.72
2018-05-09,282.8210400843882,148.262,121.36380882352941,170.12,117.12,20.531,,121.41799999999999,222.8359655172414
2018-05-10,181.119,156.09300000000002,119.299,141.692,76.934,22.812,,178.26,190.7700344827586
2018-05-11,240.68449999999999,211.799,135.64363313609468,235.02669005847952,101.506,55.82899999999999,,193.285,234.89138524590163
2018-05-12,155.2265,52.278,65.09423661180449,107.09930994152046,83.90899999999999,7.7490000000000006,,35.827,108.90861475409837
2018-05-13,99.39399999999999,119.80199999999999,87.43513025210083,32.656,119.071,61.63600000000001,,104.32915229935304,100.62227272727273
2018-05-14,225.19952272727272,135.881,83.753,172.99014204545455,104.006,6.41,,200.03084770064697,170.58872727272728
2018-05-15,208.15947727272726,155.287,126.53577777777778,165.51685795454546,128.85400746268655,37.15,,237.238,174.45044613527753
2018-05-16,236.113,130.472,109.38922222222222,205.51500000000001,95.66599253731343,14.411,,192.365,250.45430246807442
2018-05-17,292.701,235.97299999999998,121.99600000000001,177.228,81.392,88.916,,175.579,217.3963059421026
2018-05-18,227.26899697885196,127.902,116.59,172.712,135.28900000000002,38.96478142076503,,75.172,218.85394545454545
2018-05-19,139.21700302114803,91.395,81.256,97.78,116.67963888888889,95.51321857923497,,54.022999999999996,133.4842857142857
2018-05-20,24.542,88.027,96.124,58.065,152.2753611111111,70.87299999999999,,23.06,127.97471428571428
2018-05-21,191.893,133.524,129.56967293375394,162.257,103.663,25.716528301886793,,149.256,152.6672149122807
2018-05-22,248.78,127.854,106.888432948599,130.272,96.366,95.2524716981132,,210.399,145.0689503051106
2018-05-23,298.163,204.23899999999998,108.40843917772716,174.171,83.608,45.559000000000005,,120.863,223.3693158283949
2018-05-24,212.09,164.89,123.89554814210143,153.267,105.18710080645161,69.54899999999999,,177.353,244.73378369325727
2018-05-25,272.59851593499366,177.455,86.80490679781846,190.481,105.07332276042737,46.61943478260869,,149.329,146.369273722495
2018-05-26,148.44848406500634,19.284000000000002,86.09581818181817,22.095,151.11657643312103,76.00656521739131,,93.86699999999999,77.94346153846153
2018-05-27,112.2952055749129,72.45100000000001,53.255379920860385,57.66,140.48672365339579,34.741,,35.599000000000004,61.49501333333333
2018-05-28,157.69295077183634,36.72,65.49680189732143,85.067,137.5302763466042,70.22800000000001,,39.751999999999995,41.843536666666665
2018-05-29,220.08784365325076,207.07,111.74799999999999,172.821,161.099,48.278234375,,175.895,128.53545
2018-05-30,206.364,169.043,149.62992465753425,177.686,105.697,92.63143229166667,,140.102,229.13683870967742
2018-05-31,251.12800000000001,177.882,146.03457534246576,201.471,99.722,39.86633333333333,,159.947,223.02171352956947
2018-06-01,264.7672487060041,151.70499999999998,118.7375,140.368,119.07779649286827,18.823,,148.71788268156425,172.93144776075312
2018-06-02,229.10075129399587,73.012,62.411,168.587,194.45620350713173,60.480999999999995,,78.36511731843574,134.85219691119693
2018-06-03,84.967,63.796,51.872,88.274,87.187625,34.08482937365011,,36.218,86.04880308880308
2018-06-04,261.54692828685256,150.82999999999998,99.547,184.881,141.964375,67.5071706263499,,104.358,174.96972368421052
2018-06-05,210.03307171314742,183.752,80.599,194.685,75.111,35.442,,154.216,156.47882470288624
2018-06-06,198.23713688212928,124.626,111.298,171.77200000000002,67.026,16.763,,95.783,236.717927770445
2018-06-07,282.3816827465179,234.33599999999998,115.181,189.909,143.238,19.18,,184.743,274.52713600178737
2018-06-08,153.47763799847144,144.6,112.647,167.762,89.054,21.685,,142.733,191.11820774588412
2018-06-09,144.08254237288136,71.038,63.915,110.93599999999999,121.69614932126697,23.444,,20.419,119.04618009478673
2018-06-10,90.418,61.063,75.553,87.593,94.33985067873303,56.38068571428571,,32.690999999999995,104.58997368421052
2018-06-11,174.784,120.78800000000001,91.729,173.054,95.58794230769232,55.6343142857143,,170.64,163.72602631578948
2018-06-12,199.022,139.78400000000002,139.18,218.725,107.5420576923077,35.904506493506496,,239.61706741573033,164.425
2018-06-13,212.554,193.676,109.63844405594406,177.686,65.16777777777779,42.77549350649351,,210.75093258426966,211.98993036453382
2018-06-14,208.26,205.377,133.02516627269443,226.854,122.47122222222222,37.35558156028369,,129.376,262.21506097745754
2018-06-15,250.6095332525742,169.386,152.86770580039376,186.5882947368421,30.665,57.51488795191143,,111.86200000000001,165.24200865800864
2018-06-16,179.3544667474258,41.306999999999995,79.28036103632208,147.0597052631579,90.858,78.7865304878049,,32.702,65.866
2018-06-17,31.261,78.421,102.72632283464567,131.378,57.725,29.433,,33.89434082397004,112.09461206896552
2018-06-18,175.428,147.059,117.41016374269006,150.217,49.447,52.73603524229075,,105.13465917602997,174.38398793103448
2018-06-19,203.53921205357142,164.062,156.53741520467835,229.756,103.55,49.701964757709256,,165.505,149.90854285714286
2018-06-20,286.95178794642857,142.194,109.85742105263158,227.926,77.333,41.399,,152.31,232.62300282186948
2018-06-21,114.033,214.00300000000001,118.078,173.076,104.495,108.92319178567213,,212.532,226.15885432098764
2018-06-22,285.5806255280041,159.232,94.394,206.659,96.211,56.89580821432785,,78.595,178.61844444444444
2018-06-23,140.3086402947807,69.303,132.7839875,139.9947167381974,52.732,96.41492416276655,,28.024488372093025,189.66255555555554
2018-06-24,134.2367341772152,87.47,51.0800125,95.45828326180258,86.63069273743017,124.22107583723344,,24.622511627906977,29.328000000000003
2018-06-25,211.022,120.095,99.5167037037037,186.522,64.09130726256983,18.698,,122.304,133.01600000000002
2018-06-26,215.948,161.487,129.22662187769166,161.024,74.589,23.399,,141.195,126.395
2018-06-27,278.602,104.749,141.82667441860465,178.1831617647059,69.362,8.661000000000001,,106.69,132.17892588614393
2018-06-28,260.203,106.643,111.434,239.3108382352941,87.208,16.85790666666667,,122.488,214.82799312794057
2018-06-29,222.20815384615383,156.138,134.026,178.816,75.31700000000001,25.056093333333333,,83.958,172.06108098591548
2018-06-30,132.43684615384615,111.795,136.317,99.898,77.582,19.323719367588932,,84.81157482185273,146.637
2018-07-01,37.612,92.998,59.354,156.375,110.187,73.28328063241106,,28.632425178147265,79.60709539473683
2018-07-02,159.094,103.055,92.731,129.373,89.399,23.71,,157.97,170.9567792033339
2018-07-03,129.539,128.31,120.761,237.469,46.382,34.98971784232365,,83.57885342019544,188.30112540192926
2018-07-04,95.867,52.995,89.967,34.406,89.906,14.888282157676347,,17.911146579804562,79.737
2018-07-05,136.156,144.72936842105264,106.98910334346505,101.14399999999999,53.166,61.51176136300075,,208.83100000000002,205.109
2018-07-06,150.484,143.19463157894737,124.36589665653496,169.17999999999998,101.6054231433506,84.68939840031285,,65.445,204.478
2018-07-07,142.272,41.565,130.368,75.12,95.19557685664941,33.0458890171742,,18.301000000000002,104.277
2018-07-08,45.407000000000004,122.269,92.9,190.117,95.473,55.5669512195122,,64.688,134.4016447935696
2018-07-09,177.445,176.062,133.81211204481792,204.886,92.739,18.739,,216.117,176.1853552064304
2018-07-10,193.59,218.972,148.44862423170767,246.43200000000002,125.07721917808219,11.258701754385964,,190.78260687022902,222.50626597592384
2018-07-11,294.552,197.98,182.36826372347443,184.316,134.0383201477605,45.274298245614034,,132.958393129771,204.81533534740075
2018-07-12,158.359,206.801,59.725,179.35899999999998,97.2314606741573,31.64,,159.637,193.33339867667544
2018-07-13,330.67015841584157,243.019,127.12215584415584,182.655,107.54299999999999,13.199,,87.458,177.888
2018-07-14,203.3308415841584,73.788,89.78800705177176,121.384,68.953,47.14,,53.953,134.404
2018-07-15,80.206,88.43900000000001,76.84983710407239,84.105,93.779,106.09500000000001,,35.605,143.1505816733068
2018-07-16,253.989,212.53900000000002,129.314,166.246,96.001,14.153,,96.76243421052632,203.71841832669324
2018-07-17,195.24,115.04,153.595,154.656,79.425,28.313000000000002,,158.92856578947368,231.10853642384106
2018-07-18,127.462,182.531,137.37,137.709,88.387,43.52512844036697,,98.9126017699115,198.10446357615893
2018-07-19,220.721,149.544,119.96000000000001,168.31,92.018,57.191871559633036,,161.62787768038183,174.84278048780487
2018-07-20,210.222,177.912,131.398,181.414,64.406,15.339,,127.07752054970668,143.4692195121951
2018-07-21,136.926,29.659,48.671,121.13408421052632,79.164,13.129,,57.874,92.38779116465864
2018-07-22,109.782,108.032,88.889,97.3429157894737,102.908,86.878,,14.392,125.33120883534136
2018-07-23,128.74,183.787,113.948,89.853,81.85518266253871,6.51,,96.685,257.4433772522523
2018-07-24,144.896,214.82,109.729,155.586,109.92083820702652,15.447999999999999,,98.222,210.45762274774773
2018-07-25,166.492,194.602,130.847,88.034,148.1759791304348,8.052,,66.574,192.543
2018-07-26,221.02342160278747,161.976,102.222,111.886,97.716,13.283666666666667,,111.896,226.597
2018-07-27,225.16657839721253,183.903,105.479,269.401,28.212,15.637333333333332,,164.835,210.74099999999999
2018-07-28,160.13242666666667,71.81700000000001,88.97800000000001,142.276,78.10123529411764,21.047,,45.949,100.03
2018-07-29,85.74557333333334,105.017,42.321999999999996,58.013,134.83076470588236,80.785,,35.361999999999995,81.92667877973035
2018-07-30,162.052,192.228,86.765,132.916,70.435,36.48599603174603,,87.122,196.68932122026965
2018-07-31,171.264,180.947,74.003,225.507,80.78082071713148,58.043003968253956,,91.631,163.36028682170542
2018-08-01,196.556,255.901,93.068,144.049,103.22517928286851,9.936,,128.263,216.89971317829458
2018-08-02,262.108,169.153,82.839,123.959,71.18,17.189,,72.65479713603818,175.53730379746835
2018-08-03,209.362,220.654,85.405,167.497,66.745,11.933,,118.26320286396181,163.19269620253164
2018-08-04,143.61027411167512,49.44500000000001,66.886,118.155,87.636,19.93937411764706,,27.03,81.958
2018-08-05,140.06872588832488,146.552,81.098,50.650999999999996,79.30499999999999,109.11462588235295,,97.553,103.41600000000001
2018-08-06,204.54745942522604,123.683,126.26100000000001,192.375,61.132999999999996,19.006,,99.14999999999999,193.311
2018-08-07,162.26454057477395,238.497,110.885,200.5797305699482,101.533,21.313,,131.027,112.42
2018-08-08,184.519,138.613,104.268,127.84326943005182,87.66900940438872,38.002,,96.626,185.484
2018-08-09,337.393,174.304,91.935,194.251,99.22699059561128,42.993,,153.86801195219124,146.704
2018-08-10,173.52212738853504,245.218,125.12097891036908,126.02799999999999,83.105,13.384,,151.03898804780874,173.633
2018-08-11,113.55787261146497,91.474,113.73102108963093,122.56213684210528,56.732,19.239,,11.386209677419355,126.18599999999999
2018-08-12,160.541,126.803,53.562,132.21086315789472,109.646,23.462,,49.70779032258065,61.153
2018-08-13,143.332,105.39,143.80700000000002,220.14614644351465,65.857,20.433999999999997,,153.39893090909092,131.017
2018-08-14,193.848,172.661,93.916,236.58085355648535,73.16,15.886762564991335,,155.40606909090909,155.061
2018-08-15,202.67,212.365,134.657,119.83200000000001,64.743,62.95223743500866,,102.86999999999999,186.85399999999998
2018-08-16,194.89033055555555,192.361,48.934999999999995,147.401,53.542,20.308,,158.665,158.936
2018-08-17,296.8383997223955,152.547,117.039,203.402,64.423,42.257000000000005,,99.147,141.02599999999998
2018-08-18,204.27917684279197,61.589000000000006,78.129,118.48599999999999,61.995,23.746000000000002,,42.266999999999996,113.665
2018-08-19,170.23709287925695,169.866,59.236000000000004,117.601,129.54500000000002,87.796,,23.337,65.521
2018-08-20,169.845,141.104,94.112,168.894,76.389,20.9459375,,121.357,175.756
2018-08-21,259.419986970684,165.94400000000002,115.20400000000001,171.62,57.035000000000004,5.138062499999999,,189.43797326203207,123.707
2018-08-22,273.09301302931596,153.086,145.971,153.664,113.553,15.759,,206.3240267379679,249.20744444444443
2018-08-23,199.048,164.502,129.726,157.483,85.992,13.225999999999999,,77.734,227.02755555555555
2018-08-24,282.38189830508475,163.655,106.671,97.5544693877551,65.512,9.565999999999999,,123.452,153.6638455882353
2018-08-25,124.01010169491525,91.98,126.828,162.9065306122449,61.46649685534591,82.173,,42.794,187.24731014946963
2018-08-26,135.933,145.32,111.57129508196721,218.44799999999998,99.74050314465408,169.38936306954437,,39.036,164.22784426229506
2018-08-27,254.912,159.556,140.14470491803277,181.667,92.902,57.51263693045564,,96.117,181.901
2018-08-28,197.165,164.454,71.05,223.47,119.589,15.895297872340425,,152.573,132.045
2018-08-29,258.282,,147.193,241.563,72.31400000000001,36.193520309477755,,144.543,177.78
2018-08-30,222.693,93.807,144.214,166.933,61.64,12.78118181818182,,156.54899999999998,253.19799999999998
2018-08-31,193.26618022834865,148.02100000000002,102.46600000000001,108.706,76.33500000000001,21.054,,184.44299999999998,305.257412371134
2018-09-01,118.89081977165135,22.902,90.97620481927711,38.849000000000004,89.62291176470589,53.465399999999995,,92.92992462311558,67.30058762886598
2018-09-02,100.28200000000001,181.103345323741,130.9157951807229,124.205,121.08397162752027,56.91159999999999,,65.84507537688441,48.314
2018-09-03,47.522,32.920654676259,55.738,86.115,55.80411660777385,86.332,,24.981,89.948
2018-09-04,162.927,175.709,126.64,120.94,89.857,52.982,,235.363,243.085
2018-09-05,175.61599999999999,122.108,136.614,112.11500000000001,85.423,25.43,,137.644,151.83017573221758
2018-09-06,192.522,169.951,133.139,166.052,64.511,56.91801142857143,,145.211,151.97982426778242
2018-09-07,250.373,133.283,102.649,213.47733333333332,72.989,52.22398857142857,,111.79,168.565
2018-09-08,119.675,64.301,87.606,154.22766666666666,60.3623154676259,23.398,,34.553000000000004,134.18809696969697
2018-09-09,120.18153246753248,114.736,57.341,99.825,165.8636845323741,111.63199999999999,,46.657000000000004,51.54790303030303
2018-09-10,304.16446753246754,120.583,135.94,151.946550295858,68.67699999999999,18.062,,82.855,205.13400000000001
2018-09-11,220.61599999999999,134.226,114.77499999999999,157.291449704142,77.979,16.67,,152.96215444015445,162.576
2018-09-12,233.256,161.403,139.72,127.866,104.80499999999999,26.677,,157.00484555984556,206.28586170212765
2018-09-13,239.99,176.43900000000002,108.086,186.924,70.886,41.516,,99.789,151.09213829787234
2018-09-14,195.2819846153846,127.655,96.439,202.86475757575758,94.632,18.538999999999998,,169.36899999999997,205.54359803921568
2018-09-15,119.06401538461539,78.961,125.39200000000001,89.70324242424243,84.92193043478261,42.2649829604299,,30.209,81.51840196078432
2018-09-16,72.316,112.916,62.525999999999996,139.794,95.6480695652174,121.0570170395701,,,41.381
2018-09-17,188.28586503067484,155.125,96.203,132.51999999999998,103.664,21.201999999999998,,151.952,196.51
2018-09-18,150.74513496932516,187.62,100.53,200.546,114.85531578947368,31.933,,127.142,199.827
2018-09-19,186.398,205.04,137.788,188.639,83.61968421052632,7.21,,105.015,171.502
2018-09-20,230.484,220.226,145.549,251.422,58.846000000000004,6.373,,139.58700000000002,250.95600000000002
2018-09-21,247.32,198.297,105.55,161.061,123.32641509433962,54.23361538461538,,114.298,187.172
2018-09-22,260.05600000000004,81.716,113.21600000000001,41.808,95.84358490566038,92.6461623931624,,92.71000000000001,147.80100000000002
2018-09-23,60.707,,100.734,75.657,71.914,98.38064722222222,,82.072,114.537
2018-09-24,153.953,140.613,105.6351038961039,194.74699999999999,79.794,54.26457500000001,,151.799,223.46
2018-09-25,179.649,158.84400000000002,145.2318961038961,117.191,95.394,10.545905829596414,,121.621,184.28
2018-09-26,182.49099999999999,175.909,104.842,181.888,58.552,54.85945131326073,,179.85,262.72
2018-09-27,138.779,142.261,122.19200000000001,169.38267441860467,67.67,47.439350064350066,,164.449,181.21699999999998
2018-09-28,195.99884849128773,139.177,104.209,200.75621447028425,89.05768634686346,47.9002927927928,,125.24886259541985,163.1
2018-09-29,123.41615150871229,68.116,112.73169058295964,113.82111111111111,97.79831365313653,33.525,,28.35513740458015,117.513
2018-09-30,75.334,122.215,54.54130941704036,53.954,88.835,66.882,,65.19413333333334,73.977
2018-10-01,209.686,207.16699999999997,98.68242352941176,213.52,45.299,10.993,,148.24186666666668,148.428
2018-10-02,194.833,122.193,132.52957647058824,219.447,65.288,59.67563304347826,,175.32600000000002,200.08100000000002
2018-10-03,255.398,201.11,121.961,257.27500000000003,94.11399999999999,63.01236695652174,,168.869,176.36346601941747
2018-10-04,245.35215764705885,213.36313073394496,95.78830573248408,208.906,81.50999999999999,47.38765470852018,,198.632,199.5195339805825
2018-10-05,261.39784235294115,220.24086926605506,159.59669426751591,193.82816216216216,100.26971428571429,51.133688148622674,,71.842,230.501
2018-10-06,163.03199999999998,122.639,83.167,82.61083783783783,91.56028571428573,110.9412083239595,,22.808999999999997,77.33500000000001
2018-10-07,145.112,106.405,99.009,47.202,82.024,49.799448818897645,,17.758000000000003,54.224999999999994
2018-10-08,145.005,161.85999999999999,84.342,168.686,100.27900000000001,63.57009090909091,,69.527,140.161
2018-10-09,245.178,182.238,103.724,213.496,84.032,56.47558288770053,,156.581,135.393
2018-10-10,240.28944578313252,157.966,112.05,184.68900000000002,78.871,109.32032620320855,,81.523,195.12762857142857
2018-10-11,241.32855421686747,177.659,100.544,214.554,83.096,16.945999999999998,,220.141,182.2830857142857
2018-10-12,192.804,209.223,159.33700000000002,278.8,127.77868181818182,35.5356,,43.572,159.7832857142857
2018-10-13,237.6153701188455,55.922,91.572,101.351,91.71531818181819,40.73114774774775,,81.999,48.374
2018-10-14,172.3876298811545,105.565,108.295,96.921,91.085,87.88478796653796,,13.413,74.726
2018-10-15,218.535,252.63500000000002,118.44,130.923,66.187,38.693464285714285,,134.76,146.626
2018-10-16,205.236,171.755,90.232,156.392,76.04299999999999,44.810264573991034,,179.935,216.22786857142856
2018-10-17,223.88239156626508,201.971,113.861,258.44,64.825,9.702735426008969,,114.791,185.90013142857143
2018-10-18,244.62860843373494,177.37099999999998,126.25999999999999,276.573,125.141,68.667,,168.799,222.53754851522604
2018-10-19,238.545,163.519,135.98,199.775,65.054,22.6251592920354,,125.838,229.59445148477397
2018-10-20,113.22500000000001,104.946,90.2003754152824,131.482,151.568,109.98175327627061,,44.737,55.525
2018-10-21,64.37,113.2782564102564,97.03562458471761,66.419,113.275,110.276087431694,,95.44399999999999,40.351
2018-10-22,236.553,143.1247435897436,87.88,158.73499999999999,87.925,36.633,,97.061,147.823
2018-10-23,219.04500000000002,172.273,85.255,167.167,37.455,66.13275675675675,,174.529,242.283
2018-10-24,260.3837860962567,172.267,134.41134839650147,162.078,107.712,20.59924324324324,,181.248,236.6202558139535
2018-10-25,354.095189499101,151.797,147.91665160349854,227.14,106.98,23.344488687782803,,125.137,131.8667441860465
2018-10-26,375.3261408429984,174.001,98.953,169.234,47.84947572815534,16.367712225459204,,140.023,192.13365987460816
2018-10-27,182.02788356164382,91.518,59.632,67.17425862068966,105.98102660362348,52.47479908675799,,70.902,135.73434012539187
2018-10-28,169.49202162162163,138.35,40.247,132.61574137931035,159.45049766822117,127.176,,126.247,100.399
2018-10-29,224.7619783783784,176.697,122.883,84.571,73.38547169811321,25.599409691629955,,123.249,190.117
2018-10-30,158.224,145.658,120.404,166.995,90.4935283018868,54.233083663614934,,196.361,132.739
2018-10-31,261.2898723404255,139.089,158.249,164.309,52.812712871287125,59.9235066447551,,106.67599999999999,164.96625
2018-11-01,226.11712765957446,195.298,131.935,282.606,120.64828712871288,55.09187316530013,,166.541,176.09875
2018-11-02,312.17,199.861,132.96419842734494,191.913,79.756,88.89562778829173,,91.281,157.969
2018-11-03,244.339,89.86,95.16580157265507,64.321,107.239,76.58649904640814,,81.01699999999998,113.262
2018-11-04,185.38322222222223,133.96099999999998,125.821,97.008,117.40599999999999,106.106,,60.042,70.251
2018-11-05,232.5847777777778,193.69899999999998,107.695,191.087,83.907,25.826,,181.889,156.9944486251809
2018-11-06,212.815,165.287,134.709,194.388,63.096,46.187429455848815,,195.319,210.10555137481913
2018-11-07,307.46543504531724,255.796,167.03300000000002,246.14,68.884,53.20981692096278,,154.321,156.22748880597015
2018-11-08,292.6875649546828,198.333,117.744,105.797,80.852,58.71032828382189,,149.516,146.14551119402987
2018-11-09,191.72744155844157,164.513,103.48599999999999,159.685,47.252,49.509425339366516,,188.85999999999999,213.752
2018-11-10,268.3407722780364,101.321,121.98899999999999,128.446,60.098,54.989739726027395,,55.715,79.705
2018-11-11,162.856786163522,76.743,73.634,92.133,56.708,120.76726027397261,,27.426000000000002,89.56
2018-11-12,190.887,108.442,97.429,141.843,30.566000000000006,26.165,,90.246,170.922
2018-11-13,202.649,276.716,140.555,263.342,67.96,26.150691629955947,,152.843,188.314
2018-11-14,322.4820909090909,237.749,125.154,204.72,56.717999999999996,42.215308370044056,,209.437,188.7715776699029
2018-11-15,298.28094076511724,196.849,149.137,241.905,64.00699999999999,66.19,,142.9165652173913,167.05342233009708
2018-11-16,250.02596832579187,227.272,110.746,81.1,57.41643750000001,48.336,,144.7684347826087,177.8077037037037
2018-11-17,94.761,52.554,41.431,65.405,76.3175625,91.594,,77.208,83.7912962962963
2018-11-18,112.54846956521739,106.071,73.166,73.2,77.48570448548813,44.98915151515151,,77.2,29.61
2018-11-19,253.7345304347826,110.66,91.341,186.56799999999998,75.03129551451188,130.51684848484848,,246.066,214.51226986506748
2018-11-20,193.336,138.6466912751678,113.36599999999999,141.451,26.27,45.870266055045875,,202.675,191.02773013493254
2018-11-21,71.355,146.5813087248322,128.732,150.643,14.08,9.313733944954128,,119.95700000000001,179.551
2018-11-22,13.393,10.247,67.786,27.176000000000002,42.667,4.071,,14.638,40.023
2018-11-23,128.45775,27.75,69.128,54.035000000000004,111.451,8.973,,6.225999999999999,142.54493015332199
2018-11-24,143.88725,52.094,73.851,83.01400000000001,95.52799999999999,56.184,,54.78,190.23206984667803
2018-11-25,107.764,133.945,56.257999999999996,61.168,45.447,36.166,,33.208,58.774
2018-11-26,220.703,152.336,147.942,132.634,47.376999999999995,29.056,,129.191,172.027
2018-11-27,152.918,185.789,125.161,198.811,91.567,66.17228251121077,,191.532,162.055
2018-11-28,231.948,193.151,119.626,249.23736785162288,112.075,50.14488789237668,,153.808601010101,179.943
2018-11-29,219.9047946127946,272.9499655870445,124.035,258.28763214837716,74.59618292682927,69.11782959641256,,213.049398989899,210.081
2018-11-30,290.6512053872054,243.10103441295547,104.295,218.284,94.05686201699095,,,154.38212839059673,201.50300000000001
2018-12-01,152.938,40.87040449438203,74.081,174.91608988764045,106.85885058859496,32.266999999999996,,54.446871609403246,124.714
2018-12-02,154.88635424354243,132.68359550561797,95.33,63.957910112359556,86.19610446758482,80.37121076233184,,73.55583546734955,132.407
2018-12-03,251.82864575645758,196.20999999999998,134.011,166.015,53.221000000000004,93.85508165644072,,169.98316453265045,240.65800000000002
2018-12-04,197.243,289.461,119.739,230.26200000000003,87.175,42.22670758122743,,248.39100000000002,183.191
2018-12-05,279.2139715302491,206.467,123.473,220.796,86.31583116883117,56.653999999999996,,156.964,237.78902987421384
2018-12-06,260.11102846975086,218.664,132.864,180.093,61.29516883116883,63.095,,146.12601838235295,234.88784915804422
2018-12-07,214.47,161.284,122.688,274.96842372881355,88.11676119402985,84.62508597285068,,110.62098161764708,203.18712096774192
2018-12-08,137.49,27.927,61.502,138.54957627118645,121.61823880597015,73.15891402714931,,36.268,137.65099999999998
2018-12-09,102.75,94.291,65.10350887573964,99.20400000000001,83.224,67.605,,39.105,197.439
2018-12-10,222.1207228915663,218.00900000000001,96.44349112426035,198.418,73.473,28.313000000000002,,59.725,205.409
2018-12-11,284.60427710843373,228.8033710691824,124.116,216.962,119.58699999999999,50.12963706563707,,203.387,191.739
2018-12-12,154.27,261.6616289308176,108.064,277.863037613489,59.431,108.79536293436294,,121.266421875,242.259
2018-12-13,324.84,167.925,139.493,352.283962386511,50.706,42.249041095890405,,176.759578125,236.131
2018-12-14,274.128,192.217,103.012,135.19,60.657821052631576,43.27395890410959,,126.323,264.3032972972973
2018-12-15,176.652,94.189,68.03,98.41999999999999,112.43670730557737,11.353,,41.675,78.6487027027027
2018-12-16,71.655,120.258,71.298,71.468,75.32247164179105,96.34700000000001,,59.297000000000004,119.982
2018-12-17,265.278,292.169,132.175,249.645,74.197,57.14,,117.652,226.172
2018-12-18,373.803,225.994,95.47,238.291,101.998,90.82779534883721,,150.80700000000002,236.119
2018-12-19,278.395,155.704,108.959,188.159,65.86857761732853,35.75220465116279,,197.279,230.00300000000001
2018-12-20,253.14,244.13071717171718,140.62894674556213,199.35399999999998,47.72542238267148,24.205,,155.587,213.792
2018-12-21,236.33600140252454,202.5872828282828,148.18805325443788,128.317,124.99857692307693,61.106044176706824,,66.965,160.339
2018-12-22,206.84699859747545,123.66786187845304,68.636,70.543,43.967423076923076,40.027955823293176,,32.921,180.554
2018-12-23,51.984,121.09013812154696,32.656,109.791,95.90658634538153,76.765,,16.49,52.946
2018-12-24,51.838,2.666,99.53299999999999,80.58293548387097,69.76441365461847,6.072342222222223,,19.566,131.885
2018-12-25,26.173000000000002,19.242,23.979,23.021064516129034,85.153,83.2815073352999,,1.803,52.336
2018-12-26,110.17699999999999,53.702999999999996,94.543,113.209,53.359,51.907150442477885,,52.37200894454383,119.539
2018-12-27,131.094,47.165,152.19,89.193,37.364,8.025,,95.22499105545617,85.321
2018-12-28,141.1978045711351,97.344,93.124,94.899,60.97577272727273,10.163,,31.943,72.288
2018-12-29,106.3373256539453,61.018,54.144999999999996,68.768,28.279227272727272,38.486,,95.657,104.47
2018-12-30,60.344869774919616,99.431,69.23,103.677,70.479,53.5408892733564,,47.13,84.14
2018-12-31,105.83007619047619,20.453000000000003,59.16732722513089,168.44350253807107,34.998,112.0001107266436,,57.413000000000004,122.309
2019-01-01,48.23992380952381,12.357675213675213,35.00667277486911,30.183497461928933,54.666999999999994,42.857191919191926,,25.741999999999997,92.763
2019-01-02,193.892,124.76932478632479,103.285,190.474,26.683,84.09380808080807,,84.142,180.457
2019-01-03,221.06199999999998,163.573,130.781,160.034,89.171,29.319000000000003,,80.343,176.13448464619492
2019-01-04,234.03448571428572,137.339,109.82400000000001,208.598,28.182,59.65700000000001,,123.15200000000002,219.415006262896
2019-01-05,124.36751428571428,86.328,76.243,95.048,58.68058620689656,39.529467289719626,,75.566,149.44104050007718
2019-01-06,208.918,119.287,57.88827356746765,98.608,84.08041379310345,53.704532710280375,,53.134,163.28546859083193
2019-01-07,264.798,87.762,141.85872643253234,251.108,27.011000000000003,60.653,,163.50691666666668,176.00900000000001
2019-01-08,147.403,195.849,144.786,200.245,66.134,43.017,,158.27708333333334,158.22299999999998
2019-01-09,214.72899999999998,178.56,165.072,228.50799999999998,81.336,48.00144923076923,,109.351,284.2851663804207
2019-01-10,269.318,211.326,95.069,207.874,55.072907407407406,77.34355076923076,,125.28,264.2688336195793
2019-01-11,354.134,324.146,161.57114631336404,334.465,88.48909259259258,34.846000000000004,,102.879,217.174
2019-01-12,147.04999999999998,119.822,169.50853674674525,222.966,83.685,82.49084615384615,,75.00134615384616,185.708
2019-01-13,154.914,163.914,137.05370709140587,104.949,108.233,67.31015384615385,,61.882697324414714,78.54899999999999
2019-01-14,295.019,123.5119499136442,189.7906423864458,183.703,80.114,47.955,,124.16795652173913,194.655
2019-01-15,336.96411447084233,168.60405008635578,137.72896746203904,224.121,86.059,19.65053274336283,,214.588,209.909
2019-01-16,206.15588552915764,138.86599999999999,110.35000000000001,282.023,79.004,107.21065046274403,,104.508,190.82500000000002
2019-01-17,360.68804958677686,188.44,151.56300000000002,234.95700000000002,157.86855193482688,75.93081679389313,,178.29,243.943
2019-01-18,326.2493254132232,252.251,138.435,172.89100000000002,126.75716283027378,43.574,,121.255,183.555
2019-01-19,167.271625,103.93977852348993,106.125,140.404,135.12728523489935,123.45701351351352,,57.724000000000004,155.038
2019-01-20,141.645,172.45422147651007,132.22899999999998,124.21745806451614,95.334,58.54898648648648,,40.752,107.38900000000001
2019-01-21,155.066,58.696,56.230000000000004,165.00554193548388,58.085,85.87527642276422,,126.741,153.578
2019-01-22,236.04399999999998,287.131,153.575,173.746,79.60000000000001,72.67112853591345,,179.063,170.346
2019-01-23,233.273,235.714,144.692,171.65583032490974,83.154,47.94259504132231,,172.406,193.83
2019-01-24,317.2627584480601,189.39600000000002,141.30570612244898,323.03216967509024,71.184,86.29141935483871,,153.364,245.73399999999998
2019-01-25,282.4462806354979,125.502,148.44829387755104,298.392,60.773,104.6205806451613,,138.64600000000002,268.4860641025641
2019-01-26,199.57996091644205,87.86526480836237,100.436,133.19,59.189,98.34482692307692,,0.559,132.8849358974359
2019-01-27,90.853,206.6087351916376,57.967999999999996,176.213,72.429,85.72953959276018,,116.51714750957855,99.84929504504504
2019-01-28,283.582,162.544,122.76599999999999,283.403,162.46161410018553,84.70419229225229,,171.46785249042145,222.15970495495498
2019-01-29,232.10349833887042,128.39,111.377,183.43699999999998,97.18338589981447,121.536957748202,,278.5700494296578,191.509
2019-01-30,208.01750166112956,148.409,133.199,236.83335483870968,50.217999999999996,92.9124834437086,,165.7909505703422,226.368
2019-01-31,262.555,219.882,138.591,252.96864516129034,41.944,24.248,,151.932,237.837
2019-02-01,215.636,119.989,84.009,284.771,51.709073170731706,23.162,,133.039,218.555
2019-02-02,192.31900000000002,143.116,114.74124110671937,101.97200000000001,74.8324344280525,34.096,,111.12531847133758,86.86619999999999
2019-02-03,84.166,184.21496511627907,28.63875889328063,130.15,85.7554924012158,92.07308955223881,,47.51368152866242,134.97979999999998
2019-02-04,261.623,120.05803488372092,115.261,267.165,46.927,74.2629104477612,,192.1897185741088,245.356
2019-02-05,252.406,168.088,114.656,285.666,67.306,42.315000000000005,,194.3842814258912,238.016
2019-02-06,390.168,178.93699999999998,143.786,312.857475,89.814,72.988,,244.79,201.064
2019-02-07,328.23,146.772,141.246,209.110525,94.32803539823009,104.37565330348663,,147.197,240.195
2019-02-08,236.85500000000002,205.363,156.69,282.496,110.58897236574508,65.55534669651337,,84.807,233.579
2019-02-09,182.893,168.778,92.922,131.494,92.54299223602484,61.683,,77.53,89.653
2019-02-10,134.87011467889909,160.39066063348417,82.845,134.959,71.9146884816754,104.97500000000001,,125.39201123595505,114.7689136904762
2019-02-11,273.6178853211009,225.45533936651583,112.07100000000001,235.28566666666666,51.27331151832461,41.528999999999996,,164.40998876404495,189.3640863095238
2019-02-12,285.38599999999997,106.527,131.318,258.6213333333333,60.754999999999995,44.129,,184.803,213.063
2019-02-13,294.1427653429603,115.479,136.542,254.82298469387754,41.658,66.596,,146.87,217.852
2019-02-14,300.372418867566,162.455,139.211,337.9735264172336,51.176,57.384,,163.82399999999998,282.346
2019-02-15,186.4498157894737,186.949,133.862,311.6114888888889,40.96,82.8,,116.188,217.34799999999998
2019-02-16,247.704,62.816,102.83999999999999,163.857,63.639,54.145,,46.093,145.833
2019-02-17,111.344,133.006,92.123,102.834,84.27,56.977999999999994,,111.857,48.57599999999999
2019-02-18,182.04,46.023,114.452,147.987,124.2631742587022,51.239000000000004,,127.872,221.042
2019-02-19,254.40158823529413,140.168,122.69071223021582,213.221,92.80282574129781,95.77512918660287,,180.804,185.647
2019-02-20,307.8044117647059,177.901,167.82528776978418,227.475,111.51617703349282,141.72720189283183,,138.42000000000002,253.424
2019-02-21,327.354,182.88742105263157,102.266,348.179,91.84382296650716,173.76591350260864,,232.557,235.222
2019-02-22,224.609,194.05957894736844,141.63,302.474,93.53820202020202,42.001375025799796,,106.264,213.056592
2019-02-23,201.15,145.228,118.965,75.33,113.02379797979799,101.54238039215687,,69.01093446088795,148.192408
2019-02-24,80.995,128.99844915254238,52.368,60.941,99.42999999999999,112.387,,109.52906553911205,82.478
2019-02-25,230.35899999999998,161.14655084745763,123.319,238.625,101.19800000000001,37.241185022026436,,112.67999999999999,153.023
2019-02-26,271.003,114.824,112.929,163.5228765432099,69.869,108.15181497797359,,154.511,175.12
2019-02-27,210.76,134.38648316831683,149.084,191.3426744771983,70.475,90.19,,217.411,183.724
2019-02-28,318.128,189.50851683168318,154.538,172.06944897959184,110.102,69.34949999999999,,293.03000000000003,186.889
2019-03-01,300.529,217.15523355263159,97.661,221.923,77.755,104.5165,,131.669,168.1
2019-03-02,176.829,138.59145918949213,126.87500000000001,97.30799999999999,110.93826315789474,57.743,,56.666,116.478
2019-03-03,94.713,217.1683072578763,64.577,74.91,79.38673684210526,78.84100000000001,,90.678,162.49
2019-03-04,271.77500000000003,89.293,105.529,255.379,133.79351681957186,85.206,,157.464,197.58899999999997
2019-03-05,191.6,135.0,127.112,167.54,102.95948318042814,35.471,,199.423,300.171
2019-03-06,255.51,174.981,122.715,257.44951379310345,63.767,84.11353724604966,,182.68,186.946
2019-03-07,312.51369585253457,174.906,121.455,212.86648620689655,136.64308510638298,44.50528418252176,,149.591,177.963
2019-03-08,235.6975688533478,212.177,152.637,218.514,89.84991489361701,86.77034090909092,,152.952,254.314
2019-03-09,248.29773529411764,71.262,133.205,152.952,73.386,110.93183766233764,,55.410999999999994,169.3291
2019-03-10,95.153,118.765,64.123,67.553,94.614,100.47800000000001,,116.705,60.561899999999994
2019-03-11,253.516,131.67600000000002,116.854,228.42,101.541,81.149,,134.225,182.707
2019-03-12,200.691,171.24165384615384,106.267,222.07,164.96,58.993,,217.867,230.671
2019-03-13,311.587,170.89534615384616,144.46699999999998,259.6353831775701,98.836,113.45700000000001,,184.435,247.028
2019-03-14,240.785,123.481,163.64582636954503,252.8666168224299,56.578,52.378,,172.567,223.7
2019-03-15,307.7107835967603,185.035,161.55117363045494,233.795,103.00099999999999,111.2674787430684,,176.455,190.557
2019-03-16,116.51521640323976,67.648,123.269,106.9324625,129.598,206.8474485296589,,41.97398305084746,58.66
2019-03-17,181.053,133.833,67.808,94.5195375,129.80943121149897,72.13507272727273,,144.94161694915255,142.61499999999998
2019-03-18,338.275,165.35999999999999,100.91199999999999,211.26,146.96256878850102,60.90734812286689,,228.7324,144.53799999999998
2019-03-19,151.184,303.161,115.14,196.18800000000002,81.868,82.80935243166175,,195.386,192.172
2019-03-20,242.31599999999997,170.295,132.015,147.66818,88.564,62.86629944547135,,96.69045652173914,187.008
2019-03-21,233.68900000000002,156.312,132.764,229.92782,98.717,70.7758691588785,,160.76154347826088,257.947
2019-03-22,157.866,170.41400000000002,128.672,226.481,48.697,112.68513084112149,,126.59100000000001,228.097
2019-03-23,140.067,75.89,91.71110282485876,226.487,164.37169620253164,106.84098639455783,,73.13119791666668,106.489
2019-03-24,133.387,74.161,93.93689717514124,35.799,107.03030379746836,72.36801360544219,,113.25880208333334,100.888
2019-03-25,202.94400000000002,129.25938743455498,178.21912891986062,176.14941212121212,72.2303161764706,28.931,,165.767,237.989
2019-03-26,254.151,176.07061256544503,172.07787108013935,229.20922424242426,95.08968382352941,32.785,,231.40900000000002,284.751
2019-03-27,209.135,136.393,124.127,158.31752863636365,151.912,7.747,,173.22749462365593,176.418
2019-03-28,334.913,261.6735547652916,119.5966,213.163835,88.561,65.003,,194.70479525961258,160.945
2019-03-29,214.34240875912408,230.53744523470837,123.4774,172.6247124600639,100.318,33.863,,119.6297101167315,210.38082432432432
2019-03-30,98.09432910495357,125.78210615384616,146.212,53.4402875399361,90.62700000000001,101.1128009118541,,41.0835985915493,83.34217567567568
2019-03-31,144.8242621359223,141.48989384615385,62.49105479452055,59.583,139.3358017429194,100.30207908814589,,141.8974014084507,130.618
2019-04-01,217.102,101.598,109.42994520547946,207.868,71.94064966773892,85.29412,,179.537,133.037
2019-04-02,194.68200000000002,234.109,113.686,174.496,28.12254858934169,4.971,,158.939,182.022
2019-04-03,174.37300000000002,163.34,138.219,132.012,86.495,39.554,,170.669,228.454
2019-04-04,279.349,161.952,133.983,201.25741772151898,27.326701421800948,32.917,,178.713,188.96
2019-04-05,167.756,170.97899999999998,121.806,294.64958227848103,18.346298578199054,20.783,,82.369,176.221
2019-04-06,150.896,116.43284558823531,96.131,172.95999999999998,83.554,55.384,,70.19342857142857,112.879
2019-04-07,73.182,208.15942308804256,60.70399999999999,64.069,98.13600000000001,124.84578082191781,,55.53857142857142,47.43
2019-04-08,246.316,189.17331622938252,79.672,135.782,66.57900000000001,52.932976439492975,,127.90499999999999,185.33
2019-04-09,301.44,155.97239713026778,109.29899999999999,194.698,66.885,76.78424273858921,,180.623,117.515
2019-04-10,281.85801364522416,132.42601796407186,143.62800000000001,173.35877857142856,100.726,66.12163125000001,,128.3463695652174,212.39
2019-04-11,225.58998635477582,212.556,106.815,223.33922142857142,98.00800000000001,85.46236875000001,,227.0696304347826,194.55
2019-04-12,342.53419419537516,166.906,77.351,255.9237777777778,76.862,81.67539724531983,,124.047,249.87
2019-04-13,151.85280580462484,77.527,138.845,140.9442222222222,106.694,80.84860275468019,,10.679999999999998,129.58499999999998
2019-04-14,30.358,163.728,74.373,46.480999999999995,94.16,115.90100000000001,,96.462,25.512
2019-04-15,177.5136679245283,202.277,128.664,185.55,101.45,18.548000000000002,,169.628,211.622
2019-04-16,253.88162882343917,175.648,154.174,206.375,102.314,107.34297668650794,,197.8263,220.8954458598726
2019-04-17,210.20270325203253,241.237,102.315,268.121,105.93,90.57802331349207,,230.2977,211.0635541401274
2019-04-18,250.237,258.901,117.84,134.99,55.08,19.067,,217.053,217.631
2019-04-19,171.09220245398774,237.82999999999998,78.459,209.279,37.958999999999996,8.754,,137.85999999999999,194.33599999999998
2019-04-20,109.34179754601227,71.408,102.69500000000001,73.42,61.81,139.094,,76.226,54.833
2019-04-21,78.596,102.281,48.49,106.32600000000001,97.213,61.936,,82.475,125.839
2019-04-22,275.09139299610894,251.162,107.55199999999999,183.41299999999998,107.101,56.06735326086957,,169.53,198.655
2019-04-23,215.43960700389107,251.7593775510204,118.17099999999999,197.822,99.186,90.92664673913043,,196.948,196.14600000000002
2019-04-24,194.703,253.15562244897959,120.94185542168675,192.06900000000002,91.591,49.4901801242236,,152.511,226.35024025974025
2019-04-25,227.98335156250002,257.808,120.32414457831325,149.483,51.195,72.3638198757764,,100.529,226.67175974025974
2019-04-26,335.2956484375,203.55,132.024,185.066,62.661,36.758,,121.4,200.398
2019-04-27,120.628,114.47906772908367,92.449,156.87300000000002,113.655,112.07848648648648,,97.25747708408517,149.793
2019-04-28,57.617000000000004,192.60343996322405,76.451,31.909,103.988,73.63168037682541,,90.72852291591484,86.648
2019-04-29,337.35,302.4804923076923,93.377,228.93200000000002,100.33,132.34395225894517,,204.864,218.477
2019-04-30,403.7960184501845,152.563,117.302,183.448,46.932,43.71388087774295,,132.956,171.306
2019-05-01,214.9169815498155,228.512,143.494,152.776,145.586,68.73,,154.94464,222.393
2019-05-02,233.861,192.276,135.172,260.315,50.144999999999996,59.080000000000005,,105.20936,232.484
2019-05-03,311.15654545454544,198.707,149.054,264.144,94.827,56.81257528957529,,83.45874698795181,263.16454503901383
2019-05-04,134.68153617810762,143.171,130.23,201.923,115.01363636363635,101.54119698765244,,41.7992530120482,93.49632973412594
2019-05-05,191.34091836734694,134.335,59.414,60.606,123.62636363636364,115.45822772277228,,117.91,122.06812522686026
2019-05-06,227.02700000000002,173.588,136.346,272.976,69.278,36.564,,154.337,186.351
2019-05-07,221.45034090909093,156.079,122.795,234.193,74.572,27.701,,126.54499999999999,183.305
2019-05-08,170.57565909090908,240.92000000000002,150.849,212.1717558139535,121.378,86.178,,139.392,231.749
2019-05-09,166.94899999999998,244.131,109.571,204.07524418604652,97.54899999999999,31.326,,128.9131157894737,136.644
2019-05-10,190.459375,326.481,105.081,226.545,63.988,74.713,,125.56096501860712,216.43389484978542
2019-05-11,124.537625,108.07088537549407,118.36699999999999,126.24899999999998,87.699,90.514,,63.36539376819038,136.9901051502146
2019-05-12,79.785,134.07711462450592,90.671,46.43,113.853,61.62799999999999,,129.90068613801452,101.80199999999999
2019-05-13,347.998,230.19,148.618,203.677,122.166,58.659,,161.7308392857143,156.032
2019-05-14,186.936,201.682,109.09100000000001,156.709,71.397,141.02599999999998,,149.669,194.356
2019-05-15,200.175,229.763,139.11599999999999,241.05,96.57000000000001,36.57162469733656,,145.984,238.82493059203668
2019-05-16,310.996,200.297,167.259,258.905,80.995,124.40037530266345,,248.638,207.13306940796332
2019-05-17,231.752,225.67100000000002,137.35972727272727,243.107,88.68599999999999,90.21,,111.59599999999999,164.35560283687943
2019-05-18,89.271,85.99263843236409,118.81927272727273,114.74782142857143,107.72547500000002,56.503,,20.282,107.46839716312056
2019-05-19,141.09199999999998,184.8503615676359,73.322,95.45217857142858,102.721525,24.868,,69.00399999999999,123.41360377358491
2019-05-20,333.868,219.817,146.513,188.37339285714285,80.973,82.6883919115691,,219.544,157.5663962264151
2019-05-21,196.066,263.9744306930693,106.296,202.01760714285714,79.71,148.1486080884309,,183.464,168.57000000000002
2019-05-22,232.15,158.7765693069307,122.777,141.975,123.025,43.148,,178.79,278.072
2019-05-23,171.578,206.394,146.216,269.361,90.002,59.863,,236.033,201.141
2019-05-24,214.843,232.19,119.65538938053098,230.90099999999998,49.9,48.651,,146.87504732957012,180.3181168539326
2019-05-25,140.784,106.041,132.24361061946902,114.088,107.074,100.42311415525114,,74.68795267042988,116.30478584877012
2019-05-26,58.044000000000004,157.22299999999998,20.512,132.192,77.425,55.68031335404254,,22.802,91.9510972972973
2019-05-27,33.875,78.52499999999999,36.149,37.6,79.54899999999999,127.09757249070633,,50.047,57.910000000000004
2019-05-28,190.137,213.635,136.709,245.73,39.986999999999995,79.50378700361011,,181.133,179.486
2019-05-29,221.816,282.8006363636364,112.985,224.993,80.664,73.2002129963899,,200.97203333333334,170.799
2019-05-30,266.184,211.13336363636364,101.06099999999999,190.714,96.163,94.19194163424125,,203.75796666666668,192.073
2019-05-31,268.902,285.247,151.00900000000001,207.93,78.80499999999999,43.59756527483448,,155.911,244.428
2019-06-01,105.434,166.31926086309522,90.259,162.098,107.344,143.2184739423217,,39.425,102.114
2019-06-02,72.799,207.36331404979677,102.68900000000001,86.37468333333334,104.299,144.56901914860256,,41.177,82.844
2019-06-03,186.633,256.586425087108,123.48203007518796,280.8213166666667,78.118,52.359,,199.37199999999999,190.59
2019-06-04,219.61800000000002,174.336,120.74196992481203,195.72500000000002,37.005,30.59,,203.029,182.09199999999998
2019-06-05,295.536,188.286,109.288,202.055,50.298,46.363,,177.627,235.518
2019-06-06,292.7808493975904,214.275,150.156,237.203,59.456,64.132,,202.495,172.246
2019-06-07,398.93001287785876,210.143,151.834,187.09,85.49799999999999,26.093999999999998,,192.858,189.30335632183906
2019-06-08,291.6721377245509,97.008,98.585,121.615,59.620999999999995,78.826,,39.096000000000004,247.34230342919827
2019-06-09,132.63,182.20526829268292,41.984,117.292,68.398,91.52699999999999,,89.403,53.099340248962655
2019-06-10,215.013,257.5967317073171,132.525,241.369,71.85233168316832,51.198,,221.073,156.759
2019-06-11,196.626,176.81799999999998,135.882,258.19,120.36166831683167,80.19500000000001,,142.39499999999998,251.729
2019-06-12,225.192,267.22700000000003,111.041,299.74385454545455,47.036,125.329,,162.983,158.686
2019-06-13,257.9147853881279,231.879,99.209,253.62114545454546,75.009,53.34,,182.52700000000002,263.043
2019-06-14,227.66402436313385,296.616,139.115,261.044,78.92920895348837,29.135,,153.913,125.94200000000001
2019-06-15,115.12919024873828,150.198,82.523,68.928,104.38079104651162,27.693,,53.339999999999996,62.538000000000004
2019-06-16,101.98,163.25542222222222,104.331,118.884,69.54899999999999,61.374,,72.118,114.35000000000001
2019-06-17,228.8,220.97157777777778,151.543,225.23,71.115,62.736000000000004,,203.18,216.339
2019-06-18,156.452,180.223,116.52625077399381,208.23,79.587,33.792,,172.515,138.312
2019-06-19,176.48863346613547,239.886,117.0857492260062,210.137,21.283,41.632999999999996,,178.02626637554584,143.8818031496063
2019-06-20,277.83736653386455,294.01228125,117.17308196721311,174.94299999999998,60.745,56.906,,203.98973362445415,201.2121968503937
2019-06-21,264.03467346938777,177.56971875,155.50991803278689,251.33599999999998,75.35199999999999,87.5424,,109.525,235.12214238410596
2019-06-22,156.31632653061223,94.416,73.49300000000001,144.901,118.89358708672513,55.67759999999999,,72.591,165.61085761589405
2019-06-23,128.679,125.888,84.83200000000001,127.78,170.18741291327484,33.754,,93.25,72.3831472868217
2019-06-24,189.337,171.785,98.527,240.18,41.944,66.709,,232.641,211.1208527131783
2019-06-25,213.16,209.125,115.413,206.87,37.186,36.972,,200.029,223.17600000000002
2019-06-26,281.946,159.58599999999998,133.047,210.35528402366864,47.902,77.26100000000001,,222.369,158.462
2019-06-27,130.666,223.477,120.429,248.19771597633135,38.661,14.155,,249.97545193687233,209.61599999999999
2019-06-28,200.3624632379203,133.105,99.58500000000001,255.084,41.556,49.66379572446556,,121.43154806312768,186.22
2019-06-29,224.75773917899812,134.50662068965516,102.291,145.96068656716417,110.504,74.19120427553445,,80.241,182.8004361493124
2019-06-30,113.15479758308157,134.53737931034482,60.727,83.67331343283583,63.087999999999994,17.697,,46.038000000000004,188.66956385068764
2019-07-01,182.84799999999998,145.479,146.006,196.46,92.00257213930348,66.84008695652173,,217.00559760956176,186.294
2019-07-02,154.232,261.078,131.73399999999998,144.377,75.68442786069653,31.846085306251982,,186.0857744834615,206.681
2019-07-03,187.167,297.0947247706422,131.45499999999998,178.427,37.07557839721254,149.1468277372263,,158.22862790697673,147.935
2019-07-04,26.958000000000002,56.88293160857515,30.051000000000002,72.22874242424241,99.22042160278745,50.087999999999994,,71.008,47.603
2019-07-05,77.271,232.40334362078264,82.397,123.60525757575758,51.690000000000005,38.899,,131.2392210095498,148.057125
2019-07-06,119.056,71.07816920943135,33.815,95.033,53.620999999999995,103.33500000000001,,135.60077899045018,108.28387500000001
2019-07-07,40.239,143.65883079056866,40.225,75.95502906505563,35.242999999999995,41.412,,63.902,95.49000000000001
2019-07-08,197.494,215.726,51.565,303.42097093494436,34.341,36.236,,165.90300000000002,148.82
2019-07-09,152.32999999999998,237.70499999999998,81.388,204.055,35.340999999999994,43.599,,250.09417834394904,107.731
2019-07-10,264.62600000000003,229.2106804979253,81.54299999999999,212.59,66.481,52.80126554621849,,319.645821656051,180.535515625
2019-07-11,237.483,267.9383195020747,97.107,180.816,46.388000000000005,109.4346207097057,,168.848,197.467484375
2019-07-12,304.897,267.507,78.45,335.136,26.899,84.51611033110653,,187.56733744063663,259.112
2019-07-13,187.17275,208.01353768844223,91.345,153.069,81.759,85.0640034129693,,173.31560751349178,107.067
2019-07-14,65.45025,164.13646231155778,82.137,77.83,49.937,83.006,,95.38241030902948,37.147
2019-07-15,294.611,196.963,83.54924369747899,183.25,31.328,59.424,,169.7316447368421,181.466
2019-07-16,234.47508510638298,320.13020454545455,56.82275630252101,249.316,72.22873919753087,63.366,,183.719,180.49439765100672
2019-07-17,285.829914893617,175.87145517676768,121.917,218.571,62.60226080246915,73.607,,206.166,247.5785768712863
2019-07-18,168.344,371.81734027777776,92.18999999999998,332.03594488188975,56.441,12.381,,117.885,171.78602547770703
2019-07-19,263.7888208955224,236.339,78.259,304.04605511811025,65.884,65.86998608964451,,135.524,188.355
2019-07-20,97.60817910447761,126.2821908064476,60.074,194.331,69.584,129.5270139103555,,49.138,117.56
2019-07-21,59.02,181.9668091935524,56.229,130.618,73.663,134.05100000000002,,76.989,129.844
2019-07-22,262.113,178.214,84.677,278.28000000000003,22.868000000000002,41.802,,158.54,140.322
2019-07-23,154.111,253.874,72.058,151.212,32.474000000000004,27.000243243243244,,238.40800000000002,138.328
2019-07-24,256.314,271.90475,84.256,233.791,35.174,44.65575675675675,,249.6184894859813,213.082
2019-07-25,307.543816955684,271.43625000000003,74.956,245.3,62.386,4.365,,288.87315590988914,191.203
2019-07-26,268.5112393493013,244.9375762208068,72.747,255.529,32.88454054054054,82.31327886323268,,172.08235460412956,153.59
2019-07-27,161.85720202834798,225.93908589523417,45.335,63.473,46.016459459459455,85.51572113676731,,83.1522987012987,163.60399999999998
2019-07-28,150.42774166666666,157.68433788395905,58.393,82.535,50.516,118.07,,109.0207012987013,143.818
2019-07-29,160.182,225.457,86.921,286.847,80.681,62.843,,144.609,166.642
2019-07-30,172.66,323.59,122.306,258.28000000000003,15.627,106.90018093699516,,220.86100000000002,103.634
2019-07-31,193.40099999999998,305.4425945945946,95.945,184.29,58.230000000000004,31.196819063004835,,204.55047796610168,151.48314288562315
2019-08-01,277.169,347.6464054054054,137.102,230.848,60.61753924914676,84.1360316344464,,215.7825220338983,234.18685711437686
2019-08-02,253.8706617647059,225.755,123.314,189.393,44.45346075085324,208.2146025968807,,55.36040160379078,161.89600000000002
2019-08-03,114.25233823529412,56.307,101.47,205.27,55.354,104.5423657686729,,161.72456746837418,120.322
2019-08-04,98.86492952380952,182.643,39.631,118.94900000000001,97.18,43.52138862559242,,109.22203092783506,90.918
2019-08-05,139.74607047619048,246.293,144.322,142.354,67.02538675958188,87.33361137440758,,89.528,220.21599999999998
2019-08-06,213.735,207.147,137.35399999999998,153.509,114.88261324041811,30.003,,196.679,132.328
2019-08-07,217.701,261.09074402730374,112.789,282.139,48.981,103.32496923076923,,180.14000000000001,220.21474242424242
2019-08-08,243.89600000000002,282.88825597269624,117.837,143.74,72.456,94.35181225071226,,216.174,262.2502575757576
2019-08-09,292.02,239.495,115.70700000000001,208.597,37.542,144.5612185185185,,91.7009075151862,156.709
2019-08-10,144.03900000000002,80.226,88.64824083769633,155.43099999999998,100.77253591160222,55.285999999999994,,144.81709248481377,82.42099999999999
2019-08-11,98.33,158.0714794117647,93.83875916230366,64.416,102.07044713924525,89.918,,68.71702409638554,77.774
2019-08-12,268.243,289.7715205882353,131.104,138.86599999999999,92.61901694915254,90.103,,207.00497590361445,279.546
2019-08-13,226.847,220.18,117.449,219.458,41.327999999999996,133.96964292921967,,233.55215546218488,209.492
2019-08-14,281.44,258.799,143.726,188.101,65.588,146.72269371942895,,152.63284453781512,281.08
2019-08-15,244.72799999999998,341.68901612903227,102.163,341.629,88.77249824450328,155.47518490711516,,221.23213798219587,294.595
2019-08-16,194.223,284.85936926139595,97.467,209.204,131.96850175549673,59.09347844423618,,223.4701371500793,179.739
2019-08-17,99.65086440677966,161.3346146095718,113.305,118.428,114.978,45.991902439024386,,44.76272486772486,60.68
2019-08-18,121.66913559322035,137.761,125.531,81.48100000000001,95.274,140.95364100489346,,44.456,102.44500000000001
2019-08-19,203.55105870841487,284.8005233918129,156.95999999999998,173.102,110.894,79.38445655608213,,289.04200000000003,245.411
2019-08-20,193.66494129158514,232.51978816597608,138.157,245.32299999999998,98.65083870967742,108.5425613567622,,177.53859778597786,189.64000000000001
2019-08-21,226.984,288.38868844221105,110.11099999999999,258.558,114.97216129032259,107.30635059292334,,351.88340221402217,208.952
2019-08-22,181.65099999999998,295.17489513108615,113.438,215.162,73.816,117.43308805031447,,214.772,253.645
2019-08-23,249.228,228.79110486891386,129.206,241.196,70.716,95.90037323943662,,136.082,169.726
2019-08-24,127.082,87.56470967741936,134.896,166.502,72.506,129.6186267605634,,48.732,174.722
2019-08-25,100.236,174.83729032258066,127.76399999999998,182.305,89.328,77.69956347826087,,84.03495454545454,172.69
2019-08-26,154.641,232.613,121.14099999999999,198.107,49.611999999999995,130.1386745255779,,208.22476420454547,248.78640067340066
2019-08-27,152.277,192.52142372881357,178.102,276.728,53.098,108.560616300797,,233.80228125,245.72559932659934
2019-08-28,254.078,336.07557627118643,87.56,198.744,40.432,111.71714569536424,,250.429,173.85876303317534
2019-08-29,261.40000000000003,89.673,106.30248155737705,125.991,76.91918181818181,52.897999999999996,,224.01799999999997,167.19923696682466
2019-08-30,275.257,,170.19851844262294,152.375,91.0938181818182,22.171999999999997,,141.247,162.74828402366865
2019-08-31,153.868,,79.56055789473685,146.17625806451613,107.77575,82.93812186379928,,94.68599999999999,82.98971597633135
2019-09-01,105.269,,36.030442105263155,145.85874193548386,86.27180652173914,205.02098924731183,,119.913,41.226
2019-09-02,122.628,,81.54862195121952,66.562,108.43844347826087,71.270602124183,,123.572,54.409
2019-09-03,205.489,170.649,120.3823780487805,213.09199999999998,57.229,126.1997180147059,,260.725,205.661
2019-09-04,175.418,253.01034782608696,104.6,268.51099999999997,75.91016666666667,62.02556875,,225.587,145.5426111111111
2019-09-05,255.2020684596577,258.58265217391306,135.058,184.959,40.60183333333334,98.42230281690141,,172.98803225806452,162.3413888888889
2019-09-06,201.07693154034231,296.992,123.62296296296297,352.29415384615385,63.452999999999996,112.15892815212288,,183.23896774193548,248.21971250548486
2019-09-07,191.195,110.62190282131661,87.66003703703704,255.15984615384616,99.348,158.9727690309757,,77.433,113.77128749451514
2019-09-08,59.598,230.75709717868338,50.496,74.064,140.93699999999998,61.288000000000004,,71.73299999999999,57.692
2019-09-09,268.317,207.048,126.288,116.161,44.783,74.10143409490334,,208.607,182.246
2019-09-10,163.216,206.247,121.961,189.549,93.908,59.69156590509666,,262.014,186.04600000000002
2019-09-11,343.5258793103448,170.05045454545453,130.531,246.375,93.63779104477612,61.51082624113475,,198.803,226.565
2019-09-12,235.8901206896552,240.57254545454546,106.272,219.94,97.55620895522388,61.82659683578832,,169.221,227.277
2019-09-13,285.141,219.197,118.755,198.909,64.103,83.47482808586761,,181.78400000000002,259.725
2019-09-14,162.70427272727272,105.423,85.328,125.836,117.32600000000001,51.66274883720931,,131.016140625,193.80799757281554
2019-09-15,70.62372727272728,168.30803773584907,51.952,153.802,99.07900000000001,142.519,,68.683859375,181.7427865600258
2019-09-16,261.2082534562212,226.57496226415094,86.776,208.62199999999999,72.209,31.958999999999996,,141.48399999999998,239.00021586715866
2019-09-17,247.36374654377877,163.32383050847457,123.07900000000001,153.28,131.78300000000002,93.66445619086795,,204.522,247.453
2019-09-18,166.45,180.35716949152544,111.108,185.493,78.917,122.61599010984804,,157.834,217.407
2019-09-19,202.63,267.4325714285714,100.99,219.024,215.61870892018783,102.085428699284,,188.096,281.677
2019-09-20,351.352,186.73942857142856,174.632,239.855,94.82729107981221,59.347125,,184.532,289.65000000000003
2019-09-21,196.2967896678967,158.36524795081968,107.497,113.254,162.01846801872077,84.042,,152.375,205.92155172413794
2019-09-22,119.22621033210332,201.2637520491803,62.085,106.01,180.02053198127925,50.473,,69.94,147.21144827586207
2019-09-23,243.643,251.429,160.6536814159292,248.69,82.3635094736842,47.127,,245.636,243.78699999999998
2019-09-24,251.29500000000002,211.62099999999998,137.8333185840708,284.883,98.29549052631577,97.66600000000001,,136.873,244.115
2019-09-25,186.92600000000002,251.24200000000002,116.766,221.21529032258064,62.89,32.649316831683166,,159.90200000000002,206.921
2019-09-26,282.553,244.51999999999998,134.39000000000001,203.57170967741934,103.763,110.92649426017125,,200.543,299.647
2019-09-27,285.322,168.269,121.907,298.772,75.69789928057554,88.37762048709295,,133.563,255.549
2019-09-28,194.59199999999998,86.483,70.847,121.0389493670886,210.38483907862624,87.78937040125065,,90.411,236.321
2019-09-29,137.267,198.016,46.867,115.8870506329114,156.20401312008818,133.10919801980197,,52.562,156.793
2019-09-30,148.876,260.898,112.631,288.751,111.31424852071005,14.128,,252.391,277.7
2019-10-01,267.3298045112782,209.217,125.41,208.1,80.247,12.319,,179.786,291.92864285714285
2019-10-02,244.5631954887218,247.133,179.944,203.034,77.69388118811881,59.963,,184.171,339.70335714285716
2019-10-03,256.781,261.22316438356165,170.9594820143885,189.695,69.13911881188119,33.27039575971732,,248.052,293.35489111747853
2019-10-04,236.9667712729515,270.5259894625922,168.4115179856115,213.597,109.6426511627907,106.86860424028269,,126.105,306.88310888252147
2019-10-05,167.30322872704852,205.65884615384616,106.69,105.821,233.53534883720928,28.171,,76.06200000000001,210.412
2019-10-06,119.739,220.323,88.502,61.964,126.33,124.94470862383605,,135.293,68.21
2019-10-07,211.83599999999998,184.069,144.126,197.476,161.8461481564748,68.18026595243514,,224.292,269.457
2019-10-08,160.93200000000002,169.723,110.211,293.112,103.25685184352518,65.1650254237288,,183.544,205.191
2019-10-09,239.705,294.553,142.661,307.999,103.611,81.24317712177121,,200.297,358.9169135802469
2019-10-10,238.69,295.558,157.284,190.014,124.274,55.198822878228775,,246.583,317.9560864197531
2019-10-11,241.80170238095238,256.676,138.835,234.37800000000001,79.609,55.349,,142.372,210.154
2019-10-12,130.88573065476191,143.95823943661972,88.594,142.33,131.56099999999998,79.5274966442953,,45.132660550458716,172.36100000000002
2019-10-13,140.6945669642857,261.8217605633803,98.28500000000001,171.669,122.888,129.8105033557047,,135.0183394495413,123.25395188284519
2019-10-14,166.683,230.85951351351352,82.01299999999999,177.693,36.978,29.719,,133.998,182.088396741008
2019-10-15,268.68399999999997,175.6314864864865,134.578,147.185,109.309,118.17814313346229,,215.457,265.5356513761468
2019-10-16,282.3224941451991,288.991,108.179,241.221,123.908,95.55185686653772,,185.136,267.3358169259312
2019-10-17,250.9748565657014,277.194,141.302,319.169,92.606,51.28005617977528,,158.73899999999998,248.3971830740688
2019-10-18,271.8156492890995,241.87800000000001,154.954,223.34,92.825,78.26569731672821,,115.906,267.845
2019-10-19,171.696,136.42000000000002,145.399,179.483,135.901,135.3872465034965,,113.432,140.882
2019-10-20,180.483,201.92926043165468,92.76400000000001,161.723,109.211,130.276,,127.012,102.179
2019-10-21,210.618,286.4374278800336,130.61599999999999,175.02,78.443,76.22800000000001,,128.796,211.818
2019-10-22,119.136,290.8966531517263,124.935,224.344,73.96600000000001,30.251546460176993,,218.75244943820226,269.529
2019-10-23,247.73375235849056,296.47345483288166,129.09,312.044,88.79500000000002,113.12478592618665,,205.62255056179774,308.67322033898307
2019-10-24,371.1294625947805,253.86820370370373,115.545,202.308,134.296,41.541667613636356,,139.564,283.9907796610169
2019-10-25,294.507785046729,192.1109705882353,131.47,242.66899999999998,141.393,101.73677593208768,,122.196,299.7352335766423
2019-10-26,100.854,109.6911294117647,155.75900000000001,152.435,92.401,62.515224067912314,,114.31299999999999,190.34806131401714
2019-10-27,90.00099999999999,177.18490000000003,53.221000000000004,144.757,181.8664530612245,156.85547834950455,,89.004,185.10580370088982
2019-10-28,258.474,315.4726651162791,126.236,278.418,133.6085469387755,102.24452165049546,,193.066,247.2519014084507
2019-10-29,302.3715053763441,276.0683348837209,151.98,260.355,90.409,87.74101830084098,,215.97,277.325
2019-10-30,323.8884946236559,243.384,174.234171875,224.829,56.915,93.45467354410198,,207.95499999999998,188.166
2019-10-31,162.73499999999999,285.68089634146344,113.099828125,207.179,111.715,78.13730815505703,,176.04999999999998,234.516
2019-11-01,267.694,287.9903211859231,136.7220277777778,276.262,82.589,64.63965695067265,,213.666,238.434
2019-11-02,218.98499999999999,153.87278247261347,76.80897222222222,184.408,140.499,156.76534304932733,,127.14599999999999,235.72569421487603
2019-11-03,59.604,167.87,81.377,153.606,139.238,83.711,,141.174,199.19330578512395
2019-11-04,273.692,220.48082898550726,161.016,230.156,78.40299999999999,68.682,,109.044,208.792
2019-11-05,181.228,295.5970460144928,152.397,266.563,86.48700000000001,35.613,,253.87699999999998,328.237
2019-11-06,236.853,297.05112499999996,116.67699999999999,278.087,81.584,65.795,,228.426,274.783
2019-11-07,243.941,280.975,149.643,201.289,94.39,116.471,,185.145,261.20865189873416
2019-11-08,360.586,255.25,116.305,322.827,111.47641554959786,35.67,,215.464,266.2193481012658
2019-11-09,170.739,79.238,92.438,229.36197222222222,148.72658445040216,146.38706844741236,,57.401,86.965
2019-11-10,147.299,170.924,97.42999999999999,164.4790277777778,95.702,107.15693155258765,,188.74099999999999,183.392
2019-11-11,162.144,231.19469550427507,81.396,219.227,82.43133116883116,22.817,,95.348,193.2611515151515
2019-11-12,280.071,216.47130449572492,109.21799999999999,281.254,80.50266883116883,38.053,,169.318,278.3218484848485
2019-11-13,272.31345553145337,280.5658086253369,141.736,310.87297920997923,132.109,83.70803538484614,,127.743,219.683125
2019-11-14,361.5285444685466,243.97361510347665,127.371,306.5700207900208,98.164,76.54893502935505,,125.651,266.282875
2019-11-15,213.38188729874776,266.0862859486058,93.41499999999999,299.109,123.43400000000001,95.49302958579881,,165.28300000000002,302.0342781954887
2019-11-16,141.32711270125225,132.4455500628404,99.442,221.85,149.992,89.939,,115.106,159.01872180451127
2019-11-17,118.72399999999999,226.15674025974025,93.953,170.397,98.947,123.536,,109.82900000000001,92.546
2019-11-18,277.094,231.592,115.34,324.59,70.645,47.741,,123.955,223.402
2019-11-19,256.14941584158413,162.405,114.257,269.857,66.642,69.53768807339449,,146.826,302.29103881700553
2019-11-20,363.60358415841586,208.95485185185186,125.98,331.639,80.589,91.5323119266055,,214.111,277.86696118299443
2019-11-21,292.18,322.23174814814814,179.857,313.199,37.186,94.66549213793104,,126.96463855421688,259.78000000000003
2019-11-22,231.416,286.16151049723754,135.494,288.377,97.37413552361396,70.15950786206896,,169.90236144578313,202.207
2019-11-23,113.564,152.86588950276243,112.289,171.643,143.78486447638605,122.92574319066148,,35.544,154.42727638190954
2019-11-24,90.062,159.608,72.03,148.694,105.506,122.63825680933853,,136.895,84.53772361809045
2019-11-25,290.179,274.1157472203573,127.6198,223.189,82.74134446764093,63.32299999999999,,269.462,218.31025955414012
2019-11-26,248.127,227.8442527796427,115.6342,314.132,74.94165553235908,73.478,,141.94,218.10674044585988
2019-11-27,293.01199180327865,154.93881711229946,111.867,201.527,74.97182860368098,25.991,,40.667,241.396
2019-11-28,26.781008196721302,64.9139864347674,37.04971851851852,50.526,97.65317139631902,25.446,,33.751999999999995,83.633
2019-11-29,76.452,76.19619645293317,94.36928148148147,128.0,20.444000000000003,60.70127735502493,,82.101,99.131
2019-11-30,110.054,127.939,146.5628353909465,158.06,130.856,191.82172264497507,,75.72,251.65692207792208
2019-12-01,36.294,82.19465608465609,71.9631646090535,129.05800000000002,16.561987603305788,76.14,,83.952,82.6151263091747
2019-12-02,292.577,232.3933439153439,131.50900000000001,252.382,91.0960123966942,43.979,,240.90820363272786,225.42395161290324
2019-12-03,181.023,241.984,156.696,208.50799999999998,81.76174846625767,81.245,,201.94579636727212,259.3759482758621
2019-12-04,295.317,232.55864571428572,126.096,198.127,92.62125153374232,29.434,,288.272,235.04905172413794
2019-12-05,280.139,265.85743120879124,191.728,310.81604411764704,50.415,70.02684677419354,,316.381,266.984
2019-12-06,268.352,183.7259230769231,154.46699999999998,372.7049558823529,76.08200000000001,30.15315322580645,,197.35293146417447,279.08
2019-12-07,90.355,97.03139698492463,92.324,142.559,114.536,50.917,,190.25442424052352,144.758
2019-12-08,116.624,131.91360301507538,69.16,130.514,111.595,126.85371982236927,,124.71364429530202,80.699
2019-12-09,204.97,229.75906060606061,129.592,290.48,120.164,89.64228017763072,,211.458,197.314
2019-12-10,242.496,224.0069393939394,131.765,214.063,63.001,99.007,,231.038,219.603
2019-12-11,278.044,260.813,143.2100991304348,239.775,50.591,58.08,,228.65,272.372
2019-12-12,245.075,269.085,177.09790086956522,260.278,124.55499999999999,72.5540236051502,,178.721,286.301
2019-12-13,273.031799270073,255.76600000000002,115.003,253.971,80.83800000000001,97.4999763948498,,239.621,194.57
2019-12-14,125.371200729927,153.295,79.906,144.412,140.85299573560766,108.783,,122.905,157.41022950819672
2019-12-15,71.947,153.722,67.276,84.904,141.90800426439233,131.50124240766075,,149.737,77.15401256192014
2019-12-16,328.505,291.9033233532934,155.36700000000002,228.05200000000002,114.86,100.89394672277405,,256.45650292397664,268.26675792988317
2019-12-17,272.191,268.17067664670657,137.495,254.13400000000001,94.68,51.81181086956522,,200.25649707602338,280.253
2019-12-18,255.31,171.472,146.268,276.403,133.889,90.0473595505618,,245.97400000000002,254.97794594594595
2019-12-19,292.174,294.149,126.077,278.706,79.773,50.29564044943822,,261.19,194.77505405405404
2019-12-20,242.03,232.079,105.31,199.07552631578946,97.08506371681416,98.92699999999999,,121.748,201.312
2019-12-21,55.886,105.942,67.696,181.77047368421051,138.42393628318587,91.53906201550389,,58.80161403508772,103.163
2019-12-22,133.681,92.3649847715736,53.722,155.805,85.888,164.40954815398766,,100.11138596491227,90.42099999999999
2019-12-23,161.446,172.7050152284264,115.73,227.6,42.413000000000004,138.3452083872095,,116.451,114.73118378378379
2019-12-24,146.768,72.347,78.85900000000001,76.394,67.276,116.41618144329898,,26.027,109.76381621621623
2019-12-25,33.717999999999996,10.977,10.18,19.303,,19.448,,18.888,39.927
2019-12-26,108.247,78.11792024539878,80.981,197.315,73.9625163398693,59.18464,,36.92,89.267
2019-12-27,100.72800000000001,104.99095475460123,87.22890256410257,105.80999999999999,95.37548366013071,39.959360000000004,,96.446,101.18864590163935
2019-12-28,46.182,68.628125,111.82509743589743,118.849,101.48,55.562000000000005,,38.224000000000004,123.13335409836066
2019-12-29,61.271,111.303,59.479,69.47170197486535,72.592,122.95418840579711,,42.338,21.24308228980322
2019-12-30,137.77228965517241,144.56914736842106,116.131,245.07429802513465,84.48,73.8878115942029,,108.715,148.4679177101968
2019-12-31,111.57671034482759,87.7384982011992,144.08908695652175,122.22500000000001,93.256,41.778,,87.979,125.77424605678233
2020-01-01,55.945024020227564,26.620354430379745,24.897913043478265,29.919,64.05,36.296,,21.209,103.33879138815159
2020-01-02,203.41697597977247,159.24,146.666,215.22,65.973,91.67806112054329,,79.878,193.0449625550661
2020-01-03,240.039,238.07,135.212,243.738,85.198,83.3921594980134,,109.428,252.34673381294965
2020-01-04,153.798,71.488,73.746,139.888,120.684,152.71766807136336,,71.193,80.90026618705035
2020-01-05,56.620000000000005,224.83545033112583,54.187,98.823,111.456,133.11111131007993,,84.56099999999999,92.602
2020-01-06,314.091,335.1010786543814,123.382,248.87900000000002,114.30810033444817,46.172,,245.685,188.9442881355932
2020-01-07,273.179,250.63530218332394,164.727,273.58,53.363899665551834,75.70700000000001,,261.881,228.18517204139795
2020-01-08,307.188,265.50616883116885,147.551,319.704,87.44200000000001,37.85661502347418,,235.645,245.61802023538
2020-01-09,278.761,238.72522222222221,143.10999999999999,362.708,99.68,78.56938497652582,,265.724,270.0775195876289
2020-01-10,273.91,324.4589564481379,118.01,358.62036320512817,65.124,90.709,,214.546,247.53463414634146
2020-01-11,99.36,152.71186940656298,103.41199999999999,186.74463679487178,91.49408163265306,107.95864658634538,,150.09381355932203,189.85436585365855
2020-01-12,112.25399999999999,192.31760378808582,97.253,190.292,150.72591836734694,84.15235341365462,,151.38918644067797,119.706
2020-01-13,281.528,426.64901480165776,150.754,275.93100000000004,123.67399999999999,40.562,,256.2449605734767,219.2476282051282
2020-01-14,322.031,243.61433333333332,128.396,248.647,91.8,41.38568545454546,,170.08403942652328,236.2353717948718
2020-01-15,341.06389873417726,368.47044295302015,145.272,374.752,100.226,122.40931454545455,,233.81379496402877,291.3392755905512
2020-01-16,273.36610126582275,319.6229336703565,102.58699999999999,293.107,56.217000000000006,77.016,,265.81653836930457,225.74372440944882
2020-01-17,268.56,340.9536233766234,143.916,352.286,177.16015454545453,51.90047619047619,,181.83166666666665,232.27516363636363
2020-01-18,154.874,115.91,149.809,205.356,86.31484545454545,76.05765664160401,,57.311,263.49983636363635
2020-01-19,91.543,144.534,113.952,195.876,91.255,21.780867167919794,,98.875,115.941
2020-01-20,155.8768044280443,176.158,91.39099999999999,250.397,21.888,132.391,,80.158,161.487
2020-01-21,231.54819557195572,254.078,148.68229487179488,164.84699999999998,71.368,67.26583561643835,,243.14031111111112,215.6747445887446
2020-01-22,261.472,292.317,156.4088570269393,283.609,77.476,61.42916438356164,,292.0126888888889,244.46683435862386
2020-01-23,310.70108928571426,374.89366666666666,158.48284810126583,306.266,71.906,28.819999999999997,,288.878,249.9221599604814
2020-01-24,267.1059107142857,318.83233333333334,100.302,279.137,95.608,123.53151658767771,,104.316,313.73726109215016
2020-01-25,131.99599999999998,78.169,113.38615789473684,153.636,83.019,52.201483412322276,,50.857,119.02499999999999
2020-01-26,100.735,169.16753846153847,113.56984210526315,116.364,75.755,118.488,,96.422,45.013999999999996
2020-01-27,338.64,331.12046153846154,152.56199999999998,335.31,55.108,58.169,,236.177,258.397
2020-01-28,251.511,236.304,117.389,341.733,91.763,43.218,,278.037,328.94624999999996
2020-01-29,301.188,274.908,110.635,313.41,96.996,80.13153046594982,,275.697,299.57875
2020-01-30,216.434,296.996,131.94,298.101,138.246,77.56546953405018,,203.498,273.033
2020-01-31,273.945,259.444,126.765,281.734,112.239,85.742,,168.264,222.833
2020-02-01,182.016,81.279,123.5687142857143,103.983,143.31,77.358,,54.709,192.01
2020-02-02,41.269999999999996,229.03994047619048,45.223285714285716,99.939,115.912,45.30799999999999,,152.183,31.022
2020-02-03,331.66,355.73990935316107,155.221,308.64300000000003,68.911,40.615,,227.844,183.61488662790697
2020-02-04,312.429,309.4871501706485,138.886,285.765,94.904,38.6,,261.526,281.44778482631204
2020-02-05,261.369,349.598,134.554,261.058,64.584,19.995,,234.98000000000002,250.4382551867076
2020-02-06,285.5711525423729,248.754,152.991,304.029,69.355,40.77,,242.022,230.4422927304804
2020-02-07,308.8768474576271,233.62800000000001,131.167,292.719,94.831,50.474,,202.848,347.19204964971493
2020-02-08,131.62,92.228,91.819,169.381,83.491,57.236,,135.25998918918918,117.58073097887804
2020-02-09,129.273,142.79734545454545,94.571,139.24,101.706,94.869,,118.5950108108108,113.12
2020-02-10,270.875,342.77765454545454,163.353,217.068,39.900999999999996,48.394,,247.898,303.54
2020-02-11,265.17,316.97338016528926,158.451,251.867,86.89699999999999,18.924,,228.855,211.21699999999998
2020-02-12,255.399,296.88161983471076,145.869,295.443,78.234,5.142,,146.684,275.877
2020-02-13,187.51893641618497,226.1640747330961,194.625,256.733,88.411,79.1209375,,260.411,299.3375766738661
2020-02-14,241.24706358381502,297.6949252669039,149.552,350.41900000000004,53.422000000000004,100.50106249999999,,168.405,304.6296733261339
2020-02-15,157.466,84.48100000000001,91.771,226.117,83.831,49.522000000000006,,76.13,188.40573305084746
2020-02-16,119.414,149.31699999999998,93.503,191.793,102.676,107.73949579831933,,59.864,173.8490169491525
2020-02-17,145.363,103.917,82.092,226.543,70.35300000000001,149.22550420168068,,94.997,220.72809745762711
2020-02-18,181.416,233.30599999999998,128.763,285.05400000000003,53.596000000000004,31.032,,272.067,322.5879025423729
2020-02-19,196.544,282.002,141.107,271.469,61.519999999999996,74.47800000000001,,170.151,280.4993973509934
2020-02-20,221.824,328.993,103.055,263.277,36.783,21.782999999999998,,212.088,238.6236026490066
2020-02-21,287.0485,263.719,119.624,274.045,90.794,32.579,,100.826,180.87002285714286
2020-02-22,190.04649999999998,89.043,119.427,132.672,117.268,99.07537630662021,,120.91610260186549,200.9458342857143
2020-02-23,111.16300000000001,206.439,117.91499999999999,185.825,114.845,111.23662369337978,,180.32486945402275,152.39714285714285
2020-02-24,187.927,219.787,86.569,263.533,116.179,31.255,,179.97902794411178,184.853
2020-02-25,205.08599999999998,264.584,110.452,293.868,140.67600000000002,45.816,,299.775,289.579
2020-02-26,340.927,259.3400060790274,119.981,351.302,72.122,23.436230769230768,,287.801,283.451
2020-02-27,271.044,349.84199392097264,137.175,247.166,91.871,68.53876923076922,,237.975,292.76099999999997
2020-02-28,178.102,270.385,161.16299999999998,288.83,113.314,52.59764142538975,,131.349,304.42416048721725
2020-02-29,124.53899999999999,89.33200000000001,89.909,112.386,57.69,73.61435857461025,,49.641,138.2928434343514
2020-03-01,80.314,182.6479481946625,72.712,124.544,68.556,89.259,,154.741,71.37999607843138
2020-03-02,234.558,374.67305180533754,126.91,216.062,28.116,48.414213592233004,,180.682,261.12
2020-03-03,200.277,272.17,133.93,187.404,41.091,28.841786407766993,,203.059,242.257
2020-03-04,142.635,274.329,118.458,179.184,89.519,18.073,,192.31099999999998,275.9838038670017
2020-03-05,313.414,296.214,116.929,250.47,77.071,33.5,,202.027,341.2851961329983
2020-03-06,171.535,264.544,122.52199999999999,235.472,62.095,104.35017808219177,,93.14,233.14800000000002
2020-03-07,122.149,135.69705785123966,84.295,95.798,49.501,46.97082191780823,,73.24,160.755
2020-03-08,57.367999999999995,107.07994214876034,44.033,70.622,70.725,97.07679591836734,,64.419,76.08800000000001
2020-03-09,165.447,206.515,143.72899999999998,235.868,37.528,79.90720408163264,,183.847,221.49
2020-03-10,305.3,164.244,140.432,324.77300444444444,30.838,53.232,,176.481,204.33800000000002
2020-03-11,173.947,248.168,137.975,139.39599555555554,64.431,71.478375,,214.446,131.104
2020-03-12,194.812,221.562,147.889,113.533,29.933000000000003,64.460625,,154.391,221.35025437201907
2020-03-13,110.824,181.71200000000002,90.696,127.946,39.015,30.451,,98.9665,213.5307456279809
2020-03-14,45.708999999999996,54.06400000000001,58.99281074168798,78.513,42.662,41.801,,71.31850000000001,109.65599999999998
2020-03-15,8.426,95.352,84.03318925831202,22.773,1.589,72.42798787878789,,48.761,28.041
2020-03-16,34.301,162.043,101.636,104.588,24.926000000000002,30.979012121212115,,79.471,58.712
2020-03-17,55.29700000000001,35.141999999999996,43.976,11.663,33.995000000000005,15.629000000000001,,63.971999999999994,22.567999999999998
2020-03-18,14.725999999999999,9.304,78.98299999999999,53.501999999999995,17.415,6.162,,36.21,36.203
2020-03-19,20.839,45.480000000000004,52.702,10.336,,8.193999999999999,,11.89,20.057
2020-03-20,,14.609,39.160999999999994,10.037,24.065,66.64988973384031,,19.869,34.186
2020-03-21,6.275,53.588,5.599,,14.895,74.78824562994987,,54.903000000000006,27.122
2020-03-22,9.745,52.158,42.085,39.743,11.126000000000001,18.51186463620982,,6.5,16.961
2020-03-23,10.924,24.022,38.081,17.262999999999998,5.903,11.346,,,21.810000000000002
2020-03-24,39.91299371069182,11.879999999999999,72.60000000000001,15.013,2.629,72.008,,51.653999999999996,41.925
2020-03-25,29.963006289308172,4.815,2.431,12.327,58.596,23.881,,30.524287197231832,
2020-03-26,,28.945,53.959,38.449000000000005,,5.052,,48.51771280276817,74.062
2020-03-27,,23.349,22.982999999999997,25.038,14.959,3.397,,11.971,27.605
2020-03-28,,,8.927,,9.26,9.752,,,10.344000000000001
2020-03-29,1.3480000000000003,57.968,3.984,10.155,5.719,49.388,,11.291,24.189
2020-03-30,32.441,13.21,15.867999999999999,15.097,18.163,37.323,,43.405,
2020-03-31,,36.513,33.295,13.062000000000001,,21.691,,58.467045454545456,62.638000000000005
2020-04-01,,5.306,68.27300000000001,13.235000000000001,5.88,13.654,,31.434954545454545,24.421999999999997
2020-04-02,10.666,50.346999999999994,1.218,18.77,,3.228,,33.595,35.249
2020-04-03,,15.836,2.415,4.064,,4.608,,12.334999999999999,17.356
2020-04-04,17.55,1.73,32.57,11.389,33.646,6.778,,7.035,11.907
2020-04-05,16.101,37.549,,,,,,20.200000000000003,24.861
2020-04-06,13.482,18.802,51.742000000000004,14.344000000000001,,39.25,,13.149,20.396
2020-04-07,,45.645,80.839,24.5,21.006,15.059999999999999,,29.135999999999996,13.742000000000003
2020-04-08,24.617000000000004,6.683,30.195,8.514,,2.902,,10.297,56.398
2020-04-09,40.234,56.704,49.126,11.536000000000001,7.607000000000001,4.49,,27.676999999999996,
2020-04-10,13.416,9.131,27.708,8.779,,3.431,,,55.137
2020-04-11,4.77,29.599065344224034,,,61.134000000000015,,,,7.906
2020-04-12,,105.30293465577597,14.178999999999998,4.295,30.022999999999996,104.546,,4.1129999999999995,
2020-04-13,,44.807,,15.899000000000001,15.19,8.014,,30.99,
2020-04-14,14.849,44.209,,21.945,,3.805,,25.903,23.333
2020-04-15,95.44606027060271,55.277,39.32,37.698,3.356,12.814,,38.563,4.19
2020-04-16,2.792939729397288,59.061,,9.262,43.0,5.893000000000001,,39.524,19.932000000000002
2020-04-17,15.606000000000002,42.899,4.65,13.76,8.35,17.796,,11.949000000000002,29.594
2020-04-18,29.335000000000004,18.631,,18.497,42.624,19.225828125000003,,,50.18900000000001
2020-04-19,,48.486,33.34,24.57,23.286,50.699171875,,94.698,27.071
2020-04-20,12.054,18.096999999999998,33.277,6.236000000000001,23.44,,,7.073,15.412
2020-04-21,5.654,5.81,27.316000000000003,11.421,8.161000000000001,9.826,,38.492,18.012
2020-04-22,,13.168000000000001,24.748,21.859,10.369,15.01,,53.635,28.769000000000002
2020-04-23,,6.848,1.8090000000000002,14.265999999999998,6.626999999999999,22.889,,82.518,42.747
2020-04-24,10.141,18.432,,5.373,,16.29,,,41.400999999999996
2020-04-25,,37.486,5.197,,25.382,53.774,,2.559,13.886
2020-04-26,37.43500000000001,53.397999999999996,27.56,6.099,12.803999999999998,7.744999999999999,,29.567,
2020-04-27,1.218,27.486,14.921,6.034999999999999,3.151,6.888,,28.757000000000005,2.438
2020-04-28,8.651,9.029,57.818000000000005,84.17099999999999,57.18900000000001,5.982,,19.448999999999998,15.234000000000002
2020-04-29,22.636,18.776,,9.909,15.193999999999999,5.472,,87.327,1.495
2020-04-30,21.853,17.451,9.714,18.516000000000002,9.312999999999999,36.129399477806786,,55.056000000000004,37.369
2020-05-01,7.714,19.005000000000003,6.362,33.624,4.155,29.565600522193204,,9.119,27.065
2020-05-02,,21.659,,9.055,14.481000000000002,,,23.946928205128206,7.646
2020-05-03,8.905,56.699999999999996,,4.485,72.49600000000001,6.941000000000001,,74.10407179487179,55.71600000000001
2020-05-04,6.275,37.153999999999996,4.45,14.622,6.43,52.263,,24.827,24.616
2020-05-05,1.634,5.568,34.11,12.628999999999998,25.869999999999997,17.914,,39.1,28.923000000000002
2020-05-06,12.854,7.725,13.389,63.053999999999995,11.038,60.042,,8.764,49.467
2020-05-07,10.165,35.929,9.355999999999998,5.495,22.479,58.88,,69.893,29.804000000000002
2020-05-08,25.674000000000003,21.476,13.140999999999998,2.146,38.016,28.372,,,28.777
2020-05-09,4.002,2.357,18.122999999999998,29.787,11.193999999999999,37.777,,11.179,15.506999999999998
2020-05-10,,45.635,34.830000000000005,5.1899999999999995,,37.669,,20.218,
2020-05-11,,46.587999999999994,3.3499999999999996,,19.081,1.164,,,21.201999999999998
2020-05-12,58.35199999999998,5.861,8.652,0.763,47.642999999999994,11.344,,37.846000000000004,56.964
2020-05-13,16.201,22.968,62.466,37.402,16.282866766467066,7.698,,3.138,72.368
2020-05-14,0.407,80.878,36.75,22.909000000000002,5.119133233532935,11.023,,51.79395275590551,19.835
2020-05-15,,41.973,16.212,23.405,30.866,52.788999999999994,,0.7980472440944926,80.91
2020-05-16,3.967,,37.047,15.042000000000002,65.993,27.081,,16.403999999999996,31.988
2020-05-17,32.266,120.30699999999999,12.365,31.477,30.384,63.969,,120.17246796959827,25.788999999999998
2020-05-18,,5.2219999999999995,,55.62800000000001,51.054,21.948844606946984,,77.24253203040173,13.548
2020-05-19,31.405000000000005,0.926,50.823,51.89200000000001,24.87,47.17815539305302,,60.094,1.553
2020-05-20,11.585999999999999,11.431000000000001,1.604,32.482,12.004999999999999,19.75,,16.451,52.233000000000004
2020-05-21,5.742,5.355,0.979,11.328,58.169,7.107,,31.152,73.907
2020-05-22,4.555,21.045,8.606,29.025000000000002,1.741,37.488,,62.163,41.509
2020-05-23,12.171,4.763,4.834,4.621,49.659000000000006,45.771,,4.604,84.4
2020-05-24,,50.223,32.74620327102804,23.999,33.968,16.875,,9.861999999999998,21.378
2020-05-25,38.081999999999994,6.785,59.98079672897198,32.323,48.732000000000006,42.915,,,58.921
2020-05-26,11.572,11.357000000000001,14.536000000000001,18.065,31.603,97.33099999999999,,60.399,19.275
2020-05-27,53.949,39.795,42.474999999999994,52.196,24.816,24.30165163934426,,46.912,16.515
2020-05-28,11.659000000000002,36.22,40.004,24.42,26.81,76.53034836065574,,46.690000000000005,14.513
2020-05-29,16.173,36.157,29.215000000000003,21.517,101.63562637362638,83.11124615384615,,0.642,76.045
2020-05-30,,5.536,14.896,13.527,73.06237362637364,66.86775384615383,,27.688000000000002,35.417
2020-05-31,3.607,53.591,54.609,26.415000000000003,55.648999999999994,82.13,,49.550999999999995,41.571
2020-06-01,56.354,19.139,110.319,33.628,6.752,71.5,,61.989000000000004,8.608
2020-06-02,,15.444,9.524,15.052,41.858999999999995,38.11762048192771,,31.458000000000006,18.791
2020-06-03,4.326,13.179,33.945,26.587,24.784,58.2563795180723,,33.873,37.917
2020-06-04,9.513,26.273000000000003,8.175,28.381,35.814,60.54429268292682,,8.577,14.321000000000002
2020-06-05,43.87199999999999,80.303,24.458000000000002,43.422000000000004,18.116999999999997,43.85370731707318,,73.889,56.49
2020-06-06,92.351,32.592,0.521,61.156000000000006,41.226,26.213,,37.98,22.988
2020-06-07,6.838,112.506,26.022999999999996,9.355,89.78862619808307,106.979,,40.774352173913044,50.16599999999999
2020-06-08,19.692,57.645999999999994,7.793,39.902,60.385373801916934,62.504999999999995,,92.38564782608695,12.176000000000002
2020-06-09,9.975999999999999,25.42,24.474233333333334,29.96,2.348,4.214,,18.476,15.149000000000001
2020-06-10,11.23,132.55278109452735,44.316766666666666,51.324,52.106,12.691,,59.144,11.202
2020-06-11,27.738,98.36021890547264,60.24699999999999,44.637,8.217,16.608999999999998,,44.854,20.11
2020-06-12,35.181,66.02699999999999,5.26,48.245999999999995,46.566,53.9948339100346,,36.824999999999996,69.34
2020-06-13,26.304,17.394000000000002,31.157,46.809000000000005,25.363,66.0771660899654,,25.926,96.681
2020-06-14,7.432,92.94200000000001,45.443999999999996,34.337,76.725,50.540000000000006,,25.984,
2020-06-15,,54.044,59.733999999999995,61.781000000000006,9.883,49.927,,51.9188275862069,25.008
2020-06-16,51.884,53.692,29.376000000000005,22.955,39.17,50.245999999999995,,42.55617241379311,30.15
2020-06-17,21.895,52.77763545150501,67.68,28.059,28.481,11.721,,27.873,75.314
2020-06-18,2.526,145.03836454849497,54.093,47.298,34.544000000000004,44.31399999999999,,22.721969798657717,15.099
2020-06-19,21.984,196.986,100.85,30.158,115.475,50.628,,51.115030201342286,100.363
2020-06-20,50.467000000000006,106.51299999999999,6.335,5.035,33.196,145.66344221105527,,28.173000000000002,106.376
2020-06-21,15.486,78.043,88.13,21.419,92.23103883495145,148.9067746564146,,17.57,34.619
2020-06-22,51.066,96.52755140186916,33.608,18.153,21.25096116504854,94.84278313253012,,65.099,48.983000000000004
2020-06-23,,92.17744859813084,84.154,19.908,45.876000000000005,55.196054750402574,,52.16700000000001,60.46600000000001
2020-06-24,4.516,85.23286655683691,31.552,60.719,2.121,65.90794524959742,,84.748,53.189
2020-06-25,5.584,156.0456820067746,40.685,18.375,14.87,32.355000000000004,,2.477,10.158
2020-06-26,13.5,131.6534514363885,63.349000000000004,81.94200000000001,65.58999999999999,44.010999999999996,,43.544,66.266
2020-06-27,23.103,64.53999999999999,51.491,16.314,45.64300000000001,51.735,,52.626999999999995,136.529
2020-06-28,22.764,151.01800000000003,22.72,53.586,29.772000000000002,58.489,,35.352,29.814
2020-06-29,53.86800000000001,37.411,51.982,38.897,10.947000000000001,94.009,,15.907,46.55
2020-06-30,35.307,111.978,70.89399999999999,51.57,10.468250000000001,41.914,,38.351,102.303
2020-07-01,43.693,95.41900000000001,21.348,38.266,15.17575,38.592000000000006,,48.038999999999994,56.228
2020-07-02,3.934,87.765,54.226,45.587,2.924,34.338,,63.223,38.953
2020-07-03,31.96,73.479,28.505000000000003,49.824999999999996,41.61515923566879,1.384,,34.689,142.759
2020-07-04,,13.359,26.413,18.071,59.77484076433121,47.877,,45.973000000000006,52.862
2020-07-05,9.384,143.49099999999999,27.084,40.129,42.94500000000001,7.954,,4.536,53.569
2020-07-06,9.06,38.268,47.275,57.943000000000005,42.267,,,57.04,101.708
2020-07-07,24.698000000000004,36.88,109.759,9.409,11.484,,,37.48398181818182,41.36
2020-07-08,4.288,120.617,54.550999999999995,49.04800000000001,45.53633333333333,,,40.277018181818185,66.886
2020-07-09,13.134,41.529,66.20400000000001,3.369,92.72566666666667,,,68.21600000000001,78.742
2020-07-10,26.244999999999997,66.214,43.84,64.212,20.765,,,53.591,46.811
2020-07-11,45.884,67.68599999999999,39.872,43.82,25.993000000000002,,,1.972,57.32899999999999
2020-07-12,13.058,123.35700000000001,81.653,25.18,51.986,,,57.936,41.840999999999994
2020-07-13,0.662,49.023,10.935,24.926000000000002,67.82,,,68.975,29.521
2020-07-14,8.807,107.201,27.925,53.839999999999996,27.68,,,34.019,112.789
2020-07-15,,87.20400000000001,39.697,40.869,20.111,,,50.193000000000005,17.549
2020-07-16,12.393,47.052,14.56,63.442,6.103,,,65.21195852534562,29.461
2020-07-17,1.213,158.67848905109489,46.543,90.511,19.334999999999997,,,55.50504147465438,41.754
2020-07-18,31.634,99.77951094890511,41.117,24.877000000000002,44.604,,,55.655,99.309
2020-07-19,43.115,121.22500000000001,63.05200000000001,48.867,90.417,,,19.99,26.485
2020-07-20,20.208999999999996,88.40799999999999,24.400000000000002,52.465999999999994,52.6,,,65.861,103.716
2020-07-21,17.354,46.264,33.114000000000004,36.126,44.501000000000005,,,34.863,16.851
2020-07-22,,124.07408491947291,16.712,12.084,23.129,,,59.351000000000006,33.534000000000006
2020-07-23,27.469392405063292,174.77991508052708,42.790000000000006,8.404,37.823,,,24.841,3.461
2020-07-24,54.71560759493672,50.842,68.538,69.775,28.512,,,57.123000000000005,103.943
2020-07-25,4.5009999999999994,64.648,53.843,36.836,98.729,,,12.54,85.094
2020-07-26,22.536,110.06700000000001,87.519,16.444000000000003,60.719,,,11.991999999999999,65.068
2020-07-27,37.019,161.13899999999998,104.00998924731184,87.558,26.932,,,85.099,31.541
2020-07-28,,68.465,73.34501075268818,35.108,5.111,,,24.084000000000003,120.783
2020-07-29,23.918,81.321,23.317999999999998,24.737000000000002,77.794,,,12.955,26.38
2020-07-30,21.93,55.55,72.449,2.083,54.256,,,59.942,106.399
2020-07-31,29.189999999999998,108.533,20.058999999999997,70.243,158.733,,,30.111,87.75500000000001
2020-08-01,19.246,98.91834433962264,26.575000000000003,30.241000000000003,92.42099999999999,,,9.652,45.912
2020-08-02,4.983,100.27265566037737,55.801,12.157,35.037,,,26.688000000000002,35.241
2020-08-03,28.008999999999997,67.45144378698225,40.634,27.487,85.08500000000001,,,66.726,21.146
2020-08-04,16.779,72.33855621301775,56.056000000000004,36.167,9.984,,,83.849,13.216000000000001
2020-08-05,30.087000000000003,139.17000000000002,66.025,22.179,37.856,,,57.03,29.509
2020-08-06,27.017,128.294,44.653,4.627,55.90562686567164,,,32.635999999999996,33.53
2020-08-07,16.643,94.16174007220216,62.907000000000004,72.705,50.827373134328354,,,24.540999999999997,50.666
2020-08-08,49.03164462809917,68.07125992779783,38.336,103.242,16.116,,,2.069,58.658
2020-08-09,17.136355371900827,67.292,9.024,64.822,65.48,,,65.057,38.416000000000004
2020-08-10,26.658,104.10341666666666,40.461999999999996,31.983999999999998,81.243,,,61.309,28.302
2020-08-11,41.614000000000004,78.22558333333333,29.695999999999998,47.024,66.84826875,,,77.696,84.433
2020-08-12,44.668,102.239,44.888,21.67,39.557731249999996,,,49.979,27.446
2020-08-13,29.414,74.05171488178026,73.445,2.966,52.641,,,18.079,41.02
2020-08-14,37.94,105.15345535781621,112.332,6.103,58.58873611111111,,,11.805,86.14099999999999
2020-08-15,58.498000000000005,53.08282976040352,13.167,95.48676328502415,112.75026388888888,,,,64.113
2020-08-16,10.489,64.61364206642067,40.876000000000005,71.47502041403541,45.038000000000004,,,13.891000000000002,72.973
2020-08-17,49.695,149.33635793357934,72.54,130.82421630094044,48.14,,,50.065000000000005,10.87
2020-08-18,20.565,48.2809018404908,22.721,86.447,84.27140625,,,105.271,19.537
2020-08-19,21.852,86.7290981595092,126.19000000000003,69.396,24.30859375,,,29.349,23.796
2020-08-20,36.866,138.48800184162062,22.183,54.623000000000005,23.253,,,27.858999999999998,84.642
2020-08-21,8.168,192.77099815837937,47.644,54.891,26.754,,,6.612,89.66
2020-08-22,55.626000000000005,94.21558933407815,28.881,58.623,66.507,,,47.914,9.960999999999999
2020-08-23,58.05729240710824,86.48741066592186,64.065,22.39,57.08950464396285,,,27.93334375,9.508
2020-08-24,52.261707592891774,68.108,44.458,74.63300000000001,29.709495356037152,,,77.22765625,53.987
2020-08-25,48.029,36.114,82.329,70.862,27.240000000000002,,,62.956,125.302
2020-08-26,28.435,91.714,17.022,13.827,35.407,,,42.328,58.669
2020-08-27,9.637,45.455999999999996,81.161,47.798,12.32,,,53.098,34.118
2020-08-28,19.688,79.61,115.925,110.30799999999999,42.113,,,13.957,45.395
2020-08-29,55.729000000000006,60.77100000000001,34.879999999999995,63.516000000000005,67.96600000000001,,,19.108999999999998,85.068
2020-08-30,28.134999999999998,83.22732010582011,105.329,69.66,68.473,,,23.779,94.437
2020-08-31,31.32,121.3766798941799,58.05,69.48675778546712,22.979000000000003,,,50.007,8.336
2020-09-01,28.110000000000003,108.12326793557834,77.668,79.70224221453287,31.729,,,44.426099099099105,11.983
2020-09-02,26.76,107.42673206442166,77.901,90.913,69.34,,,81.3269009009009,24.131
2020-09-03,17.076,84.31500000000001,7.191000000000001,25.677999999999997,33.355,,,70.768,45.211
2020-09-04,17.022,99.695,60.37347342995169,39.184000000000005,25.119,,,14.107,61.92
2020-09-05,13.001000000000001,68.014,103.4875265700483,21.654,86.107,,,38.55447953216374,133.809
2020-09-06,57.272,105.2,127.876,1.391,49.72,,,24.51252046783626,69.4626914893617
2020-09-07,87.901,31.127,,96.41499999999999,64.62,,,15.994,50.3053085106383
2020-09-08,24.145,39.63099999999999,76.83800000000001,32.236999999999995,44.749,,,127.112,6.388
2020-09-09,38.994,74.116,20.456,59.650999999999996,89.46000000000001,,,45.748000000000005,56.13100000000001
2020-09-10,11.909000000000002,86.224,11.705,44.88,19.251,,,74.968,23.131
2020-09-11,29.924,57.105279114533204,34.581,64.59,39.391,,,37.456,6.218
2020-09-12,33.403,62.3686119745757,22.130000000000003,60.003,,,,12.363000000000001,36.69499999999999
2020-09-13,22.799,92.27831299252374,42.816,5.929,57.804,,,14.674,19.36
2020-09-14,,120.54279591836735,90.067,97.407,25.57651879699248,,,27.745,6.098
2020-09-15,25.542,47.852,60.152,84.719,15.804481203007523,,,93.72800000000001,28.46
2020-09-16,61.536,127.917,76.363,12.514,29.006000000000004,,,83.70940127388535,48.634
2020-09-17,30.780026162790698,98.335,69.053,43.912,39.763,,,88.62159872611464,34.39
2020-09-18,92.6539738372093,70.98360493827161,69.49900000000001,89.758,87.40700000000001,,,13.076,42.408
2020-09-19,99.25503442340792,112.31205739939074,58.37299999999999,44.597,172.21,,,63.550999999999995,108.147
2020-09-20,54.566965576592075,101.63733766233766,109.90299999999999,95.429,63.985,,,69.97999999999999,119.15199999999999
2020-09-21,11.855999999999998,95.264,49.855000000000004,74.109,33.664,,,34.992,11.224
2020-09-22,23.911,47.389,22.296,33.178,51.376000000000005,,,44.179,27.092
2020-09-23,76.653,70.548,116.95900000000002,55.936,19.25,,,65.648,55.327
2020-09-24,74.27700000000002,123.274,81.508,15.731,28.092,,,26.366,79.107
2020-09-25,146.96200000000002,116.361,74.877,79.222,25.569000000000003,,,116.50358064516129,125.144
2020-09-26,47.798771084337346,96.619,72.508,39.29136764705882,76.166,,,8.63341935483871,25.846
2020-09-27,32.238228915662646,67.311,123.73799999999999,95.78363235294117,48.039,,,44.075,43.367
2020-09-28,58.170429799426934,90.687,47.177,41.144999999999996,97.27100000000002,,,77.15290728476822,63.275999999999996
2020-09-29,121.98057020057307,41.072,41.093,69.485,37.953,,,31.064092715231787,17.261
2020-09-30,41.16873654390935,78.442,110.728,146.935,85.72200000000001,,,42.603,30.906999999999996
2020-10-01,124.64826345609065,60.983000000000004,110.226,61.756,93.45500000000001,,,60.016999999999996,72.776
2020-10-02,46.395,57.54759312320917,91.28,89.342,117.58033203125001,,,33.508,85.278
2020-10-03,24.851,86.22540687679084,66.31,43.050000000000004,68.60085772778615,,,20.069,77.85600000000001
2020-10-04,31.589,174.9708868980963,112.224,39.214999999999996,136.7971152724104,,,59.03733439490446,63.909
2020-10-05,52.709,122.1581131019037,35.746,40.899,92.99839139712489,,,131.51166560509554,153.334
2020-10-06,21.349999999999998,100.88599999999998,69.974,75.077,28.76730357142857,,,30.814,24.114
2020-10-07,27.616,177.63774302213668,55.718,33.768,91.25882352941176,,,67.135,118.406
2020-10-08,91.74999999999999,77.12025697786333,52.972,5.005,33.60617647058824,,,47.863,111.46000000000001
2020-10-09,17.862000000000002,54.843999999999994,82.602,81.548,39.467,,,59.129999999999995,102.085
2020-10-10,70.388,125.33165243296921,100.016,48.949,80.797,,,42.775999999999996,58.79600000000001
2020-10-11,38.036,91.59434756703077,90.167,40.397000000000006,47.178,,,10.607,47.104
2020-10-12,2.934,151.383,66.89,82.27499999999999,58.105999999999995,,,87.326,87.668
2020-10-13,16.395,47.480000000000004,60.221,24.629,49.703,,,40.17,84.014
2020-10-14,95.968,54.150000000000006,60.979,40.961,57.86,,,68.22,44.979
2020-10-15,42.674,56.585,76.012,81.79733333333334,40.453,,,18.945,63.95341235813366
2020-10-16,79.337,154.17228031496063,94.67600000000002,62.41566666666667,99.918,,,101.9,137.09358764186635
2020-10-17,117.28399999999999,74.76771968503938,68.294,74.693,64.245,,,6.103,72.963
2020-10-18,45.263999999999996,152.43040366972477,110.92900000000002,43.426,33.835455384615386,,,21.141000000000002,136.762
2020-10-19,70.249,107.24659633027524,52.824,113.07668498942918,78.15754461538462,,,46.558,84.429
2020-10-20,125.885,72.77600000000001,45.135,61.731927913796625,36.944,,,41.99,50.734
2020-10-21,56.134,95.896,11.818999999999999,114.82538709677421,61.585,,,91.743,52.164
2020-10-22,50.1435,135.8730245098039,131.66,59.858,15.957999999999998,,,41.367,38.523
2020-10-23,52.3845,111.83797549019607,92.761,73.282,54.504999999999995,,,11.861999999999998,90.153
2020-10-24,30.505,67.8243619047619,103.122,59.092999999999996,110.953,,,52.134,57.705999999999996
2020-10-25,47.604,183.88121949058694,77.009,39.197,64.228,,,22.511,119.452
2020-10-26,,185.98941860465115,35.502,12.950999999999999,32.583,,,43.146,97.93757142857143
2020-10-27,5.255,75.306,116.546,82.07786740331491,52.718,,,34.775,33.09942857142857
2020-10-28,79.446,110.26,112.133,91.74513259668508,49.761,,,59.203,52.187999999999995
2020-10-29,78.65599999999999,125.177,41.748000000000005,81.81200000000001,22.32,,,75.48,110.182
2020-10-30,64.38199999999999,102.407,145.475,48.368,107.048,,,50.229,97.16016322177335
2020-10-31,34.824,29.253,71.512,66.932,64.01530331753554,,,38.114000000000004,96.34483677822666
2020-11-01,19.655,146.94,64.602,73.647,96.42169668246446,,,38.924,165.15
2020-11-02,59.25965294117647,35.575,37.001,30.616999999999997,5.409000000000001,,,98.642,50.922000000000004
2020-11-03,118.10734705882354,57.893,102.31300000000002,77.298,32.558,,,29.404,24.126
2020-11-04,29.713,105.374,5.221,93.07985457809694,16.764,,,87.027,98.892
2020-11-05,50.098,136.453,,72.13114542190306,54.89399999999999,,,88.52254893617021,50.04099999999999
2020-11-06,54.887,47.323,,47.751999999999995,105.92699999999999,,,36.17745106382979,56.849999999999994
2020-11-07,96.27199999999999,53.453,,68.25800000000001,125.20071428571428,,,7.539,68.889
2020-11-08,39.53156898648165,89.039,,61.806,38.25228571428572,,,66.992,84.029
2020-11-09,147.31443101351834,121.709,,80.91499999999999,52.919000000000004,,,67.26,151.155
2020-11-10,54.153000000000006,120.6085744680851,,44.128,63.6113738317757,,,73.233,70.18680725190839
2020-11-11,58.48100000000001,85.2744255319149,,45.679,52.0376261682243,,,38.596000000000004,167.8271927480916
2020-11-12,116.68599999999999,136.84,,31.396,67.337,,,50.678000000000004,91.858
2020-11-13,35.262,107.627,,82.464,71.036,,,90.271,140.189
2020-11-14,37.074,80.88900000000001,,65.233,25.150000000000002,,,52.074,171.42999999999998
2020-11-15,42.9,82.60300000000001,,64.28200000000001,60.321,,,44.874,60.542
2020-11-16,68.419,97.35499999999999,,102.616,59.419,,,99.282,44.753
2020-11-17,105.473,42.842000000000006,,60.67072208436724,33.854,,,54.117999999999995,102.094
2020-11-18,63.32899999999999,110.75800000000001,,59.52227791563275,70.387,,,52.776,61.277
2020-11-19,22.232,106.008,,40.827,76.277,,,69.003,127.539
2020-11-20,71.84097448979591,60.262,,91.644,62.718,,,67.879,34.498
2020-11-21,96.43102551020408,45.348,,25.468,115.115,,,45.397999999999996,97.606
2020-11-22,33.825,92.95380547945206,,34.21,20.006,,,27.3,44.946999999999996
2020-11-23,11.918,45.283194520547944,,68.036,45.135,,,46.986999999999995,91.205
2020-11-24,53.85601661129568,59.327,,116.544,8.712,,,24.505,110.285
2020-11-25,146.35511478802172,6.257000000000001,,126.42199999999998,36.842,,,12.869999999999997,62.755
2020-11-26,51.539868600682595,1.728,,47.842000000000006,69.44500000000001,,,20.943999999999996,55.431999999999995
2020-11-27,118.852,15.811,,56.741,45.943999999999996,,,22.348,93.60799999999999
2020-11-28,36.894,31.124,,96.077,50.455,,,11.111,164.29548484848485
2020-11-29,5.1899999999999995,77.048,,113.812,111.84260746268657,,,19.265,46.27451515151515
2020-11-30,36.823,133.155,,97.572,63.228392537313425,,,60.822,78.50200000000001
2020-12-01,79.633,59.63,,102.094,81.422,,,42.202,49.405
2020-12-02,49.35333807829181,170.592,,62.431,42.035,,,97.92,68.151
2020-12-03,184.5956619217082,175.64999999999998,,72.857,40.19454968944099,,,62.247972727272725,175.58900000000003
2020-12-04,60.486000000000004,100.29400000000001,,66.232,57.90345031055901,,,52.40702727272728,40.62
2020-12-05,77.52203715170279,30.598,,63.027,38.77,,,34.155,51.143
2020-12-06,87.36309862811373,124.283,,76.074,28.275000000000002,,,38.832,77.703
2020-12-07,88.82886422018349,85.664,,102.5,41.40888888888889,,,92.359,136.385
2020-12-08,46.871,20.897,,53.272,71.27411111111111,,,75.471,30.477000000000004
2020-12-09,27.928,82.64699999999999,,59.503,78.989,,1.778,66.646,50.660000000000004
2020-12-10,87.603,36.147000000000006,,99.18199999999999,30.304000000000002,,,19.857,124.22300000000001
2020-12-11,16.117,45.685,,84.77,54.718,,20.852,33.687000000000005,74.985
2020-12-12,65.55799999999999,10.815,,58.8793671875,58.584999999999994,,,29.142999999999997,163.24099999999999
2020-12-13,31.561999999999998,39.852000000000004,,28.474632812499998,25.149,,53.063,11.967,81.625
2020-12-14,16.611,74.036,,114.95700000000001,27.338,,2.889,86.297,57.092999999999996
2020-12-15,102.61500000000001,106.938,,47.663,64.145,,,48.85,59.242999999999995
2020-12-16,24.422,80.286,,74.968,15.648,,29.071,23.046,36.495
2020-12-17,9.594380090497738,96.874,,105.888,81.399,,43.424,39.805,63.764
2020-12-18,94.42661990950226,45.95,,154.868,68.241,,69.4426,47.795,47.57232089552238
2020-12-19,23.391,11.476,,6.122999999999999,63.295,,51.92340000000001,4.447,90.7156791044776
2020-12-20,31.408,59.53,,30.366999999999997,48.53,,,27.095,62.704
2020-12-21,44.958,29.115,,69.398,55.242999999999995,,10.257,42.94,115.69300000000001
2020-12-22,57.618,35.002,,77.787,97.213,,8.995,70.343,76.982
2020-12-23,38.582177935943065,38.62800000000001,,37.223,73.31700000000001,,18.046,79.205,35.822
2020-12-24,37.56482206405694,13.617999999999999,,78.01899999999999,29.232,,11.152,1.501,62.624
2020-12-25,,,,10.072,,,14.401,,54.823
2020-12-26,7.679,6.886,,10.048,71.777,,11.816,33.586999999999996,82.128
2020-12-27,27.810000000000002,31.055999999999997,,9.551,55.051,,43.981,2.233,40.88301428571429
2020-12-28,20.498,13.338,,34.225,49.132999999999996,,33.187,92.28,52.8749857142857
2020-12-29,22.821,32.032000000000004,,73.095,83.437,,23.93,28.139000000000003,107.717
2020-12-30,46.93,18.701999999999998,,38.523,47.470000000000006,,21.037,17.058,100.598
2020-12-31,66.748,25.163999999999998,,55.899,68.057,,50.587,17.175,31.795
