{
"type": "FeatureCollection",
"features": [
{ "type": "Feature", "properties": { "ZONE_TYPE": "Commercial", "AREA_CALC": 1033847.3, "SHAPE_Leng": 4356.4242854000004, "SHAPE_Area": 1035875.41604, "has_CS": false, "Zone_Type_Abbr": "C" }, "geometry": { "type": "Polygon", "coordinates": [ [ [ -122.141965565939287, 37.423037428975981 ], [ -122.139536352425054, 37.421765533088539 ], [ -122.140169066596883, 37.420977125392817 ], [ -122.140580431572786, 37.420375740112981 ], [ -122.140920197746439, 37.419746540439704 ], [ -122.141185385351335, 37.41909495159662 ], [ -122.14131435234566, 37.418692020720755 ], [ -122.143603884128694, 37.419901724179077 ], [ -122.143290956125341, 37.420278474252797 ], [ -122.143434485597695, 37.420354310931664 ], [ -122.143122393830851, 37.420730060168822 ], [ -122.143722702685153, 37.421043256752277 ], [ -122.14299095954722, 37.421888942081559 ], [ -122.142647935031093, 37.422283665366194 ], [ -122.141965565939287, 37.423037428975981 ] ] ] } },
{ "type": "Feature", "properties": { "ZONE_TYPE": "Public Facility", "AREA_CALC": 38126.3, "SHAPE_Leng": 812.75052349800001, "SHAPE_Area": 37483.279013200001, "has_CS": false, "Zone_Type_Abbr": "P" }, "geometry": { "type": "Polygon", "coordinates": [ [ [ -122.140864061849854, 37.417447004907473 ], [ -122.14088314134959, 37.417421934166832 ], [ -122.140904833745964, 37.417398227351399 ], [ -122.140929005551385, 37.417376134158573 ], [ -122.140955454121041, 37.417355739430853 ], [ -122.140983975838765, 37.417337237971616 ], [ -122.141014402581177, 37.417320742979292 ], [ -122.141046493380031, 37.417306394806339 ], [ -122.141079977840874, 37.417294280144667 ], [ -122.14111464939819, 37.417284510928603 ], [ -122.141150269801216, 37.417277145463366 ], [ -122.141186529638375, 37.417272243050185 ], [ -122.141223188935697, 37.417269834982925 ], [ -122.141449600857655, 37.417246807549731 ], [ -122.141363219318436, 37.418023157769447 ], [ -122.140805432251014, 37.417729902335154 ], [ -122.14067762772693, 37.417668731451158 ], [ -122.140864061849854, 37.417447004907473 ] ] ] } },
{ "type": "Feature", "properties": { "ZONE_TYPE": "Residential Multi-Family", "AREA_CALC": 121013.6, "SHAPE_Leng": 1747.9005506399999, "SHAPE_Area": 121013.394336, "has_CS": false, "Zone_Type_Abbr": "R" }, "geometry": { "type": "Polygon", "coordinates": [ [ [ -122.133585750991216, 37.417922260176638 ], [ -122.133674267811543, 37.417801510771632 ], [ -122.133679111140538, 37.417786775322 ], [ -122.134024116783934, 37.417968950811208 ], [ -122.134451201241134, 37.417450104423359 ], [ -122.134900518216398, 37.417685541642768 ], [ -122.13508951735794, 37.41745587799376 ], [ -122.135165095843419, 37.417364040856029 ], [ -122.135666447524443, 37.417625943780457 ], [ -122.135236353131646, 37.418156372965832 ], [ -122.135070347683723, 37.418365114827033 ], [ -122.134905847420669, 37.418574989004568 ], [ -122.134404999204989, 37.418312663030122 ], [ -122.13440357335665, 37.418311996175504 ], [ -122.133941084374868, 37.418069653406597 ], [ -122.133914987715983, 37.418101523869716 ], [ -122.13362377147223, 37.417948979595444 ], [ -122.133585750991216, 37.417922260176638 ] ] ] } },
{ "type": "Feature", "properties": { "ZONE_TYPE": "Commercial\/Residential", "AREA_CALC": 13069.0, "SHAPE_Leng": 498.32333552900002, "SHAPE_Area": 13069.2411073, "has_CS": false, "Zone_Type_Abbr": "C\/R" }, "geometry": { "type": "Polygon", "coordinates": [ [ [ -122.135704769972136, 37.419759596177229 ], [ -122.135792538154192, 37.419384714923929 ], [ -122.135826419304351, 37.419280658034374 ], [ -122.136147716811706, 37.419449120817823 ], [ -122.135835443519042, 37.419824358908294 ], [ -122.135704769972136, 37.419759596177229 ] ] ] } },
{ "type": "Feature", "properties": { "ZONE_TYPE": "Commercial\/Residential", "AREA_CALC": 39756.4, "SHAPE_Leng": 805.18190242399999, "SHAPE_Area": 39756.478610099999, "has_CS": false, "Zone_Type_Abbr": "C\/R" }, "geometry": { "type": "Polygon", "coordinates": [ [ [ -122.133972268000377, 37.418838070154081 ], [ -122.13440357335665, 37.418311996175504 ], [ -122.134905847420669, 37.418574989004568 ], [ -122.134469639287005, 37.419098853102582 ], [ -122.133972268000377, 37.418838070154081 ] ] ] } },
{ "type": "Feature", "properties": { "ZONE_TYPE": "Residential Single-Family", "AREA_CALC": 1741768.0, "SHAPE_Leng": 6768.1801308100003, "SHAPE_Area": 1742292.3731, "has_CS": false, "Zone_Type_Abbr": "R" }, "geometry": { "type": "Polygon", "coordinates": [ [ [ -122.12888964389461, 37.420879079772604 ], [ -122.129097948655428, 37.420626964220176 ], [ -122.129363814787695, 37.420402313353613 ], [ -122.130070213142105, 37.42077250359177 ], [ -122.130701007724412, 37.420015077127829 ], [ -122.131149693370944, 37.419471359127044 ], [ -122.131628635188306, 37.418890959473913 ], [ -122.132032152085372, 37.419104601898788 ], [ -122.132049635512956, 37.419080433521117 ], [ -122.132560233897635, 37.419347825657105 ], [ -122.132654984383962, 37.41923317079732 ], [ -122.132749768466297, 37.419118515388504 ], [ -122.133319030120489, 37.419417802474754 ], [ -122.133664023861513, 37.419599182595839 ], [ -122.133682980380527, 37.419576256946741 ], [ -122.134027976867884, 37.419757635980041 ], [ -122.134201671021017, 37.419851000364638 ], [ -122.134546860793691, 37.420030150137485 ], [ -122.134722877878161, 37.419817534123958 ], [ -122.135067326039092, 37.42000048318171 ], [ -122.135223794050191, 37.420057333211155 ], [ -122.135538144602947, 37.420221472293782 ], [ -122.135349259010809, 37.420703325399053 ], [ -122.1351919659526, 37.420619869936203 ], [ -122.134711592455545, 37.421200194296354 ], [ -122.134583317561763, 37.421131771335993 ], [ -122.134590900899227, 37.421122601369184 ], [ -122.134358118976962, 37.420998498644231 ], [ -122.134146756067736, 37.421265884996274 ], [ -122.134502317650501, 37.421454339641087 ], [ -122.134492050656192, 37.421466760683103 ], [ -122.134902352210176, 37.421682497928828 ], [ -122.134346450421575, 37.422356085189591 ], [ -122.134750024793632, 37.422567933399783 ], [ -122.134704773644771, 37.422621661048083 ], [ -122.134607058988948, 37.422734655539792 ], [ -122.134946508711423, 37.422910477716194 ], [ -122.135023244037441, 37.422960775264933 ], [ -122.134565384285267, 37.423514607681064 ], [ -122.134480599607471, 37.423474255906861 ], [ -122.134145655943215, 37.423298176752034 ], [ -122.133926915728225, 37.423567148695085 ], [ -122.133687246228064, 37.423440228694155 ], [ -122.133460221017174, 37.423711567203654 ], [ -122.133325865791562, 37.423626718325778 ], [ -122.132340911774364, 37.423005375807321 ], [ -122.129910117515706, 37.421471994578653 ], [ -122.129550153587957, 37.421300590334226 ], [ -122.12888964389461, 37.420879079772604 ] ] ] } },
{ "type": "Feature", "properties": { "ZONE_TYPE": "Residential Single-Family", "AREA_CALC": 2124462.8, "SHAPE_Leng": 6394.13415059, "SHAPE_Area": 2124431.7888199999, "has_CS": false, "Zone_Type_Abbr": "R" }, "geometry": { "type": "Polygon", "coordinates": [ [ [ -122.130216217218305, 37.408163906805136 ], [ -122.130401991788844, 37.407940008875592 ], [ -122.130496554711954, 37.407825193201909 ], [ -122.131331075851179, 37.406812024048293 ], [ -122.132846389063374, 37.404973661492257 ], [ -122.132923755914234, 37.40469641284335 ], [ -122.136228497776358, 37.406422236575651 ], [ -122.136764005856989, 37.406702941590233 ], [ -122.135580362704388, 37.408150080927378 ], [ -122.135767878326988, 37.408248304867719 ], [ -122.135457497423246, 37.408624587106907 ], [ -122.135283321335876, 37.408525380944923 ], [ -122.135263792342613, 37.40853460756054 ], [ -122.135034900434235, 37.40841342004606 ], [ -122.134649544458497, 37.40889798310026 ], [ -122.134121925950637, 37.408641386464517 ], [ -122.134113732604575, 37.408636776482261 ], [ -122.134105070142454, 37.408632721868365 ], [ -122.134096007013781, 37.408629304580074 ], [ -122.134086614371071, 37.408626523626197 ], [ -122.13407696059015, 37.408624405991389 ], [ -122.134067115674398, 37.40862294979943 ], [ -122.134057111858368, 37.408622182538522 ], [ -122.134047090317935, 37.408622102242056 ], [ -122.134037116558545, 37.408622707997566 ], [ -122.134027227850382, 37.408623999285957 ], [ -122.134017491977502, 37.408625976064158 ], [ -122.134008044947322, 37.408628606698038 ], [ -122.133998888466209, 37.408631865930104 ], [ -122.133990123623306, 37.408635778487259 ], [ -122.133981819796389, 37.408640262294774 ], [ -122.133974044118716, 37.40864528757907 ], [ -122.133966831010383, 37.408650826824619 ], [ -122.13396024823588, 37.40865687908768 ], [ -122.133954329530368, 37.408663333951388 ], [ -122.133949142066939, 37.408670163444043 ], [ -122.133944719136252, 37.408677340065907 ], [ -122.133941093916278, 37.408684779542831 ], [ -122.13390112025715, 37.408776258017262 ], [ -122.133851540620938, 37.408864711544282 ], [ -122.13379265219001, 37.408949421316578 ], [ -122.133724921785287, 37.40902983108343 ], [ -122.132548892125172, 37.410451561561139 ], [ -122.129602687795042, 37.408890794255576 ], [ -122.129679032639402, 37.408815211260674 ], [ -122.130216217218305, 37.408163906805136 ] ] ] } },
{ "type": "Feature", "properties": { "ZONE_TYPE": "Commercial\/Residential", "AREA_CALC": 93216.3, "SHAPE_Leng": 1398.95369628, "SHAPE_Area": 93216.6282698, "has_CS": false, "Zone_Type_Abbr": "C\/R" }, "geometry": { "type": "Polygon", "coordinates": [ [ [ -122.134469639287005, 37.419098853102582 ], [ -122.134905847420669, 37.418574989004568 ], [ -122.135070347683723, 37.418365114827033 ], [ -122.135462718609972, 37.418571128003116 ], [ -122.135465093665701, 37.418740824222368 ], [ -122.135337720628428, 37.418960152380137 ], [ -122.135826419304351, 37.419280658034374 ], [ -122.135792538154192, 37.419384714923929 ], [ -122.135704769972136, 37.419759596177229 ], [ -122.134469639287005, 37.419098853102582 ] ] ] } },
{ "type": "Feature", "properties": { "ZONE_TYPE": "Residential Multi-Family", "AREA_CALC": 61080.6, "SHAPE_Leng": 1216.93903507, "SHAPE_Area": 61062.123979700002, "has_CS": false, "Zone_Type_Abbr": "R" }, "geometry": { "type": "Polygon", "coordinates": [ [ [ -122.133679111140538, 37.417786775322 ], [ -122.133689242890327, 37.417769741156974 ], [ -122.133697222412195, 37.41775199436821 ], [ -122.133702987323829, 37.417733730484983 ], [ -122.133706471682373, 37.417715085606616 ], [ -122.133707310786363, 37.417610280040236 ], [ -122.133966695252028, 37.417236938636137 ], [ -122.134008892881269, 37.417201218358699 ], [ -122.13401446571784, 37.417196223768194 ], [ -122.134020598782371, 37.417191633225208 ], [ -122.134027223784514, 37.417187475618135 ], [ -122.134034271876317, 37.41718380597807 ], [ -122.134041675325051, 37.417180627050762 ], [ -122.134049435886254, 37.417178019018905 ], [ -122.134057449588653, 37.417175929258306 ], [ -122.134065646494278, 37.417174414617676 ], [ -122.134073961662267, 37.417173502136478 ], [ -122.134082391112372, 37.417173164833983 ], [ -122.13409079991159, 37.417173432526894 ], [ -122.134099151821545, 37.417174249845324 ], [ -122.134107345888921, 37.417175702007391 ], [ -122.134125911121657, 37.417178959017591 ], [ -122.134144792618258, 37.417180921094428 ], [ -122.134163782522975, 37.417181590231763 ], [ -122.134182777992763, 37.417180913789764 ], [ -122.134201607390793, 37.417178948231502 ], [ -122.134220201242272, 37.417175668389881 ], [ -122.134238320118428, 37.417171130771258 ], [ -122.134255895728103, 37.417165364264477 ], [ -122.134272790286659, 37.41715837169027 ], [ -122.13428883336114, 37.417150264468965 ], [ -122.134303956660872, 37.417141071489482 ], [ -122.134318025844408, 37.417130849597072 ], [ -122.134359063396772, 37.417073637196452 ], [ -122.13508951735794, 37.41745587799376 ], [ -122.134900518216398, 37.417685541642768 ], [ -122.134451201241134, 37.417450104423359 ], [ -122.134024116783934, 37.417968950811208 ], [ -122.133679111140538, 37.417786775322 ] ] ] } },
{ "type": "Feature", "properties": { "ZONE_TYPE": "Public Facility", "AREA_CALC": 300655.0, "SHAPE_Leng": 2157.1324427599998, "SHAPE_Area": 300653.36490400002, "has_CS": false, "Zone_Type_Abbr": "P" }, "geometry": { "type": "Polygon", "coordinates": [ [ [ -122.137773291435792, 37.413935977519223 ], [ -122.136046233921448, 37.413030091852001 ], [ -122.136971595554996, 37.411891896476227 ], [ -122.138256051625149, 37.412570162874133 ], [ -122.138372129971444, 37.412993373797647 ], [ -122.138468559593264, 37.413373294753157 ], [ -122.138488551266221, 37.41343528705152 ], [ -122.138394717082207, 37.41360036647103 ], [ -122.138272541751334, 37.413632123393164 ], [ -122.138261638100289, 37.413626425032675 ], [ -122.138213221732471, 37.413640643560854 ], [ -122.137990097024954, 37.413856971763444 ], [ -122.137773291435792, 37.413935977519223 ] ] ] } },
{ "type": "Feature", "properties": { "ZONE_TYPE": "Residential Single-Family", "AREA_CALC": 952156.0, "SHAPE_Leng": 4802.6286072499997, "SHAPE_Area": 951787.06887199997, "has_CS": false, "Zone_Type_Abbr": "R" }, "geometry": { "type": "Polygon", "coordinates": [ [ [ -122.134124873360221, 37.398160129656532 ], [ -122.133800854167959, 37.39792267158564 ], [ -122.133494059972747, 37.39763209450124 ], [ -122.133435208939929, 37.397554518214505 ], [ -122.133329605045944, 37.397629742648263 ], [ -122.133275363167527, 37.397668404507193 ], [ -122.13224643407041, 37.396265667752893 ], [ -122.131799928422353, 37.395656387070552 ], [ -122.131578006127626, 37.395340039425804 ], [ -122.131141002988798, 37.394676676191814 ], [ -122.130528474555334, 37.393736640308234 ], [ -122.13053012134317, 37.39368750351408 ], [ -122.132977237843235, 37.393739653627634 ], [ -122.133052539311919, 37.393744730649388 ], [ -122.133046363091154, 37.393797611995936 ], [ -122.133046284829121, 37.393850683302162 ], [ -122.133052363855853, 37.393903558026061 ], [ -122.133064488388939, 37.393955772700977 ], [ -122.13308261370679, 37.394006831383471 ], [ -122.133886476535693, 37.394016209992053 ], [ -122.133869416850871, 37.394062594809498 ], [ -122.133846918029505, 37.394735152985561 ], [ -122.134410534349286, 37.394747132954521 ], [ -122.134384987375867, 37.3958165474032 ], [ -122.134384753598326, 37.395879756748741 ], [ -122.134200932635068, 37.39588586168869 ], [ -122.134124873360221, 37.398160129656532 ] ] ] } },
{ "type": "Feature", "properties": { "ZONE_TYPE": "Residential Single-Family", "AREA_CALC": 3261157.8, "SHAPE_Leng": 9210.8078705000007, "SHAPE_Area": 3265055.0076000001, "has_CS": false, "Zone_Type_Abbr": "R" }, "geometry": { "type": "Polygon", "coordinates": [ [ [ -122.124682094641145, 37.400953445020264 ], [ -122.124811283305135, 37.400800082888772 ], [ -122.124879553283861, 37.400399548625181 ], [ -122.125073561649216, 37.400063719880926 ], [ -122.125089618557411, 37.399963016742475 ], [ -122.124860994585973, 37.399739841239928 ], [ -122.124836854467333, 37.399250819933449 ], [ -122.124752448954425, 37.399090335651046 ], [ -122.12499614413106, 37.398960410760566 ], [ -122.125264035021203, 37.398951974888732 ], [ -122.125331201661126, 37.39887888292904 ], [ -122.125395127513926, 37.398691759583492 ], [ -122.125244850499314, 37.398437640402982 ], [ -122.125353806405116, 37.398345208985972 ], [ -122.12588235444413, 37.398238199402506 ], [ -122.126120332260086, 37.39814005032715 ], [ -122.12631394931887, 37.39796692282183 ], [ -122.126474285258155, 37.397887731248993 ], [ -122.126887825123532, 37.397571819264336 ], [ -122.12703125635062, 37.397386831945596 ], [ -122.127058231470727, 37.397152176948985 ], [ -122.12738891982373, 37.397019144867706 ], [ -122.127452365563499, 37.396920832574438 ], [ -122.127629919725393, 37.396826156572452 ], [ -122.127710036140684, 37.396900308880156 ], [ -122.127694594325732, 37.39711747203274 ], [ -122.127779015807434, 37.397144317985308 ], [ -122.127845674327503, 37.396909166992586 ], [ -122.127935321332927, 37.396793569752447 ], [ -122.127963863978522, 37.396600947468578 ], [ -122.128234167161736, 37.396605627899142 ], [ -122.128503335903744, 37.396450949852323 ], [ -122.12827505704351, 37.396357209939282 ], [ -122.128246345229314, 37.396129974061303 ], [ -122.127985098090051, 37.395957965618166 ], [ -122.128112534740197, 37.395767596096739 ], [ -122.128337096140712, 37.395795134020538 ], [ -122.128574611429315, 37.395919345960813 ], [ -122.128804112007629, 37.395882894639939 ], [ -122.129109995457483, 37.396065048893341 ], [ -122.129143412048649, 37.396290049144724 ], [ -122.129336427166109, 37.396216113275102 ], [ -122.129499435317754, 37.396150780529418 ], [ -122.129418295459303, 37.396002971920261 ], [ -122.129567335570101, 37.395849796184237 ], [ -122.129488471306118, 37.395689485128223 ], [ -122.129476795068442, 37.395575679129159 ], [ -122.130464353463935, 37.395589835230048 ], [ -122.130464895538495, 37.395494868579348 ], [ -122.130506113702111, 37.395496712605599 ], [ -122.130508893016682, 37.395414349751597 ], [ -122.130473656146165, 37.395413604057239 ], [ -122.130486422262038, 37.394934040257347 ], [ -122.130469108882195, 37.394549553624017 ], [ -122.130562453627704, 37.39455155163175 ], [ -122.131826256324544, 37.396378917458669 ], [ -122.132685809612042, 37.397549844570179 ], [ -122.13312493045288, 37.39814807156943 ], [ -122.133115755281707, 37.39842115741255 ], [ -122.133305693078611, 37.398333963303813 ], [ -122.133869669448003, 37.399111578663344 ], [ -122.131602290519808, 37.400006870057311 ], [ -122.131062857336488, 37.400228931542863 ], [ -122.130167635879403, 37.400583088673578 ], [ -122.129996564854878, 37.400481386845556 ], [ -122.124682094641145, 37.400953445020264 ] ] ] } },
{ "type": "Feature", "properties": { "ZONE_TYPE": "Public Facility", "AREA_CALC": 948511.2, "SHAPE_Leng": 5559.3554298299996, "SHAPE_Area": 948516.07137599995, "has_CS": false, "Zone_Type_Abbr": "P" }, "geometry": { "type": "Polygon", "coordinates": [ [ [ -122.136335347226336, 37.390951130096482 ], [ -122.136329905961745, 37.389571831646691 ], [ -122.135073040462885, 37.389523106742452 ], [ -122.135068313171516, 37.388540090571617 ], [ -122.136329255570743, 37.38858867550293 ], [ -122.136952890258627, 37.389116850993851 ], [ -122.138234322383312, 37.389166777902702 ], [ -122.138240532574059, 37.389645940457818 ], [ -122.138787224060835, 37.389671155035593 ], [ -122.13878879963012, 37.391051085687884 ], [ -122.140164098582133, 37.391054823615455 ], [ -122.140672095618925, 37.392459864956088 ], [ -122.14055131575779, 37.392437546350386 ], [ -122.139517620227309, 37.39221925830126 ], [ -122.139499251477034, 37.392210532753218 ], [ -122.139479949172227, 37.392203220728504 ], [ -122.139459852831621, 37.392197349114959 ], [ -122.139439169741678, 37.392192996123235 ], [ -122.139418106537519, 37.392190158864494 ], [ -122.139396768307165, 37.392188890843158 ], [ -122.139375395064135, 37.392189217542779 ], [ -122.138750216222732, 37.392234158962395 ], [ -122.138715266938547, 37.392237036399663 ], [ -122.138680784667145, 37.392242408150622 ], [ -122.138647045932913, 37.392250213576048 ], [ -122.138614320467909, 37.392260339861863 ], [ -122.13842842132722, 37.392325071661809 ], [ -122.13842354088959, 37.392327035080321 ], [ -122.138418482196016, 37.392328699084509 ], [ -122.138413243427635, 37.392329980788745 ], [ -122.138407927951093, 37.392330906686396 ], [ -122.138402500762538, 37.392331477266509 ], [ -122.138397030721066, 37.392331690665813 ], [ -122.138391553386654, 37.392331520252611 ], [ -122.138386137082307, 37.392330991207423 ], [ -122.138380780105678, 37.392330077419047 ], [ -122.138375554167425, 37.392328804020707 ], [ -122.138370457641798, 37.392327199873733 ], [ -122.138365561033496, 37.392325235154644 ], [ -122.138360897204592, 37.392322966180402 ], [ -122.138352722895178, 37.392317558676709 ], [ -122.138344010228593, 37.392312736366677 ], [ -122.13833475977799, 37.392308525377132 ], [ -122.138325111655789, 37.392304979625479 ], [ -122.138315132462509, 37.392302097280158 ], [ -122.138304860666182, 37.392299932777263 ], [ -122.13829439618857, 37.392298458585913 ], [ -122.138283811352721, 37.392297727768238 ], [ -122.138273207763021, 37.392297738003641 ], [ -122.13826261984984, 37.392298462676202 ], [ -122.138252152088782, 37.392299927362785 ], [ -122.138241905511038, 37.392302103615833 ], [ -122.138231915636638, 37.392304963001941 ], [ -122.137280301973817, 37.390986013040013 ], [ -122.136335347226336, 37.390951130096482 ] ] ] } },
{ "type": "Feature", "properties": { "ZONE_TYPE": "Residential Multi-Family", "AREA_CALC": 203476.2, "SHAPE_Leng": 2359.5326516099999, "SHAPE_Area": 203476.84850699999, "has_CS": false, "Zone_Type_Abbr": "R" }, "geometry": { "type": "Polygon", "coordinates": [ [ [ -122.126681109594273, 37.414506373748544 ], [ -122.127244753144339, 37.41390152392016 ], [ -122.127263567008356, 37.413878354355454 ], [ -122.127361847697529, 37.413930280157452 ], [ -122.127969798549159, 37.414247377238581 ], [ -122.128477777153591, 37.413629806331443 ], [ -122.128742678776547, 37.413769131919224 ], [ -122.129398385559227, 37.41411401596087 ], [ -122.129478804887356, 37.414149048087289 ], [ -122.128744530403424, 37.415020252287675 ], [ -122.128680637230858, 37.414986638526315 ], [ -122.127760475944086, 37.414502637800034 ], [ -122.127630519710095, 37.414661094432851 ], [ -122.127493168704277, 37.414589411244378 ], [ -122.127273369182291, 37.414861846284907 ], [ -122.12719137190669, 37.414942340922074 ], [ -122.126681109594273, 37.414506373748544 ] ] ] } },
{ "type": "Feature", "properties": { "ZONE_TYPE": "Residential Multi-Family", "AREA_CALC": 140437.1, "SHAPE_Leng": 1580.92319331, "SHAPE_Area": 140437.24512400001, "has_CS": false, "Zone_Type_Abbr": "R" }, "geometry": { "type": "Polygon", "coordinates": [ [ [ -122.126690446682829, 37.413610653261614 ], [ -122.126480080959752, 37.413500536540425 ], [ -122.127009102702544, 37.412857463724379 ], [ -122.127482770005173, 37.413106435293599 ], [ -122.127542444680742, 37.413137828160856 ], [ -122.127700533618381, 37.413220980637192 ], [ -122.128477777153591, 37.413629806331443 ], [ -122.127969798549159, 37.414247377238581 ], [ -122.127361847697529, 37.413930280157452 ], [ -122.127263567008356, 37.413878354355454 ], [ -122.127244753144339, 37.41390152392016 ], [ -122.127184812561751, 37.413870601408128 ], [ -122.126690446682829, 37.413610653261614 ] ] ] } },
{ "type": "Feature", "properties": { "ZONE_TYPE": "Residential Multi-Family", "AREA_CALC": 298694.9, "SHAPE_Leng": 2872.5160725199999, "SHAPE_Area": 298697.41546599998, "has_CS": false, "Zone_Type_Abbr": "R" }, "geometry": { "type": "Polygon", "coordinates": [ [ [ -122.1253761631896, 37.411068261110032 ], [ -122.125395005281092, 37.411040064533459 ], [ -122.12571667356184, 37.410606902793738 ], [ -122.127547277185116, 37.41139951169238 ], [ -122.126847083258866, 37.412251003330766 ], [ -122.126547587245625, 37.412614392306146 ], [ -122.126200002522836, 37.413035774452673 ], [ -122.125982398695513, 37.413299936058579 ], [ -122.125942956002902, 37.413346795585653 ], [ -122.125826891459724, 37.41344586301414 ], [ -122.125543274441, 37.413082481590372 ], [ -122.125638559140839, 37.412970132065929 ], [ -122.126006294195633, 37.412430274058003 ], [ -122.12540842835277, 37.412170437628475 ], [ -122.125618739474348, 37.411862455242158 ], [ -122.125799882426776, 37.411597179191865 ], [ -122.125981454005753, 37.411331100234236 ], [ -122.1253761631896, 37.411068261110032 ] ] ] } },
{ "type": "Feature", "properties": { "ZONE_TYPE": "Commercial\/Residential", "AREA_CALC": 293338.4, "SHAPE_Leng": 3344.6822063700001, "SHAPE_Area": 293340.91270799999, "has_CS": false, "Zone_Type_Abbr": "C\/R" }, "geometry": { "type": "Polygon", "coordinates": [ [ [ -122.127409808463923, 37.416496431529012 ], [ -122.128044976811097, 37.415911517227769 ], [ -122.128205216948672, 37.415770933411245 ], [ -122.128863135067519, 37.416188033129423 ], [ -122.130079376548281, 37.416847832960173 ], [ -122.131589518160894, 37.417621511983526 ], [ -122.131209213937368, 37.418069350147114 ], [ -122.131145464258324, 37.418032960880417 ], [ -122.130670754885074, 37.417783963087935 ], [ -122.130428776115792, 37.41770632142034 ], [ -122.129754902261112, 37.417352876804543 ], [ -122.129603334135197, 37.417229724769122 ], [ -122.128785203422055, 37.416802025701777 ], [ -122.128756751425939, 37.416836481707676 ], [ -122.128468029789929, 37.416685538507835 ], [ -122.128177155262321, 37.416536849562696 ], [ -122.127743462729484, 37.417065542355552 ], [ -122.127185870182458, 37.416773593736494 ], [ -122.1272373757145, 37.416692340592071 ], [ -122.127409808463923, 37.416496431529012 ] ] ] } },
{ "type": "Feature", "properties": { "ZONE_TYPE": "Residential Multi-Family", "AREA_CALC": 104618.5, "SHAPE_Leng": 1322.8004366099999, "SHAPE_Area": 103815.562986, "has_CS": false, "Zone_Type_Abbr": "R" }, "geometry": { "type": "Polygon", "coordinates": [ [ [ -122.127696518748678, 37.415394583268004 ], [ -122.127553429032019, 37.415285650091306 ], [ -122.12719922772655, 37.414975716186198 ], [ -122.12719137190669, 37.414942340922074 ], [ -122.127273369182291, 37.414861846284907 ], [ -122.127493168704277, 37.414589411244378 ], [ -122.127630519710095, 37.414661094432851 ], [ -122.127760475944086, 37.414502637800034 ], [ -122.128680637230858, 37.414986638526315 ], [ -122.128744530403424, 37.415020252287675 ], [ -122.128620023161844, 37.415183717167842 ], [ -122.128147585283827, 37.415721273035643 ], [ -122.127731274040372, 37.415420169278775 ], [ -122.127696518748678, 37.415394583268004 ] ] ] } },
{ "type": "Feature", "properties": { "ZONE_TYPE": "Open Space", "AREA_CALC": 6335671.3, "SHAPE_Leng": 13461.7835866, "SHAPE_Area": 6335630.9953300003, "has_CS": false, "Zone_Type_Abbr": "P" }, "geometry": { "type": "Polygon", "coordinates": [ [ [ -122.169747308041181, 37.378725644889343 ], [ -122.17054439202964, 37.377549522477622 ], [ -122.17060832463099, 37.377510100077153 ], [ -122.170667580328868, 37.377466266148545 ], [ -122.170721651222522, 37.377418386618444 ], [ -122.17077013208727, 37.377366823247286 ], [ -122.170812653948644, 37.377311993153988 ], [ -122.170848848480873, 37.377254342286903 ], [ -122.171217691549359, 37.37669250822637 ], [ -122.171264478822195, 37.376639128497807 ], [ -122.171305034132644, 37.376582595912545 ], [ -122.171339024139144, 37.376523355020801 ], [ -122.171366148343154, 37.376461904877807 ], [ -122.171386179084223, 37.376398769634996 ], [ -122.171398955269694, 37.376334420223529 ], [ -122.171404384813798, 37.376269433833961 ], [ -122.171402409921953, 37.376204305156428 ], [ -122.171393079038708, 37.376139583240452 ], [ -122.171376438370459, 37.376075818067271 ], [ -122.17135260169529, 37.376013500975965 ], [ -122.171336021297279, 37.375952425961657 ], [ -122.170847096639704, 37.374419260039453 ], [ -122.170807918549556, 37.374254207742098 ], [ -122.170785492354099, 37.374087213432993 ], [ -122.170779876802811, 37.373919292851667 ], [ -122.170791199705107, 37.373751570694431 ], [ -122.170819313304392, 37.373585119701922 ], [ -122.170890554434592, 37.37350639376114 ], [ -122.171802275322023, 37.372629825905818 ], [ -122.173159406233552, 37.372814370597091 ], [ -122.174947444126545, 37.371693512061107 ], [ -122.175459830119905, 37.370920381624117 ], [ -122.175514410377659, 37.370943115240543 ], [ -122.17557131025174, 37.370961832314769 ], [ -122.175630111774922, 37.370976374795639 ], [ -122.175690299460555, 37.370986667135831 ], [ -122.175751419802509, 37.370992577929073 ], [ -122.17581295858578, 37.370994088388208 ], [ -122.175874398774667, 37.370991205001474 ], [ -122.175935292734835, 37.370983907131055 ], [ -122.175995089670423, 37.37097225672386 ], [ -122.176053347299288, 37.370956370953223 ], [ -122.176109585546541, 37.37093639366902 ], [ -122.176337560437403, 37.370879294951308 ], [ -122.176384078490528, 37.370870938882547 ], [ -122.17643132171969, 37.370865813193888 ], [ -122.176478947488945, 37.370863895747334 ], [ -122.176526578378486, 37.370865274851035 ], [ -122.176573903861808, 37.370869899971424 ], [ -122.176620543404439, 37.370877720675246 ], [ -122.176666187733005, 37.370888742287391 ], [ -122.176710489987457, 37.370902804847091 ], [ -122.176753104123335, 37.370919885367186 ], [ -122.176793716536778, 37.370939796375794 ], [ -122.176832083715183, 37.370962404373046 ], [ -122.176867824407424, 37.370987576928044 ], [ -122.176900794225503, 37.371015069175478 ], [ -122.177705359998328, 37.3717464602924 ], [ -122.177519268878356, 37.372280072660033 ], [ -122.177007404742326, 37.373255239920844 ], [ -122.17669856825043, 37.37412160888973 ], [ -122.177556578280189, 37.374377708878946 ], [ -122.177817963483747, 37.374367156593209 ], [ -122.178404799261259, 37.37508320012104 ], [ -122.178784019261215, 37.374482214247443 ], [ -122.179725570471604, 37.374318748490857 ], [ -122.180746742053316, 37.374931151573186 ], [ -122.178779541615725, 37.376956363274296 ], [ -122.178001363284579, 37.376977967847132 ], [ -122.176323136716292, 37.375971469783565 ], [ -122.17632739118055, 37.37702276009373 ], [ -122.177918622926541, 37.377977075677933 ], [ -122.176623868139686, 37.379284581982951 ], [ -122.17549769957418, 37.381033783622442 ], [ -122.174513696986111, 37.381730637597002 ], [ -122.173492035961104, 37.381409935810289 ], [ -122.172375000047268, 37.379865877093131 ], [ -122.171891522157566, 37.379744985733879 ], [ -122.169972420951964, 37.379268852670563 ], [ -122.169747308041181, 37.378725644889343 ] ] ] } },
{ "type": "Feature", "properties": { "ZONE_TYPE": "Open Space", "AREA_CALC": 252823.4, "SHAPE_Leng": 2046.7318920600001, "SHAPE_Area": 252825.185929, "has_CS": false, "Zone_Type_Abbr": "P" }, "geometry": { "type": "Polygon", "coordinates": [ [ [ -122.175042573438972, 37.369468312985632 ], [ -122.17612141394261, 37.368399400239717 ], [ -122.176551170708905, 37.36838539967767 ], [ -122.177731063771176, 37.369042036256495 ], [ -122.177572557588391, 37.369689470510203 ], [ -122.175611652789343, 37.369652024616663 ], [ -122.17544757660059, 37.369694529331255 ], [ -122.175042573438972, 37.369468312985632 ] ] ] } },
{ "type": "Feature", "properties": { "ZONE_TYPE": "Residential Single-Family", "AREA_CALC": 3525761.9, "SHAPE_Leng": 14496.481618100001, "SHAPE_Area": 3525728.2996100001, "has_CS": false, "Zone_Type_Abbr": "R" }, "geometry": { "type": "Polygon", "coordinates": [ [ [ -122.169747308041181, 37.378725644889343 ], [ -122.167842272155994, 37.377504207714011 ], [ -122.170320645012623, 37.370080856437284 ], [ -122.173956807253845, 37.370541296648206 ], [ -122.174356164110065, 37.370145615401981 ], [ -122.175042573438972, 37.369468312985632 ], [ -122.17544757660059, 37.369694529331255 ], [ -122.175611652789343, 37.369652024616663 ], [ -122.175660350313294, 37.369812956949779 ], [ -122.176604367461806, 37.37033810282184 ], [ -122.1765539592934, 37.370561020805091 ], [ -122.17716081645014, 37.370647027620528 ], [ -122.177684658509307, 37.370670215842154 ], [ -122.177681879387649, 37.370937172891942 ], [ -122.178671305099385, 37.371489120870891 ], [ -122.178294458938367, 37.372012802546912 ], [ -122.178370499518053, 37.372134281092819 ], [ -122.178378779306811, 37.372158115958868 ], [ -122.178389386225206, 37.372181339833233 ], [ -122.178402282851181, 37.37220384510529 ], [ -122.178417327113493, 37.372225440046826 ], [ -122.178434483305466, 37.372246043157723 ], [ -122.178486694201354, 37.372314902867345 ], [ -122.178530861779663, 37.372387228419868 ], [ -122.178566661500199, 37.37246244769279 ], [ -122.17859376935975, 37.372539962419282 ], [ -122.178611966147443, 37.372619114251677 ], [ -122.178621099353194, 37.372699248391527 ], [ -122.178621082986652, 37.372779705481193 ], [ -122.178611973961253, 37.372859853855033 ], [ -122.179355609651452, 37.373544859292188 ], [ -122.179570575042234, 37.373816553418443 ], [ -122.179762566155844, 37.373865527402351 ], [ -122.179725570471604, 37.374318748490857 ], [ -122.178784019261215, 37.374482214247443 ], [ -122.178404799261259, 37.37508320012104 ], [ -122.177817963483747, 37.374367156593209 ], [ -122.177556578280189, 37.374377708878946 ], [ -122.17669856825043, 37.37412160888973 ], [ -122.177007404742326, 37.373255239920844 ], [ -122.177519268878356, 37.372280072660033 ], [ -122.177705359998328, 37.3717464602924 ], [ -122.176900794225503, 37.371015069175478 ], [ -122.176867723629769, 37.370987715354012 ], [ -122.176831883308807, 37.370962682109678 ], [ -122.176793484126406, 37.370940157481783 ], [ -122.176752838559793, 37.370920328957801 ], [ -122.176710226891331, 37.370903358350468 ], [ -122.176665959630341, 37.37088929529024 ], [ -122.176620349773103, 37.370878300221506 ], [ -122.176573743468083, 37.370870451104658 ], [ -122.176526486758334, 37.370865770927935 ], [ -122.176478888499631, 37.370864336383498 ], [ -122.176431294629651, 37.37086611548807 ], [ -122.176384082171069, 37.370871102850998 ], [ -122.176337560437403, 37.370879294951308 ], [ -122.176109585546541, 37.37093639366902 ], [ -122.176053199108594, 37.37095590624255 ], [ -122.175994898981997, 37.370971407801953 ], [ -122.175935129139106, 37.37098275591498 ], [ -122.175874299732456, 37.370989860903961 ], [ -122.175812961537233, 37.370992659921129 ], [ -122.175751525478802, 37.370991147993841 ], [ -122.175690510327797, 37.370985345645458 ], [ -122.175630361942453, 37.37097524470235 ], [ -122.175571566585077, 37.370960977003897 ], [ -122.175514571489856, 37.370942646109121 ], [ -122.175459830119905, 37.370920381624117 ], [ -122.174947444126545, 37.371693512061107 ], [ -122.173159406233552, 37.372814370597091 ], [ -122.171802275322023, 37.372629825905818 ], [ -122.170890554434592, 37.37350639376114 ], [ -122.170819313304392, 37.373585119701922 ], [ -122.170791199705107, 37.373751570694431 ], [ -122.170779876802811, 37.373919292851667 ], [ -122.170785492354099, 37.374087213432993 ], [ -122.170807918549556, 37.374254207742098 ], [ -122.170847096639704, 37.374419260039453 ], [ -122.171336021297279, 37.375952425961657 ], [ -122.17135260169529, 37.376013500975965 ], [ -122.171376438370459, 37.376075818067271 ], [ -122.171393079038708, 37.376139583240452 ], [ -122.171402409921953, 37.376204305156428 ], [ -122.171404384813798, 37.376269433833961 ], [ -122.171398955269694, 37.376334420223529 ], [ -122.171386179084223, 37.376398769634996 ], [ -122.171366148343154, 37.376461904877807 ], [ -122.171339024139144, 37.376523355020801 ], [ -122.171305034132644, 37.376582595912545 ], [ -122.171264478822195, 37.376639128497807 ], [ -122.171217691549359, 37.37669250822637 ], [ -122.170848848480873, 37.377254342286903 ], [ -122.170812653948644, 37.377311993153988 ], [ -122.17077013208727, 37.377366823247286 ], [ -122.170721651222522, 37.377418386618444 ], [ -122.170667580328868, 37.377466266148545 ], [ -122.17060832463099, 37.377510100077153 ], [ -122.17054439202964, 37.377549522477622 ], [ -122.169747308041181, 37.378725644889343 ] ] ] } },
{ "type": "Feature", "properties": { "ZONE_TYPE": "Commercial", "AREA_CALC": 393442.3, "SHAPE_Leng": 3259.3071892399998, "SHAPE_Area": 393427.33354000002, "has_CS": false, "Zone_Type_Abbr": "C" }, "geometry": { "type": "Polygon", "coordinates": [ [ [ -122.185845135255576, 37.382905529453616 ], [ -122.186887033530368, 37.381541976754022 ], [ -122.188019436637376, 37.382117393394502 ], [ -122.187400917980909, 37.383757741151278 ], [ -122.187874788147042, 37.38414875689665 ], [ -122.188760053636045, 37.384665533633154 ], [ -122.188092108573187, 37.384655867400859 ], [ -122.188036292352649, 37.384649171854456 ], [ -122.187981358403547, 37.384638837990657 ], [ -122.187927684939709, 37.384624859465688 ], [ -122.187875620681965, 37.384607424122329 ], [ -122.187825578975946, 37.38458658098763 ], [ -122.187777873539972, 37.384562518409339 ], [ -122.187732818547886, 37.384535394988774 ], [ -122.187208550218287, 37.384155047794543 ], [ -122.186905067010116, 37.383964520536594 ], [ -122.186768527273941, 37.383889241410515 ], [ -122.186674690055625, 37.383909160678762 ], [ -122.186464863360627, 37.383713466738868 ], [ -122.185861247952275, 37.383032232220586 ], [ -122.185845135255576, 37.382905529453616 ] ] ] } },
{ "type": "Feature", "properties": { "ZONE_TYPE": "Public Facility", "AREA_CALC": 2174473.2, "SHAPE_Leng": 18020.329337800002, "SHAPE_Area": 2174465.8004299998, "has_CS": false, "Zone_Type_Abbr": "P" }, "geometry": { "type": "Polygon", "coordinates": [ [ [ -122.16931044294104, 37.390282366504664 ], [ -122.170225235220883, 37.390185670604872 ], [ -122.169804627309759, 37.391805821490692 ], [ -122.169645047763666, 37.392452049269025 ], [ -122.167840129955906, 37.400205196887278 ], [ -122.164492087654196, 37.39873443673261 ], [ -122.161890318819815, 37.396455202496988 ], [ -122.161804630000645, 37.396330196663449 ], [ -122.152029834314419, 37.394313515396576 ], [ -122.151406600708995, 37.393475700271381 ], [ -122.160675596632927, 37.395388098667162 ], [ -122.162126489111543, 37.39568739481529 ], [ -122.162245239998526, 37.39574639128999 ], [ -122.1650323734615, 37.398187991732847 ], [ -122.167211537507782, 37.399145342650293 ], [ -122.168743608048345, 37.392563685192499 ], [ -122.168986438392537, 37.391572362481597 ], [ -122.16931044294104, 37.390282366504664 ] ] ] } },
{ "type": "Feature", "properties": { "ZONE_TYPE": "Agricultural", "AREA_CALC": 4023098.8, "SHAPE_Leng": 9922.38984308, "SHAPE_Area": 4023097.4618700002, "has_CS": false, "Zone_Type_Abbr": "P" }, "geometry": { "type": "Polygon", "coordinates": [ [ [ -122.152135437969719, 37.404919995110482 ], [ -122.152039782847964, 37.404728675668864 ], [ -122.152118030554661, 37.404674888058629 ], [ -122.151882113836834, 37.404456399749186 ], [ -122.151685143046677, 37.404391983839005 ], [ -122.149665773039047, 37.403701458571369 ], [ -122.150401545134287, 37.402326783564121 ], [ -122.150439195567571, 37.402221625308066 ], [ -122.150167668568429, 37.402234262989282 ], [ -122.149895793500079, 37.402228088607956 ], [ -122.149625604537903, 37.402203128530111 ], [ -122.149359170603802, 37.402159601510277 ], [ -122.149098429757032, 37.402097837207279 ], [ -122.14884538794584, 37.402018273388201 ], [ -122.148601951495422, 37.401921543896783 ], [ -122.148408663606304, 37.40182232296425 ], [ -122.148204849781237, 37.401737616687029 ], [ -122.147992145682949, 37.401668141920204 ], [ -122.147973177993691, 37.401565400334462 ], [ -122.146469009431357, 37.397224631684615 ], [ -122.147345214008098, 37.397045208394864 ], [ -122.148229014765775, 37.396647127822838 ], [ -122.149833000449334, 37.395410863505518 ], [ -122.150064254425558, 37.395558606894632 ], [ -122.150310301695782, 37.395690237153957 ], [ -122.150569435013395, 37.395804816626047 ], [ -122.150839777368418, 37.39590154793747 ], [ -122.153125048278639, 37.396716226077451 ], [ -122.153482902736741, 37.397961127346385 ], [ -122.152463851118597, 37.398160766708266 ], [ -122.152582761576525, 37.398558434185539 ], [ -122.152481618621906, 37.398669515616994 ], [ -122.152510675798567, 37.398943162979954 ], [ -122.152557075219249, 37.399381188031377 ], [ -122.152243420142412, 37.399775225523747 ], [ -122.152144651274824, 37.400318825486302 ], [ -122.152912256329017, 37.400687136783922 ], [ -122.152756435049824, 37.400931992032945 ], [ -122.152982964444149, 37.40173613884425 ], [ -122.152926485474907, 37.402074664583438 ], [ -122.152869431174693, 37.402416769878712 ], [ -122.152712913851119, 37.402471715860315 ], [ -122.152598047302661, 37.402928988131485 ], [ -122.152621346212939, 37.403340610498162 ], [ -122.152953189989375, 37.403537281816917 ], [ -122.152613374841863, 37.404014837735772 ], [ -122.15237900381122, 37.404059067920414 ], [ -122.152371021996458, 37.404608448093171 ], [ -122.152231609147947, 37.404742565106048 ], [ -122.152193269070551, 37.405062376297494 ], [ -122.152119043222712, 37.405056718564175 ], [ -122.152135437969719, 37.404919995110482 ] ] ] } },
{ "type": "Feature", "properties": { "ZONE_TYPE": "Commercial\/Residential", "AREA_CALC": 75950.0, "SHAPE_Leng": 1276.0520097799999, "SHAPE_Area": 75950.690010699996, "has_CS": false, "Zone_Type_Abbr": "C\/R" }, "geometry": { "type": "Polygon", "coordinates": [ [ [ -122.141206186948466, 37.427392491217297 ], [ -122.14242269003428, 37.428025738751515 ], [ -122.142269431527907, 37.428217473177689 ], [ -122.142173522659078, 37.428172887358784 ], [ -122.142116156545939, 37.428283291200266 ], [ -122.141862105734887, 37.428133350313743 ], [ -122.141753915239462, 37.428260094733808 ], [ -122.141707918396577, 37.428235988497434 ], [ -122.141619186101124, 37.428339112111495 ], [ -122.140915332619045, 37.427896326079541 ], [ -122.140985213097665, 37.427811459212727 ], [ -122.140906627489954, 37.427762070906056 ], [ -122.141206186948466, 37.427392491217297 ] ] ] } },
{ "type": "Feature", "properties": { "ZONE_TYPE": "Residential Multi-Family", "AREA_CALC": 9127.2, "SHAPE_Leng": 465.78746863700002, "SHAPE_Area": 9127.6800988300001, "has_CS": false, "Zone_Type_Abbr": "R" }, "geometry": { "type": "Polygon", "coordinates": [ [ [ -122.14362829083484, 37.431982026486054 ], [ -122.143763403105979, 37.43206718222639 ], [ -122.143443044142373, 37.432390362680756 ], [ -122.143376163049993, 37.432462882997342 ], [ -122.143239565697755, 37.432371319308615 ], [ -122.143307931651677, 37.432305206573581 ], [ -122.14362829083484, 37.431982026486054 ] ] ] } },
{ "type": "Feature", "properties": { "ZONE_TYPE": "Residential Multi-Family", "AREA_CALC": 70720.5, "SHAPE_Leng": 1769.2011098600001, "SHAPE_Area": 70720.528896500007, "has_CS": false, "Zone_Type_Abbr": "R" }, "geometry": { "type": "Polygon", "coordinates": [ [ [ -122.138314887467843, 37.428156754432564 ], [ -122.138581202861062, 37.42846549244306 ], [ -122.138663789123015, 37.428515239174686 ], [ -122.138586129264098, 37.42855969687993 ], [ -122.139278604357983, 37.428994414198804 ], [ -122.139874968876981, 37.429353146474746 ], [ -122.14012844752601, 37.42951304354569 ], [ -122.139935433918268, 37.429706456958243 ], [ -122.139100816040909, 37.429178549210292 ], [ -122.139043628206252, 37.429231401641118 ], [ -122.138445798994255, 37.428854418238267 ], [ -122.138420542995235, 37.428868148378918 ], [ -122.138242127264817, 37.428666024567512 ], [ -122.138382922670417, 37.428586981397906 ], [ -122.138164841334117, 37.42833995094631 ], [ -122.138108239965632, 37.428267344333328 ], [ -122.138314887467843, 37.428156754432564 ] ] ] } },
{ "type": "Feature", "properties": { "ZONE_TYPE": "Residential Multi-Family", "AREA_CALC": 113412.8, "SHAPE_Leng": 2005.1557964599999, "SHAPE_Area": 113413.682995, "has_CS": false, "Zone_Type_Abbr": "R" }, "geometry": { "type": "Polygon", "coordinates": [ [ [ -122.136237833370728, 37.426674789044313 ], [ -122.136524933422777, 37.426384917579313 ], [ -122.137011379450598, 37.426691304089474 ], [ -122.138227578930824, 37.427457299330449 ], [ -122.138769503084845, 37.427798640517231 ], [ -122.138651220100002, 37.427862811726698 ], [ -122.138754974585993, 37.427913470378797 ], [ -122.138377816115195, 37.428123791986934 ], [ -122.138317556674949, 37.428052418030191 ], [ -122.138099477097271, 37.427805386546716 ], [ -122.138064262770726, 37.427825161234971 ], [ -122.136237833370728, 37.426674789044313 ] ] ] } },
{ "type": "Feature", "properties": { "ZONE_TYPE": "Residential Multi-Family", "AREA_CALC": 27324.4, "SHAPE_Leng": 648.23374458399996, "SHAPE_Area": 27324.2885928, "has_CS": false, "Zone_Type_Abbr": "R" }, "geometry": { "type": "Polygon", "coordinates": [ [ [ -122.138314887467843, 37.428156754432564 ], [ -122.138377816115195, 37.428123791986934 ], [ -122.138754974585993, 37.427913470378797 ], [ -122.138847714052673, 37.427956537833531 ], [ -122.139113941300693, 37.42825810680629 ], [ -122.138732823453168, 37.428473263938443 ], [ -122.138663789123015, 37.428515239174686 ], [ -122.138581202861062, 37.42846549244306 ], [ -122.138314887467843, 37.428156754432564 ] ] ] } },
{ "type": "Feature", "properties": { "ZONE_TYPE": "Residential Multi-Family", "AREA_CALC": 41542.4, "SHAPE_Leng": 1172.99425352, "SHAPE_Area": 41542.877796100001, "has_CS": false, "Zone_Type_Abbr": "R" }, "geometry": { "type": "Polygon", "coordinates": [ [ [ -122.133112114782804, 37.431913252943062 ], [ -122.132923727831937, 37.431799764468678 ], [ -122.133317405832869, 37.431577776682154 ], [ -122.133182339057811, 37.431492553484318 ], [ -122.133571032797079, 37.431274314696317 ], [ -122.133362744437804, 37.431038401491918 ], [ -122.133306358421592, 37.430970761557148 ], [ -122.133513931611745, 37.430849865790144 ], [ -122.134006987836614, 37.431410258283513 ], [ -122.133112114782804, 37.431913252943062 ] ] ] } },
{ "type": "Feature", "properties": { "ZONE_TYPE": "Residential Multi-Family", "AREA_CALC": 21550.5, "SHAPE_Leng": 590.88971686299999, "SHAPE_Area": 21550.6299039, "has_CS": false, "Zone_Type_Abbr": "R" }, "geometry": { "type": "Polygon", "coordinates": [ [ [ -122.139926944774245, 37.423796666010759 ], [ -122.140027406926905, 37.423680496911658 ], [ -122.140504118568757, 37.423932753356027 ], [ -122.140258372519497, 37.424228842018991 ], [ -122.13978170750498, 37.423977160686391 ], [ -122.139926944774245, 37.423796666010759 ] ] ] } },
{ "type": "Feature", "properties": { "ZONE_TYPE": "Commercial\/Research\/Manufacturing\/Residential", "AREA_CALC": 499273.6, "SHAPE_Leng": 2829.7338453500001, "SHAPE_Area": 499272.293511, "has_CS": false, "Zone_Type_Abbr": "C\/R" }, "geometry": { "type": "Polygon", "coordinates": [ [ [ -122.137829802869078, 37.424879386469414 ], [ -122.138868083600741, 37.423581299434368 ], [ -122.140695235804145, 37.424545244753574 ], [ -122.140065475844651, 37.425351660986408 ], [ -122.139656878901889, 37.425862549363956 ], [ -122.139626618791524, 37.425893023811007 ], [ -122.139201680329151, 37.426331374657892 ], [ -122.137398157534534, 37.425393748171622 ], [ -122.137829802869078, 37.424879386469414 ] ] ] } },
{ "type": "Feature", "properties": { "ZONE_TYPE": "Residential Multi-Family", "AREA_CALC": 37880.5, "SHAPE_Leng": 832.23617640299994, "SHAPE_Area": 37881.397618000003, "has_CS": false, "Zone_Type_Abbr": "R" }, "geometry": { "type": "Polygon", "coordinates": [ [ [ -122.133072302160812, 37.424678016641472 ], [ -122.133354866295477, 37.424390001373958 ], [ -122.13411969349373, 37.42486988904934 ], [ -122.133832590519845, 37.425159781688656 ], [ -122.133143469814058, 37.424725700115857 ], [ -122.133072302160812, 37.424678016641472 ] ] ] } },
{ "type": "Feature", "properties": { "ZONE_TYPE": "Commercial\/Manufacturing", "AREA_CALC": 10389.4, "SHAPE_Leng": 436.81278900699999, "SHAPE_Area": 10389.653159, "has_CS": false, "Zone_Type_Abbr": "C" }, "geometry": { "type": "Polygon", "coordinates": [ [ [ -122.134750024793632, 37.422567933399783 ], [ -122.135159466877894, 37.42279601478451 ], [ -122.135023244037441, 37.422960775264933 ], [ -122.134946508711423, 37.422910477716194 ], [ -122.134607058988948, 37.422734655539792 ], [ -122.134704773644771, 37.422621661048083 ], [ -122.134750024793632, 37.422567933399783 ] ] ] } },
{ "type": "Feature", "properties": { "ZONE_TYPE": "Residential Multi-Family", "AREA_CALC": 16038.4, "SHAPE_Leng": 506.97784001700001, "SHAPE_Area": 16039.012157499999, "has_CS": false, "Zone_Type_Abbr": "R" }, "geometry": { "type": "Polygon", "coordinates": [ [ [ -122.133460221017174, 37.423711567203654 ], [ -122.133687246228064, 37.423440228694155 ], [ -122.133926915728225, 37.423567148695085 ], [ -122.134056247721361, 37.423636518372973 ], [ -122.133812830234177, 37.4239330825677 ], [ -122.133460221017174, 37.423711567203654 ] ] ] } },
{ "type": "Feature", "properties": { "ZONE_TYPE": "Public Facility", "AREA_CALC": 178058.5, "SHAPE_Leng": 2232.0045590999998, "SHAPE_Area": 178160.975504, "has_CS": false, "Zone_Type_Abbr": "P" }, "geometry": { "type": "Polygon", "coordinates": [ [ [ -122.134750024793632, 37.422567933399783 ], [ -122.134346450421575, 37.422356085189591 ], [ -122.134902352210176, 37.421682497928828 ], [ -122.134492050656192, 37.421466760683103 ], [ -122.134502317650501, 37.421454339641087 ], [ -122.134146756067736, 37.421265884996274 ], [ -122.134358118976962, 37.420998498644231 ], [ -122.134590900899227, 37.421122601369184 ], [ -122.134583317561763, 37.421131771335993 ], [ -122.134711592455545, 37.421200194296354 ], [ -122.1351919659526, 37.420619869936203 ], [ -122.135349259010809, 37.420703325399053 ], [ -122.135332852699975, 37.420819060590105 ], [ -122.135329101753058, 37.420935470120483 ], [ -122.135338088739744, 37.421051730041412 ], [ -122.135359693325583, 37.421166935416132 ], [ -122.135393791764855, 37.421280180450132 ], [ -122.135440090464257, 37.421390646425941 ], [ -122.135498259562539, 37.421497458352164 ], [ -122.135567834917367, 37.421599853053209 ], [ -122.135575202166223, 37.421723854354944 ], [ -122.135712195524221, 37.422114556197897 ], [ -122.135159466877894, 37.42279601478451 ], [ -122.134750024793632, 37.422567933399783 ] ] ] } },
{ "type": "Feature", "properties": { "ZONE_TYPE": "Residential Multi-Family", "AREA_CALC": 119705.0, "SHAPE_Leng": 2049.0051605100002, "SHAPE_Area": 119708.152422, "has_CS": false, "Zone_Type_Abbr": "R" }, "geometry": { "type": "Polygon", "coordinates": [ [ [ -122.133832590519845, 37.425159781688656 ], [ -122.13411969349373, 37.42486988904934 ], [ -122.135119615856482, 37.425499743885048 ], [ -122.135281771328678, 37.425601865127518 ], [ -122.136524933422777, 37.426384917579313 ], [ -122.136237833370728, 37.426674789044313 ], [ -122.134994670072473, 37.425891761495926 ], [ -122.134832514363282, 37.425789639858834 ], [ -122.133832590519845, 37.425159781688656 ] ] ] } },
{ "type": "Feature", "properties": { "ZONE_TYPE": "Commercial\/Manufacturing", "AREA_CALC": 392883.0, "SHAPE_Leng": 5378.6424733100002, "SHAPE_Area": 392539.78884599998, "has_CS": false, "Zone_Type_Abbr": "C" }, "geometry": { "type": "Polygon", "coordinates": [ [ [ -122.134890308398681, 37.424069619543815 ], [ -122.136541969745451, 37.424931472151172 ], [ -122.136764745096443, 37.425055600374243 ], [ -122.136856299723746, 37.425010345279794 ], [ -122.137000092363692, 37.424937909145982 ], [ -122.137099434148041, 37.424990142986793 ], [ -122.137284976685024, 37.424765661178519 ], [ -122.137258295423536, 37.424915353218807 ], [ -122.137246693028274, 37.42506629118882 ], [ -122.137250285113396, 37.425217456921935 ], [ -122.137358232731231, 37.425274184633629 ], [ -122.137526898093938, 37.425070072682523 ], [ -122.137568109958323, 37.424744432013554 ], [ -122.137829802869078, 37.424879386469414 ], [ -122.137398157534534, 37.425393748171622 ], [ -122.139201680329151, 37.426331374657892 ], [ -122.139626618791524, 37.425893023811007 ], [ -122.139862722499501, 37.425982266308459 ], [ -122.139888851445207, 37.426259116346216 ], [ -122.13983308574285, 37.426567765430057 ], [ -122.139701571865999, 37.426702139982538 ], [ -122.13966884612833, 37.427394866100798 ], [ -122.139674992800337, 37.427422193963068 ], [ -122.139645269756357, 37.427461505324125 ], [ -122.139614137425625, 37.427488365494497 ], [ -122.139603696605747, 37.427522654444452 ], [ -122.139624649002457, 37.427565460893611 ], [ -122.139598059033176, 37.427574868833929 ], [ -122.138156898537432, 37.426677348894678 ], [ -122.137990221996489, 37.426477807727856 ], [ -122.137847406232751, 37.426266863769669 ], [ -122.137729626706147, 37.426046285083466 ], [ -122.137637889056379, 37.425817981778174 ], [ -122.137572993838816, 37.425583892044614 ], [ -122.136916186791765, 37.425239204363713 ], [ -122.136561437240644, 37.425668435606887 ], [ -122.13457022913272, 37.424412027140214 ], [ -122.134804160523771, 37.424128998051835 ], [ -122.134890308398681, 37.424069619543815 ] ] ] } },
{ "type": "Feature", "properties": { "ZONE_TYPE": "Residential Multi-Family", "AREA_CALC": 666319.0, "SHAPE_Leng": 4472.2982656100003, "SHAPE_Area": 666424.62930699997, "has_CS": false, "Zone_Type_Abbr": "R" }, "geometry": { "type": "Polygon", "coordinates": [ [ [ -122.134890308398681, 37.424069619543815 ], [ -122.135294481122997, 37.423580535919754 ], [ -122.135853847055017, 37.422914119991795 ], [ -122.135793249560962, 37.422881975353704 ], [ -122.135789566556227, 37.422734409371763 ], [ -122.135788374918434, 37.422647047880567 ], [ -122.135777926943604, 37.422560062369854 ], [ -122.135758305412992, 37.422474083427936 ], [ -122.135729662032446, 37.422389741581391 ], [ -122.135692180039797, 37.422307611040608 ], [ -122.135781528513917, 37.422199512242351 ], [ -122.135871628077439, 37.422501291546169 ], [ -122.136068219158631, 37.422609688751677 ], [ -122.136242171141916, 37.422638988993825 ], [ -122.136492496447673, 37.422336060716788 ], [ -122.137063699690756, 37.422638846576426 ], [ -122.137243608242969, 37.422730884325446 ], [ -122.1374810302528, 37.422438104878005 ], [ -122.138258559867793, 37.422846753664672 ], [ -122.138792183113765, 37.422206173283918 ], [ -122.139157338481709, 37.422401045314942 ], [ -122.139067501648057, 37.42251648847914 ], [ -122.138587555032913, 37.423090339646791 ], [ -122.138380398492885, 37.4233323763399 ], [ -122.138027203642721, 37.423779857131187 ], [ -122.137781610300294, 37.424164936843368 ], [ -122.137716549098712, 37.42429522287263 ], [ -122.137660303757031, 37.424430137867446 ], [ -122.137612977723592, 37.424569708334374 ], [ -122.137568109958323, 37.424744432013554 ], [ -122.137526898093938, 37.425070072682523 ], [ -122.137358232731231, 37.425274184633629 ], [ -122.137250285113396, 37.425217456921935 ], [ -122.137246693028274, 37.42506629118882 ], [ -122.137258295423536, 37.424915353218807 ], [ -122.137284976685024, 37.424765661178519 ], [ -122.137099434148041, 37.424990142986793 ], [ -122.137000092363692, 37.424937909145982 ], [ -122.136856299723746, 37.425010345279794 ], [ -122.136764745096443, 37.425055600374243 ], [ -122.136541969745451, 37.424931472151172 ], [ -122.134890308398681, 37.424069619543815 ] ] ] } },
{ "type": "Feature", "properties": { "ZONE_TYPE": null, "AREA_CALC": 0.0, "SHAPE_Leng": 5077.52474618, "SHAPE_Area": 637885.22562100005, "has_CS": false, "Zone_Type_Abbr": "P" }, "geometry": { "type": "Polygon", "coordinates": [ [ [ -122.14539728086919, 37.42483658758082 ], [ -122.145932633191038, 37.425120515475399 ], [ -122.146350712042619, 37.42535462587098 ], [ -122.146048880566241, 37.425725172124253 ], [ -122.145511581526762, 37.426377536872977 ], [ -122.145337783409133, 37.426586844161413 ], [ -122.145241585978425, 37.426700205761776 ], [ -122.145148006550457, 37.426817566172083 ], [ -122.144778317055938, 37.427261434406297 ], [ -122.145190172508023, 37.42747895943873 ], [ -122.145089606423824, 37.427595360627187 ], [ -122.144682566399894, 37.42738135273877 ], [ -122.144439754674664, 37.427674220562665 ], [ -122.144872695384734, 37.427896801675217 ], [ -122.14466821162479, 37.428154075740082 ], [ -122.144580172065744, 37.42811015209876 ], [ -122.144233255249191, 37.427928215586157 ], [ -122.143760508506645, 37.428501415504506 ], [ -122.143629983086427, 37.428663882940931 ], [ -122.14405542523707, 37.428888032990457 ], [ -122.143578255383517, 37.429472293217501 ], [ -122.142674639286128, 37.428900646569772 ], [ -122.142828539854293, 37.428730976767248 ], [ -122.142629452793201, 37.428605866696572 ], [ -122.14273284031502, 37.428476588722631 ], [ -122.142691288200325, 37.428364932509986 ], [ -122.142303799295107, 37.428174471481228 ], [ -122.142422674317615, 37.428025743477498 ], [ -122.142600503427573, 37.428120213083822 ], [ -122.143358165779247, 37.427194354988949 ], [ -122.143461677866355, 37.427062155564769 ], [ -122.144061329294829, 37.426341511298752 ], [ -122.144130668176501, 37.426296146316865 ], [ -122.144199161626858, 37.426215797512043 ], [ -122.144342195130321, 37.426045523535798 ], [ -122.1443975054014, 37.425926868852351 ], [ -122.144530811541415, 37.425767297594817 ], [ -122.145018414279235, 37.425174326076231 ], [ -122.145092947028999, 37.425211686893327 ], [ -122.14539728086919, 37.42483658758082 ] ] ] } },
{ "type": "Feature", "properties": { "ZONE_TYPE": "Commercial\/Manufacturing\/Residential", "AREA_CALC": 5272087.0, "SHAPE_Leng": 15417.388098699999, "SHAPE_Area": 5264630.6159300003, "has_CS": false, "Zone_Type_Abbr": "C\/R" }, "geometry": { "type": "Polygon", "coordinates": [ [ [ -122.143397724265341, 37.395162574717482 ], [ -122.150721677328164, 37.392554888278426 ], [ -122.151406600708995, 37.393475700271381 ], [ -122.152029834314419, 37.394313515396576 ], [ -122.152703931960673, 37.395219693725409 ], [ -122.153125048278639, 37.396716226077451 ], [ -122.150839777368418, 37.39590154793747 ], [ -122.150569435013395, 37.395804816626047 ], [ -122.150310301695782, 37.395690237153957 ], [ -122.150064254425558, 37.395558606894632 ], [ -122.149833000449334, 37.395410863505518 ], [ -122.148229014765775, 37.396647127822838 ], [ -122.147345214008098, 37.397045208394864 ], [ -122.146469009431357, 37.397224631684615 ], [ -122.147973177993691, 37.401565400334462 ], [ -122.147992145682949, 37.401668141920204 ], [ -122.148204849781237, 37.401737616687029 ], [ -122.148408663606304, 37.40182232296425 ], [ -122.148601951495422, 37.401921543896783 ], [ -122.14884538794584, 37.402018273388201 ], [ -122.149098429757032, 37.402097837207279 ], [ -122.149359170603802, 37.402159601510277 ], [ -122.149625604537903, 37.402203128530111 ], [ -122.149895793500079, 37.402228088607956 ], [ -122.150167668568429, 37.402234262989282 ], [ -122.150439195567571, 37.402221625308066 ], [ -122.150401545134287, 37.402326783564121 ], [ -122.149665773039047, 37.403701458571369 ], [ -122.151685143046677, 37.404391983839005 ], [ -122.151882113836834, 37.404456399749186 ], [ -122.152118030554661, 37.404674888058629 ], [ -122.152039782847964, 37.404728675668864 ], [ -122.152135437969719, 37.404919995110482 ], [ -122.152119043222712, 37.405056718564175 ], [ -122.149757829519189, 37.40487080536851 ], [ -122.14745257925199, 37.404509986943594 ], [ -122.146522172164694, 37.404287230723867 ], [ -122.146489117572429, 37.404277915699218 ], [ -122.14645721893389, 37.404266359358367 ], [ -122.146426649739226, 37.404252642178257 ], [ -122.14639772183385, 37.404236868829067 ], [ -122.146370577187682, 37.404219176105308 ], [ -122.146345459331442, 37.404199695771389 ], [ -122.146322542388532, 37.404178537134435 ], [ -122.146302002743766, 37.404155860838749 ], [ -122.146283981933863, 37.404131886596232 ], [ -122.146268620736677, 37.404106748514515 ], [ -122.146256062906673, 37.404080664471699 ], [ -122.146246345957408, 37.404053798863217 ], [ -122.146239577503465, 37.404026370074021 ], [ -122.146235796783103, 37.403998569511181 ], [ -122.146235042520971, 37.403970616525989 ], [ -122.146237318965305, 37.40394270391733 ], [ -122.146079689412758, 37.403900691109342 ], [ -122.146098279854613, 37.403797477170315 ], [ -122.146104660517139, 37.403693335099589 ], [ -122.146098815851232, 37.403589145597962 ], [ -122.146080837103682, 37.403485868071172 ], [ -122.144068597747733, 37.397734146591105 ], [ -122.143769480562099, 37.396890237787012 ], [ -122.143545481054502, 37.396031624172167 ], [ -122.143397724265341, 37.395162574717482 ] ] ] } },
{ "type": "Feature", "properties": { "ZONE_TYPE": "Residential Single-Family", "AREA_CALC": 1410383.1, "SHAPE_Leng": 5840.4272225900004, "SHAPE_Area": 1410374.4575100001, "has_CS": false, "Zone_Type_Abbr": "R" }, "geometry": { "type": "Polygon", "coordinates": [ [ [ -122.140157879837346, 37.408472983595438 ], [ -122.140764075251568, 37.408789573252264 ], [ -122.141994867219694, 37.409444513991829 ], [ -122.143665216079683, 37.410316715787317 ], [ -122.142758787517607, 37.411417864732307 ], [ -122.142558019866257, 37.411661769480396 ], [ -122.140863743260226, 37.413719903397315 ], [ -122.140317070084606, 37.412435827186769 ], [ -122.14035074688023, 37.412394977757714 ], [ -122.140294190718194, 37.412262846962236 ], [ -122.14026054783514, 37.41230369590167 ], [ -122.139825976603902, 37.411282574799472 ], [ -122.138590587513903, 37.408376304263903 ], [ -122.138189947849924, 37.407433759086906 ], [ -122.140157879837346, 37.408472983595438 ] ] ] } },
{ "type": "Feature", "properties": { "ZONE_TYPE": "Public Facility", "AREA_CALC": 330243.9, "SHAPE_Leng": 2314.9624876100002, "SHAPE_Area": 330243.72845900001, "has_CS": false, "Zone_Type_Abbr": "P" }, "geometry": { "type": "Polygon", "coordinates": [ [ [ -122.141965565939287, 37.423037428975981 ], [ -122.142647935031093, 37.422283665366194 ], [ -122.14299095954722, 37.421888942081559 ], [ -122.144011259501525, 37.422424383838383 ], [ -122.144820128600117, 37.422853152086333 ], [ -122.144499653817448, 37.423240972385408 ], [ -122.143849459628683, 37.424022698481167 ], [ -122.142458060578946, 37.423296268866778 ], [ -122.141965565939287, 37.423037428975981 ] ] ] } },
{ "type": "Feature", "properties": { "ZONE_TYPE": "Commercial\/Residential", "AREA_CALC": 113892.0, "SHAPE_Leng": 1695.52057384, "SHAPE_Area": 113890.927708, "has_CS": false, "Zone_Type_Abbr": "C\/R" }, "geometry": { "type": "Polygon", "coordinates": [ [ [ -122.142649978582099, 37.423908444196172 ], [ -122.142946964963272, 37.423549856114406 ], [ -122.143849459628683, 37.424022698481167 ], [ -122.143940140808084, 37.42406936131227 ], [ -122.14483135496873, 37.424539278520875 ], [ -122.14452234722512, 37.424917927724898 ], [ -122.144465773643574, 37.424982695457615 ], [ -122.144388453993713, 37.424940679826165 ], [ -122.144044548978769, 37.424757914865964 ], [ -122.143588091159842, 37.424520606626032 ], [ -122.14365307325177, 37.424434076364776 ], [ -122.14315480506059, 37.424174827440581 ], [ -122.142744623124855, 37.42395999646623 ], [ -122.142649978582099, 37.423908444196172 ] ] ] } },
{ "type": "Feature", "properties": { "ZONE_TYPE": "Commercial\/Manufacturing", "AREA_CALC": 351694.3, "SHAPE_Leng": 10988.8468913, "SHAPE_Area": 351717.58796799998, "has_CS": false, "Zone_Type_Abbr": "C" }, "geometry": { "type": "Polygon", "coordinates": [ [ [ -122.135835443519042, 37.419824358908294 ], [ -122.136147716811706, 37.419449120817823 ], [ -122.136309656428082, 37.419251312591555 ], [ -122.136634185699975, 37.41885093340089 ], [ -122.137990062367649, 37.41721041838629 ], [ -122.139381068405285, 37.415520995641657 ], [ -122.140426692979119, 37.414250807648912 ], [ -122.140863743260226, 37.413719903397315 ], [ -122.142558019866257, 37.411661769480396 ], [ -122.142758787517607, 37.411417864732307 ], [ -122.143665216079683, 37.410316715787317 ], [ -122.141994867219694, 37.409444513991829 ], [ -122.140764075251568, 37.408789573252264 ], [ -122.140157879837346, 37.408472983595438 ], [ -122.140649122329734, 37.408574506689114 ], [ -122.140854146360937, 37.408483574049477 ], [ -122.144030562868096, 37.410134586551557 ], [ -122.135997284837941, 37.419906376641663 ], [ -122.135835443519042, 37.419824358908294 ] ] ] } },
{ "type": "Feature", "properties": { "ZONE_TYPE": "Commercial\/Residential", "AREA_CALC": 408441.6, "SHAPE_Leng": 4395.3340770900004, "SHAPE_Area": 414826.041256, "has_CS": false, "Zone_Type_Abbr": "C\/R" }, "geometry": { "type": "Polygon", "coordinates": [ [ [ -122.147922224515824, 37.426629851556754 ], [ -122.14840332495298, 37.427049135503985 ], [ -122.148650797163199, 37.426733997016363 ], [ -122.149717723562034, 37.427296807918353 ], [ -122.149548404600267, 37.427501221812321 ], [ -122.149532907277546, 37.427527809887444 ], [ -122.149520498456397, 37.42755542517552 ], [ -122.149511170976169, 37.427583794712717 ], [ -122.149505059510943, 37.427612722847051 ], [ -122.14950215860793, 37.427641962725119 ], [ -122.149502565104314, 37.42767129399266 ], [ -122.149506240766527, 37.427700469355273 ], [ -122.149513112425495, 37.427729296983145 ], [ -122.149523207921803, 37.427757502517522 ], [ -122.149536386323888, 37.42778489598188 ], [ -122.14955257100749, 37.427811231521694 ], [ -122.14957162212977, 37.42783631734239 ], [ -122.149593362607206, 37.427859963975067 ], [ -122.151961892661092, 37.429938419525882 ], [ -122.151332009156647, 37.430180193501791 ], [ -122.150615755870732, 37.429804691648009 ], [ -122.150695492412538, 37.429708006002663 ], [ -122.150520165999055, 37.429620704002545 ], [ -122.150232419081149, 37.42946982650993 ], [ -122.150327015628307, 37.429355077417803 ], [ -122.149751491316181, 37.42905329512201 ], [ -122.14966351990644, 37.429003439836407 ], [ -122.149752416871578, 37.428891050489703 ], [ -122.149673448276658, 37.428848018741313 ], [ -122.149241650354739, 37.42862186663168 ], [ -122.149336415421942, 37.4285069510479 ], [ -122.149192527618268, 37.428431484143019 ], [ -122.148904787989323, 37.42828060428306 ], [ -122.148732150770343, 37.428190020248792 ], [ -122.14844457986149, 37.42803891701881 ], [ -122.148586274993221, 37.427867058768186 ], [ -122.148442423669636, 37.427791617491742 ], [ -122.148663955465437, 37.427522908630699 ], [ -122.148545296603913, 37.427416870820437 ], [ -122.148346005120402, 37.427658566982281 ], [ -122.147974448511761, 37.427464664466143 ], [ -122.148020706203326, 37.427400726646589 ], [ -122.147954404162462, 37.427333727620649 ], [ -122.147600678768953, 37.427012887324651 ], [ -122.147809599334849, 37.42675954789236 ], [ -122.147922224515824, 37.426629851556754 ] ] ] } },
{ "type": "Feature", "properties": { "ZONE_TYPE": "Commercial\/Residential", "AREA_CALC": 161877.1, "SHAPE_Leng": 1746.1342277199999, "SHAPE_Area": 161874.74244199999, "has_CS": false, "Zone_Type_Abbr": "C\/R" }, "geometry": { "type": "Polygon", "coordinates": [ [ [ -122.144713948043446, 37.424272334289306 ], [ -122.145244669300865, 37.423630281290862 ], [ -122.146163607436506, 37.424113972953542 ], [ -122.146483083048579, 37.424282132555604 ], [ -122.146604791311489, 37.424134894165398 ], [ -122.146706470477184, 37.424191344451927 ], [ -122.145932621834888, 37.425120512931066 ], [ -122.145397288538391, 37.42483657665877 ], [ -122.14483135496873, 37.424539278520875 ], [ -122.144592478000632, 37.424413330976265 ], [ -122.144713948043446, 37.424272334289306 ] ] ] } },
{ "type": "Feature", "properties": { "ZONE_TYPE": "Commercial\/Manufacturing", "AREA_CALC": 280426.4, "SHAPE_Leng": 5311.8804430299997, "SHAPE_Area": 280436.46367899998, "has_CS": false, "Zone_Type_Abbr": "C" }, "geometry": { "type": "Polygon", "coordinates": [ [ [ -122.146163607436506, 37.424113972953542 ], [ -122.151035810303128, 37.41830117244146 ], [ -122.151347482031838, 37.418459648588637 ], [ -122.150188946903967, 37.419846563502603 ], [ -122.148368762909982, 37.422030432250345 ], [ -122.147784507351901, 37.422737309620381 ], [ -122.147012431905736, 37.42365967562916 ], [ -122.146604791311489, 37.424134894165398 ], [ -122.146483083048579, 37.424282132555604 ], [ -122.146163607436506, 37.424113972953542 ] ] ] } },
{ "type": "Feature", "properties": { "ZONE_TYPE": "Open Space", "AREA_CALC": 160049139.0, "SHAPE_Leng": 94018.414015799994, "SHAPE_Area": 160048391.14300001, "has_CS": false, "Zone_Type_Abbr": "P" }, "geometry": { "type": "Polygon", "coordinates": [ [ [ -122.135106409288838, 37.297293273341474 ], [ -122.151910932119421, 37.298013102151344 ], [ -122.156935607329686, 37.29780761536599 ], [ -122.157042277628875, 37.293962663310111 ], [ -122.1570391514081, 37.292399113503869 ], [ -122.157704719816863, 37.292612002313525 ], [ -122.159163737120139, 37.293339985618914 ], [ -122.161076499451468, 37.293065515045093 ], [ -122.162791026023527, 37.294214226470572 ], [ -122.162931661330944, 37.293639719372514 ], [ -122.1668329996632, 37.295380358756347 ], [ -122.165467206417816, 37.296164499306158 ], [ -122.16530166315664, 37.297088112520036 ], [ -122.165266282895573, 37.297707081876453 ], [ -122.164924725668527, 37.297882163397418 ], [ -122.164105921404385, 37.298604424482328 ], [ -122.163100469997644, 37.298854114602563 ], [ -122.162761443676501, 37.299160429213799 ], [ -122.162720890829121, 37.299289724508945 ], [ -122.16364080304767, 37.301156839904166 ], [ -122.163324934103059, 37.301566246944851 ], [ -122.163003688225871, 37.302149939676127 ], [ -122.161924353368519, 37.304417777486314 ], [ -122.16455181507628, 37.305576365099 ], [ -122.166491747837483, 37.305672889087752 ], [ -122.16850198114993, 37.308679776155465 ], [ -122.16943867548747, 37.310770812766499 ], [ -122.170523830673631, 37.310975893234968 ], [ -122.170877689276793, 37.312522742656704 ], [ -122.172997761721987, 37.312200544832109 ], [ -122.174263359443813, 37.313099384220457 ], [ -122.175506590745456, 37.312789009911491 ], [ -122.17556749291937, 37.312814893318439 ], [ -122.175601159111011, 37.312828613189261 ], [ -122.175635059324591, 37.312842000759332 ], [ -122.175669158573072, 37.312855055627573 ], [ -122.175703422997302, 37.312867777376958 ], [ -122.17573791920681, 37.312880167758223 ], [ -122.175772580591385, 37.312892225020235 ], [ -122.175807441029605, 37.312903950480703 ], [ -122.175842466036045, 37.312915315793859 ], [ -122.175877654000885, 37.312926349821439 ], [ -122.175913007661066, 37.31293702368523 ], [ -122.175948524278837, 37.312947366263153 ], [ -122.175984206089396, 37.31295737662191 ], [ -122.176020050732006, 37.312966999820866 ], [ -122.176056026727991, 37.312976291284414 ], [ -122.176092131841145, 37.312985251945676 ], [ -122.176128365946298, 37.312993825930867 ], [ -122.17616476411412, 37.313002067712247 ], [ -122.176201258060743, 37.313009951230256 ], [ -122.176237881604052, 37.313017475099635 ], [ -122.176274600945334, 37.313024641606304 ], [ -122.176311448754404, 37.313031448480231 ], [ -122.176348357373584, 37.313037897590682 ], [ -122.176385394981324, 37.313043960024281 ], [ -122.17642252897096, 37.313049691221707 ], [ -122.176459722661534, 37.313055065572442 ], [ -122.176497011480123, 37.313060052829279 ], [ -122.176534394944909, 37.313064681838014 ], [ -122.176571805378089, 37.313068953567033 ], [ -122.176609310978037, 37.313072840003798 ], [ -122.176646841875453, 37.313076395319982 ], [ -122.176684469066529, 37.313079565327648 ], [ -122.176722086502693, 37.313082350643192 ], [ -122.176759800316148, 37.313084804721953 ], [ -122.176797503787384, 37.313086847981658 ], [ -122.176835269775907, 37.31308855958784 ], [ -122.176873026027451, 37.313089887402775 ], [ -122.176910810350194, 37.313090857020619 ], [ -122.17694861877348, 37.313091442362868 ], [ -122.176986420300196, 37.313091670008525 ], [ -122.177024247054234, 37.313091513362373 ], [ -122.177062030815975, 37.313090999536271 ], [ -122.177099841558672, 37.313090129331052 ], [ -122.177137609809208, 37.313088874000982 ], [ -122.177175369446118, 37.313087234863559 ], [ -122.177213086715284, 37.313085266475078 ], [ -122.177250794742989, 37.3130828863505 ], [ -122.177288426563138, 37.313080177459355 ], [ -122.177326049747251, 37.313077083860023 ], [ -122.177363596116237, 37.313073634466413 ], [ -122.17740110002957, 37.313069801750103 ], [ -122.17743856094512, 37.313065611854213 ], [ -122.177475944417083, 37.313061038235396 ], [ -122.177513252826557, 37.313056136735199 ], [ -122.177550448824775, 37.313050852012935 ], [ -122.1775876018433, 37.313045211012216 ], [ -122.177624643577403, 37.313039186773494 ], [ -122.177661609098834, 37.313032833768851 ], [ -122.177698463334792, 37.313026097526397 ], [ -122.177735239642644, 37.313019006407444 ], [ -122.177771871432114, 37.3130115595633 ], [ -122.177808391413322, 37.313003756525568 ], [ -122.177844800754258, 37.312995599080139 ], [ -122.177881064447377, 37.312987085925947 ], [ -122.177917216351034, 37.312978217479511 ], [ -122.177953223754187, 37.312968994209413 ], [ -122.177989084400338, 37.312959416148026 ], [ -122.17802476555822, 37.312949482863154 ], [ -122.178057295635526, 37.312940116506176 ], [ -122.179419321922111, 37.312540564487328 ], [ -122.179809011135092, 37.31250250854918 ], [ -122.179827807811591, 37.312924165646834 ], [ -122.179976652155702, 37.313035864136801 ], [ -122.179792749710558, 37.313203590634203 ], [ -122.179288649284274, 37.313533002634102 ], [ -122.178800319957645, 37.313725693439231 ], [ -122.178700587860206, 37.314029007776426 ], [ -122.178842242739847, 37.31433504468351 ], [ -122.17908518262773, 37.314619604828586 ], [ -122.179151123064273, 37.314941587565094 ], [ -122.179256604885438, 37.315142138560731 ], [ -122.179380275962458, 37.315325700344303 ], [ -122.179603286551583, 37.315702649565083 ], [ -122.179673609401547, 37.315950126855114 ], [ -122.179410410280653, 37.316232052558384 ], [ -122.179489556629534, 37.316589033858889 ], [ -122.17937405076438, 37.316886862018777 ], [ -122.179349306235082, 37.317103480914369 ], [ -122.179240644283922, 37.317513120374663 ], [ -122.179299205476127, 37.317742225710731 ], [ -122.179470738297908, 37.317911174019009 ], [ -122.179905737220409, 37.318505963183689 ], [ -122.180212005861719, 37.319246041022318 ], [ -122.180387582834825, 37.319733819526519 ], [ -122.180478071235839, 37.319952385409692 ], [ -122.180726006437979, 37.320017528894581 ], [ -122.181181725578767, 37.320384187682777 ], [ -122.181213255707732, 37.320603872959538 ], [ -122.181118160426777, 37.320893169200666 ], [ -122.181331808869899, 37.321299256327698 ], [ -122.18166013614136, 37.322128893457574 ], [ -122.183137043248337, 37.323425547670311 ], [ -122.185679894907864, 37.323441788778744 ], [ -122.185371088785999, 37.323806379371348 ], [ -122.184479501505322, 37.325510724155961 ], [ -122.18308683358913, 37.325411300886422 ], [ -122.182294539039262, 37.326901234074896 ], [ -122.180335568866056, 37.326032694386122 ], [ -122.18018827032914, 37.325998602003644 ], [ -122.179923986389554, 37.326019559471781 ], [ -122.179881064126135, 37.326044293202642 ], [ -122.179864551080314, 37.326053402421401 ], [ -122.17984786397345, 37.326062349210467 ], [ -122.179831034393757, 37.326071133116876 ], [ -122.179814098462401, 37.326079754523931 ], [ -122.179797020558723, 37.326088185103288 ], [ -122.179779801918116, 37.326096479811412 ], [ -122.17976247631853, 37.326104584992272 ], [ -122.179745043198949, 37.326112525887886 ], [ -122.179727468755416, 37.326120304785242 ], [ -122.179709753468089, 37.326127892838464 ], [ -122.179691964525759, 37.326135317022064 ], [ -122.179674035367654, 37.326142578290131 ], [ -122.179655998102703, 37.326149649145819 ], [ -122.179637853358827, 37.326156557517876 ], [ -122.179619636568631, 37.32616327315808 ], [ -122.179601278455095, 37.326169826799621 ], [ -122.179582846079711, 37.326176189543524 ], [ -122.179564308461863, 37.326182388870251 ], [ -122.179545696562158, 37.326188396398301 ], [ -122.179526977684461, 37.326194213497487 ], [ -122.179508150700855, 37.326199840183911 ], [ -122.179489252299504, 37.326205302066938 ], [ -122.179470280785424, 37.326210573936855 ], [ -122.179451234990196, 37.326215654007854 ], [ -122.179432117797802, 37.326220570176297 ], [ -122.179412891872346, 37.326225268003071 ], [ -122.179393628414928, 37.3262298023431 ], [ -122.179374290049111, 37.32623411695532 ], [ -122.179354880306974, 37.326238268565774 ], [ -122.179335397412544, 37.326242228360989 ], [ -122.179331528104115, 37.326242998479835 ], [ -122.179302209956631, 37.326247099224886 ], [ -122.179290650459365, 37.326248501358208 ], [ -122.179279052370461, 37.326249793193803 ], [ -122.179267419115035, 37.326250976484943 ], [ -122.17925578226108, 37.326252049878022 ], [ -122.179244142936895, 37.326253013356869 ], [ -122.179232467297879, 37.326253867406542 ], [ -122.179220822405796, 37.32625458312819 ], [ -122.179209107374547, 37.326255190806634 ], [ -122.179197423197081, 37.326255715129712 ], [ -122.179185737070455, 37.326256102494646 ], [ -122.179174012893768, 37.32625635341865 ], [ -122.179162321827306, 37.32625652095507 ], [ -122.179150593318255, 37.326256579078482 ], [ -122.179138896684606, 37.326256498857646 ], [ -122.179127197601517, 37.326256309623531 ], [ -122.179115461075952, 37.326256010976337 ], [ -122.17910379202641, 37.326255601412583 ], [ -122.179092084406307, 37.326255082451929 ], [ -122.179080410417612, 37.326254453059718 ], [ -122.179068732224025, 37.326253686741588 ], [ -122.179057051540852, 37.326252809608341 ], [ -122.179045437853446, 37.326251850404361 ], [ -122.17903378722464, 37.326250753842444 ], [ -122.179022167971155, 37.326249546881293 ], [ -122.17901058122132, 37.32624822950482 ], [ -122.178999025219454, 37.326246773800406 ], [ -122.178987467396198, 37.326245237011442 ], [ -122.178975942056454, 37.32624358890623 ], [ -122.178964447485114, 37.326241803374046 ], [ -122.178952985417681, 37.326239907426533 ], [ -122.178941520360368, 37.326237928608826 ], [ -122.178930122172531, 37.326235811846878 ], [ -122.17891875538082, 37.326233585586749 ], [ -122.178907386707365, 37.326231275539364 ], [ -122.178896083795621, 37.326228828464863 ], [ -122.178884813367745, 37.326226270074159 ], [ -122.178873608787995, 37.326223628728229 ], [ -122.178862402260634, 37.32622085042415 ], [ -122.178851260953977, 37.326217961236118 ], [ -122.178840186603495, 37.326214988175735 ], [ -122.178829110912773, 37.326211905185119 ], [ -122.178818134808409, 37.326208683781623 ], [ -122.178807155735072, 37.326205380408972 ], [ -122.178796279091486, 37.326201964718109 ], [ -122.178785432716381, 37.326198439545294 ], [ -122.178774619973993, 37.326194803941206 ], [ -122.178763873059822, 37.326191084481138 ], [ -122.178753192515202, 37.326187255021921 ], [ -122.178742578299591, 37.326183313761788 ], [ -122.17873203045356, 37.326179262502642 ], [ -122.178721515719431, 37.32617512785626 ], [ -122.178711100551908, 37.326170853896336 ], [ -122.178700718015818, 37.326166525394953 ], [ -122.17869043617462, 37.326162057563941 ], [ -122.178680186337502, 37.326157507262792 ], [ -122.178670038450079, 37.326152873489548 ], [ -122.178659956284775, 37.326148100887679 ], [ -122.178649941703597, 37.326143272342549 ], [ -122.178639992343889, 37.32613833291375 ], [ -122.178630145454918, 37.326133282968932 ], [ -122.178620364374311, 37.326128148267429 ], [ -122.178610649663696, 37.326122903567075 ], [ -122.178601001930062, 37.326117575895672 ], [ -122.178591489970671, 37.326112163366624 ], [ -122.178582009388236, 37.326106640438795 ], [ -122.178572630755653, 37.32610103403907 ], [ -122.178563352924556, 37.326095343282645 ], [ -122.178554143198767, 37.326089569539207 ], [ -122.178545032518969, 37.326083683526498 ], [ -122.178536023809272, 37.326077714942905 ], [ -122.178527082056561, 37.32607166248755 ], [ -122.178518242233494, 37.326065525659438 ], [ -122.178509503232235, 37.326059305375715 ], [ -122.178500865052712, 37.326053001636382 ], [ -122.178492328802847, 37.326046613524383 ], [ -122.178483858923158, 37.326040115413846 ], [ -122.178475525424773, 37.326033559473686 ], [ -122.178467258903666, 37.326026920562803 ], [ -122.178459127655856, 37.326020224739452 ], [ -122.178451097730758, 37.326013417515732 ], [ -122.178443135389969, 37.326006554349163 ], [ -122.178435308216265, 37.325999579297445 ], [ -122.178434852827976, 37.32599920100089 ], [ -122.178424090724931, 37.325990180770447 ], [ -122.178419109507502, 37.325985911861125 ], [ -122.178414231367228, 37.325981559464331 ], [ -122.178409420289285, 37.325977178169062 ], [ -122.178404642950284, 37.325972741416081 ], [ -122.178399967059363, 37.325968249136821 ], [ -122.178395324386301, 37.325963728443831 ], [ -122.178390785377147, 37.325959150390339 ], [ -122.178386313470824, 37.325954545240293 ], [ -122.178381909127609, 37.325949883246849 ], [ -122.178377572388072, 37.325945166211916 ], [ -122.178373302710781, 37.325940420278556 ], [ -122.178369102352022, 37.32593564541444 ], [ -122.178364969596899, 37.325930815508798 ], [ -122.178360938876679, 37.325925956203868 ], [ -122.178356976867974, 37.325921040940386 ], [ -122.178353081941736, 37.325916097679418 ], [ -122.178349255205873, 37.325911125503843 ], [ -122.178345496053325, 37.325906097385953 ], [ -122.178341840084045, 37.325901040753507 ], [ -122.178338251176925, 37.325895955222663 ], [ -122.178334731608572, 37.325890841662108 ], [ -122.178331313447757, 37.325885670773467 ], [ -122.178327962389488, 37.325880472788363 ], [ -122.178324681256797, 37.325875272900397 ], [ -122.178321502679964, 37.325870016569169 ], [ -122.178318391185471, 37.325864732240518 ], [ -122.17831534727425, 37.325859391969601 ], [ -122.178312407153129, 37.325854050212008 ], [ -122.178297177452521, 37.325831469364402 ], [ -122.178290747459371, 37.325822386172405 ], [ -122.178284181088202, 37.325813360808787 ], [ -122.178277479426697, 37.325804391455598 ], [ -122.178270640259072, 37.325795479946954 ], [ -122.178263665300292, 37.32578665239356 ], [ -122.178256520705943, 37.325777909280092 ], [ -122.178249274706317, 37.325769223494063 ], [ -122.178241892288327, 37.325760593734437 ], [ -122.178234407943989, 37.325752048346168 ], [ -122.17822675396414, 37.325743587397746 ], [ -122.178218963586346, 37.325735183376587 ], [ -122.178211071282163, 37.325726863726715 ], [ -122.178203044315097, 37.325718628015693 ], [ -122.178194880428975, 37.325710476275844 ], [ -122.178186616265833, 37.325702381847073 ], [ -122.178178215790609, 37.32569439841722 ], [ -122.17816971391025, 37.325686472314558 ], [ -122.178161041246213, 37.325678629766728 ], [ -122.178152303383783, 37.325670899001722 ], [ -122.178143427995252, 37.325663225179909 ], [ -122.178134418551025, 37.325655662324529 ], [ -122.178125306573563, 37.325648156812385 ], [ -122.178116094384706, 37.325640761781941 ], [ -122.178106745297043, 37.325633451623304 ], [ -122.178097297146365, 37.32562625283115 ], [ -122.178087746442188, 37.325619110481107 ], [ -122.178078094418694, 37.325612079529805 ], [ -122.178068308339434, 37.325605159544779 ], [ -122.178058420333855, 37.325598323930578 ], [ -122.178048431530073, 37.325591572671001 ], [ -122.178038375231068, 37.325584931424437 ], [ -122.178028184289559, 37.325578375017145 ], [ -122.178017893156749, 37.325571929992222 ], [ -122.17800750070451, 37.325565596365834 ], [ -122.177997041278104, 37.325559345708371 ], [ -122.177986446687953, 37.325553206934025 ], [ -122.17797578575076, 37.325547179057274 ], [ -122.177965022866886, 37.32554123465026 ], [ -122.177954194784405, 37.325535402025515 ], [ -122.177943232124576, 37.325529707410688 ], [ -122.177932235748258, 37.325524069153118 ], [ -122.177921105942985, 37.325518569790191 ], [ -122.177909908662343, 37.325513181340845 ], [ -122.177898645034489, 37.32550790378901 ], [ -122.177887280587967, 37.325502709690483 ], [ -122.177875851549402, 37.325497654401921 ], [ -122.177864355035382, 37.32549271002695 ], [ -122.177852756574381, 37.32548784912143 ], [ -122.177841127365568, 37.325483126541165 ], [ -122.177829397944762, 37.325478514441954 ], [ -122.177817602196683, 37.325474014140994 ], [ -122.177805740080856, 37.325469623836383 ], [ -122.177793777272058, 37.325465372858545 ], [ -122.177781783067843, 37.325461231376252 ], [ -122.177769721909158, 37.325457173763418 ], [ -122.177757629480922, 37.325453281519671 ], [ -122.177745436253858, 37.325449473629959 ], [ -122.177743774049375, 37.325448974724225 ], [ -122.177664897510425, 37.325425766717743 ], [ -122.177622253019578, 37.325413879204461 ], [ -122.177579481886653, 37.325402432381495 ], [ -122.177536513559389, 37.32539140022233 ], [ -122.177493381901655, 37.325380783143061 ], [ -122.17745008862741, 37.325370607254257 ], [ -122.177406633149545, 37.325360846428879 ], [ -122.177363048163201, 37.32535149929749 ], [ -122.177319302079795, 37.325342566312081 ], [ -122.17727546093748, 37.325334073563731 ], [ -122.177231459343716, 37.325326023790737 ], [ -122.177187363190896, 37.325318386309618 ], [ -122.177143139281128, 37.32531119043437 ], [ -122.177098787613588, 37.325304436164792 ], [ -122.17705437637737, 37.325298094587133 ], [ -122.177009837381945, 37.325292194614917 ], [ -122.176965240551041, 37.325286734346136 ], [ -122.176920548068949, 37.325281688186507 ], [ -122.176875764532369, 37.32527711014319 ], [ -122.176830955267576, 37.325272944307009 ], [ -122.176786052063747, 37.325269218690494 ], [ -122.176741091061032, 37.325265934578809 ], [ -122.176696104934237, 37.325263089701934 ], [ -122.176651059838349, 37.325260684544048 ], [ -122.176606024629621, 37.32525871992231 ], [ -122.176560930450222, 37.325257195019503 ], [ -122.17651581229201, 37.325256110236161 ], [ -122.176470669632295, 37.325255492616122 ], [ -122.176425536209734, 37.325255286702522 ], [ -122.17638041265009, 37.325255520424065 ], [ -122.176335298932386, 37.325256192879841 ], [ -122.176290161231847, 37.325257305455004 ], [ -122.176245067236025, 37.325258857181161 ], [ -122.176200018072393, 37.325260848042241 ], [ -122.176168753944992, 37.325262503807373 ], [ -122.176092988191769, 37.325266059639731 ], [ -122.176051709348471, 37.325267446770049 ], [ -122.176010419514938, 37.325268394249399 ], [ -122.175969122201025, 37.325268957902978 ], [ -122.175927814504419, 37.325269108933377 ], [ -122.17588653315272, 37.325268874752979 ], [ -122.175845208744022, 37.325268230219216 ], [ -122.175803942771296, 37.325267172078043 ], [ -122.175762668193286, 37.325265730127242 ], [ -122.175721419336398, 37.32526387503696 ], [ -122.175680230065907, 37.325261607224185 ], [ -122.175639067144175, 37.325258954200798 ], [ -122.175597927709589, 37.325255888971249 ], [ -122.175556849617678, 37.32525243893199 ], [ -122.175515831094501, 37.325248575269455 ], [ -122.175474872160919, 37.325244298884712 ], [ -122.175433972295508, 37.325239636821721 ], [ -122.175393167619461, 37.32523458946536 ], [ -122.175352422514777, 37.325229128486072 ], [ -122.175311772600793, 37.32522328221355 ], [ -122.17527121610361, 37.32521702183432 ], [ -122.175230753670192, 37.325210376178212 ], [ -122.175190420253301, 37.325203343844379 ], [ -122.175150147559236, 37.325195898772847 ], [ -122.17511003659898, 37.325188066556038 ], [ -122.175070020833047, 37.325179849046712 ], [ -122.175030169038081, 37.325171243459273 ], [ -122.174990411310446, 37.325162252595597 ], [ -122.174950816447023, 37.32515287457116 ], [ -122.174911350624384, 37.32514311077086 ], [ -122.174872082639368, 37.325132959310196 ], [ -122.174832909831864, 37.325122421656772 ], [ -122.174793934863033, 37.325111496343325 ], [ -122.174755122258901, 37.325100211814842 ], [ -122.174716508642803, 37.32508854051148 ], [ -122.174678057874445, 37.325076481147576 ], [ -122.174664304035971, 37.325072063492343 ], [ -122.174361023552038, 37.324972097158621 ], [ -122.176045872318454, 37.326688041082207 ], [ -122.176160267742233, 37.326788782046336 ], [ -122.176308180286298, 37.326952991934277 ], [ -122.17655590110374, 37.327282154425028 ], [ -122.176670618469771, 37.327395663246016 ], [ -122.176868869378183, 37.327661556495244 ], [ -122.176889199553344, 37.327853193129798 ], [ -122.177151800664177, 37.328130937965341 ], [ -122.177156107541535, 37.328322830933928 ], [ -122.177240215604215, 37.32850075288453 ], [ -122.177470520066521, 37.328766187277644 ], [ -122.177544031557176, 37.328829110475219 ], [ -122.177683364744382, 37.328967867713025 ], [ -122.177760576642612, 37.329073040006065 ], [ -122.178218891494097, 37.329363528903805 ], [ -122.178228847148503, 37.329365665499509 ], [ -122.178233869072827, 37.329367214865762 ], [ -122.178238794983116, 37.329369011639066 ], [ -122.178243485128917, 37.329371114597528 ], [ -122.1782480104808, 37.329373467750536 ], [ -122.178252334395012, 37.329376097758242 ], [ -122.178256388466295, 37.329378923589552 ], [ -122.178260172821041, 37.329382001118219 ], [ -122.17826368620463, 37.329385274486754 ], [ -122.178266893642913, 37.329388744196045 ], [ -122.178269796805367, 37.329392384087036 ], [ -122.178272358420926, 37.329396192890968 ], [ -122.178274579531845, 37.329400116520063 ], [ -122.178276459009851, 37.329404154990407 ], [ -122.178277963008895, 37.329408308786832 ], [ -122.178279089166338, 37.329412522968916 ], [ -122.178279838610365, 37.329416797520558 ], [ -122.178280210713638, 37.329421104512967 ], [ -122.178280169894819, 37.329425417419344 ], [ -122.178279785495306, 37.329429708210029 ], [ -122.178278986438258, 37.329433977902887 ], [ -122.178278003551355, 37.329437700486473 ], [ -122.178259347577111, 37.329464750034113 ], [ -122.178256296961408, 37.329469820711267 ], [ -122.178254219618751, 37.329473805902666 ], [ -122.178252314996982, 37.329477843594518 ], [ -122.178250618070606, 37.329481933286004 ], [ -122.178249128839596, 37.329486074977055 ], [ -122.178247812329587, 37.329490269168652 ], [ -122.178246738489392, 37.329494514858986 ], [ -122.178245871110306, 37.329498757592404 ], [ -122.178245245252583, 37.329503050939799 ], [ -122.178244790902028, 37.329507342732136 ], [ -122.178244578614326, 37.329511658995344 ], [ -122.178244571639482, 37.329515971416946 ], [ -122.178244772254232, 37.329520280865502 ], [ -122.178245178222369, 37.32952458827419 ], [ -122.178245824998982, 37.329528864296407 ], [ -122.1782466426355, 37.329533109933855 ], [ -122.178247700599883, 37.329537353030588 ], [ -122.178248963771225, 37.329541537312963 ], [ -122.178250467771491, 37.329545691109722 ], [ -122.178252142024704, 37.329549787493853 ], [ -122.178254022132535, 37.329553853893295 ], [ -122.178256106840507, 37.32955783445049 ], [ -122.178258361174244, 37.329561729666388 ], [ -122.17826085572996, 37.329565567368789 ], [ -122.178263519911539, 37.329569319729821 ], [ -122.178266353739204, 37.329572987650472 ], [ -122.178269358320946, 37.329576570213526 ], [ -122.178272566916135, 37.329580040807429 ], [ -122.178275945137202, 37.329583426059926 ], [ -122.178279491749876, 37.329586671014461 ], [ -122.178279632486749, 37.329586806884969 ], [ -122.178302042837302, 37.329608982991772 ], [ -122.178314312354118, 37.329620728557991 ], [ -122.17832674915816, 37.329632334742087 ], [ -122.178339391087192, 37.329643828038485 ], [ -122.178352167585572, 37.32965518242132 ], [ -122.1783651480808, 37.329666423932586 ], [ -122.178378296971218, 37.329677525144355 ], [ -122.178391614277174, 37.329688486957586 ], [ -122.178405101733844, 37.32969933638384 ], [ -122.178418724366864, 37.329710073923998 ], [ -122.178432548634191, 37.329720643651875 ], [ -122.178446509206083, 37.329731101477357 ], [ -122.178460637586355, 37.329741392876223 ], [ -122.178474901122641, 37.329751571487805 ], [ -122.17848936692063, 37.329761610215627 ], [ -122.178503933942366, 37.329771482569136 ], [ -122.178518703853143, 37.329781242967464 ], [ -122.178533572710933, 37.329790836122768 ], [ -122.178548611112333, 37.329800289862739 ], [ -122.178553773862475, 37.329803484622651 ], [ -122.178695159508749, 37.329900211000684 ], [ -122.178785339067147, 37.330017448019404 ], [ -122.178790491842733, 37.330024819150495 ], [ -122.178793224260673, 37.330028542584728 ], [ -122.178795991066536, 37.330032239390967 ], [ -122.178798824917635, 37.330035906397725 ], [ -122.178801727002948, 37.330039546291559 ], [ -122.178804698410232, 37.330043157254472 ], [ -122.178807703036696, 37.330046739803684 ], [ -122.178810809096021, 37.330050265925415 ], [ -122.178813915175851, 37.330053792947993 ], [ -122.178817123796591, 37.330057262625985 ], [ -122.178820366284171, 37.330060732719915 ], [ -122.178823676338098, 37.33006414597034 ], [ -122.178827020152397, 37.330067504664001 ], [ -122.178830431639554, 37.330070861486831 ], [ -122.178833911861616, 37.330074163251744 ], [ -122.178837425302916, 37.330077436602991 ], [ -122.178840971983675, 37.330080682441427 ], [ -122.178844621205272, 37.330083870935205 ], [ -122.178848269819994, 37.330087032401067 ], [ -122.178852020495086, 37.330090165368112 ], [ -122.178855771063965, 37.33009324336237 ], [ -122.178859623673091, 37.330096291956814 ], [ -122.178863474546944, 37.330099313539556 ], [ -122.178867394135636, 37.330102279163441 ], [ -122.17887138129062, 37.330105187943758 ], [ -122.178875402312542, 37.330108097139963 ], [ -122.178879456467357, 37.330110923850548 ], [ -122.178883577687756, 37.330113721662492 ], [ -122.178887734383721, 37.330116491028292 ], [ -122.178891922583745, 37.330119205869572 ], [ -122.178896144503582, 37.33012186435213 ], [ -122.178900434637512, 37.330124494820758 ], [ -122.178904759139115, 37.330127097760283 ], [ -122.178909149471465, 37.330129616844587 ], [ -122.178913540304805, 37.330132107983808 ], [ -122.178917998244259, 37.330134572026139 ], [ -122.178922489276047, 37.330136951780993 ], [ -122.178927015302989, 37.330139331935506 ], [ -122.178931573314273, 37.33014162871968 ], [ -122.178936164564973, 37.330143897990922 ], [ -122.178940823402158, 37.330146111319394 ], [ -122.178945482133074, 37.330148269674986 ], [ -122.178950207322245, 37.330150372104008 ], [ -122.178954931884121, 37.330152446604131 ], [ -122.17895972405276, 37.330154466062353 ], [ -122.17896451609478, 37.33015642964682 ], [ -122.178969375222607, 37.330158365233366 ], [ -122.178974232508537, 37.330160218835324 ], [ -122.178979124141804, 37.330162044007331 ], [ -122.178984048386909, 37.330163813737606 ], [ -122.178989006372035, 37.330165528010028 ], [ -122.178993996989192, 37.330167187741687 ], [ -122.178999020805151, 37.330168818158505 ], [ -122.179004043927677, 37.330170367475546 ], [ -122.17900910026934, 37.330171888378736 ], [ -122.179014190330648, 37.330173352923104 ], [ -122.179019277442052, 37.330174736399968 ], [ -122.179024433875355, 37.330176090945692 ], [ -122.179029587945749, 37.330177390550773 ], [ -122.179034741909703, 37.330178635182946 ], [ -122.17903992909261, 37.330179851401191 ], [ -122.179045148300233, 37.33018098605087 ], [ -122.17905036738108, 37.330182064826651 ], [ -122.179055619073608, 37.330183088160744 ], [ -122.179060904005368, 37.330184083981777 ], [ -122.179066153228419, 37.330184997402327 ], [ -122.179071470037712, 37.330185854879993 ], [ -122.179076751265171, 37.330186685830746 ], [ -122.179082065625167, 37.330187434295823 ], [ -122.179087414312093, 37.330188153429837 ], [ -122.179092760048889, 37.330188791496333 ], [ -122.179098105658838, 37.330189373688974 ], [ -122.179103449533315, 37.3301899288698 ], [ -122.179108826540258, 37.330190401564835 ], [ -122.179114202919635, 37.330190846330922 ], [ -122.179119577456859, 37.330191209112421 ], [ -122.179124984605565, 37.330191516452182 ], [ -122.179130357280357, 37.33019179634794 ], [ -122.179135761959245, 37.330191993774108 ], [ -122.179141166511243, 37.330192135326442 ], [ -122.17914656872037, 37.330192222839081 ], [ -122.179151144969993, 37.330192267212759 ], [ -122.179667312747725, 37.330215635446535 ], [ -122.180006757096237, 37.330294934980017 ], [ -122.180174737818717, 37.330373368439197 ], [ -122.180376411344085, 37.330423436668013 ], [ -122.180485777900316, 37.330456067704809 ], [ -122.180495097937992, 37.330459037839617 ], [ -122.180500123062586, 37.330460724049502 ], [ -122.180505081102183, 37.330462438257783 ], [ -122.180510040377939, 37.330464207422366 ], [ -122.180514965915151, 37.330466032044825 ], [ -122.180519892080724, 37.330467884595748 ], [ -122.180524751269076, 37.33046982011777 ], [ -122.180529577239241, 37.330471784053742 ], [ -122.18053440381756, 37.330473775017261 ], [ -122.180539163418587, 37.330475848951906 ], [ -122.180543922519846, 37.330477950831238 ], [ -122.180548649510925, 37.330480080207394 ], [ -122.180553308416819, 37.33048229347169 ], [ -122.180557967951174, 37.330484534664599 ], [ -122.180562594226814, 37.330486802469579 ], [ -122.180567153565846, 37.330489155047559 ], [ -122.180571712884898, 37.330491506724407 ], [ -122.180576205226814, 37.330493941372353 ], [ -122.180580663242651, 37.330496405351404 ], [ -122.180585087999816, 37.330498895942569 ], [ -122.180589480167058, 37.330501442876376 ], [ -122.180593838575547, 37.330504044367217 ], [ -122.180598162657972, 37.33050667518917 ], [ -122.180602420263355, 37.330509361037379 ], [ -122.180606643502131, 37.330512074414756 ], [ -122.180610834130746, 37.330514843233949 ], [ -122.180614990413048, 37.330517640483357 ], [ -122.180619078502417, 37.330520466648316 ], [ -122.180623133961333, 37.330523347354173 ], [ -122.18062715568179, 37.330526283518005 ], [ -122.180631142448092, 37.330529221084198 ], [ -122.180635062737338, 37.330532213676697 ], [ -122.180638949288237, 37.330535261727228 ], [ -122.180642768774391, 37.330538338677172 ], [ -122.180646553894022, 37.330541443156449 ], [ -122.180650270820706, 37.330544576551297 ], [ -122.180653954009045, 37.330547765404155 ], [ -122.180657603958977, 37.330550981770145 ], [ -122.180661185695797, 37.330554226150888 ], [ -122.180664733714465, 37.330557526890544 ], [ -122.180668214648179, 37.330560855628768 ], [ -122.1806716612153, 37.330564211896295 ], [ -122.180675039589559, 37.330567597079501 ], [ -122.18067838474569, 37.330571010676714 ], [ -122.180681661168322, 37.330574479332753 ], [ -122.180684903764956, 37.330577949375026 ], [ -122.180688044909715, 37.330581474945269 ], [ -122.180691186683006, 37.33058502844419 ], [ -122.180694259635175, 37.330588582930105 ], [ -122.180697263874052, 37.330592193375686 ], [ -122.180700201028031, 37.330595831819828 ], [ -122.180703104963811, 37.330599498678133 ], [ -122.180705939558194, 37.330603193567399 ], [ -122.180708740934449, 37.330606916870757 ], [ -122.180711474097492, 37.330610668188896 ], [ -122.180714139067547, 37.330614448422793 ], [ -122.180716769063068, 37.330618229158247 ], [ -122.180719298755122, 37.330622066306525 ], [ -122.180721792324192, 37.330625903071613 ], [ -122.180724253303211, 37.330629796179579 ], [ -122.18072661159421, 37.330633689859049 ], [ -122.180728935559046, 37.330637612869786 ], [ -122.180731190682465, 37.330641535966642 ], [ -122.180733413195583, 37.33064551450542 ], [ -122.180735531912674, 37.330649494532857 ], [ -122.180737617391287, 37.330653502073524 ], [ -122.180739634697119, 37.330657539430938 ], [ -122.180741583161478, 37.330661576874427 ], [ -122.180743463412455, 37.330665642332811 ], [ -122.180745309837292, 37.330669709177535 ], [ -122.180747053073958, 37.330673804538783 ], [ -122.180748761943875, 37.330677927429413 ], [ -122.180750403748888, 37.330682079219677 ], [ -122.180751974996497, 37.330686204985405 ], [ -122.180753479766864, 37.330690385777629 ], [ -122.180754949582749, 37.330694567972351 ], [ -122.180756316710415, 37.330698750738733 ], [ -122.180756796841735, 37.330700227255448 ], [ -122.180791942882877, 37.330812951159302 ], [ -122.180833404187652, 37.330871469991074 ], [ -122.180980757460134, 37.331129297062674 ], [ -122.180986255225889, 37.331147375018325 ], [ -122.180989355995408, 37.331156779799073 ], [ -122.180992594929705, 37.33116615556127 ], [ -122.180995970360257, 37.331175528464208 ], [ -122.180999482219462, 37.331184845336892 ], [ -122.181003131095139, 37.331194132306251 ], [ -122.181006950854467, 37.33120338978771 ], [ -122.181010873175524, 37.331212590823561 ], [ -122.181014966360067, 37.331221761470466 ], [ -122.181019197709759, 37.331230903098749 ], [ -122.181023564339924, 37.331239987812019 ], [ -122.181028067378776, 37.331249015594096 ], [ -122.181032707434454, 37.331258013472713 ], [ -122.181037484527238, 37.331266982348872 ], [ -122.181042396900665, 37.331275894309911 ], [ -122.181047446811135, 37.331284749323487 ], [ -122.181049450550717, 37.331288182153877 ], [ -122.181084131732234, 37.331361851194487 ], [ -122.18115586904598, 37.331495502637942 ], [ -122.181234163881186, 37.331697376721984 ], [ -122.181369933867543, 37.331895816193907 ], [ -122.181605642462273, 37.332059391694614 ], [ -122.181627376681845, 37.332080533280987 ], [ -122.181686656061288, 37.332146597069439 ], [ -122.181831529668727, 37.332261921311854 ], [ -122.181993559923015, 37.332338597363069 ], [ -122.182308132419692, 37.332446348241106 ], [ -122.18247699733773, 37.332520919408559 ], [ -122.1827097513128, 37.332644759941886 ], [ -122.182809274271719, 37.332733484996318 ], [ -122.179553176399082, 37.342518692532956 ], [ -122.176247424376143, 37.352390811583383 ], [ -122.172895804794379, 37.352743462165215 ], [ -122.172695529134529, 37.353039498035642 ], [ -122.173125622881912, 37.353267204360108 ], [ -122.173612970229996, 37.353654373674125 ], [ -122.17379535067252, 37.354493230299653 ], [ -122.173369004447864, 37.354623669648177 ], [ -122.172971541836418, 37.354962185816241 ], [ -122.172360560342412, 37.355270069479225 ], [ -122.172104803653582, 37.355982557448755 ], [ -122.172216914976417, 37.356120913214511 ], [ -122.172903452943899, 37.356157979836162 ], [ -122.173135343470378, 37.356209965204016 ], [ -122.173126030459812, 37.356786674536202 ], [ -122.173612697062666, 37.356928938816075 ], [ -122.17394230039001, 37.357070698033361 ], [ -122.174155801217111, 37.357384422491442 ], [ -122.173768125212632, 37.357696403907035 ], [ -122.173621230731584, 37.357974839754917 ], [ -122.173763074742681, 37.358225063672208 ], [ -122.172702157735671, 37.357960955440362 ], [ -122.172209731801317, 37.359642934651873 ], [ -122.171985513148627, 37.359595891908704 ], [ -122.171521429898121, 37.359451567451039 ], [ -122.171049249071871, 37.359428166170702 ], [ -122.170516298702054, 37.359431091882854 ], [ -122.170244980078778, 37.359364445096261 ], [ -122.169914653180157, 37.359322810636478 ], [ -122.169494669817709, 37.359331457427622 ], [ -122.168938436860586, 37.359281088032574 ], [ -122.168522889387333, 37.35914320293525 ], [ -122.168292554214574, 37.359022402899718 ], [ -122.167672008287042, 37.358891937188254 ], [ -122.169142099241171, 37.356976171771151 ], [ -122.167240433805375, 37.355972951986615 ], [ -122.166706549371753, 37.355693877075446 ], [ -122.165375373209045, 37.354507153310081 ], [ -122.165269553921178, 37.353528149075991 ], [ -122.171459593976579, 37.352891297518987 ], [ -122.172055176410979, 37.338003732831865 ], [ -122.168987041521078, 37.33788495969489 ], [ -122.169092119842944, 37.330772239641618 ], [ -122.167126483636054, 37.330761818873917 ], [ -122.167121444475015, 37.330645421181785 ], [ -122.158927415108082, 37.330419224352639 ], [ -122.159484603670606, 37.324105431426183 ], [ -122.150866914848152, 37.324039605498768 ], [ -122.150990232418224, 37.327370160221577 ], [ -122.146424747789979, 37.327212804360997 ], [ -122.146455853592272, 37.330669694790309 ], [ -122.132740122508281, 37.330599025588718 ], [ -122.133252360674561, 37.316327885936012 ], [ -122.133113975460148, 37.316023014440411 ], [ -122.133165581200657, 37.30877288952545 ], [ -122.13538607326376, 37.30090614972427 ], [ -122.135106409288838, 37.297293273341474 ] ], [ [ -122.173554905622098, 37.334465648601928 ], [ -122.174619771679772, 37.334481724126078 ], [ -122.174620328315868, 37.334440540521328 ], [ -122.176763854833638, 37.33445425248653 ], [ -122.176729955472439, 37.33433708734951 ], [ -122.176712097094409, 37.334280206658313 ], [ -122.176693383219018, 37.334223476090848 ], [ -122.176673778956342, 37.334166950218915 ], [ -122.176653285456879, 37.334110629926862 ], [ -122.176631969791956, 37.334054486316937 ], [ -122.176609799328133, 37.333998573928568 ], [ -122.17658673961256, 37.333942866217761 ], [ -122.176562858990081, 37.333887391045089 ], [ -122.176538124200491, 37.333832175021236 ], [ -122.176512568486984, 37.333777190633633 ], [ -122.176486125889866, 37.333722465861747 ], [ -122.176458896199804, 37.333667971339885 ], [ -122.176430813602295, 37.333613791822017 ], [ -122.17640191008708, 37.333559843938069 ], [ -122.176372154795573, 37.333506211040834 ], [ -122.176341614256444, 37.333452890375504 ], [ -122.1763102545588, 37.333399829254837 ], [ -122.176292287507636, 37.333370227169532 ], [ -122.176284937199981, 37.333361542749586 ], [ -122.176281159364763, 37.333357201557597 ], [ -122.176277278962786, 37.333352916806888 ], [ -122.176273365946258, 37.333348687496688 ], [ -122.176269349756581, 37.333344487599931 ], [ -122.176265300325838, 37.333340315215004 ], [ -122.176261181549663, 37.333336170858317 ], [ -122.176256996331233, 37.333332083327349 ], [ -122.176252743502033, 37.333328050836272 ], [ -122.176248422475808, 37.333324047258266 ], [ -122.176244068228712, 37.333320072092995 ], [ -122.176239645242504, 37.33331615198373 ], [ -122.176235155793961, 37.333312287799217 ], [ -122.176230597020151, 37.333308452543818 ], [ -122.176225971783978, 37.333304673213149 ], [ -122.176221312178441, 37.333300921410355 ], [ -122.176216584982328, 37.333297225548385 ], [ -122.176211825191842, 37.333293586027814 ], [ -122.176206997164016, 37.333289973618442 ], [ -122.17620210156575, 37.33328641805074 ], [ -122.176197172224647, 37.333282917939677 ], [ -122.176192175272703, 37.333279472868462 ], [ -122.176187111252105, 37.333276056694004 ], [ -122.176182012360371, 37.333272695992349 ], [ -122.1761768819824, 37.333269390715024 ], [ -122.176171648431321, 37.333266114850929 ], [ -122.176166416699644, 37.33326292006997 ], [ -122.176161116791206, 37.333259755102908 ], [ -122.176155783119711, 37.33325664469146 ], [ -122.176150383612267, 37.333253618133327 ], [ -122.176144949735544, 37.333250619103083 ], [ -122.176139447661782, 37.333247648985662 ], [ -122.176133913579733, 37.333244761336509 ], [ -122.176128345754805, 37.333241929143888 ], [ -122.176122710339229, 37.333239152891956 ], [ -122.176117076678764, 37.333236404552345 ], [ -122.176111374905588, 37.333233739197347 ], [ -122.176105605541736, 37.333231129782973 ], [ -122.176099838539272, 37.333228575308773 ], [ -122.176094036039174, 37.333226048378478 ], [ -122.176088167703057, 37.333223605301392 ], [ -122.176082266752218, 37.333221217664729 ], [ -122.176076332038292, 37.333218884583609 ], [ -122.176070363601582, 37.333216607859917 ], [ -122.17606436255015, 37.333214386576557 ], [ -122.176058328362018, 37.333212247777531 ], [ -122.17605226093265, 37.333210136490131 ], [ -122.176046161515046, 37.333208108571732 ], [ -122.176040027748101, 37.333206109082077 ], [ -122.176033895820524, 37.333204191576428 ], [ -122.176027696302043, 37.333202330011332 ], [ -122.176021498622887, 37.333200550430313 ], [ -122.176015232746579, 37.333198799761973 ], [ -122.176008968709482, 37.333197131077753 ], [ -122.176002672077772, 37.333195518734669 ], [ -122.175996341682719, 37.33319396094717 ], [ -122.175990012520657, 37.33319245811586 ], [ -122.175983651349938, 37.333191037752634 ], [ -122.175977256456264, 37.333189673746801 ], [ -122.175970862795538, 37.333188364697122 ], [ -122.175964436499626, 37.333187110186849 ], [ -122.175957977087009, 37.333185939061714 ], [ -122.175951518907269, 37.33318482289279 ], [ -122.175945063088577, 37.333183761663911 ], [ -122.175938573004615, 37.33318278293541 ], [ -122.175932050827711, 37.333181832603167 ], [ -122.175925529967785, 37.333180991298974 ], [ -122.175919009754637, 37.333180178823994 ], [ -122.175912457512439, 37.333179447916208 ], [ -122.175910802564189, 37.333179279624851 ], [ -122.175395412941583, 37.333208322504767 ], [ -122.17399295112439, 37.333098243623049 ], [ -122.173554905622098, 37.334465648601928 ] ] ] } },
{ "type": "Feature", "properties": { "ZONE_TYPE": "Public Facility", "AREA_CALC": 10228972.6, "SHAPE_Leng": 18448.306071700001, "SHAPE_Area": 10228983.595100001, "has_CS": false, "Zone_Type_Abbr": "P" }, "geometry": { "type": "Polygon", "coordinates": [ [ [ -122.135106409288838, 37.297293273341474 ], [ -122.135129525426734, 37.293674987295276 ], [ -122.151937892779372, 37.294415789670225 ], [ -122.15224413269722, 37.291030360731952 ], [ -122.152267897974269, 37.290767805697939 ], [ -122.15242148661585, 37.289069563144778 ], [ -122.153416699000232, 37.290139775742034 ], [ -122.154900082918914, 37.290504875244899 ], [ -122.155228740329051, 37.291128173340809 ], [ -122.15625083425536, 37.291512217482882 ], [ -122.156353436015436, 37.292094566724309 ], [ -122.1570391514081, 37.292399113503869 ], [ -122.157042277628875, 37.293962663310111 ], [ -122.156935607329686, 37.29780761536599 ], [ -122.151910932119421, 37.298013102151344 ], [ -122.135106409288838, 37.297293273341474 ] ] ] } },
{ "type": "Feature", "properties": { "ZONE_TYPE": "Commercial", "AREA_CALC": 3457045.0, "SHAPE_Leng": 9029.1159334099993, "SHAPE_Area": 3456972.1752999998, "has_CS": false, "Zone_Type_Abbr": "C" }, "geometry": { "type": "Polygon", "coordinates": [ [ [ -122.178730777028775, 37.386633755415218 ], [ -122.178772204234619, 37.386612945442934 ], [ -122.178811369946814, 37.386589557914192 ], [ -122.178848141253425, 37.386563759656212 ], [ -122.178882211367394, 37.386535719985481 ], [ -122.179632241838547, 37.385827705937096 ], [ -122.179702188343441, 37.385761657139355 ], [ -122.179779240122926, 37.385700890376221 ], [ -122.17986282571286, 37.385645908586611 ], [ -122.179952298924022, 37.385597105832261 ], [ -122.180046843674788, 37.385554904745156 ], [ -122.180229251060638, 37.385427581310097 ], [ -122.180397029464103, 37.385288052076227 ], [ -122.180548892025783, 37.385137350315247 ], [ -122.180683695063877, 37.384976646936067 ], [ -122.180800400037342, 37.384807166313387 ], [ -122.180898105724481, 37.384630211058223 ], [ -122.18097608607998, 37.384447138041516 ], [ -122.181033751694073, 37.384259302168203 ], [ -122.181070620108841, 37.384068192884371 ], [ -122.181095112126727, 37.383776889123169 ], [ -122.181153374257761, 37.383488672732426 ], [ -122.181244945779454, 37.383206021392716 ], [ -122.18136902045616, 37.382931364540418 ], [ -122.1815245498628, 37.382667107123794 ], [ -122.181550642810237, 37.382610585473515 ], [ -122.181571126601654, 37.382552579742935 ], [ -122.181585871612839, 37.382493501846611 ], [ -122.181594782563451, 37.382433683899229 ], [ -122.181751854196719, 37.381742753574862 ], [ -122.18175499763143, 37.381674475708927 ], [ -122.181765761270839, 37.381606719405752 ], [ -122.181784051278726, 37.381539982578289 ], [ -122.181809708975265, 37.381474842473608 ], [ -122.181842538769317, 37.38141174168485 ], [ -122.18188227705096, 37.381351261665436 ], [ -122.181928623739182, 37.381293818567656 ], [ -122.181981177865779, 37.381239912000673 ], [ -122.182039569360384, 37.381189959119787 ], [ -122.182103290961351, 37.381144352912735 ], [ -122.182171834762087, 37.381103457538252 ], [ -122.182244690472771, 37.381067581314369 ], [ -122.182321246260216, 37.381037036720443 ], [ -122.182400922236212, 37.381012050163299 ], [ -122.18248306970888, 37.380992851742 ], [ -122.182567001864527, 37.380979533317074 ], [ -122.182652102647253, 37.380972269548664 ], [ -122.182737718357046, 37.380971068012826 ], [ -122.183611799097449, 37.380984342228544 ], [ -122.183681449975168, 37.380978864946336 ], [ -122.183751450171798, 37.380978161751514 ], [ -122.183821247649746, 37.380982241471884 ], [ -122.183890393477057, 37.380991027642814 ], [ -122.183958303374069, 37.381004501619806 ], [ -122.18402456101694, 37.381022530596901 ], [ -122.184088645776001, 37.381045013908327 ], [ -122.184150108493682, 37.381071765148633 ], [ -122.184208461645227, 37.381102599365292 ], [ -122.184263322048665, 37.381137301269 ], [ -122.184314271451015, 37.381175602902829 ], [ -122.184360958186545, 37.381217234452464 ], [ -122.184402996626943, 37.381261872518678 ], [ -122.184440139466517, 37.3813092178505 ], [ -122.184472103159266, 37.381358916743082 ], [ -122.184498605346462, 37.381410618177746 ], [ -122.184519531674255, 37.381463909241731 ], [ -122.184534669278491, 37.381518465854533 ], [ -122.184543903691363, 37.381573820129361 ], [ -122.184547228021259, 37.381629617087619 ], [ -122.184544562949156, 37.381685445112282 ], [ -122.184549001456958, 37.381755537365024 ], [ -122.184561172078418, 37.381825051711601 ], [ -122.184580958569441, 37.381893440078578 ], [ -122.184608246962554, 37.381960155259399 ], [ -122.184642783383126, 37.382024706129101 ], [ -122.184684316731008, 37.382086574485257 ], [ -122.184732525365064, 37.382145269273238 ], [ -122.184787020092614, 37.38220035898712 ], [ -122.184847380003276, 37.382251408070395 ], [ -122.1849131476163, 37.38229801213317 ], [ -122.184983831037101, 37.382339793415397 ], [ -122.185058805885831, 37.382376458973184 ], [ -122.18513758323833, 37.382407713015859 ], [ -122.185219468189572, 37.38243329065137 ], [ -122.185841837587034, 37.383014134584812 ], [ -122.185861247952275, 37.383032232220586 ], [ -122.186464863360627, 37.383713466738868 ], [ -122.186674690055625, 37.383909160678762 ], [ -122.185782278687114, 37.384096421491229 ], [ -122.183423667714592, 37.384591867757543 ], [ -122.183844144857488, 37.385053739085812 ], [ -122.185486806475467, 37.387740763988084 ], [ -122.181646165952031, 37.388748994871868 ], [ -122.180660131523979, 37.388932449118251 ], [ -122.180640589916905, 37.388936079881432 ], [ -122.178772000827081, 37.386830503250067 ], [ -122.178687888498004, 37.386736609393132 ], [ -122.178614280130432, 37.386671956421573 ], [ -122.178696166998861, 37.386648535094679 ], [ -122.178730777028775, 37.386633755415218 ] ] ] } },
{ "type": "Feature", "properties": { "ZONE_TYPE": "Public Facility", "AREA_CALC": 77663549.0, "SHAPE_Leng": 48649.680416800002, "SHAPE_Area": 77653734.707000002, "has_CS": false, "Zone_Type_Abbr": "P" }, "geometry": { "type": "Polygon", "coordinates": [ [ [ -122.099479637844041, 37.436135827536994 ], [ -122.099506334317965, 37.435579802214882 ], [ -122.100079726655522, 37.435407173348977 ], [ -122.099940782352135, 37.435298644016086 ], [ -122.100414124867228, 37.431654746615934 ], [ -122.100485014775145, 37.431659602389033 ], [ -122.100491463096944, 37.431616554317358 ], [ -122.101988878023732, 37.43304165498143 ], [ -122.101909581291608, 37.433094515858137 ], [ -122.102532743405803, 37.434084133253968 ], [ -122.102499617828443, 37.433836049514838 ], [ -122.103029078644028, 37.434003765821153 ], [ -122.1049066598694, 37.432295210372082 ], [ -122.106120302860987, 37.433505930259486 ], [ -122.106204044461194, 37.433450038917044 ], [ -122.110245937088209, 37.437302056306585 ], [ -122.111724360068067, 37.438712655967684 ], [ -122.111653802671512, 37.438766556928719 ], [ -122.113069668237884, 37.440115728231802 ], [ -122.113096296871745, 37.440107753388006 ], [ -122.116935449262996, 37.443640566603356 ], [ -122.117101012946236, 37.44381345354693 ], [ -122.117248808906112, 37.443996281117265 ], [ -122.117377917151487, 37.444187908522302 ], [ -122.117487519233038, 37.444387083618928 ], [ -122.117576930613396, 37.444592580349045 ], [ -122.117816075330396, 37.445208207656854 ], [ -122.117792321827977, 37.445479155589837 ], [ -122.117926294102773, 37.445486620904418 ], [ -122.118051435010301, 37.445806470990853 ], [ -122.117765034836879, 37.445790504353901 ], [ -122.117761412425494, 37.445831592236516 ], [ -122.117090270342089, 37.445794282604972 ], [ -122.117484802095902, 37.44680122982286 ], [ -122.11768076825237, 37.446751969368904 ], [ -122.11763375326808, 37.44728803564076 ], [ -122.11719699630244, 37.447321413096979 ], [ -122.117572458607128, 37.4487752628755 ], [ -122.117239600099225, 37.449191440375202 ], [ -122.117186314296745, 37.449212748072227 ], [ -122.116594016960178, 37.448614619962264 ], [ -122.115577162770492, 37.449254246536356 ], [ -122.115294276388326, 37.44925000941852 ], [ -122.114806195408576, 37.449243128216601 ], [ -122.114241072300885, 37.449446204401532 ], [ -122.113987765423417, 37.449678583528303 ], [ -122.113829808036243, 37.450223892048179 ], [ -122.111937411286348, 37.450223416606534 ], [ -122.111931257858174, 37.451137766440297 ], [ -122.112483833561839, 37.451709818572503 ], [ -122.111929459563896, 37.452057549202756 ], [ -122.112171630500441, 37.452552833044159 ], [ -122.112706350000735, 37.452977321167616 ], [ -122.113454300471531, 37.453571324093765 ], [ -122.117135336299285, 37.451251072982998 ], [ -122.117544644197068, 37.451666884443931 ], [ -122.117984237883263, 37.45140407645701 ], [ -122.118181086929894, 37.451423639523931 ], [ -122.118428371820173, 37.451795423907626 ], [ -122.119391875280584, 37.451699097193234 ], [ -122.118963184282293, 37.450543005498723 ], [ -122.118803037066627, 37.450646051419341 ], [ -122.118206038713268, 37.450575723360188 ], [ -122.118409152703876, 37.450447364102189 ], [ -122.118889455264565, 37.450143062330383 ], [ -122.119006468294288, 37.450068766554786 ], [ -122.119054647656768, 37.450193166910424 ], [ -122.119613316619649, 37.451700710931007 ], [ -122.123617462869348, 37.452271621688027 ], [ -122.123869150789986, 37.452551506248106 ], [ -122.124395408494735, 37.452821630248323 ], [ -122.12431142745551, 37.452822572553742 ], [ -122.124227958923811, 37.452829661105788 ], [ -122.124145622685162, 37.452842859391929 ], [ -122.12406517348137, 37.452862047025008 ], [ -122.122660188992342, 37.453299221838435 ], [ -122.122547597350945, 37.453347145046976 ], [ -122.12244057966727, 37.453402654908125 ], [ -122.122339954193379, 37.453465328278682 ], [ -122.122246502354685, 37.45353465961589 ], [ -122.122160902224635, 37.453610172744007 ], [ -122.122083762820097, 37.453691282495761 ], [ -122.122015724809344, 37.453777403266379 ], [ -122.121957256423002, 37.453867868923169 ], [ -122.121908757570594, 37.453962042213426 ], [ -122.121870658551757, 37.454059175516406 ], [ -122.121843188598817, 37.454158579861883 ], [ -122.121826603359906, 37.454259481199372 ], [ -122.1218209924848, 37.45436116544596 ], [ -122.121826408227733, 37.45446286225684 ], [ -122.121842797743156, 37.454563802736274 ], [ -122.121870043787482, 37.454663219776549 ], [ -122.121907957439774, 37.454760429266578 ], [ -122.121956245674966, 37.454854638584614 ], [ -122.122014550652807, 37.454945193885841 ], [ -122.122427803750256, 37.455592494135445 ], [ -122.122516622859635, 37.455704492351678 ], [ -122.122592749588506, 37.455822269617308 ], [ -122.122655579361393, 37.455944954742286 ], [ -122.122704642507259, 37.456071538587231 ], [ -122.122739506161977, 37.456201093509108 ], [ -122.122759973500521, 37.456332577749407 ], [ -122.122765885594902, 37.456464976957868 ], [ -122.122757118045413, 37.456597305139852 ], [ -122.122751210568794, 37.457310994070816 ], [ -122.122765597354046, 37.45749870803327 ], [ -122.122803782596122, 37.457684307710295 ], [ -122.122865344909997, 37.457865875745888 ], [ -122.123697276388171, 37.460662490224742 ], [ -122.123709655264989, 37.460732528797031 ], [ -122.123714396252595, 37.460803139836294 ], [ -122.123711421900538, 37.460873830556679 ], [ -122.123700751850208, 37.460944050052419 ], [ -122.123682478135649, 37.461013249118558 ], [ -122.123656762891571, 37.46108093074988 ], [ -122.12362376825503, 37.461146597939923 ], [ -122.123583721851418, 37.461209697802147 ], [ -122.123536993325473, 37.461269813368482 ], [ -122.123483850540893, 37.461326474104688 ], [ -122.123424764280657, 37.46137923460708 ], [ -122.119965532368084, 37.463520927492461 ], [ -122.117815861247053, 37.464963089476555 ], [ -122.117717461310804, 37.465026002753078 ], [ -122.117612530990385, 37.465081781017297 ], [ -122.117501855446093, 37.46513003042444 ], [ -122.117386286473462, 37.465170353510253 ], [ -122.117266712730384, 37.465202436117018 ], [ -122.114835816604128, 37.465911378902888 ], [ -122.114413669757951, 37.465010392079449 ], [ -122.095916729286913, 37.465116510324265 ], [ -122.095947163696394, 37.459782539521299 ], [ -122.095264973963538, 37.459780056144794 ], [ -122.092957596216351, 37.455877710772207 ], [ -122.091366267561668, 37.455871717097622 ], [ -122.091371227350621, 37.454965518895172 ], [ -122.086718760127212, 37.450463491015064 ], [ -122.086148088280396, 37.450461370450299 ], [ -122.088136187410029, 37.449362502096072 ], [ -122.088592470026157, 37.449626974231904 ], [ -122.091899294059274, 37.448664723025111 ], [ -122.091509846677681, 37.448691072616334 ], [ -122.091077173086163, 37.448470900876124 ], [ -122.090713381522633, 37.448178348154336 ], [ -122.090528697924526, 37.447649142972317 ], [ -122.09071874799011, 37.447121177534264 ], [ -122.091115776063603, 37.446741455378159 ], [ -122.09176764387297, 37.446563657494977 ], [ -122.092788056727585, 37.446433319920004 ], [ -122.093886273681193, 37.445903678244036 ], [ -122.094298988222377, 37.445220809227024 ], [ -122.094341016754171, 37.444672543430805 ], [ -122.094107973917929, 37.444109170101548 ], [ -122.092973784089153, 37.443362456270499 ], [ -122.092633851088436, 37.442844041606975 ], [ -122.092455135018923, 37.442313577683699 ], [ -122.092883416143351, 37.441283876791893 ], [ -122.093555611556695, 37.440803748181722 ], [ -122.094212234054254, 37.440667348870292 ], [ -122.095587771031859, 37.440604678626329 ], [ -122.096324294839761, 37.440184144825807 ], [ -122.097070023061832, 37.439038421930725 ], [ -122.097579840851921, 37.43849191793732 ], [ -122.098737817534285, 37.437227730179039 ], [ -122.099193686470343, 37.436635532131532 ], [ -122.099479637844041, 37.436135827536994 ] ] ] } },
{ "type": "Feature", "properties": { "ZONE_TYPE": "Residential Multi-Family", "AREA_CALC": 177136.4, "SHAPE_Leng": 2474.5858029800002, "SHAPE_Area": 177136.601077, "has_CS": false, "Zone_Type_Abbr": "R" }, "geometry": { "type": "Polygon", "coordinates": [ [ [ -122.14634462598724, 37.426767723402214 ], [ -122.146742150579215, 37.426281330709152 ], [ -122.146808076697553, 37.426320428016162 ], [ -122.147142710687348, 37.426631814612549 ], [ -122.147483219023613, 37.426237113586232 ], [ -122.147922224515824, 37.426629851556754 ], [ -122.147809599334849, 37.42675954789236 ], [ -122.147600678768953, 37.427012887324651 ], [ -122.147954404162462, 37.427333727620649 ], [ -122.148020706203326, 37.427400726646589 ], [ -122.147974448511761, 37.427464664466143 ], [ -122.148489721993542, 37.427734230155998 ], [ -122.148442423669636, 37.427791617491742 ], [ -122.148586274993221, 37.427867058768186 ], [ -122.14844457986149, 37.42803891701881 ], [ -122.148300493176478, 37.427963725803814 ], [ -122.148111297619565, 37.428193193622988 ], [ -122.147679675697134, 37.427966841446015 ], [ -122.147579115965186, 37.427914579443495 ], [ -122.147578244235234, 37.427914097822715 ], [ -122.147507006903453, 37.427876311956602 ], [ -122.1470753886463, 37.427649957551814 ], [ -122.147359219544143, 37.427305744185524 ], [ -122.146927605651243, 37.427079417156676 ], [ -122.146730047549838, 37.426969073217059 ], [ -122.14634462598724, 37.426767723402214 ] ] ] } },
{ "type": "Feature", "properties": { "ZONE_TYPE": "Public Facility", "AREA_CALC": 26802845.0, "SHAPE_Leng": 41000.7864663, "SHAPE_Area": 26807188.125599999, "has_CS": false, "Zone_Type_Abbr": "P" }, "geometry": { "type": "Polygon", "coordinates": [ [ [ -122.178687888498004, 37.386736609393132 ], [ -122.180640589916905, 37.388936079881432 ], [ -122.172276147821947, 37.390492061204888 ], [ -122.170856554225196, 37.390118114339458 ], [ -122.170225235220883, 37.390185670604872 ], [ -122.16931044294104, 37.390282366504664 ], [ -122.17041967142103, 37.385784507860826 ], [ -122.171891522157566, 37.379744985733879 ], [ -122.172375000047268, 37.379865877093131 ], [ -122.173492035961104, 37.381409935810289 ], [ -122.174513696986111, 37.381730637597002 ], [ -122.17549769957418, 37.381033783622442 ], [ -122.176623868139686, 37.379284581982951 ], [ -122.177918622926541, 37.377977075677933 ], [ -122.17632739118055, 37.37702276009373 ], [ -122.176323136716292, 37.375971469783565 ], [ -122.178001363284579, 37.376977967847132 ], [ -122.178779541615725, 37.376956363274296 ], [ -122.180746742053316, 37.374931151573186 ], [ -122.179725570471604, 37.374318748490857 ], [ -122.179762566155844, 37.373865527402351 ], [ -122.179570575042234, 37.373816553418443 ], [ -122.179355609651452, 37.373544859292188 ], [ -122.178611973961253, 37.372859853855033 ], [ -122.178434483305466, 37.372246043157723 ], [ -122.178427595061166, 37.372238202962627 ], [ -122.178424588148232, 37.372234593383268 ], [ -122.17842165120399, 37.372230981900962 ], [ -122.178418780755877, 37.37222731449264 ], [ -122.178415979167852, 37.372223646098512 ], [ -122.178413210210437, 37.372219922263106 ], [ -122.178410544500025, 37.372216169913209 ], [ -122.17840791378417, 37.372212417062286 ], [ -122.1784053495644, 37.372208608285348 ], [ -122.178402888571284, 37.372204770092964 ], [ -122.178400460836514, 37.37220090438808 ], [ -122.178398103090586, 37.372197037681183 ], [ -122.178395811820494, 37.372193114147393 ], [ -122.178393589430641, 37.372189190528722 ], [ -122.178391435293364, 37.372185238896591 ], [ -122.17838935051725, 37.372181258333818 ], [ -122.178387332844579, 37.372177248872816 ], [ -122.178385384031941, 37.372173238426058 ], [ -122.178383502864378, 37.372169172938037 ], [ -122.178381724401959, 37.372165105078622 ], [ -122.178379980954261, 37.372161037619108 ], [ -122.178378305111181, 37.372156913316523 ], [ -122.17837669814827, 37.372152788929171 ], [ -122.178375193890432, 37.372148662170368 ], [ -122.178373724019679, 37.372144507882865 ], [ -122.178372356266792, 37.372140325097106 ], [ -122.178371058502591, 37.372136141309461 ], [ -122.178370499518053, 37.372134281092819 ], [ -122.178294458938367, 37.372012802546912 ], [ -122.178671305099385, 37.371489120870891 ], [ -122.177681879387649, 37.370937172891942 ], [ -122.177684658509307, 37.370670215842154 ], [ -122.17716081645014, 37.370647027620528 ], [ -122.1765539592934, 37.370561020805091 ], [ -122.176604367461806, 37.37033810282184 ], [ -122.175660350313294, 37.369812956949779 ], [ -122.175611652789343, 37.369652024616663 ], [ -122.177572557588391, 37.369689470510203 ], [ -122.177731063771176, 37.369042036256495 ], [ -122.176551170708905, 37.36838539967767 ], [ -122.177869394612571, 37.368342369456869 ], [ -122.1784674890269, 37.367438892982356 ], [ -122.179313565719809, 37.367634223384243 ], [ -122.17993646428738, 37.367588189351601 ], [ -122.18038756265716, 37.367745934295961 ], [ -122.180858855628458, 37.367747199258531 ], [ -122.181330334047672, 37.36760998879987 ], [ -122.181554639793703, 37.367398116122068 ], [ -122.181717140169269, 37.366935979682658 ], [ -122.182086210259968, 37.366680414772205 ], [ -122.183073992322832, 37.366467086902176 ], [ -122.183303774662917, 37.366194728123801 ], [ -122.183622048237112, 37.365680111137891 ], [ -122.183804339924563, 37.365757620279439 ], [ -122.183483322751258, 37.366275710800785 ], [ -122.183202488145326, 37.366610032413249 ], [ -122.182185763757857, 37.366829626408418 ], [ -122.181899176628534, 37.367028082534596 ], [ -122.181741302160077, 37.367477132118559 ], [ -122.1814526307557, 37.367749782526403 ], [ -122.181080275236781, 37.367858159052098 ], [ -122.181144780626894, 37.368003809609171 ], [ -122.181418323720735, 37.368176540488633 ], [ -122.18175034464285, 37.36830052602496 ], [ -122.181979217258757, 37.368577235172864 ], [ -122.182508747526256, 37.368902343571428 ], [ -122.183032949723668, 37.369022880749654 ], [ -122.183307988808778, 37.369261621540133 ], [ -122.183520616705664, 37.369318066847427 ], [ -122.18400474288741, 37.369561412516035 ], [ -122.184142548594792, 37.369805584012454 ], [ -122.184345895002352, 37.369989068604141 ], [ -122.185100024057476, 37.370811590425397 ], [ -122.185083641632659, 37.37170855564792 ], [ -122.185420732420894, 37.371591031446037 ], [ -122.1868480483963, 37.371206704011897 ], [ -122.187499736796582, 37.371173950501984 ], [ -122.188127329341583, 37.371215706816272 ], [ -122.189584172252324, 37.371466501080661 ], [ -122.190006109907102, 37.371545822022739 ], [ -122.191283081575719, 37.371564985897336 ], [ -122.191570381678929, 37.371583723165521 ], [ -122.193086779469098, 37.372060345917909 ], [ -122.195247741301458, 37.372739474573727 ], [ -122.195854641108227, 37.372948363862129 ], [ -122.194879178792576, 37.374742635565283 ], [ -122.19337084330796, 37.379284560175428 ], [ -122.192904185512475, 37.379847796232994 ], [ -122.191339566228635, 37.379662433097934 ], [ -122.190289054244673, 37.37929801183958 ], [ -122.190244353532648, 37.379284894613242 ], [ -122.190226672792051, 37.379279352847547 ], [ -122.190209057208918, 37.379273646118612 ], [ -122.190191541760498, 37.379267773021084 ], [ -122.190174124706175, 37.379261706543652 ], [ -122.190156807269503, 37.379255500741593 ], [ -122.190139555487463, 37.379249102031665 ], [ -122.190122437191903, 37.379242563509074 ], [ -122.190105383422264, 37.379235832094857 ], [ -122.19008846478539, 37.379228933807887 ], [ -122.190071644658033, 37.379221897113815 ], [ -122.190054924054408, 37.379214667023767 ], [ -122.190038338066501, 37.379207297105111 ], [ -122.190021852214215, 37.379199760818281 ], [ -122.190005465368586, 37.379192058179662 ], [ -122.189989212527223, 37.379184188684832 ], [ -122.189973093193331, 37.379176180278762 ], [ -122.189957074015723, 37.379168006405642 ], [ -122.189941224431294, 37.379159691298867 ], [ -122.189925473262633, 37.379151183713752 ], [ -122.189909857321851, 37.379142563328095 ], [ -122.189894340408628, 37.379133777491845 ], [ -122.189878992477162, 37.37912482339447 ], [ -122.189863779814473, 37.379115758298582 ], [ -122.189856345649503, 37.379111223268765 ], [ -122.189808322003131, 37.379089692245287 ], [ -122.189789081778869, 37.379080658144083 ], [ -122.189769976057491, 37.379071429241172 ], [ -122.189751036449522, 37.379062005081146 ], [ -122.189732231996999, 37.379052414949115 ], [ -122.189713594787051, 37.379042629543811 ], [ -122.189695091603681, 37.379032678182938 ], [ -122.189676756792039, 37.379022531532698 ], [ -122.189658554225829, 37.379012190113706 ], [ -122.189640521315695, 37.379001710163635 ], [ -122.189622655628213, 37.378991034039792 ], [ -122.18960495898537, 37.378980192357268 ], [ -122.189587429565265, 37.378969154501128 ], [ -122.189570068672481, 37.378957978130465 ], [ -122.189552876763372, 37.378946633498636 ], [ -122.189535852117899, 37.378935094495233 ], [ -122.189519030976882, 37.378923415572316 ], [ -122.189502343822227, 37.378911568892782 ], [ -122.189501049769547, 37.378910626841162 ], [ -122.188854221973202, 37.378576827366395 ], [ -122.188489848233843, 37.378470770106432 ], [ -122.186320343661762, 37.379868880656566 ], [ -122.187590816744631, 37.380620837290472 ], [ -122.186887033530368, 37.381541976754022 ], [ -122.185845135255576, 37.382905529453616 ], [ -122.185861247952275, 37.383032232220586 ], [ -122.185219468189572, 37.38243329065137 ], [ -122.185194558167154, 37.38242620459328 ], [ -122.185183189220481, 37.382422769421176 ], [ -122.185171818943672, 37.382419225220019 ], [ -122.185160548906268, 37.382415568727779 ], [ -122.185149309649603, 37.382411774807387 ], [ -122.185138138521694, 37.382407896995112 ], [ -122.185127032674956, 37.382403909196576 ], [ -122.185115993827978, 37.382399837522357 ], [ -122.185105021869617, 37.38239562699999 ], [ -122.185094080193537, 37.382391306994329 ], [ -122.185083241645344, 37.382386902593936 ], [ -122.185072468378493, 37.382382388207418 ], [ -122.18506172761137, 37.382377762503403 ], [ -122.185051087124634, 37.382373026310368 ], [ -122.185040546877715, 37.38236817782645 ], [ -122.185030039801461, 37.382363247755592 ], [ -122.18501963409409, 37.382358205377692 ], [ -122.185009294278146, 37.382353080041462 ], [ -122.184999020852402, 37.382347843802066 ], [ -122.184988848815962, 37.382342496156674 ], [ -122.184978743779681, 37.382337064635834 ], [ -122.184968739024029, 37.382331522626124 ], [ -122.184958801268607, 37.382325896741072 ], [ -122.184948964902517, 37.382320159450082 ], [ -122.184939229427044, 37.382314338697988 ], [ -122.184929560341942, 37.382308407042878 ], [ -122.184919993256102, 37.382302391009567 ], [ -122.184910492082224, 37.382296292919094 ], [ -122.184901126147466, 37.38229008203524 ], [ -122.184891828342046, 37.382283787259844 ], [ -122.184882630318555, 37.38227740994072 ], [ -122.184873535403113, 37.382270947326326 ], [ -122.184864540269629, 37.382264402168204 ], [ -122.184855646505312, 37.38225774470348 ], [ -122.184846889260854, 37.38225103120363 ], [ -122.184838198386572, 37.382244205900037 ], [ -122.184829609531931, 37.382237297119396 ], [ -122.184821121048799, 37.38223033192196 ], [ -122.184812768974538, 37.382223255716958 ], [ -122.184804518380361, 37.382216122177965 ], [ -122.184796369175757, 37.382208877233431 ], [ -122.184788321491979, 37.382201576756856 ], [ -122.184780409657122, 37.382194190514902 ], [ -122.18477260047203, 37.382186748724749 ], [ -122.184764890438842, 37.38217919646241 ], [ -122.184757318013652, 37.382171586347262 ], [ -122.184749847088924, 37.382163919799162 ], [ -122.184742513162405, 37.382156168370535 ], [ -122.184735279017772, 37.382148334398536 ], [ -122.184728182481194, 37.382140442573743 ], [ -122.184721186835091, 37.382132467288471 ], [ -122.18471432655933, 37.382124435083782 ], [ -122.184707603911789, 37.382116345927294 ], [ -122.184700982134444, 37.382108172409417 ], [ -122.184694498005598, 37.38209994284076 ], [ -122.184688114227711, 37.382091655954675 ], [ -122.184681901968204, 37.382083312531215 ], [ -122.184675791707789, 37.38207488473023 ], [ -122.184669817447514, 37.382066427938689 ], [ -122.184663979056253, 37.382057886283029 ], [ -122.184658243924204, 37.382049316107185 ], [ -122.184652679160976, 37.382040688509363 ], [ -122.184647216396755, 37.382031976534137 ], [ -122.18464188963253, 37.382023235568397 ], [ -122.184636699367204, 37.382014437667287 ], [ -122.184631680599594, 37.382005582328091 ], [ -122.184626763941651, 37.381996697584086 ], [ -122.184621984931823, 37.381987756789492 ], [ -122.184617341291698, 37.381978759075878 ], [ -122.18461283476006, 37.381969731454674 ], [ -122.184608464727006, 37.381960646898229 ], [ -122.184604265672206, 37.381951531947742 ], [ -122.184600169896527, 37.381942389378125 ], [ -122.18459624446885, 37.381933188485846 ], [ -122.184592421170862, 37.381923959089768 ], [ -122.18458876934983, 37.381914671354856 ], [ -122.184585255287317, 37.381905382542001 ], [ -122.184581877723147, 37.381896036794025 ], [ -122.184578637266995, 37.381886661138623 ], [ -122.184575567808935, 37.381877255990148 ], [ -122.184572635479142, 37.38186782183525 ], [ -122.184569806367136, 37.381858357358553 ], [ -122.184567182143169, 37.381848863803192 ], [ -122.184564661766927, 37.381839367854752 ], [ -122.184562311778762, 37.381829815385586 ], [ -122.184560065638252, 37.381820260523348 ], [ -122.184558024365273, 37.381810675681571 ], [ -122.184556086960086, 37.381801089347647 ], [ -122.184554321681532, 37.381791473504514 ], [ -122.18455269238143, 37.381781827770261 ], [ -122.184551200818788, 37.381772180057325 ], [ -122.184549881992325, 37.381762529862961 ], [ -122.184548700273126, 37.381752849761256 ], [ -122.184547655182527, 37.381743168598042 ], [ -122.184546747808909, 37.381733484555205 ], [ -122.184546012561455, 37.381723771003216 ], [ -122.184545415051076, 37.381714055472578 ], [ -122.184544989167861, 37.381704338377645 ], [ -122.184544701001343, 37.381694618403102 ], [ -122.184544562949156, 37.381685445112282 ], [ -122.184545900898058, 37.381669961035669 ], [ -122.184546408177624, 37.381661959967722 ], [ -122.184546779479248, 37.381653988790809 ], [ -122.184547046283683, 37.381645991177415 ], [ -122.184547209740202, 37.3816379680122 ], [ -122.184547236069648, 37.381629973853258 ], [ -122.184547124682652, 37.381621982573954 ], [ -122.18454690940834, 37.381613991885828 ], [ -122.184546557526318, 37.381606003160151 ], [ -122.184546067297859, 37.38159798938544 ], [ -122.184545473812307, 37.381590004130487 ], [ -122.184544778218864, 37.381582048280059 ], [ -122.18454394315016, 37.381574067396777 ], [ -122.184542972063412, 37.381566114602734 ], [ -122.184541898259141, 37.381558164185456 ], [ -122.18454068671852, 37.381550215746827 ], [ -122.184539371311232, 37.381542268800267 ], [ -122.184537953256651, 37.381534377401209 ], [ -122.184536364135781, 37.381526462324302 ], [ -122.184534671737694, 37.381518574866256 ], [ -122.184532876123399, 37.381510717729867 ], [ -122.18453094388164, 37.38150286165493 ], [ -122.184528908403436, 37.381495035000633 ], [ -122.184526735168845, 37.381487209424073 ], [ -122.184524459327847, 37.38147944119676 ], [ -122.184522046879906, 37.381471674931781 ], [ -122.184519532304293, 37.381463937170359 ], [ -122.184516878863747, 37.381456201403715 ], [ -122.184514123925709, 37.381448522069228 ], [ -122.184511231251747, 37.381440844713268 ], [ -122.184508237080351, 37.381433223789372 ], [ -122.184505139042741, 37.381425604357517 ], [ -122.184501904509162, 37.381418041860506 ], [ -122.184498567868431, 37.381410508767878 ], [ -122.184495127971346, 37.381403004194901 ], [ -122.184491552077247, 37.381395528611868 ], [ -122.184487839077619, 37.381388082935985 ], [ -122.184484057321328, 37.381380693221814 ], [ -122.184480138958421, 37.381373305469886 ], [ -122.184476118578985, 37.381366001193904 ], [ -122.184471960484416, 37.381358699797239 ], [ -122.184467735870911, 37.381351453428927 ], [ -122.184463373632653, 37.381344264011581 ], [ -122.184458909287613, 37.381337103998504 ], [ -122.184454307816864, 37.381329972991459 ], [ -122.184449638718604, 37.381322897929863 ], [ -122.184444833145022, 37.381315880703909 ], [ -122.184439926054097, 37.381308919008966 ], [ -122.184434916836111, 37.381301985817259 ], [ -122.184429803883503, 37.381295109990837 ], [ -122.184424589932846, 37.381288262651424 ], [ -122.184419273965901, 37.381281498787835 ], [ -122.184413820893809, 37.381274764831076 ], [ -122.184408300194292, 37.38126808681973 ], [ -122.184402678607555, 37.381261492267861 ], [ -122.18439695378521, 37.381254927136339 ], [ -122.18439109246745, 37.381248418939343 ], [ -122.184385164651303, 37.381241966671368 ], [ -122.184379133080327, 37.381235570867624 ], [ -122.184373001121202, 37.381229230578512 ], [ -122.184366801035665, 37.38122297417943 ], [ -122.184360465583765, 37.381216774698657 ], [ -122.184354061894922, 37.381210604135291 ], [ -122.18434755679958, 37.38120454407531 ], [ -122.184340949597726, 37.38119851341925 ], [ -122.184334274269602, 37.381192566653233 ], [ -122.184327463554794, 37.381186675904416 ], [ -122.184320620211153, 37.381180840598049 ], [ -122.184313639873295, 37.381175090170835 ], [ -122.184306593037022, 37.381169395672508 ], [ -122.184299478054172, 37.381163784163185 ], [ -122.184292227705029, 37.381158229571902 ], [ -122.184284944228011, 37.381152758367861 ], [ -122.184277559233877, 37.381147342694391 ], [ -122.184270072243905, 37.381142011397301 ], [ -122.184262518236238, 37.381136763072909 ], [ -122.18425489775062, 37.381131571578273 ], [ -122.184247175248771, 37.381126463558964 ], [ -122.184239383970322, 37.381121410599931 ], [ -122.184231527453392, 37.381116469426949 ], [ -122.184223603309107, 37.381111584198884 ], [ -122.184215578277602, 37.381106782429882 ], [ -122.184207485618742, 37.38110203660586 ], [ -122.184199325443075, 37.381097401699236 ], [ -122.184191098768991, 37.381092822721328 ], [ -122.184182805686717, 37.381088353743678 ], [ -122.184174444997353, 37.381083941611834 ], [ -122.184166016161157, 37.381079612468724 ], [ -122.184157487586972, 37.381075367669304 ], [ -122.184148925864449, 37.381071205355994 ], [ -122.184140297753828, 37.381067153943796 ], [ -122.184131635885279, 37.381063157989928 ], [ -122.184122873149633, 37.381059246395921 ], [ -122.184114078394487, 37.381055417271725 ], [ -122.184105216101983, 37.381051698163937 ], [ -122.184096287331229, 37.381048035885556 ], [ -122.184087292172322, 37.381044484508216 ], [ -122.184078263864876, 37.38104101561688 ], [ -122.184069202408807, 37.381037629211576 ], [ -122.184060041214522, 37.381034327149685 ], [ -122.184050881370908, 37.381031135016059 ], [ -122.184041654529437, 37.381028026755672 ], [ -122.184032361778506, 37.381025000550451 ], [ -122.184023034790499, 37.381022058649243 ], [ -122.184013677521193, 37.381019226229249 ], [ -122.184004252104643, 37.381016476797797 ], [ -122.183994794688587, 37.381013810736931 ], [ -122.18398530527304, 37.381011228046646 ], [ -122.183975783318047, 37.381008754869981 ], [ -122.183966194994881, 37.38100639349512 ], [ -122.183956607891346, 37.381004086174855 ], [ -122.183946954399204, 37.381001889755467 ], [ -122.183937268387879, 37.380999803750598 ], [ -122.18392758537523, 37.380997800613656 ], [ -122.183917835344062, 37.380995880448921 ], [ -122.18390808666301, 37.380994070212296 ], [ -122.183898305961776, 37.380992342445225 ], [ -122.183888493870157, 37.380990725076408 ], [ -122.183878648649667, 37.380989191094308 ], [ -122.183868772038636, 37.380987767510426 ], [ -122.183858897276764, 37.380986425909754 ], [ -122.18384898999534, 37.380985194723515 ], [ -122.183839084562976, 37.380984045520435 ], [ -122.183829147760264, 37.3809830076165 ], [ -122.183819177787811, 37.380982051297437 ], [ -122.183809210314394, 37.380981205791088 ], [ -122.183799245818875, 37.380980442251705 ], [ -122.183789247674525, 37.380979789142934 ], [ -122.183779252528353, 37.380979218902119 ], [ -122.18376922484201, 37.38097875817472 ], [ -122.183759234023086, 37.380978379828861 ], [ -122.183749211813236, 37.380978111881191 ], [ -122.183739190952821, 37.380977953861546 ], [ -122.183729171941039, 37.380977877825075 ], [ -122.183719121538189, 37.380977912186786 ], [ -122.1837091068533, 37.380978028045384 ], [ -122.183699095795944, 37.380978254700466 ], [ -122.183689085458113, 37.380978563354979 ], [ -122.183679077598384, 37.380978981921309 ], [ -122.183669072196537, 37.380979509498566 ], [ -122.183659069792327, 37.380980119943693 ], [ -122.183649068127821, 37.380980813289192 ], [ -122.183639103939683, 37.380981616044032 ], [ -122.183629142209199, 37.380982527809728 ], [ -122.18361921621667, 37.380983521973292 ], [ -122.183611799097449, 37.380984342228544 ], [ -122.182737718357046, 37.380971068012826 ], [ -122.182711310212568, 37.380970788184086 ], [ -122.182699573113482, 37.38097084666245 ], [ -122.182687839620129, 37.380971015036145 ], [ -122.182676108083569, 37.380971320365305 ], [ -122.182664413413036, 37.380971708076054 ], [ -122.182652686829755, 37.380972233228249 ], [ -122.18264099772145, 37.380972867789822 ], [ -122.182629311089613, 37.380973612262906 ], [ -122.182617625805307, 37.380974466663702 ], [ -122.18260594475565, 37.380975458888486 ], [ -122.182594299422547, 37.380976532610234 ], [ -122.182582692173042, 37.380977742769012 ], [ -122.182571052401443, 37.380979063341549 ], [ -122.1825594851028, 37.380980492821251 ], [ -122.182547919151375, 37.380982032228758 ], [ -122.182536355675992, 37.380983681547789 ], [ -122.182524863544529, 37.380985439790273 ], [ -122.182513374498015, 37.380987334971998 ], [ -122.182501888447447, 37.380989313021423 ], [ -122.182490473220568, 37.380991427038246 ], [ -122.18247905984029, 37.38099362303798 ], [ -122.182467718432875, 37.38099595588988 ], [ -122.182456379501218, 37.380998398653404 ], [ -122.182445111283869, 37.381000922411722 ], [ -122.182433846171449, 37.381003584010394 ], [ -122.182422652402437, 37.381006354532552 ], [ -122.182411496087099, 37.381009233563347 ], [ -122.182400376136982, 37.381012222920702 ], [ -122.182389291902538, 37.381015293775214 ], [ -122.182378280749319, 37.381018500564792 ], [ -122.182367305940915, 37.381021816780148 ], [ -122.182356400737788, 37.381025214907595 ], [ -122.18234549911864, 37.381028722029662 ], [ -122.182334704470222, 37.381032365501866 ], [ -122.182323944428617, 37.381036091388374 ], [ -122.182313256838711, 37.381039925281499 ], [ -122.182302605593392, 37.381043868600436 ], [ -122.18229202508212, 37.381047893815364 ], [ -122.182281517651703, 37.381052054965572 ], [ -122.182271044827843, 37.381056298530162 ], [ -122.182260678325008, 37.381060649615513 ], [ -122.182250348686651, 37.381065083082824 ], [ -122.18224008926218, 37.381069625490206 ], [ -122.182229936158606, 37.381074275418406 ], [ -122.18221982054861, 37.381079035657237 ], [ -122.182209774523201, 37.381083876907581 ], [ -122.182199834838912, 37.381088826579699 ], [ -122.182189930890019, 37.381093858650118 ], [ -122.18218013326188, 37.38109899824147 ], [ -122.182170406367547, 37.381104219729039 ], [ -122.182160749686844, 37.381109550156786 ], [ -122.182151198717989, 37.381114961077891 ], [ -122.182141719091689, 37.381120480922952 ], [ -122.182132345177237, 37.381126081261364 ], [ -122.182123007627226, 37.381131791926805 ], [ -122.182113809029318, 37.381137554671128 ], [ -122.182104681794215, 37.381143427240481 ], [ -122.182095625881274, 37.381149407833014 ], [ -122.182086673942379, 37.381155441907495 ], [ -122.182077828344376, 37.381161584404062 ], [ -122.182069087349475, 37.381167808311247 ], [ -122.182060417067902, 37.381174113214001 ], [ -122.182051851998239, 37.38118052655512 ], [ -122.182043358162048, 37.381186993847862 ], [ -122.182035002778107, 37.381193541164642 ], [ -122.18202675373513, 37.381200196903585 ], [ -122.182018574796629, 37.381206906610494 ], [ -122.182010500461189, 37.381213697728178 ], [ -122.182002565707023, 37.381220568853678 ], [ -122.181994702815473, 37.381227521859621 ], [ -122.181986943377737, 37.381234555391671 ], [ -122.181979324650328, 37.381241668915415 ], [ -122.181971809896993, 37.381248835921411 ], [ -122.181964364748211, 37.381256084840295 ], [ -122.181957060330063, 37.381263414651919 ], [ -122.181949895473068, 37.381270823570574 ], [ -122.18194280074087, 37.381278287358285 ], [ -122.181935843832022, 37.381285803241632 ], [ -122.181928992675665, 37.381293401420649 ], [ -122.181922281080432, 37.38130107870689 ], [ -122.181915639610111, 37.381308810862244 ], [ -122.181909172090783, 37.381316594595042 ], [ -122.181902774176109, 37.381324460240933 ], [ -122.181896550232835, 37.381332378365286 ], [ -122.181890395244864, 37.381340349573193 ], [ -122.181884380379032, 37.381348374646329 ], [ -122.181878505094815, 37.381356479727692 ], [ -122.181872732655918, 37.381364638307716 ], [ -122.181867100339204, 37.381372850753095 ], [ -122.181861606346075, 37.381381087349482 ], [ -122.181856216956447, 37.381389405357034 ], [ -122.181850967668723, 37.381397776329038 ], [ -122.181845821226517, 37.381406200799859 ], [ -122.181840848755954, 37.381414677749312 ], [ -122.181835980759871, 37.381423180236595 ], [ -122.181831215629614, 37.381431737123634 ], [ -122.181826625579873, 37.381440345572287 ], [ -122.181822138375722, 37.381449007519819 ], [ -122.181817825663686, 37.381457694902203 ], [ -122.181813615797338, 37.38146643578348 ], [ -122.18180954540432, 37.381475201700717 ], [ -122.181805577857034, 37.38148402111684 ], [ -122.181801785410855, 37.381492892995581 ], [ -122.181798129571305, 37.381501762914993 ], [ -122.181794578835635, 37.381510686300977 ], [ -122.181791200943209, 37.381519662181958 ], [ -122.181787960786593, 37.381528636087488 ], [ -122.181784824605003, 37.381537663475811 ], [ -122.181781861786973, 37.381546716315327 ], [ -122.181779002315025, 37.381555794709001 ], [ -122.181776316186486, 37.381564897652993 ], [ -122.181773734033115, 37.381574054079792 ], [ -122.181771324634823, 37.38158320893011 ], [ -122.181769018582784, 37.381592389334649 ], [ -122.181766884745343, 37.381601594305714 ], [ -122.181764888644238, 37.381610797301342 ], [ -122.1817630315375, 37.381620054178804 ], [ -122.181761312146833, 37.381629308179953 ], [ -122.181759732250597, 37.381638588118093 ], [ -122.181758322831627, 37.381647865611292 ], [ -122.18175701788816, 37.381657168642519 ], [ -122.181755850681284, 37.381666469698416 ], [ -122.181754855709784, 37.381675796221728 ], [ -122.181753999083739, 37.381685147797413 ], [ -122.181753279585706, 37.381694470369993 ], [ -122.181752698433201, 37.381703817994897 ], [ -122.181752255646543, 37.381713191573027 ], [ -122.181751983837557, 37.381722534761401 ], [ -122.181751816524837, 37.381731904388793 ], [ -122.181751820798553, 37.381741270654132 ], [ -122.181751854196719, 37.381742753574862 ], [ -122.181594782563451, 37.382433683899229 ], [ -122.181592389250369, 37.382454237079486 ], [ -122.18159108440102, 37.382463595981932 ], [ -122.181589608422655, 37.382472928499475 ], [ -122.181588027987146, 37.382482236379715 ], [ -122.181586275922498, 37.382491545819875 ], [ -122.18158438438121, 37.382500830223641 ], [ -122.18158235560108, 37.382510088657746 ], [ -122.181580188473305, 37.382519322039279 ], [ -122.181577882977479, 37.38252852946728 ], [ -122.181575405892715, 37.382537740257007 ], [ -122.18157282368108, 37.382546896678868 ], [ -122.181570103730238, 37.382556055075831 ], [ -122.181567210952707, 37.38256516187819 ], [ -122.181564214285714, 37.382574269268943 ], [ -122.181561044791877, 37.382583325065106 ], [ -122.181557736929747, 37.382592354907644 ], [ -122.181554325698414, 37.382601358294643 ], [ -122.181550740511128, 37.382610310103196 ], [ -122.181547050825486, 37.382619235472461 ], [ -122.181543223900363, 37.382628134871879 ], [ -122.181539224148125, 37.382636982676544 ], [ -122.181535119897489, 37.382645804041843 ], [ -122.181530876669541, 37.382654572425793 ], [ -122.181526494464308, 37.382663287828329 ], [ -122.1815245498628, 37.382667107123794 ], [ -122.181476200203932, 37.382742680562316 ], [ -122.181455186992991, 37.382777181170837 ], [ -122.181434694649255, 37.382811893301827 ], [ -122.181414757584236, 37.382846790326994 ], [ -122.181395340799284, 37.38288187274842 ], [ -122.181376445383378, 37.382917138748304 ], [ -122.181358104747915, 37.382952617587968 ], [ -122.181340318744574, 37.38298825249327 ], [ -122.181323086265209, 37.383024044381607 ], [ -122.181306409068441, 37.383060021165612 ], [ -122.181290251506397, 37.383096154517787 ], [ -122.181274682990235, 37.383132417307962 ], [ -122.181259634739092, 37.383168864595426 ], [ -122.181245174406328, 37.383205441337502 ], [ -122.181231266972958, 37.383242147135235 ], [ -122.18121791419766, 37.383279009901358 ], [ -122.181205114823413, 37.383315973778686 ], [ -122.181192903390979, 37.383353068012426 ], [ -122.18118127984026, 37.383390289899864 ], [ -122.181170209733594, 37.383427614700956 ], [ -122.181159693031219, 37.383465040614034 ], [ -122.181149763645067, 37.383502568955443 ], [ -122.18114042153536, 37.383540197923516 ], [ -122.181131631723659, 37.383577928921042 ], [ -122.181123429102115, 37.383615706473911 ], [ -122.181115813779897, 37.383653585554782 ], [ -122.181108785149306, 37.383691539135988 ], [ -122.18110230869155, 37.383729538873695 ], [ -122.181096452797874, 37.383767612626428 ], [ -122.181091149099004, 37.383805733436716 ], [ -122.181086431466568, 37.383843900819102 ], [ -122.181082334901092, 37.383882114271891 ], [ -122.181078790533121, 37.383920374782527 ], [ -122.181075830476374, 37.383958653952952 ], [ -122.181073457010115, 37.38399695265182 ], [ -122.181071669594459, 37.384035297022095 ], [ -122.181070620108841, 37.384068192884371 ], [ -122.181058954490709, 37.384141729803908 ], [ -122.181053944635323, 37.384168473970803 ], [ -122.181048521443287, 37.384195169088599 ], [ -122.181042684305737, 37.384221788129445 ], [ -122.18103643157265, 37.384248358153386 ], [ -122.181029765501705, 37.384274879128014 ], [ -122.181022718205611, 37.384301322655219 ], [ -122.181015256962311, 37.384327690105238 ], [ -122.181007415121769, 37.384354008036382 ], [ -122.180999123704481, 37.384380222463228 ], [ -122.18099045220977, 37.384406360327148 ], [ -122.180981399988255, 37.384432392798395 ], [ -122.180971933317167, 37.384458377136895 ], [ -122.180962084181033, 37.384484229071056 ], [ -122.180951821094979, 37.384510004927421 ], [ -122.1809411761718, 37.384535676307856 ], [ -122.180930116060807, 37.384561216653914 ], [ -122.180918675849426, 37.384586679535403 ], [ -122.180906853191473, 37.384612010912925 ], [ -122.180894649824126, 37.384637237797961 ], [ -122.18088206398923, 37.384662332277891 ], [ -122.180869098593561, 37.384687323149826 ], [ -122.180855715100932, 37.384712154189423 ], [ -122.180841985917979, 37.384736881135218 ], [ -122.180827874786885, 37.384761448631572 ], [ -122.180813381186752, 37.384785883722124 ], [ -122.180798506266527, 37.384810187291556 ], [ -122.180783283268539, 37.384834330925578 ], [ -122.18076767894992, 37.384858343038168 ], [ -122.180751691552757, 37.384882195716727 ], [ -122.180735356577415, 37.384905860514621 ], [ -122.180718674151862, 37.384929393305178 ], [ -122.18070160979633, 37.384952767546018 ], [ -122.180684196712662, 37.384975953020991 ], [ -122.180666435569705, 37.38499897946042 ], [ -122.180648325738829, 37.38502181893552 ], [ -122.180629867828031, 37.385044498473903 ], [ -122.180611062337562, 37.385066990130497 ], [ -122.180591908158561, 37.385089294822322 ], [ -122.180572405290832, 37.385111412549129 ], [ -122.180552588105911, 37.385133314880612 ], [ -122.180532422840344, 37.385155057274496 ], [ -122.180511908256946, 37.385176584774179 ], [ -122.180491113227376, 37.385197896392668 ], [ -122.180469935637106, 37.385219021530638 ], [ -122.180448478208731, 37.385239957814733 ], [ -122.180426671982929, 37.38526065216012 ], [ -122.180404584810091, 37.385281158568354 ], [ -122.18038218384018, 37.38530142253596 ], [ -122.180359432422776, 37.385321471624344 ], [ -122.180336401667503, 37.385341303913187 ], [ -122.180313089356815, 37.385360921236519 ], [ -122.180289463248869, 37.385380296118427 ], [ -122.180265521065195, 37.385399427690281 ], [ -122.180241298455101, 37.385418344279913 ], [ -122.1802167958989, 37.385437017041376 ], [ -122.180192011158795, 37.385455446907756 ], [ -122.180166946492875, 37.385473633846594 ], [ -122.180141600751924, 37.38549157697291 ], [ -122.180115973956205, 37.385509277187474 ], [ -122.180090100477926, 37.385526706060034 ], [ -122.180063945945037, 37.385543892020429 ], [ -122.180046843674788, 37.385554904745156 ], [ -122.180020886526222, 37.385565604531379 ], [ -122.180007896587796, 37.385571202419037 ], [ -122.179995013601157, 37.385576935757648 ], [ -122.179982235829115, 37.385582777535674 ], [ -122.17996952940014, 37.385588728238389 ], [ -122.179956928793786, 37.38559481440835 ], [ -122.179944401267491, 37.385601036514593 ], [ -122.179931977846891, 37.385607367977457 ], [ -122.179919661878614, 37.385613806946644 ], [ -122.179907450623986, 37.385620382300253 ], [ -122.17989531184125, 37.385627066562563 ], [ -122.179883312752438, 37.385633885807088 ], [ -122.179871386135474, 37.385640813960293 ], [ -122.179859598604338, 37.385647850068104 ], [ -122.179847884173299, 37.3856550230133 ], [ -122.179836308199711, 37.385662275984501 ], [ -122.179824839177414, 37.385669664407068 ], [ -122.179813475369372, 37.385677161269527 ], [ -122.179802217904523, 37.385684766555677 ], [ -122.17979109952546, 37.38569247979661 ], [ -122.179780087489561, 37.385700301461299 ], [ -122.179769215668458, 37.38570823106464 ], [ -122.179758448433191, 37.385716241179409 ], [ -122.179747788169337, 37.385724387646697 ], [ -122.179737267492058, 37.385732614124045 ], [ -122.179726886528698, 37.385740976485067 ], [ -122.179716646280909, 37.385749418840049 ], [ -122.179706510618914, 37.385757941706608 ], [ -122.179696515799975, 37.385766600440697 ], [ -122.179686625566902, 37.385775339686376 ], [ -122.179676909941222, 37.385784159342009 ], [ -122.179667299509461, 37.385793086537014 ], [ -122.179657864313441, 37.385802122070658 ], [ -122.179648533074982, 37.385811210187342 ], [ -122.179639342679678, 37.385820434171798 ], [ -122.179632241838547, 37.385827705937096 ], [ -122.178882211367394, 37.386535719985481 ], [ -122.178872555163281, 37.386544126865751 ], [ -122.178867351652002, 37.386548486633281 ], [ -122.178862111903371, 37.386552791945341 ], [ -122.178856803174568, 37.386557043270599 ], [ -122.178851389943119, 37.386561268154068 ], [ -122.178845940995743, 37.386565411538044 ], [ -122.178840455811013, 37.3865695004665 ], [ -122.178834867273039, 37.386573563837864 ], [ -122.178829241869764, 37.386577544824959 ], [ -122.178823547486289, 37.386581471825245 ], [ -122.178817781884732, 37.386585345771927 ], [ -122.178811946761328, 37.38658919187472 ], [ -122.178806075942248, 37.386592957378937 ], [ -122.178800169387102, 37.386596640482715 ], [ -122.178794158329225, 37.386600297144582 ], [ -122.17878811103418, 37.386603899350781 ], [ -122.178782029152231, 37.386607420041351 ], [ -122.178775876052256, 37.386610887678223 ], [ -122.178769652822822, 37.386614300443377 ], [ -122.178763428357215, 37.3866176582519 ], [ -122.178757099910342, 37.386620962574497 ], [ -122.178750734618575, 37.386624185413709 ], [ -122.178744334198413, 37.386627352880126 ], [ -122.178737896953677, 37.386630439764055 ], [ -122.178731390207417, 37.386633499704928 ], [ -122.178724847725078, 37.386636477245254 ], [ -122.178718268397972, 37.386639373302174 ], [ -122.17871162069838, 37.386642242399809 ], [ -122.178704935546335, 37.386645002986299 ], [ -122.178698214764836, 37.386647736144759 ], [ -122.178691458267593, 37.386650387803591 ], [ -122.178684666642098, 37.386652984089579 ], [ -122.178678145085456, 37.38665538545191 ], [ -122.178614280130432, 37.386671956421573 ], [ -122.178687888498004, 37.386736609393132 ] ], [ [ -122.178245185460241, 37.386655621618864 ], [ -122.178347408700219, 37.38658430467445 ], [ -122.177767436823544, 37.386298767301447 ], [ -122.176441286826503, 37.386059688213514 ], [ -122.176054320123313, 37.385803686347487 ], [ -122.174145115153166, 37.385767861928997 ], [ -122.173627591384573, 37.385954429083576 ], [ -122.172850233726223, 37.385723435822037 ], [ -122.172531551294256, 37.386331421055537 ], [ -122.173683421748535, 37.38667137025795 ], [ -122.174266499498614, 37.386784323469783 ], [ -122.176154957317124, 37.386982070988573 ], [ -122.176690639989374, 37.386964799153368 ], [ -122.178144061441117, 37.386725301457318 ], [ -122.178245185460241, 37.386655621618864 ] ] ] } },
{ "type": "Feature", "properties": { "ZONE_TYPE": "Residential Single-Family", "AREA_CALC": 6465628.0, "SHAPE_Leng": 19506.688175700001, "SHAPE_Area": 6465988.5661000004, "has_CS": false, "Zone_Type_Abbr": "R" }, "geometry": { "type": "Polygon", "coordinates": [ [ [ -122.154267494464563, 37.452252465193631 ], [ -122.153840224279108, 37.452683373264378 ], [ -122.153766025408174, 37.452760370527713 ], [ -122.154403635286684, 37.453152401975807 ], [ -122.155063811688507, 37.453554962367519 ], [ -122.155231482655978, 37.45364854671449 ], [ -122.155562867268941, 37.453860684360684 ], [ -122.155535084058485, 37.453894340640268 ], [ -122.155509044402635, 37.453925775181538 ], [ -122.155484656142491, 37.453949357649606 ], [ -122.155338928765502, 37.454127378740793 ], [ -122.155180878476514, 37.454490739667285 ], [ -122.155175964471283, 37.454513058831544 ], [ -122.155173846245177, 37.454535640475832 ], [ -122.155174589609203, 37.454558291715557 ], [ -122.155201233231693, 37.454779204396068 ], [ -122.155208521095247, 37.45480635138793 ], [ -122.15521865365325, 37.454832907628351 ], [ -122.155231630080891, 37.45485868297375 ], [ -122.155247272576972, 37.454883459135203 ], [ -122.155332497472841, 37.455000564888103 ], [ -122.155345791620462, 37.455023588865551 ], [ -122.15535638337019, 37.455047502591853 ], [ -122.155364130568486, 37.455072115214506 ], [ -122.155368959928467, 37.455097180837129 ], [ -122.155370899362339, 37.455122480073307 ], [ -122.155370103244266, 37.455131637638651 ], [ -122.155368340724294, 37.455140699786959 ], [ -122.155365643955463, 37.455149638127317 ], [ -122.155362012738692, 37.455158341814133 ], [ -122.155357478647346, 37.455166756329717 ], [ -122.155352077224919, 37.455174853235356 ], [ -122.155345838295034, 37.455182550100567 ], [ -122.155338798531375, 37.455189818470693 ], [ -122.155331023941258, 37.455196576306193 ], [ -122.155322547768094, 37.455202793398286 ], [ -122.15531343776918, 37.455208415620213 ], [ -122.155303797294948, 37.455213413576899 ], [ -122.155293660159458, 37.455217731817925 ], [ -122.154892020052529, 37.45536469511292 ], [ -122.154793823563878, 37.455400635333355 ], [ -122.154750244998951, 37.455416576489121 ], [ -122.154703308638744, 37.455438059614309 ], [ -122.154138157120457, 37.455736727949201 ], [ -122.154056309707727, 37.455785868713825 ], [ -122.153979322037841, 37.455839748874176 ], [ -122.153907600488481, 37.455898086944906 ], [ -122.153673381424767, 37.45614915529675 ], [ -122.153378156640159, 37.456422920473265 ], [ -122.153029497542192, 37.456779596652233 ], [ -122.153018595026523, 37.456788264773337 ], [ -122.153006778084887, 37.456796122970133 ], [ -122.152994149432047, 37.456803113019937 ], [ -122.152980775678444, 37.45680917991217 ], [ -122.152634120292944, 37.456965605873094 ], [ -122.15255878781349, 37.456990097792172 ], [ -122.15248091449817, 37.45700874596865 ], [ -122.152401114956561, 37.457021379528818 ], [ -122.152320216320845, 37.457027929149014 ], [ -122.15223886943572, 37.457028277521516 ], [ -122.15220552544379, 37.457025615166984 ], [ -122.152172518793193, 37.457021135731317 ], [ -122.152139921263682, 37.457014864339577 ], [ -122.151885448244514, 37.456938402486209 ], [ -122.151861992037212, 37.45693101375312 ], [ -122.15183774566124, 37.456925311475153 ], [ -122.151812986703732, 37.456921374656403 ], [ -122.151787888672374, 37.456919227891127 ], [ -122.151762623366054, 37.456918869662829 ], [ -122.151737433210613, 37.456920322695048 ], [ -122.151712523310621, 37.456923557966796 ], [ -122.151688065405125, 37.456928571259226 ], [ -122.151664268009313, 37.456935334404982 ], [ -122.151641333202832, 37.456943732811538 ], [ -122.151287064942224, 37.457091059657543 ], [ -122.151269345181234, 37.457096912621971 ], [ -122.151251081602339, 37.457101537681581 ], [ -122.15123237641096, 37.457104904559927 ], [ -122.151213368036764, 37.457106985174569 ], [ -122.150741905386397, 37.457106254297372 ], [ -122.150722238126903, 37.457105074526794 ], [ -122.150702747919027, 37.457102546764204 ], [ -122.1506836088911, 37.457098723534571 ], [ -122.150664957771127, 37.45709360201414 ], [ -122.150646898618675, 37.457087235713473 ], [ -122.150629604963669, 37.457079650129948 ], [ -122.150567256075504, 37.457049349675927 ], [ -122.150501501798274, 37.457023987009734 ], [ -122.150433001913797, 37.457003798877707 ], [ -122.150309953374816, 37.45693367134011 ], [ -122.150256177796521, 37.457116489669879 ], [ -122.150240226808677, 37.457189780901793 ], [ -122.149895395591955, 37.457235859251185 ], [ -122.149682686772394, 37.457248188000193 ], [ -122.149380581813759, 37.457196040458363 ], [ -122.149208996436926, 37.457182573899644 ], [ -122.148643604090523, 37.457202190387953 ], [ -122.148159497497403, 37.457017559308781 ], [ -122.148010519716451, 37.456874807613062 ], [ -122.147881196396298, 37.456645281312191 ], [ -122.147538933818936, 37.456536117585003 ], [ -122.146643361361896, 37.456637710504388 ], [ -122.146015055748762, 37.456929121403199 ], [ -122.145852393171694, 37.45727943103703 ], [ -122.145966157956991, 37.457759803400656 ], [ -122.145406205688701, 37.458024733884194 ], [ -122.145081283418364, 37.458228517984949 ], [ -122.144468060854976, 37.458345309768127 ], [ -122.144337877634996, 37.458334305722218 ], [ -122.144164153142071, 37.458273918031608 ], [ -122.143849248351927, 37.458064676400951 ], [ -122.143642075570696, 37.457996900562875 ], [ -122.143474431783048, 37.457980926356932 ], [ -122.143064512842045, 37.458066598875931 ], [ -122.142768881837199, 37.458078317454898 ], [ -122.142308735524566, 37.457896925569855 ], [ -122.14206129699123, 37.457861024427231 ], [ -122.141734148093931, 37.457733887711811 ], [ -122.141201836803958, 37.457490733823498 ], [ -122.140894041888885, 37.457129510635809 ], [ -122.140851341987045, 37.456859733040737 ], [ -122.140747971233878, 37.456692162719563 ], [ -122.140475626808481, 37.456498111818142 ], [ -122.140240039521444, 37.456360022379599 ], [ -122.140129631752501, 37.456221776787878 ], [ -122.140000620394346, 37.455930048463479 ], [ -122.139939828906307, 37.455515818039693 ], [ -122.139842658049588, 37.455398126646962 ], [ -122.139668272044645, 37.455354167906862 ], [ -122.139443632804145, 37.455331457334928 ], [ -122.138905054650564, 37.454888161478031 ], [ -122.138681837616204, 37.454776349298946 ], [ -122.138236168792076, 37.454681731931565 ], [ -122.137780517207418, 37.454698858943729 ], [ -122.136950581570815, 37.454471732628868 ], [ -122.136710154686995, 37.454431245433284 ], [ -122.136569455068198, 37.454380302133721 ], [ -122.136176172300551, 37.454007952955479 ], [ -122.13565447210253, 37.453990502163983 ], [ -122.13525561811052, 37.454122855063218 ], [ -122.134744461713709, 37.454180957034076 ], [ -122.134348259407588, 37.454307116471973 ], [ -122.133564752943968, 37.454418338691902 ], [ -122.133021126913945, 37.454080923816086 ], [ -122.132168702439358, 37.454064267798316 ], [ -122.131566069839252, 37.453380599507362 ], [ -122.131478309529427, 37.453364761408459 ], [ -122.131269926327789, 37.453327141397139 ], [ -122.131061578368971, 37.453289520529019 ], [ -122.130853196178464, 37.453251926805564 ], [ -122.130713478864109, 37.453226702145351 ], [ -122.130634913078424, 37.45322955097221 ], [ -122.130396497350404, 37.453238164635366 ], [ -122.130695878896219, 37.452777805701629 ], [ -122.130887499713893, 37.452642937068099 ], [ -122.13114484179512, 37.452247217539885 ], [ -122.131573831287838, 37.452423152886283 ], [ -122.131643992545534, 37.45232757571528 ], [ -122.131718700106589, 37.452359444571009 ], [ -122.132086456817845, 37.452511452541387 ], [ -122.132078523592639, 37.452523648871868 ], [ -122.132448437523124, 37.452676532341584 ], [ -122.132605187880813, 37.452733794572715 ], [ -122.132923436578778, 37.452865337354417 ], [ -122.132933636017967, 37.452849620884678 ], [ -122.13336794863902, 37.452969384889506 ], [ -122.133467544497563, 37.453187446168968 ], [ -122.134341191840448, 37.453254752003936 ], [ -122.135435383764175, 37.452884808109694 ], [ -122.135578342766479, 37.452983955408492 ], [ -122.135958486846008, 37.452876996626067 ], [ -122.136124789453106, 37.452840259897691 ], [ -122.136575219418404, 37.452719078877784 ], [ -122.136726946826386, 37.452855048249276 ], [ -122.136700947970297, 37.452895020447706 ], [ -122.137312635707659, 37.453147827497915 ], [ -122.137424167324255, 37.453188573233724 ], [ -122.137793020673968, 37.452627020758513 ], [ -122.142999498857748, 37.454291902654695 ], [ -122.143383233311368, 37.454324630024651 ], [ -122.146917245473432, 37.454303665450269 ], [ -122.149787447057165, 37.454300826674249 ], [ -122.149792595372006, 37.454930943480228 ], [ -122.150134147548457, 37.454928751388742 ], [ -122.150134475957771, 37.454935778874223 ], [ -122.15013556153869, 37.454942795715226 ], [ -122.150137401242304, 37.454949664070348 ], [ -122.150139962933508, 37.454956413229802 ], [ -122.150143277532194, 37.454962958946851 ], [ -122.150147241002998, 37.454969248611675 ], [ -122.150151887163744, 37.454975226775254 ], [ -122.150157180961315, 37.454980893029202 ], [ -122.150163051665587, 37.4549861672592 ], [ -122.150169464137747, 37.454990994084511 ], [ -122.150176383344487, 37.454995373997598 ], [ -122.150183740881488, 37.454999280923815 ], [ -122.150191499369399, 37.455002660415104 ], [ -122.150199590383977, 37.455005485496017 ], [ -122.150207978911595, 37.455007757559891 ], [ -122.150216560876643, 37.455009422195182 ], [ -122.150225301863472, 37.45501050782299 ], [ -122.150234099564202, 37.455010988845473 ], [ -122.150242951698516, 37.455010864393479 ], [ -122.15025172152319, 37.455010136389511 ], [ -122.150260410188011, 37.45500880571857 ], [ -122.150268912592821, 37.455006873858352 ], [ -122.150277162106732, 37.455004394916728 ], [ -122.150285156423635, 37.455001315755084 ], [ -122.150292726710859, 37.4549977207569 ], [ -122.150346364438676, 37.455064237974966 ], [ -122.150689327558908, 37.455063453750086 ], [ -122.150690329765112, 37.455048002013918 ], [ -122.151480226242484, 37.45486350831596 ], [ -122.151599154030492, 37.454813023012932 ], [ -122.151644120625633, 37.454918886618117 ], [ -122.151693960501134, 37.45484803009029 ], [ -122.152069655947471, 37.454469140154629 ], [ -122.151872676880316, 37.454354317735046 ], [ -122.15184859626936, 37.454317161973734 ], [ -122.151773466123927, 37.454157747026464 ], [ -122.151738938206492, 37.45408445122937 ], [ -122.15158334868066, 37.453932567817212 ], [ -122.15151814676021, 37.453872917028882 ], [ -122.151920579671142, 37.453617205633428 ], [ -122.153794265206002, 37.451704401139132 ], [ -122.153876489169505, 37.451761008974032 ], [ -122.154417027455054, 37.452101641512137 ], [ -122.154267494464563, 37.452252465193631 ] ] ] } },
{ "type": "Feature", "properties": { "ZONE_TYPE": "Commercial\/Residential", "AREA_CALC": 88397.5, "SHAPE_Leng": 1200.9127870299999, "SHAPE_Area": 88397.644951900002, "has_CS": false, "Zone_Type_Abbr": "C\/R" }, "geometry": { "type": "Polygon", "coordinates": [ [ [ -122.145244669300865, 37.423630281290862 ], [ -122.144592478000632, 37.424413330976265 ], [ -122.143849459628683, 37.424022698481167 ], [ -122.144499653817448, 37.423240972385408 ], [ -122.145244669300865, 37.423630281290862 ] ] ] } },
{ "type": "Feature", "properties": { "ZONE_TYPE": "Commercial\/Manufacturing\/Residential", "AREA_CALC": 779561.7, "SHAPE_Leng": 3659.73673749, "SHAPE_Area": 779560.01073600003, "has_CS": false, "Zone_Type_Abbr": "C\/R" }, "geometry": { "type": "Polygon", "coordinates": [ [ [ -122.151347482031838, 37.418459648588637 ], [ -122.151035810303128, 37.41830117244146 ], [ -122.149400342215728, 37.417432977139185 ], [ -122.150491623434974, 37.416125192699347 ], [ -122.150363103142965, 37.415832561778075 ], [ -122.151205246948123, 37.414823289405589 ], [ -122.153399891740321, 37.415988512614142 ], [ -122.153091650303779, 37.416359401098774 ], [ -122.153122353743669, 37.416377317059606 ], [ -122.151347482031838, 37.418459648588637 ] ] ] } },
{ "type": "Feature", "properties": { "ZONE_TYPE": "Residential Multi-Family", "AREA_CALC": 5206.0, "SHAPE_Leng": 307.711531331, "SHAPE_Area": 5206.1566889599999, "has_CS": false, "Zone_Type_Abbr": "R" }, "geometry": { "type": "Polygon", "coordinates": [ [ [ -122.138865887760446, 37.428558234780986 ], [ -122.138732823453168, 37.428473263938443 ], [ -122.139063210486782, 37.428286586094416 ], [ -122.139063363961682, 37.428503697727841 ], [ -122.139015661671635, 37.428530486383849 ], [ -122.138865887760446, 37.428558234780986 ] ] ] } },
{ "type": "Feature", "properties": { "ZONE_TYPE": "Commercial\/Residential", "AREA_CALC": 637885.3, "SHAPE_Leng": 5077.5061571200004, "SHAPE_Area": 637887.42418199999, "has_CS": false, "Zone_Type_Abbr": "C\/R" }, "geometry": { "type": "Polygon", "coordinates": [ [ [ -122.142732827749427, 37.428476582590115 ], [ -122.142691275634746, 37.428364926377469 ], [ -122.142303790237676, 37.428174470706807 ], [ -122.14242269003428, 37.428025738751515 ], [ -122.142600502317705, 37.428120214000529 ], [ -122.143358168950073, 37.427194345031282 ], [ -122.143461687755718, 37.42706214280939 ], [ -122.144061317839302, 37.426341504249599 ], [ -122.144130651151983, 37.426296142950591 ], [ -122.144199145831251, 37.426215798634587 ], [ -122.144342190532228, 37.426045519995441 ], [ -122.144397508949226, 37.425926876012262 ], [ -122.144530800502821, 37.425767309465222 ], [ -122.145018426506866, 37.425174316892736 ], [ -122.145092956898054, 37.425211673236838 ], [ -122.145397288538391, 37.42483657665877 ], [ -122.145932621834888, 37.425120512931066 ], [ -122.146350719691853, 37.42535461404794 ], [ -122.146048873827965, 37.425725174021139 ], [ -122.145511584995248, 37.426377540429144 ], [ -122.14533778455872, 37.426586845046465 ], [ -122.145241569172214, 37.426700212305882 ], [ -122.145147991032829, 37.426817579907755 ], [ -122.144778310396944, 37.427261439906871 ], [ -122.145190160081441, 37.427478959612955 ], [ -122.14508960176596, 37.427595354384067 ], [ -122.144682582473678, 37.427381364229149 ], [ -122.144439766803501, 37.427674206874613 ], [ -122.144872705274025, 37.427896788919718 ], [ -122.144668199098803, 37.428154071409637 ], [ -122.144580156130786, 37.428110146914868 ], [ -122.144233257607866, 37.427928220059158 ], [ -122.143760499468954, 37.428501415631125 ], [ -122.143629986455736, 37.428663881992549 ], [ -122.14405542059913, 37.428888027648242 ], [ -122.143578248724268, 37.429472298718025 ], [ -122.142674651474977, 37.428900635584689 ], [ -122.142828534205776, 37.428730976846332 ], [ -122.142629447204186, 37.428605869478417 ], [ -122.142732827749427, 37.428476582590115 ] ] ] } },
{ "type": "Feature", "properties": { "ZONE_TYPE": "Residential Multi-Family", "AREA_CALC": 76925.7, "SHAPE_Leng": 1500.37433412, "SHAPE_Area": 76926.309485100006, "has_CS": false, "Zone_Type_Abbr": "R" }, "geometry": { "type": "Polygon", "coordinates": [ [ [ -122.144575126832365, 37.430776531969983 ], [ -122.144439041998851, 37.430690923079887 ], [ -122.144794260385609, 37.430258942368042 ], [ -122.144030530197739, 37.429765702817384 ], [ -122.144356027546564, 37.42937155154349 ], [ -122.144629709782862, 37.429516240042112 ], [ -122.144726242220585, 37.429567077632527 ], [ -122.144797668000905, 37.42947589639018 ], [ -122.144902955475061, 37.429534796765182 ], [ -122.145334578043844, 37.429761159129505 ], [ -122.145145333789486, 37.429990622628061 ], [ -122.145174117301053, 37.430005710798952 ], [ -122.144907020078719, 37.430325538848265 ], [ -122.144933678627169, 37.430339477188738 ], [ -122.144575126832365, 37.430776531969983 ] ] ] } },
{ "type": "Feature", "properties": { "ZONE_TYPE": "Residential Multi-Family", "AREA_CALC": 68764.2, "SHAPE_Leng": 1072.7120254599999, "SHAPE_Area": 68763.573561099998, "has_CS": false, "Zone_Type_Abbr": "R" }, "geometry": { "type": "Polygon", "coordinates": [ [ [ -122.152493807385071, 37.430396471735236 ], [ -122.15213697525077, 37.430633855507004 ], [ -122.151852199335238, 37.43084000815719 ], [ -122.151829189375078, 37.430819785457302 ], [ -122.151640866642282, 37.430654327021031 ], [ -122.151508811160568, 37.430720050624942 ], [ -122.151216284198014, 37.430334741521563 ], [ -122.151149889938665, 37.430248297492746 ], [ -122.151335362412468, 37.430179185624851 ], [ -122.151961892661092, 37.429938419525882 ], [ -122.152493807385071, 37.430396471735236 ] ] ] } },
{ "type": "Feature", "properties": { "ZONE_TYPE": "Residential Multi-Family", "AREA_CALC": 15837.8, "SHAPE_Leng": 538.52364932299997, "SHAPE_Area": 15837.130345600001, "has_CS": false, "Zone_Type_Abbr": "R" }, "geometry": { "type": "Polygon", "coordinates": [ [ [ -122.146678767914963, 37.428132273228591 ], [ -122.146156131567508, 37.42785983617356 ], [ -122.146313265225217, 37.427656862682625 ], [ -122.146842308164679, 37.427932476886369 ], [ -122.146772635007352, 37.428017125429278 ], [ -122.146678767914963, 37.428132273228591 ] ] ] } },
{ "type": "Feature", "properties": { "ZONE_TYPE": "Residential Multi-Family", "AREA_CALC": 29505.5, "SHAPE_Leng": 689.12984221099998, "SHAPE_Area": 29506.065248800001, "has_CS": false, "Zone_Type_Abbr": "R" }, "geometry": { "type": "Polygon", "coordinates": [ [ [ -122.145618437692761, 37.429415988261319 ], [ -122.145090201160883, 37.429138159138468 ], [ -122.145386987635717, 37.428768497531337 ], [ -122.145489533610672, 37.428823425451981 ], [ -122.145921154974175, 37.429049785654669 ], [ -122.145826551443832, 37.429164504169847 ], [ -122.145712992936453, 37.429302177215362 ], [ -122.145618437692761, 37.429415988261319 ] ] ] } },
{ "type": "Feature", "properties": { "ZONE_TYPE": "Residential Multi-Family", "AREA_CALC": 360995.6, "SHAPE_Leng": 4038.0818886400002, "SHAPE_Area": 360995.50980499998, "has_CS": false, "Zone_Type_Abbr": "R" }, "geometry": { "type": "Polygon", "coordinates": [ [ [ -122.144356027546564, 37.42937155154349 ], [ -122.144252905604432, 37.429318635889295 ], [ -122.144630427153302, 37.428857994689956 ], [ -122.144818268802069, 37.428628991434763 ], [ -122.14519518314745, 37.428169263422745 ], [ -122.145308252445929, 37.428031322848192 ], [ -122.145449598109778, 37.427858923650682 ], [ -122.145638034432523, 37.427629031981141 ], [ -122.146262640237552, 37.426868750806868 ], [ -122.14634462598724, 37.426767723402214 ], [ -122.146730047549838, 37.426969073217059 ], [ -122.146927605651243, 37.427079417156676 ], [ -122.147359219544143, 37.427305744185524 ], [ -122.1470753886463, 37.427649957551814 ], [ -122.147507006903453, 37.427876311956602 ], [ -122.147578244235234, 37.427914097822715 ], [ -122.147351156654366, 37.428213729045318 ], [ -122.146842308164679, 37.427932476886369 ], [ -122.146313265225217, 37.427656862682625 ], [ -122.146156131567508, 37.42785983617356 ], [ -122.146678767914963, 37.428132273228591 ], [ -122.146204995389311, 37.428705575130593 ], [ -122.146233779769062, 37.428720663928054 ], [ -122.146139143245065, 37.428835383173428 ], [ -122.146110393861264, 37.428820293861584 ], [ -122.145921154974175, 37.429049785654669 ], [ -122.145489533610672, 37.428823425451981 ], [ -122.145386987635717, 37.428768497531337 ], [ -122.145090201160883, 37.429138159138468 ], [ -122.145618437692761, 37.429415988261319 ], [ -122.145334578043844, 37.429761159129505 ], [ -122.144902955475061, 37.429534796765182 ], [ -122.144797668000905, 37.42947589639018 ], [ -122.144726242220585, 37.429567077632527 ], [ -122.144629709782862, 37.429516240042112 ], [ -122.144356027546564, 37.42937155154349 ] ] ] } },
{ "type": "Feature", "properties": { "ZONE_TYPE": "Residential Multi-Family", "AREA_CALC": 44890.3, "SHAPE_Leng": 1274.9382847700001, "SHAPE_Area": 44890.070357299999, "has_CS": false, "Zone_Type_Abbr": "R" }, "geometry": { "type": "Polygon", "coordinates": [ [ [ -122.148111297619565, 37.428193193622988 ], [ -122.148300493176478, 37.427963725803814 ], [ -122.14844457986149, 37.42803891701881 ], [ -122.148732150770343, 37.428190020248792 ], [ -122.148904787989323, 37.42828060428306 ], [ -122.149192527618268, 37.428431484143019 ], [ -122.149336415421942, 37.4285069510479 ], [ -122.149241650354739, 37.42862186663168 ], [ -122.149673448276658, 37.428848018741313 ], [ -122.149752416871578, 37.428891050489703 ], [ -122.14966351990644, 37.429003439836407 ], [ -122.149578852496987, 37.428962767294919 ], [ -122.148715558446241, 37.428510072662455 ], [ -122.148542955434266, 37.428419515803839 ], [ -122.148111297619565, 37.428193193622988 ] ] ] } },
{ "type": "Feature", "properties": { "ZONE_TYPE": "Residential Multi-Family", "AREA_CALC": 42147.7, "SHAPE_Leng": 994.37630444900003, "SHAPE_Area": 42148.593999099998, "has_CS": false, "Zone_Type_Abbr": "R" }, "geometry": { "type": "Polygon", "coordinates": [ [ [ -122.148839358413113, 37.426502504019453 ], [ -122.149334113326105, 37.426766420758952 ], [ -122.149381690197728, 37.42670922108227 ], [ -122.149955859055012, 37.427011354770436 ], [ -122.149717723562034, 37.427296807918353 ], [ -122.148650797163199, 37.426733997016363 ], [ -122.148839358413113, 37.426502504019453 ] ] ] } },
{ "type": "Feature", "properties": { "ZONE_TYPE": "Commercial\/Residential", "AREA_CALC": 23496.1, "SHAPE_Leng": 619.16820789899998, "SHAPE_Area": 23495.5404801, "has_CS": false, "Zone_Type_Abbr": "C\/R" }, "geometry": { "type": "Polygon", "coordinates": [ [ [ -122.145577982701013, 37.427023802295281 ], [ -122.145680084379023, 37.427075851494948 ], [ -122.145969441970976, 37.427225645788781 ], [ -122.145638034432523, 37.427629031981141 ], [ -122.145350305063403, 37.427478142496135 ], [ -122.145254404290526, 37.427430840128316 ], [ -122.145577982701013, 37.427023802295281 ] ] ] } },
{ "type": "Feature", "properties": { "ZONE_TYPE": "Commercial\/Residential", "AREA_CALC": 47968.8, "SHAPE_Leng": 998.18036102099995, "SHAPE_Area": 47969.141956400003, "has_CS": false, "Zone_Type_Abbr": "C\/R" }, "geometry": { "type": "Polygon", "coordinates": [ [ [ -122.144345887745189, 37.428390837516176 ], [ -122.144580156130786, 37.428110146914868 ], [ -122.144668199098803, 37.428154071409637 ], [ -122.144872705274025, 37.427896788919718 ], [ -122.145061743477243, 37.427658181411886 ], [ -122.145449598109778, 37.427858923650682 ], [ -122.145308252445929, 37.428031322848192 ], [ -122.14519518314745, 37.428169263422745 ], [ -122.144818268802069, 37.428628991434763 ], [ -122.144530537235241, 37.428478099950588 ], [ -122.144345887745189, 37.428390837516176 ] ] ] } },
{ "type": "Feature", "properties": { "ZONE_TYPE": "Commercial\/Residential", "AREA_CALC": 46654.0, "SHAPE_Leng": 989.46469295199995, "SHAPE_Area": 46653.855510599999, "has_CS": false, "Zone_Type_Abbr": "C\/R" }, "geometry": { "type": "Polygon", "coordinates": [ [ [ -122.143578248724268, 37.429472298718025 ], [ -122.14405542059913, 37.428888027648242 ], [ -122.144247148159224, 37.428658668982976 ], [ -122.144630427153302, 37.428857994689956 ], [ -122.144252905604432, 37.429318635889295 ], [ -122.144222934065439, 37.429304332873869 ], [ -122.143975027703547, 37.429611967832976 ], [ -122.143912596663569, 37.4296893710803 ], [ -122.14366268624245, 37.429527646792202 ], [ -122.143578248724268, 37.429472298718025 ] ] ] } },
{ "type": "Feature", "properties": { "ZONE_TYPE": "Public Facility", "AREA_CALC": 27419.1, "SHAPE_Leng": 961.477956737, "SHAPE_Area": 27419.7575019, "has_CS": false, "Zone_Type_Abbr": "P" }, "geometry": { "type": "Polygon", "coordinates": [ [ [ -122.143760499468954, 37.428501415631125 ], [ -122.144107553664028, 37.428684083409138 ], [ -122.144345887745189, 37.428390837516176 ], [ -122.144530537235241, 37.428478099950588 ], [ -122.144818268802069, 37.428628991434763 ], [ -122.144630427153302, 37.428857994689956 ], [ -122.144247148159224, 37.428658668982976 ], [ -122.14405542059913, 37.428888027648242 ], [ -122.143629986455736, 37.428663881992549 ], [ -122.143760499468954, 37.428501415631125 ] ] ] } },
{ "type": "Feature", "properties": { "ZONE_TYPE": "Public Facility", "AREA_CALC": 61267.0, "SHAPE_Leng": 1593.45098312, "SHAPE_Area": 61265.922021099999, "has_CS": false, "Zone_Type_Abbr": "P" }, "geometry": { "type": "Polygon", "coordinates": [ [ [ -122.144872705274025, 37.427896788919718 ], [ -122.144439766803501, 37.427674206874613 ], [ -122.144682582473678, 37.427381364229149 ], [ -122.14508960176596, 37.427595354384067 ], [ -122.145190160081441, 37.427478959612955 ], [ -122.144778310396944, 37.427261439906871 ], [ -122.145147991032829, 37.426817579907755 ], [ -122.145568129652702, 37.427036191474954 ], [ -122.145254404290526, 37.427430840128316 ], [ -122.145350305063403, 37.427478142496135 ], [ -122.145638034432523, 37.427629031981141 ], [ -122.145449598109778, 37.427858923650682 ], [ -122.145061743477243, 37.427658181411886 ], [ -122.144872705274025, 37.427896788919718 ] ] ] } },
{ "type": "Feature", "properties": { "ZONE_TYPE": "Public Facility", "AREA_CALC": 7219.6, "SHAPE_Leng": 389.059269626, "SHAPE_Area": 7219.91714675, "has_CS": false, "Zone_Type_Abbr": "P" }, "geometry": { "type": "Polygon", "coordinates": [ [ [ -122.145241569172214, 37.426700212305882 ], [ -122.14533778455872, 37.426586845046465 ], [ -122.145752553116353, 37.426804047863158 ], [ -122.145658930849947, 37.426919384280232 ], [ -122.145241569172214, 37.426700212305882 ] ] ] } },
{ "type": "Feature", "properties": { "ZONE_TYPE": "Public Facility", "AREA_CALC": 40890.0, "SHAPE_Leng": 854.300875238, "SHAPE_Area": 40889.936201700002, "has_CS": true, "Zone_Type_Abbr": "P" }, "geometry": { "type": "Polygon", "coordinates": [ [ [ -122.145511584995248, 37.426377540429144 ], [ -122.146048873827965, 37.425725174021139 ], [ -122.146459520656606, 37.42594303594521 ], [ -122.14593892398274, 37.426591544547534 ], [ -122.145511584995248, 37.426377540429144 ] ] ] } },
{ "type": "Feature", "properties": { "ZONE_TYPE": "Public Facility", "AREA_CALC": 30056.5, "SHAPE_Leng": 741.11308333099998, "SHAPE_Area": 30055.817809600001, "has_CS": true, "Zone_Type_Abbr": "P" }, "geometry": { "type": "Polygon", "coordinates": [ [ [ -122.143760499468954, 37.428501415631125 ], [ -122.144233257607866, 37.427928220059158 ], [ -122.144580156130786, 37.428110146914868 ], [ -122.144345887745189, 37.428390837516176 ], [ -122.144107553664028, 37.428684083409138 ], [ -122.143760499468954, 37.428501415631125 ] ] ] } },
{ "type": "Feature", "properties": { "ZONE_TYPE": "Residential Multi-Family", "AREA_CALC": 150036.9, "SHAPE_Leng": 1978.7751995599999, "SHAPE_Area": 150038.74247, "has_CS": false, "Zone_Type_Abbr": "R" }, "geometry": { "type": "Polygon", "coordinates": [ [ [ -122.142418983419063, 37.429207964904066 ], [ -122.142674651474977, 37.428900635584689 ], [ -122.143578248724268, 37.429472298718025 ], [ -122.14366268624245, 37.429527646792202 ], [ -122.144030530197739, 37.429765702817384 ], [ -122.144794260385609, 37.430258942368042 ], [ -122.144439041998851, 37.430690923079887 ], [ -122.143217448513454, 37.429918419009077 ], [ -122.143203055897061, 37.429935870535182 ], [ -122.142424792217341, 37.429446834604434 ], [ -122.142556852591866, 37.429288771104133 ], [ -122.142418983419063, 37.429207964904066 ] ] ] } },
{ "type": "Feature", "properties": { "ZONE_TYPE": "Residential Multi-Family", "AREA_CALC": 31565.3, "SHAPE_Leng": 737.79341712600001, "SHAPE_Area": 31565.730270100001, "has_CS": false, "Zone_Type_Abbr": "R" }, "geometry": { "type": "Polygon", "coordinates": [ [ [ -122.14966351990644, 37.429003439836407 ], [ -122.149751491316181, 37.42905329512201 ], [ -122.150327015628307, 37.429355077417803 ], [ -122.150232419081149, 37.42946982650993 ], [ -122.150137787753764, 37.429584548973658 ], [ -122.150071315410273, 37.429670499984582 ], [ -122.149402956796351, 37.429315549774756 ], [ -122.14966351990644, 37.429003439836407 ] ] ] } },
{ "type": "Feature", "properties": { "ZONE_TYPE": "Residential Single-Family", "AREA_CALC": 3522485.9, "SHAPE_Leng": 10123.539131899999, "SHAPE_Area": 3522477.4117899998, "has_CS": false, "Zone_Type_Abbr": "R" }, "geometry": { "type": "Polygon", "coordinates": [ [ [ -122.144575126832365, 37.430776531969983 ], [ -122.144933678627169, 37.430339477188738 ], [ -122.144907020078719, 37.430325538848265 ], [ -122.145174117301053, 37.430005710798952 ], [ -122.145145333789486, 37.429990622628061 ], [ -122.145334578043844, 37.429761159129505 ], [ -122.145618437692761, 37.429415988261319 ], [ -122.145712992936453, 37.429302177215362 ], [ -122.145826551443832, 37.429164504169847 ], [ -122.145921154974175, 37.429049785654669 ], [ -122.146110393861264, 37.428820293861584 ], [ -122.146139143245065, 37.428835383173428 ], [ -122.146233779769062, 37.428720663928054 ], [ -122.146204995389311, 37.428705575130593 ], [ -122.146678767914963, 37.428132273228591 ], [ -122.146772635007352, 37.428017125429278 ], [ -122.146842308164679, 37.427932476886369 ], [ -122.147351156654366, 37.428213729045318 ], [ -122.147578244235234, 37.427914097822715 ], [ -122.147579115965186, 37.427914579443495 ], [ -122.147679675697134, 37.427966841446015 ], [ -122.148111297619565, 37.428193193622988 ], [ -122.148542955434266, 37.428419515803839 ], [ -122.148715558446241, 37.428510072662455 ], [ -122.149578852496987, 37.428962767294919 ], [ -122.14966351990644, 37.429003439836407 ], [ -122.149402956796351, 37.429315549774756 ], [ -122.150071315410273, 37.429670499984582 ], [ -122.150137787753764, 37.429584548973658 ], [ -122.150232419081149, 37.42946982650993 ], [ -122.150520165999055, 37.429620704002545 ], [ -122.150695492412538, 37.429708006002663 ], [ -122.150615755870732, 37.429804691648009 ], [ -122.151332009156647, 37.430180193501791 ], [ -122.151149889938665, 37.430248297492746 ], [ -122.151216284198014, 37.430334741521563 ], [ -122.151508811160568, 37.430720050624942 ], [ -122.151640866642282, 37.430654327021031 ], [ -122.151829189375078, 37.430819785457302 ], [ -122.151852199335238, 37.43084000815719 ], [ -122.15213697525077, 37.430633855507004 ], [ -122.152493807385071, 37.430396471735236 ], [ -122.153395017565103, 37.431173258459289 ], [ -122.154432608416755, 37.432097217755562 ], [ -122.153799737233058, 37.43255278170642 ], [ -122.153548257710213, 37.432335641700405 ], [ -122.153286027312546, 37.432528789269206 ], [ -122.153224842266226, 37.432576568140227 ], [ -122.153234429920658, 37.432589562747438 ], [ -122.153242517082901, 37.432603183204051 ], [ -122.153249065763291, 37.432617347134524 ], [ -122.153253970118229, 37.432631919046798 ], [ -122.153257260986052, 37.432646760621978 ], [ -122.153258833740395, 37.43266179132435 ], [ -122.153258754262168, 37.432676873242414 ], [ -122.153256985603392, 37.432691869011933 ], [ -122.153253524796867, 37.432706695763684 ], [ -122.153248438853467, 37.432721215569828 ], [ -122.153241759250136, 37.432735318940651 ], [ -122.153233517424113, 37.432748894584506 ], [ -122.153223779875546, 37.432761832518125 ], [ -122.153212648087703, 37.43277402046288 ], [ -122.153200188561129, 37.43278534843548 ], [ -122.152769559302541, 37.433227812270566 ], [ -122.153384676167235, 37.433795580549379 ], [ -122.151764813880931, 37.435423012071425 ], [ -122.151492380027136, 37.4352554135369 ], [ -122.151513708144606, 37.435233853011816 ], [ -122.150087978688532, 37.434335544179469 ], [ -122.150122144350888, 37.434301057628602 ], [ -122.149966829995591, 37.434203199526387 ], [ -122.149957226787407, 37.43421289364877 ], [ -122.149335972339159, 37.433821461845532 ], [ -122.149345575577698, 37.433811767773726 ], [ -122.149190262129267, 37.433713908656166 ], [ -122.149156094577975, 37.433748367925268 ], [ -122.147897958076058, 37.432955602561435 ], [ -122.147876594562007, 37.432977163825768 ], [ -122.14723751115875, 37.432574461345574 ], [ -122.14757121868476, 37.432621006360193 ], [ -122.148385720071431, 37.432227557938603 ], [ -122.147914034401325, 37.431607482429804 ], [ -122.147347651289337, 37.431309762235216 ], [ -122.147328455924679, 37.431301543253824 ], [ -122.147308462704075, 37.431294654835803 ], [ -122.147287779099813, 37.431289204517888 ], [ -122.147266575169837, 37.431285216948659 ], [ -122.14724499161845, 37.431282718089939 ], [ -122.147223234058671, 37.43128170505517 ], [ -122.147201476553946, 37.431282230374407 ], [ -122.147179820760456, 37.431284291719408 ], [ -122.147158508399698, 37.431287832525939 ], [ -122.147137641641194, 37.431292822521478 ], [ -122.147117392822253, 37.431299287224512 ], [ -122.146780222525706, 37.431364038974316 ], [ -122.146707843908345, 37.431371455077262 ], [ -122.14663490215348, 37.431373632216534 ], [ -122.146562016379761, 37.431370561703709 ], [ -122.14637602554383, 37.431346280318444 ], [ -122.146283498387106, 37.431308517519703 ], [ -122.145920566317216, 37.431748247772326 ], [ -122.145839344554034, 37.431696756587954 ], [ -122.145905872776424, 37.431616164064359 ], [ -122.145796436943101, 37.431545813429295 ], [ -122.144575126832365, 37.430776531969983 ] ] ] } },
{ "type": "Feature", "properties": { "ZONE_TYPE": "Residential Multi-Family", "AREA_CALC": 3863009.0, "SHAPE_Leng": 13297.7218785, "SHAPE_Area": 3863165.9604699998, "has_CS": false, "Zone_Type_Abbr": "R" }, "geometry": { "type": "Polygon", "coordinates": [ [ [ -122.17983091793802, 37.436179701871048 ], [ -122.181078049848551, 37.435271985601766 ], [ -122.182857190964256, 37.433987141182484 ], [ -122.189266415149419, 37.429266326262734 ], [ -122.189399496741899, 37.429154671312027 ], [ -122.189816427027552, 37.428764211837141 ], [ -122.189911850359451, 37.428976107064621 ], [ -122.190026616902756, 37.428868010891165 ], [ -122.19019071856745, 37.429336742198288 ], [ -122.190475882508082, 37.430420655002919 ], [ -122.190396623604812, 37.430451052023848 ], [ -122.190524874521216, 37.430912221771642 ], [ -122.190546935644335, 37.431384289430433 ], [ -122.190244894021149, 37.43164036661036 ], [ -122.1898621690233, 37.431740894744948 ], [ -122.189162949106091, 37.431836720774172 ], [ -122.188691619042146, 37.431959808059105 ], [ -122.188233109549415, 37.432203518390544 ], [ -122.187990526675321, 37.432493785013676 ], [ -122.187922013246052, 37.432720730792056 ], [ -122.18788932620123, 37.433159386932353 ], [ -122.187736566121615, 37.433304560667764 ], [ -122.187515003556598, 37.433415699813828 ], [ -122.186566367777914, 37.433464169092986 ], [ -122.186336689629243, 37.433569901795103 ], [ -122.186088419385484, 37.433651700919476 ], [ -122.185758736987751, 37.433694757087594 ], [ -122.18538020307453, 37.433707061651177 ], [ -122.185165883462474, 37.433679978755499 ], [ -122.184900245565046, 37.433784439706969 ], [ -122.184673919149219, 37.433953327505655 ], [ -122.18386515754267, 37.434990682749522 ], [ -122.183523197062868, 37.435505166909408 ], [ -122.183402625196905, 37.435793535203523 ], [ -122.183375053803502, 37.436167069425615 ], [ -122.183461110090533, 37.436793282110443 ], [ -122.183357788988957, 37.437015752241756 ], [ -122.182789422115775, 37.437669369801803 ], [ -122.182634418542008, 37.438097801559685 ], [ -122.182620583800954, 37.438594886590728 ], [ -122.182537903633531, 37.438921716751736 ], [ -122.182355313896764, 37.439237563160184 ], [ -122.182145220775212, 37.439449036747078 ], [ -122.181879972242982, 37.439633034817561 ], [ -122.181611304991449, 37.439671468922356 ], [ -122.181449395026831, 37.43960278151647 ], [ -122.181104987278729, 37.439339124032507 ], [ -122.180784688529741, 37.439240235702485 ], [ -122.180367897700748, 37.439234695002376 ], [ -122.180113003837675, 37.43928962971507 ], [ -122.17964800256, 37.439638383948726 ], [ -122.179520604177981, 37.439792797626801 ], [ -122.179412322083323, 37.43995624890777 ], [ -122.17932415510505, 37.440127214024109 ], [ -122.179292415633441, 37.440333356089418 ], [ -122.179069337942394, 37.440173519824334 ], [ -122.178933598620688, 37.440003258454453 ], [ -122.178907769542619, 37.439721933766549 ], [ -122.178875321300126, 37.439688363742668 ], [ -122.178442573441515, 37.439293616810154 ], [ -122.17827981210219, 37.439393679982366 ], [ -122.178169558463367, 37.439279666456599 ], [ -122.177856844826465, 37.439217635703095 ], [ -122.177419358340231, 37.439013230881528 ], [ -122.176226483552014, 37.439155835635106 ], [ -122.176008600918905, 37.438976801199381 ], [ -122.176207623401993, 37.438820763683026 ], [ -122.17983091793802, 37.436179701871048 ] ] ] } },
{ "type": "Feature", "properties": { "ZONE_TYPE": "Public Facility", "AREA_CALC": 341172.4, "SHAPE_Leng": 2908.1745827300001, "SHAPE_Area": 341168.731485, "has_CS": true, "Zone_Type_Abbr": "P" }, "geometry": { "type": "Polygon", "coordinates": [ [ [ -122.140723409908119, 37.427141173797402 ], [ -122.140949059122917, 37.42686593990598 ], [ -122.140941846805063, 37.426862167390546 ], [ -122.141116865563603, 37.426649665767378 ], [ -122.1415140162254, 37.426160439658382 ], [ -122.142014599439889, 37.426418152801347 ], [ -122.142908676734308, 37.426887549927692 ], [ -122.143111804661203, 37.426612874017593 ], [ -122.143630380642975, 37.426040412507646 ], [ -122.144130651151983, 37.426296142950591 ], [ -122.144061317839302, 37.426341504249599 ], [ -122.143461687755718, 37.42706214280939 ], [ -122.143358168950073, 37.427194345031282 ], [ -122.142600502317705, 37.428120214000529 ], [ -122.14242269003428, 37.428025738751515 ], [ -122.140723409908119, 37.427141173797402 ] ] ] } },
{ "type": "Feature", "properties": { "ZONE_TYPE": "Residential Multi-Family", "AREA_CALC": 623341.5, "SHAPE_Leng": 10011.036095699999, "SHAPE_Area": 623341.616453, "has_CS": false, "Zone_Type_Abbr": "R" }, "geometry": { "type": "Polygon", "coordinates": [ [ [ -122.14362829083484, 37.431982026486054 ], [ -122.143358135517659, 37.431811685643254 ], [ -122.143287377109161, 37.431756612587144 ], [ -122.143612133927178, 37.431434580331334 ], [ -122.143678492364927, 37.431488505406996 ], [ -122.144083758699466, 37.431743973862055 ], [ -122.144297328730843, 37.431528537461261 ], [ -122.144510930826073, 37.431313073165548 ], [ -122.145348506042623, 37.431841038740949 ], [ -122.14659465997876, 37.432626746995361 ], [ -122.149085601733091, 37.434193446887939 ], [ -122.149887786577423, 37.434702266146957 ], [ -122.151400933876985, 37.435655960182373 ], [ -122.151563066611232, 37.435758142704501 ], [ -122.151833288218995, 37.435928436203334 ], [ -122.152643962230258, 37.436439342668507 ], [ -122.155129994393974, 37.43800606855558 ], [ -122.155023215325841, 37.438113796167208 ], [ -122.154617878080032, 37.437858365595723 ], [ -122.154297541265777, 37.438181575540163 ], [ -122.154027305256491, 37.438011259815127 ], [ -122.154347641380298, 37.437688050620132 ], [ -122.153374839283458, 37.437075004522264 ], [ -122.153054500428141, 37.43739821019188 ], [ -122.152919367903081, 37.43731306518238 ], [ -122.152784270711365, 37.437227919523437 ], [ -122.153104609387299, 37.436904686658629 ], [ -122.152699284146394, 37.436649249453858 ], [ -122.152537147920313, 37.436547068508219 ], [ -122.152131827694006, 37.436291629320998 ], [ -122.151811486837914, 37.436614832517613 ], [ -122.15154126164461, 37.436444538092196 ], [ -122.151754823000402, 37.436229061167232 ], [ -122.151619729099821, 37.43614391416093 ], [ -122.151726508514429, 37.436036161717254 ], [ -122.151456286740327, 37.435865867072955 ], [ -122.151283472816345, 37.43577446533579 ], [ -122.151013286915216, 37.435604170092169 ], [ -122.150917187618404, 37.435701113064376 ], [ -122.150782060605081, 37.435615965583239 ], [ -122.150568498195028, 37.435831440747933 ], [ -122.150433406367867, 37.43574629237353 ], [ -122.150644812032368, 37.435532989960102 ], [ -122.15050971891084, 37.435447813758891 ], [ -122.150511841377948, 37.435445668774989 ], [ -122.150106534066296, 37.435190222572452 ], [ -122.150018849987745, 37.435131875869139 ], [ -122.149799722144735, 37.435346494235894 ], [ -122.149730841262354, 37.435303512583623 ], [ -122.148654243796599, 37.434624642986485 ], [ -122.148485014103997, 37.434517475225704 ], [ -122.14740723989398, 37.433838885867075 ], [ -122.147244934990312, 37.433736233319998 ], [ -122.146079552784812, 37.433001507283137 ], [ -122.144845780635549, 37.432224354494728 ], [ -122.144759220279511, 37.432169778674847 ], [ -122.144421506047195, 37.431956876961145 ], [ -122.144208033627706, 37.432172064369823 ], [ -122.143870188030419, 37.431959436898637 ], [ -122.143763403105979, 37.43206718222639 ], [ -122.14362829083484, 37.431982026486054 ] ] ] } },
{ "type": "Feature", "properties": { "ZONE_TYPE": "Residential Multi-Family", "AREA_CALC": 17640.2, "SHAPE_Leng": 549.78119525299996, "SHAPE_Area": 17639.521597800001, "has_CS": false, "Zone_Type_Abbr": "R" }, "geometry": { "type": "Polygon", "coordinates": [ [ [ -122.143612133927178, 37.431434580331334 ], [ -122.143817806877877, 37.431229693181479 ], [ -122.143892062239715, 37.431273042711865 ], [ -122.144297328730843, 37.431528537461261 ], [ -122.144083758699466, 37.431743973862055 ], [ -122.143678492364927, 37.431488505406996 ], [ -122.143612133927178, 37.431434580331334 ] ] ] } },
{ "type": "Feature", "properties": { "ZONE_TYPE": "Commercial\/Residential", "AREA_CALC": 146169.1, "SHAPE_Leng": 1940.1020360499999, "SHAPE_Area": 146168.80545799999, "has_CS": false, "Zone_Type_Abbr": "C\/R" }, "geometry": { "type": "Polygon", "coordinates": [ [ [ -122.165915339302728, 37.445667368203523 ], [ -122.166451348203182, 37.445139882188137 ], [ -122.166521606745434, 37.445183576392289 ], [ -122.16739999533317, 37.445736987211937 ], [ -122.167159733406336, 37.445979407167975 ], [ -122.167447255593032, 37.446162083642022 ], [ -122.167158462831125, 37.446449829905831 ], [ -122.166870152931651, 37.446270515504231 ], [ -122.166462705752636, 37.446018588366123 ], [ -122.166167012651172, 37.446316867919229 ], [ -122.166031877301705, 37.446231435759614 ], [ -122.165992350603958, 37.446271111986526 ], [ -122.165857225430983, 37.446186173347201 ], [ -122.165896713971691, 37.446146305750183 ], [ -122.16569403871614, 37.446018594591635 ], [ -122.165615044913963, 37.445972579782776 ], [ -122.165329155321388, 37.445788721278916 ], [ -122.165629194780294, 37.445484476541246 ], [ -122.165915339302728, 37.445667368203523 ] ] ] } },
{ "type": "Feature", "properties": { "ZONE_TYPE": "Commercial\/Residential", "AREA_CALC": 21875.0, "SHAPE_Leng": 693.42256631099997, "SHAPE_Area": 21874.8239813, "has_CS": false, "Zone_Type_Abbr": "C\/R" }, "geometry": { "type": "Polygon", "coordinates": [ [ [ -122.165578661790505, 37.444983281965918 ], [ -122.165818925646533, 37.444740865227601 ], [ -122.166021632653653, 37.444868574784884 ], [ -122.16578136904495, 37.445110991935771 ], [ -122.165848914912615, 37.445153544455636 ], [ -122.165564946335351, 37.445441438210104 ], [ -122.165290453552942, 37.445271098238166 ], [ -122.165578661790505, 37.444983281965918 ] ] ] } },
{ "type": "Feature", "properties": { "ZONE_TYPE": "Residential Multi-Family", "AREA_CALC": 60550.1, "SHAPE_Leng": 1447.13740923, "SHAPE_Area": 60550.615842599997, "has_CS": false, "Zone_Type_Abbr": "R" }, "geometry": { "type": "Polygon", "coordinates": [ [ [ -122.163213271381323, 37.447369892109819 ], [ -122.163481985916462, 37.447097081438521 ], [ -122.164104928029985, 37.447483198656975 ], [ -122.164263147686995, 37.447329272018472 ], [ -122.164545854480835, 37.447509249016164 ], [ -122.164686832037972, 37.447367020680431 ], [ -122.165024674459062, 37.447579891752746 ], [ -122.164798281156777, 37.447808293481614 ], [ -122.164666919193465, 37.447933766381844 ], [ -122.164643093983429, 37.447920562748742 ], [ -122.164050697012755, 37.447546431180541 ], [ -122.163835494999816, 37.447760855022906 ], [ -122.163753816800963, 37.447710316901002 ], [ -122.163213271381323, 37.447369892109819 ] ] ] } },
{ "type": "Feature", "properties": { "ZONE_TYPE": "Residential Multi-Family", "AREA_CALC": 26417.2, "SHAPE_Leng": 669.93650638400004, "SHAPE_Area": 26417.6357259, "has_CS": false, "Zone_Type_Abbr": "R" }, "geometry": { "type": "Polygon", "coordinates": [ [ [ -122.165625879060698, 37.446973281713419 ], [ -122.165599194093716, 37.447000222622897 ], [ -122.165734323621706, 37.447085354367381 ], [ -122.165471295197136, 37.44735012384686 ], [ -122.164933784064942, 37.447013152413994 ], [ -122.165220490688711, 37.446717860425053 ], [ -122.165625879060698, 37.446973281713419 ] ] ] } },
{ "type": "Feature", "properties": { "ZONE_TYPE": "Residential Multi-Family", "AREA_CALC": 228863.8, "SHAPE_Leng": 2897.4691285, "SHAPE_Area": 228854.81289500001, "has_CS": false, "Zone_Type_Abbr": "R" }, "geometry": { "type": "Polygon", "coordinates": [ [ [ -122.165625879060698, 37.446973281713419 ], [ -122.165866149171251, 37.446730864915693 ], [ -122.165943106102901, 37.446659397233546 ], [ -122.165321887363646, 37.446278100236967 ], [ -122.165615044913963, 37.445972579782776 ], [ -122.16569403871614, 37.446018594591635 ], [ -122.165896713971691, 37.446146305750183 ], [ -122.165857225430983, 37.446186173347201 ], [ -122.165992350603958, 37.446271111986526 ], [ -122.166031877301705, 37.446231435759614 ], [ -122.166167012651172, 37.446316867919229 ], [ -122.166572397096672, 37.446572012050027 ], [ -122.166870152931651, 37.446270515504231 ], [ -122.167158462831125, 37.446449829905831 ], [ -122.167091344295073, 37.446520526912181 ], [ -122.167166094768675, 37.4465678374806 ], [ -122.167693651770634, 37.446898457848818 ], [ -122.1675738094157, 37.447021078507674 ], [ -122.168354375853866, 37.447512638151359 ], [ -122.168426253514198, 37.447551501192919 ], [ -122.168191016757106, 37.44780923448419 ], [ -122.168155646755892, 37.447848358496302 ], [ -122.168115628795576, 37.447884554742458 ], [ -122.168071369060328, 37.447917486701527 ], [ -122.16801129429885, 37.447955011561575 ], [ -122.166558086825589, 37.447063496356513 ], [ -122.166248492057264, 37.447367330215108 ], [ -122.165896174001347, 37.447143570614713 ], [ -122.165869455171503, 37.447170512066414 ], [ -122.165734323621706, 37.447085354367381 ], [ -122.165599194093716, 37.447000222622897 ], [ -122.165625879060698, 37.446973281713419 ] ] ] } },
{ "type": "Feature", "properties": { "ZONE_TYPE": "Residential Multi-Family", "AREA_CALC": 20834.0, "SHAPE_Leng": 577.76998512199998, "SHAPE_Area": 20834.487859199999, "has_CS": false, "Zone_Type_Abbr": "R" }, "geometry": { "type": "Polygon", "coordinates": [ [ [ -122.166167012651172, 37.446316867919229 ], [ -122.166462705752636, 37.446018588366123 ], [ -122.166870152931651, 37.446270515504231 ], [ -122.166572397096672, 37.446572012050027 ], [ -122.166167012651172, 37.446316867919229 ] ] ] } },
{ "type": "Feature", "properties": { "ZONE_TYPE": "Residential Multi-Family", "AREA_CALC": 62259.5, "SHAPE_Leng": 1003.5092115800001, "SHAPE_Area": 62259.447247800003, "has_CS": false, "Zone_Type_Abbr": "R" }, "geometry": { "type": "Polygon", "coordinates": [ [ [ -122.167158462831125, 37.446449829905831 ], [ -122.167447255593032, 37.446162083642022 ], [ -122.167687298631634, 37.445919089432692 ], [ -122.167764850955564, 37.445966854569697 ], [ -122.168290558696199, 37.4462980473619 ], [ -122.167924286379687, 37.446667600074989 ], [ -122.167693651770634, 37.446898457848818 ], [ -122.167166094768675, 37.4465678374806 ], [ -122.167091344295073, 37.446520526912181 ], [ -122.167158462831125, 37.446449829905831 ] ] ] } },
{ "type": "Feature", "properties": { "ZONE_TYPE": "Residential Multi-Family", "AREA_CALC": 7417.8, "SHAPE_Leng": 396.69821865900002, "SHAPE_Area": 7418.0643604799998, "has_CS": false, "Zone_Type_Abbr": "R" }, "geometry": { "type": "Polygon", "coordinates": [ [ [ -122.164536380992061, 37.445809142738753 ], [ -122.164856193085214, 37.445490719360606 ], [ -122.164991320141652, 37.445575851053434 ], [ -122.164673726501803, 37.445893336719436 ], [ -122.164575637857098, 37.445831467641462 ], [ -122.164536380992061, 37.445809142738753 ] ] ] } },
{ "type": "Feature", "properties": { "ZONE_TYPE": "Public Facility", "AREA_CALC": 194998.8, "SHAPE_Leng": 1881.37677547, "SHAPE_Area": 194997.96903199999, "has_CS": false, "Zone_Type_Abbr": "P" }, "geometry": { "type": "Polygon", "coordinates": [ [ [ -122.17827981210219, 37.439393679982366 ], [ -122.178442573441515, 37.439293616810154 ], [ -122.178875321300126, 37.439688363742668 ], [ -122.178907769542619, 37.439721933766549 ], [ -122.178933598620688, 37.440003258454453 ], [ -122.179069337942394, 37.440173519824334 ], [ -122.179292415633441, 37.440333356089418 ], [ -122.179604898125689, 37.440505756816869 ], [ -122.179773784963572, 37.440703753598086 ], [ -122.179820049503206, 37.440971435079696 ], [ -122.179618906689328, 37.441077542327328 ], [ -122.178916030860108, 37.441044391242215 ], [ -122.178573896953708, 37.440982728203146 ], [ -122.177862605496088, 37.440111119138656 ], [ -122.17804511482565, 37.439537979200878 ], [ -122.17827981210219, 37.439393679982366 ] ] ] } },
{ "type": "Feature", "properties": { "ZONE_TYPE": "Commercial", "AREA_CALC": 320431.0, "SHAPE_Leng": 3673.7060806899999, "SHAPE_Area": 320727.933456, "has_CS": false, "Zone_Type_Abbr": "C" }, "geometry": { "type": "Polygon", "coordinates": [ [ [ -122.171352739628745, 37.446316614870909 ], [ -122.172508001960168, 37.445296057988593 ], [ -122.172731719038751, 37.445114020138682 ], [ -122.172935789091653, 37.444917867781861 ], [ -122.173118867700296, 37.444708938656206 ], [ -122.173279674501828, 37.444488652496013 ], [ -122.173417075755324, 37.444258563924471 ], [ -122.173419987365833, 37.44425473192112 ], [ -122.173422376533125, 37.44425068747185 ], [ -122.173424314546111, 37.444246484534006 ], [ -122.173425699812952, 37.44424217952988 ], [ -122.174057118002949, 37.44431841109359 ], [ -122.174277731871356, 37.443143328929807 ], [ -122.174646531212261, 37.443170919728566 ], [ -122.174921352212522, 37.443175706311649 ], [ -122.174921239086089, 37.444063860285418 ], [ -122.174504288263748, 37.44459570292981 ], [ -122.173850236572676, 37.444934275510647 ], [ -122.17334700182532, 37.445387656724932 ], [ -122.173040462428773, 37.445592687495619 ], [ -122.172832849716954, 37.445947496154332 ], [ -122.172111522186526, 37.446259658697272 ], [ -122.171935874047293, 37.446703558917633 ], [ -122.171906492639025, 37.44672845250669 ], [ -122.171352739628745, 37.446316614870909 ] ] ] } },
{ "type": "Feature", "properties": { "ZONE_TYPE": "Public Facility", "AREA_CALC": 90237.0, "SHAPE_Leng": 1208.6861664200001, "SHAPE_Area": 90236.096422200004, "has_CS": false, "Zone_Type_Abbr": "P" }, "geometry": { "type": "Polygon", "coordinates": [ [ [ -122.173824905785736, 37.442438425327573 ], [ -122.174689290199439, 37.442474357365136 ], [ -122.175256753185607, 37.442917270846138 ], [ -122.175025478662519, 37.44309354389312 ], [ -122.174921352212522, 37.443175706311649 ], [ -122.174646531212261, 37.443170919728566 ], [ -122.174277731871356, 37.443143328929807 ], [ -122.173726276482597, 37.443102025647143 ], [ -122.173824905785736, 37.442438425327573 ] ] ] } },
{ "type": "Feature", "properties": { "ZONE_TYPE": "Public Facility", "AREA_CALC": 28440.6, "SHAPE_Leng": 749.85316969799999, "SHAPE_Area": 28440.944850399999, "has_CS": true, "Zone_Type_Abbr": "P" }, "geometry": { "type": "Polygon", "coordinates": [ [ [ -122.162623924003043, 37.443601053488933 ], [ -122.162943276107768, 37.443279044144802 ], [ -122.163156859104348, 37.443063545187137 ], [ -122.163425771181196, 37.443232980466966 ], [ -122.163213552051644, 37.443449311327235 ], [ -122.163186832466153, 37.443476253092854 ], [ -122.163254307031011, 37.443518834214714 ], [ -122.162959467764153, 37.443816902546729 ], [ -122.162939551044147, 37.443804383997971 ], [ -122.162623924003043, 37.443601053488933 ] ] ] } },
{ "type": "Feature", "properties": { "ZONE_TYPE": "Public Facility", "AREA_CALC": 22628.5, "SHAPE_Leng": 620.96978465999996, "SHAPE_Area": 22629.0966572, "has_CS": false, "Zone_Type_Abbr": "P" }, "geometry": { "type": "Polygon", "coordinates": [ [ [ -122.162623924003043, 37.443601053488933 ], [ -122.162939551044147, 37.443804383997971 ], [ -122.162699116667085, 37.444050230787617 ], [ -122.162611993020846, 37.444056601942648 ], [ -122.162301130314162, 37.443864547476622 ], [ -122.162187809853194, 37.443870300740507 ], [ -122.162156472111775, 37.443850801743515 ], [ -122.162490828020196, 37.44351553349707 ], [ -122.162623924003043, 37.443601053488933 ] ] ] } },
{ "type": "Feature", "properties": { "ZONE_TYPE": "Commercial\/Residential", "AREA_CALC": 30206.2, "SHAPE_Leng": 709.198751593, "SHAPE_Area": 30238.091874999998, "has_CS": false, "Zone_Type_Abbr": "C\/R" }, "geometry": { "type": "Polygon", "coordinates": [ [ [ -122.162022962836048, 37.440520635911973 ], [ -122.162237031381849, 37.441010698202476 ], [ -122.161770928075683, 37.441140881754627 ], [ -122.161741350530818, 37.441076583925316 ], [ -122.161704625249826, 37.441014667352555 ], [ -122.161661075092496, 37.440955621320349 ], [ -122.161611087960722, 37.440899963029757 ], [ -122.161555019285288, 37.440848071355092 ], [ -122.161493325789209, 37.440800407548416 ], [ -122.161426533508219, 37.440757348068523 ], [ -122.161455338401851, 37.440687938390703 ], [ -122.162022962836048, 37.440520635911973 ] ] ] } },
{ "type": "Feature", "properties": { "ZONE_TYPE": "Commercial", "AREA_CALC": 70548.8, "SHAPE_Leng": 1131.6243386599999, "SHAPE_Area": 70548.34773, "has_CS": false, "Zone_Type_Abbr": "C" }, "geometry": { "type": "Polygon", "coordinates": [ [ [ -122.162022962836048, 37.440520635911973 ], [ -122.162642949843701, 37.440339432078751 ], [ -122.163130920272835, 37.440204485806895 ], [ -122.163204866143317, 37.440307214676238 ], [ -122.16353738665525, 37.440652318231535 ], [ -122.162237031381849, 37.441010698202476 ], [ -122.162022962836048, 37.440520635911973 ] ] ] } },
{ "type": "Feature", "properties": { "ZONE_TYPE": "Commercial\/Residential", "AREA_CALC": 10832.8, "SHAPE_Leng": 475.36837057700001, "SHAPE_Area": 10832.9823787, "has_CS": false, "Zone_Type_Abbr": "C\/R" }, "geometry": { "type": "Polygon", "coordinates": [ [ [ -122.162642949843701, 37.440339432078751 ], [ -122.162467637249904, 37.440186441971001 ], [ -122.162548473874438, 37.440164063446048 ], [ -122.162562070562373, 37.4401759298906 ], [ -122.162714603697168, 37.440133719192005 ], [ -122.16289732063143, 37.440000625435907 ], [ -122.163130920272835, 37.440204485806895 ], [ -122.162642949843701, 37.440339432078751 ] ] ] } },
{ "type": "Feature", "properties": { "ZONE_TYPE": "Commercial\/Residential", "AREA_CALC": 20145.9, "SHAPE_Leng": 568.22361111099997, "SHAPE_Area": 20144.125493700001, "has_CS": false, "Zone_Type_Abbr": "C\/R" }, "geometry": { "type": "Polygon", "coordinates": [ [ [ -122.170750563401157, 37.439923640304627 ], [ -122.170269513631297, 37.439786853099214 ], [ -122.170481494838313, 37.439418142173658 ], [ -122.170910733876909, 37.439575059312375 ], [ -122.170750563401157, 37.439923640304627 ] ] ] } },
{ "type": "Feature", "properties": { "ZONE_TYPE": "Commercial\/Residential", "AREA_CALC": 62603.1, "SHAPE_Leng": 1180.3677732199999, "SHAPE_Area": 62602.6291757, "has_CS": false, "Zone_Type_Abbr": "C\/R" }, "geometry": { "type": "Polygon", "coordinates": [ [ [ -122.160212417146212, 37.43926657164932 ], [ -122.160376422289744, 37.439643925690191 ], [ -122.159122990540013, 37.439991471446042 ], [ -122.158658261920834, 37.439699976194582 ], [ -122.160212417146212, 37.43926657164932 ] ] ] } },
{ "type": "Feature", "properties": { "ZONE_TYPE": "Commercial", "AREA_CALC": 294145.4, "SHAPE_Leng": 2392.52535592, "SHAPE_Area": 294080.90154599998, "has_CS": false, "Zone_Type_Abbr": "C" }, "geometry": { "type": "Polygon", "coordinates": [ [ [ -122.16353738665525, 37.440652318231535 ], [ -122.16480561962895, 37.442067825048547 ], [ -122.164803961692996, 37.442079989646317 ], [ -122.1648009566361, 37.442092009333784 ], [ -122.164796637518918, 37.442103744855771 ], [ -122.164791068669501, 37.442115141227021 ], [ -122.164784217730443, 37.442126115995315 ], [ -122.164776216708077, 37.442136557340362 ], [ -122.164767099950083, 37.44214638366595 ], [ -122.16475693460751, 37.442155565180641 ], [ -122.164745787679266, 37.442163963950023 ], [ -122.1647337280899, 37.442171578996266 ], [ -122.164720924003575, 37.442178297986139 ], [ -122.164707410974685, 37.442184093378962 ], [ -122.16469329120234, 37.442188935787343 ], [ -122.164678735207076, 37.442192767818526 ], [ -122.164663269930642, 37.442205238210363 ], [ -122.164646432497349, 37.442216492506432 ], [ -122.164628327249602, 37.442226445413752 ], [ -122.16460915689288, 37.442235012947876 ], [ -122.164589057954785, 37.442242083224372 ], [ -122.16456820216267, 37.442247652905905 ], [ -122.164510781246364, 37.442371583190095 ], [ -122.16444065729408, 37.442491270472289 ], [ -122.164358292725595, 37.442605912404289 ], [ -122.164264256691169, 37.44271467718459 ], [ -122.161770928075683, 37.441140881754627 ], [ -122.162237031381849, 37.441010698202476 ], [ -122.16353738665525, 37.440652318231535 ] ] ] } },
{ "type": "Feature", "properties": { "ZONE_TYPE": "Residential Multi-Family", "AREA_CALC": 703490.5, "SHAPE_Leng": 6162.6514893499998, "SHAPE_Area": 703489.34771, "has_CS": false, "Zone_Type_Abbr": "R" }, "geometry": { "type": "Polygon", "coordinates": [ [ [ -122.15715483258937, 37.441133773908959 ], [ -122.157217833769181, 37.441071381399887 ], [ -122.157458113320061, 37.440828981688455 ], [ -122.156870842765542, 37.440458122110876 ], [ -122.157443854584784, 37.439866098059433 ], [ -122.156834384613973, 37.439474097770038 ], [ -122.157076455479469, 37.439231921297555 ], [ -122.158319501362286, 37.440015298968653 ], [ -122.158081419438091, 37.440257120650287 ], [ -122.158712706360461, 37.44065050864743 ], [ -122.158414069194237, 37.440959385933155 ], [ -122.159639734253901, 37.441736926102159 ], [ -122.160173915287317, 37.44118389316678 ], [ -122.160265214739184, 37.441241440529531 ], [ -122.160535441656677, 37.441411742345352 ], [ -122.160297024644777, 37.441652253907591 ], [ -122.160701514391576, 37.441908007193021 ], [ -122.160409608205768, 37.4422018243651 ], [ -122.160905375570252, 37.442512376714575 ], [ -122.160294252652164, 37.443114597926971 ], [ -122.160018625315374, 37.443397086245625 ], [ -122.159666336442086, 37.44317446154033 ], [ -122.159639615674322, 37.443201402498985 ], [ -122.159369384300177, 37.443031097742939 ], [ -122.159129103867073, 37.443273501326509 ], [ -122.159073899813507, 37.443327132132374 ], [ -122.158940217272303, 37.443242879961517 ], [ -122.159535071673417, 37.442642900306716 ], [ -122.159402814306105, 37.442560797721754 ], [ -122.159046894529297, 37.44233885521141 ], [ -122.158450117172919, 37.442945341942014 ], [ -122.158096656028263, 37.442719295580439 ], [ -122.158396503966372, 37.442418038081378 ], [ -122.157856018283383, 37.442077451540897 ], [ -122.157882738182721, 37.442050511902785 ], [ -122.157529230714246, 37.44182358587863 ], [ -122.157496092969652, 37.441854791370133 ], [ -122.157288528534622, 37.44171980195339 ], [ -122.15654540520741, 37.441251484208131 ], [ -122.156852823045526, 37.440942048055305 ], [ -122.15715483258937, 37.441133773908959 ] ] ] } },
{ "type": "Feature", "properties": { "ZONE_TYPE": "Commercial\/Residential", "AREA_CALC": 110566.0, "SHAPE_Leng": 1431.35646471, "SHAPE_Area": 110565.43595299999, "has_CS": false, "Zone_Type_Abbr": "C\/R" }, "geometry": { "type": "Polygon", "coordinates": [ [ [ -122.162133920861876, 37.44329317346584 ], [ -122.161803728468072, 37.443083784594755 ], [ -122.161510003558689, 37.443376393769157 ], [ -122.1609504715111, 37.443024636498706 ], [ -122.161245643269169, 37.442733519573103 ], [ -122.161298054951587, 37.442679900206485 ], [ -122.161778595211842, 37.442195083656955 ], [ -122.16258933592222, 37.442705948300286 ], [ -122.162670101573113, 37.442759082953543 ], [ -122.162319308824479, 37.443114087644581 ], [ -122.162133920861876, 37.44329317346584 ] ] ] } },
{ "type": "Feature", "properties": { "ZONE_TYPE": "Residential Multi-Family", "AREA_CALC": 18773.6, "SHAPE_Leng": 559.50385599399999, "SHAPE_Area": 18773.0077786, "has_CS": false, "Zone_Type_Abbr": "R" }, "geometry": { "type": "Polygon", "coordinates": [ [ [ -122.160535441656677, 37.441411742345352 ], [ -122.160989457245606, 37.441697833268144 ], [ -122.160750707792062, 37.441938873160019 ], [ -122.160297024644777, 37.441652253907591 ], [ -122.160535441656677, 37.441411742345352 ] ] ] } },
{ "type": "Feature", "properties": { "ZONE_TYPE": "Public Facility", "AREA_CALC": 177509.8, "SHAPE_Leng": 1842.27834183, "SHAPE_Area": 177507.20436800001, "has_CS": true, "Zone_Type_Abbr": "P" }, "geometry": { "type": "Polygon", "coordinates": [ [ [ -122.159103074223509, 37.444324580545597 ], [ -122.158642511238469, 37.44403569092912 ], [ -122.158710663821509, 37.443972510188971 ], [ -122.158950946734961, 37.443730107490971 ], [ -122.158917158862735, 37.443708802911203 ], [ -122.159203776292443, 37.443413690981572 ], [ -122.159697982783896, 37.443720507069941 ], [ -122.160941410023611, 37.444502480219803 ], [ -122.160340347595223, 37.445106976916129 ], [ -122.159103074223509, 37.444324580545597 ] ] ] } },
{ "type": "Feature", "properties": { "ZONE_TYPE": "Commercial", "AREA_CALC": 46867.7, "SHAPE_Leng": 921.760479659, "SHAPE_Area": 46876.495685100002, "has_CS": false, "Zone_Type_Abbr": "C" }, "geometry": { "type": "Polygon", "coordinates": [ [ [ -122.165339591168561, 37.44263679362453 ], [ -122.166228201620527, 37.443197648689647 ], [ -122.165939583547754, 37.443488356414349 ], [ -122.165709410424085, 37.443343099836611 ], [ -122.165705925332404, 37.443341309033023 ], [ -122.165702274002996, 37.443339767519838 ], [ -122.165698455305886, 37.443338475313098 ], [ -122.165694505515788, 37.443337487772801 ], [ -122.165690458413465, 37.443336748544681 ], [ -122.165686349123533, 37.44333631210386 ], [ -122.165682211564018, 37.44333617887014 ], [ -122.165678081248785, 37.443336319500816 ], [ -122.16567395656169, 37.443336762857506 ], [ -122.165669941962364, 37.443337479520181 ], [ -122.165666003026402, 37.443338497013663 ], [ -122.16566217302811, 37.443339786928263 ], [ -122.165658521439738, 37.443341322142921 ], [ -122.165655047734631, 37.443343129701425 ], [ -122.165651785693555, 37.443345153249439 ], [ -122.165648769858024, 37.44334742113535 ], [ -122.165646000110883, 37.443349877486 ], [ -122.165643335037373, 37.44335241526219 ], [ -122.165640389353754, 37.443354737125965 ], [ -122.165637198691172, 37.443356869607967 ], [ -122.165633795760783, 37.443358759072503 ], [ -122.16563021440021, 37.443360402335813 ], [ -122.165626456929573, 37.443361802068502 ], [ -122.165622554343301, 37.443362928992045 ], [ -122.165618542175679, 37.443363754664638 ], [ -122.165614455571529, 37.443364334462359 ], [ -122.165610291570815, 37.443364586417374 ], [ -122.165606157573322, 37.443364562176598 ], [ -122.165602016331761, 37.443364264071143 ], [ -122.165597937784739, 37.443363635233524 ], [ -122.165593955420604, 37.443362758099596 ], [ -122.165590072005642, 37.443361604692718 ], [ -122.165586319177905, 37.443360174563843 ], [ -122.165582766992998, 37.44335846671877 ], [ -122.165579381649977, 37.443356536610928 ], [ -122.165258867077412, 37.443152074849678 ], [ -122.165240911404851, 37.443140984313594 ], [ -122.165224237849358, 37.443128695 ], [ -122.165209020516073, 37.443115259412814 ], [ -122.165195331366519, 37.443100812613956 ], [ -122.165183275696549, 37.443085463958667 ], [ -122.165172993789326, 37.443069320503191 ], [ -122.165164522014848, 37.443052492580577 ], [ -122.165157968587664, 37.443035169711976 ], [ -122.165153335376573, 37.443017435683565 ], [ -122.165150728862642, 37.442999453004646 ], [ -122.165150084325447, 37.442981360478583 ], [ -122.165151436964095, 37.44296326665205 ], [ -122.165154827237643, 37.442945363809571 ], [ -122.16516015364482, 37.442927763338524 ], [ -122.165167453138167, 37.44291060169801 ], [ -122.16517659154573, 37.442894045712386 ], [ -122.165187537928603, 37.442878177830316 ], [ -122.16520019027962, 37.442863137383355 ], [ -122.165214482126146, 37.442849035261638 ], [ -122.165280754552072, 37.44276055242706 ], [ -122.165314142941, 37.44270368464084 ], [ -122.165323121789385, 37.442687679742811 ], [ -122.165330400193923, 37.442671095163561 ], [ -122.165335877883024, 37.442654097247477 ], [ -122.165339591168561, 37.44263679362453 ] ] ] } },
{ "type": "Feature", "properties": { "ZONE_TYPE": "Residential Multi-Family", "AREA_CALC": 47710.0, "SHAPE_Leng": 928.94550659399999, "SHAPE_Area": 47709.169594699997, "has_CS": false, "Zone_Type_Abbr": "R" }, "geometry": { "type": "Polygon", "coordinates": [ [ [ -122.157419437521128, 37.443282963295474 ], [ -122.15750130063455, 37.443210415344637 ], [ -122.157741585022634, 37.442968015108271 ], [ -122.15767404515644, 37.442925430888266 ], [ -122.157914329195563, 37.442683030277067 ], [ -122.157960886222739, 37.442635620645817 ], [ -122.158450117172919, 37.442945341942014 ], [ -122.157858917467109, 37.443550620174001 ], [ -122.157836673648859, 37.443543407508827 ], [ -122.157419437521128, 37.443282963295474 ] ] ] } },
{ "type": "Feature", "properties": { "ZONE_TYPE": "Residential Single-Family", "AREA_CALC": 109477.1, "SHAPE_Leng": 1760.41986529, "SHAPE_Area": 109476.960958, "has_CS": false, "Zone_Type_Abbr": "R" }, "geometry": { "type": "Polygon", "coordinates": [ [ [ -122.155973065289317, 37.443403503798727 ], [ -122.156052861368394, 37.443453469960133 ], [ -122.156566303560737, 37.443776976621145 ], [ -122.156075443861866, 37.444272217557923 ], [ -122.156006389048088, 37.444335243639735 ], [ -122.155766126243662, 37.444184753403555 ], [ -122.155490503853031, 37.444463769163406 ], [ -122.155436450897625, 37.444429701775313 ], [ -122.155329664209418, 37.444537429597375 ], [ -122.155344514177173, 37.444546806281529 ], [ -122.155127475108443, 37.444764536500884 ], [ -122.154816602347893, 37.444566584926562 ], [ -122.155087547387396, 37.444297112940824 ], [ -122.154775014213072, 37.444100393211869 ], [ -122.15511248716075, 37.443759663743236 ], [ -122.155416163971566, 37.443954804211728 ], [ -122.155960663899606, 37.443415984760584 ], [ -122.155973065289317, 37.443403503798727 ] ] ] } },
{ "type": "Feature", "properties": { "ZONE_TYPE": "Public Facility", "AREA_CALC": 131723.7, "SHAPE_Leng": 1588.7010290200001, "SHAPE_Area": 131723.45355000001, "has_CS": false, "Zone_Type_Abbr": "P" }, "geometry": { "type": "Polygon", "coordinates": [ [ [ -122.156006389048088, 37.444335243639735 ], [ -122.156075443861866, 37.444272217557923 ], [ -122.156566303560737, 37.443776976621145 ], [ -122.15714349239208, 37.443194921547693 ], [ -122.157191478763039, 37.443143536655001 ], [ -122.157419437521128, 37.443282963295474 ], [ -122.157836673648859, 37.443543407508827 ], [ -122.157248750593538, 37.444136852936687 ], [ -122.156932105435232, 37.444460978255869 ], [ -122.156659303617616, 37.444747400948749 ], [ -122.156442669008399, 37.444609214354493 ], [ -122.156006389048088, 37.444335243639735 ] ] ] } },
{ "type": "Feature", "properties": { "ZONE_TYPE": "Residential Multi-Family", "AREA_CALC": 187605.0, "SHAPE_Leng": 2070.45250235, "SHAPE_Area": 187606.71656900001, "has_CS": false, "Zone_Type_Abbr": "R" }, "geometry": { "type": "Polygon", "coordinates": [ [ [ -122.155973065289317, 37.443403503798727 ], [ -122.157213253953842, 37.442150999344598 ], [ -122.157496092969652, 37.441854791370133 ], [ -122.157529230714246, 37.44182358587863 ], [ -122.157882738182721, 37.442050511902785 ], [ -122.157856018283383, 37.442077451540897 ], [ -122.158242488006252, 37.4423209689188 ], [ -122.157941078272728, 37.442623264648439 ], [ -122.157960886222739, 37.442635620645817 ], [ -122.157914329195563, 37.442683030277067 ], [ -122.15767404515644, 37.442925430888266 ], [ -122.157741585022634, 37.442968015108271 ], [ -122.15750130063455, 37.443210415344637 ], [ -122.157419437521128, 37.443282963295474 ], [ -122.157191478763039, 37.443143536655001 ], [ -122.15714349239208, 37.443194921547693 ], [ -122.156566303560737, 37.443776976621145 ], [ -122.156052861368394, 37.443453469960133 ], [ -122.155973065289317, 37.443403503798727 ] ] ] } },
{ "type": "Feature", "properties": { "ZONE_TYPE": "Public Facility", "AREA_CALC": 1853015.0, "SHAPE_Leng": 7459.1516727999997, "SHAPE_Area": 1853018.6545, "has_CS": true, "Zone_Type_Abbr": "P" }, "geometry": { "type": "Polygon", "coordinates": [ [ [ -122.143165523681461, 37.44212547784884 ], [ -122.146847515631336, 37.444452335084911 ], [ -122.146369049137789, 37.444951810682404 ], [ -122.146359668213591, 37.44502160362206 ], [ -122.146248876787965, 37.445021866304813 ], [ -122.14490519118273, 37.445018923295471 ], [ -122.144909077496152, 37.444527947434018 ], [ -122.140580336587689, 37.444509014992065 ], [ -122.140578137501393, 37.444868034961658 ], [ -122.140543683142894, 37.444867911871448 ], [ -122.140544018423654, 37.445115043465144 ], [ -122.140545114815097, 37.445150820358414 ], [ -122.139854272441298, 37.445148635968557 ], [ -122.139750918663538, 37.445148706583701 ], [ -122.139750121994865, 37.445684605076281 ], [ -122.139648454416701, 37.445686190387242 ], [ -122.138993990051077, 37.445685662739322 ], [ -122.138167258644884, 37.445684762145916 ], [ -122.137795491522908, 37.445620674219676 ], [ -122.137601390653785, 37.445893867191408 ], [ -122.137555831394181, 37.445874423157065 ], [ -122.137742580190306, 37.445611551601608 ], [ -122.137608441610567, 37.44550404245993 ], [ -122.13747430230714, 37.445396534080736 ], [ -122.137429622084895, 37.445249128471211 ], [ -122.137384907010357, 37.445101723331717 ], [ -122.137412841321449, 37.444928774766311 ], [ -122.137443324064833, 37.444740106088581 ], [ -122.137440116152803, 37.444549957246799 ], [ -122.137436907740124, 37.444359836346607 ], [ -122.137390610633034, 37.444173282466366 ], [ -122.137330748899529, 37.443932173298627 ], [ -122.137297208969329, 37.443821447111752 ], [ -122.139797990369516, 37.443094182545479 ], [ -122.143165523681461, 37.44212547784884 ] ] ] } },
{ "type": "Feature", "properties": { "ZONE_TYPE": "Residential Multi-Family", "AREA_CALC": 875592.5, "SHAPE_Leng": 8583.9571943299998, "SHAPE_Area": 875595.96094999998, "has_CS": false, "Zone_Type_Abbr": "R" }, "geometry": { "type": "Polygon", "coordinates": [ [ [ -122.152627257353018, 37.44575752433181 ], [ -122.152086773216695, 37.445416884284548 ], [ -122.152009362658049, 37.445364107951995 ], [ -122.153467341052334, 37.443892096454192 ], [ -122.153549970471147, 37.443940980784298 ], [ -122.153821241463007, 37.44411194201642 ], [ -122.154090449977346, 37.444281586203978 ], [ -122.154197239218419, 37.444173859491336 ], [ -122.154129700283562, 37.444131273235762 ], [ -122.153656793883201, 37.443833253182021 ], [ -122.15357662263564, 37.443781807310366 ], [ -122.154146134645288, 37.44320677060049 ], [ -122.156870842765542, 37.440458122110876 ], [ -122.157458113320061, 37.440828981688455 ], [ -122.157217833769181, 37.441071381399887 ], [ -122.15715483258937, 37.441133773908959 ], [ -122.156852823045526, 37.440942048055305 ], [ -122.15654540520741, 37.441251484208131 ], [ -122.157288528534622, 37.44171980195339 ], [ -122.157496092969652, 37.441854791370133 ], [ -122.157213253953842, 37.442150999344598 ], [ -122.15659233425616, 37.441759215174855 ], [ -122.156295813712774, 37.442056904545403 ], [ -122.156262027336325, 37.44203559829765 ], [ -122.155955949435892, 37.4423436404334 ], [ -122.15599253786084, 37.442362352310049 ], [ -122.155687092378344, 37.442670989488427 ], [ -122.155821892538881, 37.442756109111272 ], [ -122.155581912796151, 37.44299852808178 ], [ -122.155234835659968, 37.443348679586393 ], [ -122.155505059257678, 37.443518965912673 ], [ -122.155742637572914, 37.443276937893522 ], [ -122.155960663899606, 37.443415984760584 ], [ -122.155416163971566, 37.443954804211728 ], [ -122.15511248716075, 37.443759663743236 ], [ -122.154775014213072, 37.444100393211869 ], [ -122.155087547387396, 37.444297112940824 ], [ -122.154816602347893, 37.444566584926562 ], [ -122.155127475108443, 37.444764536500884 ], [ -122.155344514177173, 37.444546806281529 ], [ -122.155329664209418, 37.444537429597375 ], [ -122.155436450897625, 37.444429701775313 ], [ -122.155490503853031, 37.444463769163406 ], [ -122.155766126243662, 37.444184753403555 ], [ -122.156006389048088, 37.444335243639735 ], [ -122.156442669008399, 37.444609214354493 ], [ -122.156166111257875, 37.444889536335928 ], [ -122.156301227310365, 37.44497467803658 ], [ -122.15638606160087, 37.445024984741622 ], [ -122.155788106111387, 37.445623809970286 ], [ -122.155708891670656, 37.445572187094776 ], [ -122.155438661321938, 37.445401902149669 ], [ -122.155416922144141, 37.445423662002625 ], [ -122.155315453476732, 37.445359661969739 ], [ -122.155146661608455, 37.445253540845663 ], [ -122.154906360300458, 37.445495935743004 ], [ -122.154847540046603, 37.445554449547494 ], [ -122.153731342041411, 37.444865113161477 ], [ -122.153349811800553, 37.4452501622225 ], [ -122.153214664119403, 37.445164990576011 ], [ -122.152627257353018, 37.44575752433181 ] ] ] } },
{ "type": "Feature", "properties": { "ZONE_TYPE": "Residential Single-Family", "AREA_CALC": 119622.0, "SHAPE_Leng": 1558.3779409000001, "SHAPE_Area": 119621.678058, "has_CS": false, "Zone_Type_Abbr": "R" }, "geometry": { "type": "Polygon", "coordinates": [ [ [ -122.155581912796151, 37.44299852808178 ], [ -122.155821892538881, 37.442756109111272 ], [ -122.155687092378344, 37.442670989488427 ], [ -122.15599253786084, 37.442362352310049 ], [ -122.155955949435892, 37.4423436404334 ], [ -122.156262027336325, 37.44203559829765 ], [ -122.156295813712774, 37.442056904545403 ], [ -122.15659233425616, 37.441759215174855 ], [ -122.157213253953842, 37.442150999344598 ], [ -122.156070190244137, 37.443306020518591 ], [ -122.155581912796151, 37.44299852808178 ] ] ] } },
{ "type": "Feature", "properties": { "ZONE_TYPE": "Commercial\/Residential", "AREA_CALC": 8005.8, "SHAPE_Leng": 394.76054696900002, "SHAPE_Area": 8006.1057132200003, "has_CS": false, "Zone_Type_Abbr": "C\/R" }, "geometry": { "type": "Polygon", "coordinates": [ [ [ -122.158096656028263, 37.442719295580439 ], [ -122.157941078272728, 37.442623264648439 ], [ -122.158242488006252, 37.4423209689188 ], [ -122.158396503966372, 37.442418038081378 ], [ -122.158096656028263, 37.442719295580439 ] ] ] } },
{ "type": "Feature", "properties": { "ZONE_TYPE": "Residential Multi-Family", "AREA_CALC": 59615.2, "SHAPE_Leng": 1018.8740649600001, "SHAPE_Area": 59616.425162799998, "has_CS": false, "Zone_Type_Abbr": "R" }, "geometry": { "type": "Polygon", "coordinates": [ [ [ -122.157248750593538, 37.444136852936687 ], [ -122.157836673648859, 37.443543407508827 ], [ -122.157858917467109, 37.443550620174001 ], [ -122.158470193814438, 37.443938441785427 ], [ -122.158093198819913, 37.444318552666324 ], [ -122.157958081910863, 37.444233413024243 ], [ -122.157744377014751, 37.444448821053435 ], [ -122.157248750593538, 37.444136852936687 ] ] ] } },
{ "type": "Feature", "properties": { "ZONE_TYPE": "Residential Multi-Family", "AREA_CALC": 141163.6, "SHAPE_Leng": 2140.2102847400001, "SHAPE_Area": 141164.98477099999, "has_CS": false, "Zone_Type_Abbr": "R" }, "geometry": { "type": "Polygon", "coordinates": [ [ [ -122.157858917467109, 37.443550620174001 ], [ -122.158450117172919, 37.442945341942014 ], [ -122.158777845058225, 37.442610479093375 ], [ -122.158855609503675, 37.442663575840129 ], [ -122.159125839504142, 37.442833881767861 ], [ -122.158803773340409, 37.443156880479442 ], [ -122.158940217272303, 37.443242879961517 ], [ -122.159073899813507, 37.443327132132374 ], [ -122.159203776292443, 37.443413690981572 ], [ -122.158917158862735, 37.443708802911203 ], [ -122.158950946734961, 37.443730107490971 ], [ -122.158710663821509, 37.443972510188971 ], [ -122.158642511238469, 37.44403569092912 ], [ -122.159103074223509, 37.444324580545597 ], [ -122.158720168505496, 37.444714584840938 ], [ -122.158633702439801, 37.444659165984866 ], [ -122.158093198819913, 37.444318552666324 ], [ -122.158470193814438, 37.443938441785427 ], [ -122.157858917467109, 37.443550620174001 ] ] ] } },
{ "type": "Feature", "properties": { "ZONE_TYPE": "Public Facility", "AREA_CALC": 242060.6, "SHAPE_Leng": 2083.5045179899998, "SHAPE_Area": 242060.56932400001, "has_CS": false, "Zone_Type_Abbr": "P" }, "geometry": { "type": "Polygon", "coordinates": [ [ [ -122.147460392186986, 37.440908280585184 ], [ -122.146762070892478, 37.440468718893158 ], [ -122.147958327073155, 37.4392610168914 ], [ -122.149594788208432, 37.440295080486088 ], [ -122.147460392186986, 37.440908280585184 ] ] ] } },
{ "type": "Feature", "properties": { "ZONE_TYPE": "Public Facility", "AREA_CALC": 20321.0, "SHAPE_Leng": 687.216614779, "SHAPE_Area": 20321.093753199999, "has_CS": false, "Zone_Type_Abbr": "P" }, "geometry": { "type": "Polygon", "coordinates": [ [ [ -122.155581912796151, 37.44299852808178 ], [ -122.156070190244137, 37.443306020518591 ], [ -122.155960663899606, 37.443415984760584 ], [ -122.155742637572914, 37.443276937893522 ], [ -122.155505059257678, 37.443518965912673 ], [ -122.155234835659968, 37.443348679586393 ], [ -122.155581912796151, 37.44299852808178 ] ] ] } },
{ "type": "Feature", "properties": { "ZONE_TYPE": "Residential Multi-Family", "AREA_CALC": 16616.8, "SHAPE_Leng": 514.79910596599996, "SHAPE_Area": 16617.0319839, "has_CS": false, "Zone_Type_Abbr": "R" }, "geometry": { "type": "Polygon", "coordinates": [ [ [ -122.158777845058225, 37.442610479093375 ], [ -122.159046894529297, 37.44233885521141 ], [ -122.159402814306105, 37.442560797721754 ], [ -122.159125839504142, 37.442833881767861 ], [ -122.158855609503675, 37.442663575840129 ], [ -122.158777845058225, 37.442610479093375 ] ] ] } },
{ "type": "Feature", "properties": { "ZONE_TYPE": "Residential Multi-Family", "AREA_CALC": 13876.5, "SHAPE_Leng": 655.74663725300002, "SHAPE_Area": 13876.5226532, "has_CS": false, "Zone_Type_Abbr": "R" }, "geometry": { "type": "Polygon", "coordinates": [ [ [ -122.158940217272303, 37.443242879961517 ], [ -122.158803773340409, 37.443156880479442 ], [ -122.159125839504142, 37.442833881767861 ], [ -122.159402814306105, 37.442560797721754 ], [ -122.159535071673417, 37.442642900306716 ], [ -122.158940217272303, 37.443242879961517 ] ] ] } },
{ "type": "Feature", "properties": { "ZONE_TYPE": "Mixed Use", "AREA_CALC": 14589.9, "SHAPE_Leng": 485.03099964500001, "SHAPE_Area": 14590.8787594, "has_CS": false, "Zone_Type_Abbr": "C\/R" }, "geometry": { "type": "Polygon", "coordinates": [ [ [ -122.158589754425265, 37.440185604784951 ], [ -122.158942140690158, 37.440410291310855 ], [ -122.158712706360461, 37.44065050864743 ], [ -122.158352616389934, 37.440426452090136 ], [ -122.158589754425265, 37.440185604784951 ] ] ] } },
{ "type": "Feature", "properties": { "ZONE_TYPE": "Residential Multi-Family", "AREA_CALC": 33535.4, "SHAPE_Leng": 761.85218480699996, "SHAPE_Area": 33535.874120200002, "has_CS": false, "Zone_Type_Abbr": "R" }, "geometry": { "type": "Polygon", "coordinates": [ [ [ -122.159073899813507, 37.443327132132374 ], [ -122.159129103867073, 37.443273501326509 ], [ -122.159369384300177, 37.443031097742939 ], [ -122.159639615674322, 37.443201402498985 ], [ -122.159666336442086, 37.44317446154033 ], [ -122.160018625315374, 37.443397086245625 ], [ -122.159697982783896, 37.443720507069941 ], [ -122.159203776292443, 37.443413690981572 ], [ -122.159073899813507, 37.443327132132374 ] ] ] } },
{ "type": "Feature", "properties": { "ZONE_TYPE": "Commercial", "AREA_CALC": 21217.8, "SHAPE_Leng": 1081.84940119, "SHAPE_Area": 21218.706705600001, "has_CS": false, "Zone_Type_Abbr": "C" }, "geometry": { "type": "Polygon", "coordinates": [ [ [ -122.128947227829315, 37.434357927754924 ], [ -122.129022100951588, 37.434316207189539 ], [ -122.129837067157666, 37.434831493560772 ], [ -122.130064861759266, 37.434602646668253 ], [ -122.130270844110854, 37.434733091155692 ], [ -122.130344471813657, 37.434776320021548 ], [ -122.130062713621925, 37.435059371921241 ], [ -122.129984446462302, 37.435011949136808 ], [ -122.128947227829315, 37.434357927754924 ] ] ] } },
{ "type": "Feature", "properties": { "ZONE_TYPE": "Residential Single-Family", "AREA_CALC": 635256.7, "SHAPE_Leng": 3990.8110838900002, "SHAPE_Area": 635255.38518500002, "has_CS": false, "Zone_Type_Abbr": "R" }, "geometry": { "type": "Polygon", "coordinates": [ [ [ -122.129512380946423, 37.442095927850339 ], [ -122.129945602916152, 37.44165953270597 ], [ -122.130695388188187, 37.442121880538522 ], [ -122.130249021073695, 37.442574695319571 ], [ -122.130151002671056, 37.442673736380591 ], [ -122.130318113549762, 37.44277898169625 ], [ -122.130104472699884, 37.442994420386576 ], [ -122.13025307331867, 37.443088111741773 ], [ -122.129934798927579, 37.443409026592619 ], [ -122.129206217707264, 37.444143685211891 ], [ -122.128449746672047, 37.444908116949378 ], [ -122.127386874233011, 37.444231912757147 ], [ -122.128031192096628, 37.44358498876624 ], [ -122.128394442254063, 37.443218708686565 ], [ -122.12737112986008, 37.442573488753276 ], [ -122.128486350150197, 37.441448998064843 ], [ -122.129104382989595, 37.441838689761674 ], [ -122.129157777281108, 37.441784851525064 ], [ -122.129292855759417, 37.441870024348439 ], [ -122.129239496531767, 37.441923862159939 ], [ -122.129512380946423, 37.442095927850339 ] ] ] } },
{ "type": "Feature", "properties": { "ZONE_TYPE": "Public Facility", "AREA_CALC": 169948.1, "SHAPE_Leng": 2216.5275233299999, "SHAPE_Area": 169948.037171, "has_CS": false, "Zone_Type_Abbr": "P" }, "geometry": { "type": "Polygon", "coordinates": [ [ [ -122.158665620149208, 37.446000348198488 ], [ -122.158710549110751, 37.445955543271339 ], [ -122.158964198264897, 37.445698832556644 ], [ -122.158558839622017, 37.445443388236498 ], [ -122.158847396706065, 37.445149898227726 ], [ -122.158985878744573, 37.445234467511611 ], [ -122.159281315664927, 37.444935990097328 ], [ -122.159686896991417, 37.445193680896303 ], [ -122.15945220791582, 37.445430595099729 ], [ -122.159392018919533, 37.445492509211824 ], [ -122.159736845338699, 37.445709086932943 ], [ -122.160002447516348, 37.44545094137812 ], [ -122.160459864661519, 37.445740256048637 ], [ -122.160621996663977, 37.445842425572195 ], [ -122.160661805313751, 37.445871007351514 ], [ -122.160453482657786, 37.446078899300083 ], [ -122.160222799365926, 37.446311610093474 ], [ -122.160151827675762, 37.446385901093549 ], [ -122.159839372690513, 37.446189028541845 ], [ -122.159576642855043, 37.446454083162038 ], [ -122.159506624995899, 37.446521794978814 ], [ -122.158665620149208, 37.446000348198488 ] ] ] } },
{ "type": "Feature", "properties": { "ZONE_TYPE": "Residential Multi-Family", "AREA_CALC": 2348.5, "SHAPE_Leng": 198.296598082, "SHAPE_Area": 2348.3624216600001, "has_CS": false, "Zone_Type_Abbr": "R" }, "geometry": { "type": "Polygon", "coordinates": [ [ [ -122.160459864661519, 37.445740256048637 ], [ -122.160544945991404, 37.445654420816417 ], [ -122.160704149024369, 37.445759626379086 ], [ -122.160621996663977, 37.445842425572195 ], [ -122.160459864661519, 37.445740256048637 ] ] ] } },
{ "type": "Feature", "properties": { "ZONE_TYPE": "Commercial", "AREA_CALC": 13203.4, "SHAPE_Leng": 561.99689933699995, "SHAPE_Area": 13202.5168228, "has_CS": false, "Zone_Type_Abbr": "C" }, "geometry": { "type": "Polygon", "coordinates": [ [ [ -122.160661805313751, 37.445871007351514 ], [ -122.160925491034646, 37.445602695937346 ], [ -122.161087658404696, 37.445704864323083 ], [ -122.160615615407451, 37.44618106973077 ], [ -122.160453482657786, 37.446078899300083 ], [ -122.160661805313751, 37.445871007351514 ] ] ] } },
{ "type": "Feature", "properties": { "ZONE_TYPE": "Residential Multi-Family", "AREA_CALC": 568724.5, "SHAPE_Leng": 7308.3011658799996, "SHAPE_Area": 568731.11854399997, "has_CS": false, "Zone_Type_Abbr": "R" }, "geometry": { "type": "Polygon", "coordinates": [ [ [ -122.163269872275805, 37.446963210369994 ], [ -122.163352328763537, 37.446897270198846 ], [ -122.163592041634033, 37.446654234306692 ], [ -122.163660153162795, 37.446697411811925 ], [ -122.163777647392678, 37.446578920901608 ], [ -122.163845193426368, 37.446621473668749 ], [ -122.16372773373881, 37.446739991193418 ], [ -122.163930442617797, 37.446867705243413 ], [ -122.164225293333217, 37.446568261055091 ], [ -122.164633014238646, 37.44682491703572 ], [ -122.165214399936147, 37.446236581842804 ], [ -122.164673726501803, 37.445893336719436 ], [ -122.164991320141652, 37.445575851053434 ], [ -122.164856193085214, 37.445490719360606 ], [ -122.164536380992061, 37.445809142738753 ], [ -122.164401437736714, 37.445726013106373 ], [ -122.16472106746707, 37.445405587495621 ], [ -122.164827841214944, 37.445297823208527 ], [ -122.164961334845799, 37.445163144592023 ], [ -122.165068109653035, 37.445055407996968 ], [ -122.165308375400016, 37.444812992305032 ], [ -122.165402966610415, 37.444872603301128 ], [ -122.165578661790505, 37.444983281965918 ], [ -122.165290453552942, 37.445271098238166 ], [ -122.165564946335351, 37.445441438210104 ], [ -122.165629194780294, 37.445484476541246 ], [ -122.165329155321388, 37.445788721278916 ], [ -122.165615044913963, 37.445972579782776 ], [ -122.165321887363646, 37.446278100236967 ], [ -122.165943106102901, 37.446659397233546 ], [ -122.165866149171251, 37.446730864915693 ], [ -122.165625879060698, 37.446973281713419 ], [ -122.165220490688711, 37.446717860425053 ], [ -122.164933784064942, 37.447013152413994 ], [ -122.165471295197136, 37.44735012384686 ], [ -122.165734323621706, 37.447085354367381 ], [ -122.165869455171503, 37.447170512066414 ], [ -122.165896174001347, 37.447143570614713 ], [ -122.166248492057264, 37.447367330215108 ], [ -122.166558086825589, 37.447063496356513 ], [ -122.16801129429885, 37.447955011561575 ], [ -122.167677830660409, 37.448160438502505 ], [ -122.167647259705234, 37.448179991113527 ], [ -122.167619044688053, 37.448201680352128 ], [ -122.167593388089273, 37.44822531048451 ], [ -122.167570491826439, 37.448250660551103 ], [ -122.16755055896563, 37.448277560944859 ], [ -122.16753375637613, 37.448305790302861 ], [ -122.166924220507909, 37.447922523207779 ], [ -122.16671063559329, 37.448138028022932 ], [ -122.166980902725157, 37.448308287864677 ], [ -122.166767316869979, 37.448523792776484 ], [ -122.166902485500188, 37.448608921767679 ], [ -122.166582120717479, 37.448932165470637 ], [ -122.166523064864535, 37.448993765271588 ], [ -122.165008514089635, 37.448038274426381 ], [ -122.165294935721988, 37.447750155483774 ], [ -122.165159805511379, 37.447665024138765 ], [ -122.164874363515182, 37.447953843512501 ], [ -122.164766634593633, 37.447887770192061 ], [ -122.164697152541137, 37.447954625903719 ], [ -122.164666919193465, 37.447933766381844 ], [ -122.164798281156777, 37.447808293481614 ], [ -122.165024674459062, 37.447579891752746 ], [ -122.164686832037972, 37.447367020680431 ], [ -122.164545854480835, 37.447509249016164 ], [ -122.164263147686995, 37.447329272018472 ], [ -122.164104928029985, 37.447483198656975 ], [ -122.163481985916462, 37.447097081438521 ], [ -122.163348555437636, 37.447010825386954 ], [ -122.163269872275805, 37.446963210369994 ] ] ] } },
{ "type": "Feature", "properties": { "ZONE_TYPE": "Residential Multi-Family", "AREA_CALC": 15991.2, "SHAPE_Leng": 638.61439061399994, "SHAPE_Area": 15990.7773437, "has_CS": false, "Zone_Type_Abbr": "R" }, "geometry": { "type": "Polygon", "coordinates": [ [ [ -122.163592041634033, 37.446654234306692 ], [ -122.163832882836843, 37.446412445395957 ], [ -122.163890362492523, 37.446352792462022 ], [ -122.163991171175283, 37.446419238633439 ], [ -122.164225293333217, 37.446568261055091 ], [ -122.163930442617797, 37.446867705243413 ], [ -122.16372773373881, 37.446739991193418 ], [ -122.163845193426368, 37.446621473668749 ], [ -122.163777647392678, 37.446578920901608 ], [ -122.163660153162795, 37.446697411811925 ], [ -122.163592041634033, 37.446654234306692 ] ] ] } },
{ "type": "Feature", "properties": { "ZONE_TYPE": "Residential Multi-Family", "AREA_CALC": 213844.4, "SHAPE_Leng": 3713.4434045899998, "SHAPE_Area": 213847.10797799999, "has_CS": false, "Zone_Type_Abbr": "R" }, "geometry": { "type": "Polygon", "coordinates": [ [ [ -122.126286827659143, 37.420360400828308 ], [ -122.126553325277456, 37.42009325413764 ], [ -122.127497715090428, 37.420688947592893 ], [ -122.127659782565345, 37.420791162342667 ], [ -122.131091596998644, 37.422958995440744 ], [ -122.131279204313998, 37.423077359413888 ], [ -122.130879609731494, 37.423264729633196 ], [ -122.130827804835207, 37.423196777975413 ], [ -122.130350381680401, 37.42292592421267 ], [ -122.130218025294397, 37.422842445437375 ], [ -122.127394195977885, 37.421058931561873 ], [ -122.127230714713917, 37.420958218531972 ], [ -122.126286827659143, 37.420360400828308 ] ] ] } },
{ "type": "Feature", "properties": { "ZONE_TYPE": "Residential Multi-Family", "AREA_CALC": 98729.0, "SHAPE_Leng": 1494.66999319, "SHAPE_Area": 98728.252905100002, "has_CS": false, "Zone_Type_Abbr": "R" }, "geometry": { "type": "Polygon", "coordinates": [ [ [ -122.132146931108906, 37.423627219608292 ], [ -122.132809004442237, 37.424044268378431 ], [ -122.133354866295477, 37.424390001373958 ], [ -122.133072302160812, 37.424678016641472 ], [ -122.132714800401089, 37.425038986473098 ], [ -122.132091253536927, 37.424640575202424 ], [ -122.132440985772945, 37.424283340917896 ], [ -122.131859824661987, 37.423917080418406 ], [ -122.132146931108906, 37.423627219608292 ] ] ] } },
{ "type": "Feature", "properties": { "ZONE_TYPE": "Residential Multi-Family", "AREA_CALC": 335830.9, "SHAPE_Leng": 2771.4886523300001, "SHAPE_Area": 335830.226623, "has_CS": false, "Zone_Type_Abbr": "R" }, "geometry": { "type": "Polygon", "coordinates": [ [ [ -122.130879609731494, 37.423264729633196 ], [ -122.131279204313998, 37.423077359413888 ], [ -122.131336234288383, 37.423116506045027 ], [ -122.132146931108906, 37.423627219608292 ], [ -122.131859824661987, 37.423917080418406 ], [ -122.132440985772945, 37.424283340917896 ], [ -122.132091253536927, 37.424640575202424 ], [ -122.132714800401089, 37.425038986473098 ], [ -122.132226567064365, 37.425531399413259 ], [ -122.132135527962845, 37.425477563514043 ], [ -122.131676106978915, 37.425188170064565 ], [ -122.131583881821982, 37.425015438195601 ], [ -122.131408218101626, 37.424904792317342 ], [ -122.131246069424307, 37.424802664816269 ], [ -122.129756978812253, 37.423859150260128 ], [ -122.130879609731494, 37.423264729633196 ] ] ] } },
{ "type": "Feature", "properties": { "ZONE_TYPE": "Public Facility", "AREA_CALC": 255582.5, "SHAPE_Leng": 2180.6302811599999, "SHAPE_Area": 255579.597213, "has_CS": false, "Zone_Type_Abbr": "P" }, "geometry": { "type": "Polygon", "coordinates": [ [ [ -122.131384974232972, 37.425338297138666 ], [ -122.130680474499172, 37.426059778044973 ], [ -122.128601367551695, 37.424724968958245 ], [ -122.129100466458183, 37.424238738806281 ], [ -122.129284128240712, 37.424124307776552 ], [ -122.129423278611696, 37.424075623686946 ], [ -122.131384974232972, 37.425338297138666 ] ] ] } },
{ "type": "Feature", "properties": { "ZONE_TYPE": "Public Facility", "AREA_CALC": 316687.3, "SHAPE_Leng": 2304.81530471, "SHAPE_Area": 316688.404568, "has_CS": false, "Zone_Type_Abbr": "P" }, "geometry": { "type": "Polygon", "coordinates": [ [ [ -122.127937448980887, 37.430852401380236 ], [ -122.128081395025106, 37.43070715535768 ], [ -122.127580803761774, 37.430391287199477 ], [ -122.128698591602287, 37.429246181728779 ], [ -122.128745043635874, 37.429190296807889 ], [ -122.130194084480692, 37.430090596595093 ], [ -122.130136848384751, 37.430147867459333 ], [ -122.128861580239032, 37.431434797084272 ], [ -122.128803283693472, 37.431397808943942 ], [ -122.127987957343535, 37.430884526056673 ], [ -122.127937448980887, 37.430852401380236 ] ] ] } },
{ "type": "Feature", "properties": { "ZONE_TYPE": "Residential Multi-Family", "AREA_CALC": 10296.0, "SHAPE_Leng": 1000.9502085399999, "SHAPE_Area": 10295.8233562, "has_CS": false, "Zone_Type_Abbr": "R" }, "geometry": { "type": "Polygon", "coordinates": [ [ [ -122.126914447547065, 37.431885046731047 ], [ -122.127937448980887, 37.430852401380236 ], [ -122.127999342463568, 37.430891702089191 ], [ -122.12696918769258, 37.43191848660809 ], [ -122.126914447547065, 37.431885046731047 ] ] ] } },
{ "type": "Feature", "properties": { "ZONE_TYPE": "Residential Multi-Family", "AREA_CALC": 10332.2, "SHAPE_Leng": 464.17690186, "SHAPE_Area": 10332.841732700001, "has_CS": false, "Zone_Type_Abbr": "R" }, "geometry": { "type": "Polygon", "coordinates": [ [ [ -122.129407181104256, 37.431972064334715 ], [ -122.12988628306401, 37.432274708061847 ], [ -122.129703707931739, 37.432381350832003 ], [ -122.129627091114756, 37.432324180940853 ], [ -122.129277056498438, 37.432103495680018 ], [ -122.129407181104256, 37.431972064334715 ] ] ] } },
{ "type": "Feature", "properties": { "ZONE_TYPE": "Residential Multi-Family", "AREA_CALC": 69748.9, "SHAPE_Leng": 1281.09456249, "SHAPE_Area": 69749.522158799999, "has_CS": false, "Zone_Type_Abbr": "R" }, "geometry": { "type": "Polygon", "coordinates": [ [ [ -122.128453122758316, 37.431846618587556 ], [ -122.128743778152497, 37.431553229068093 ], [ -122.129407181104256, 37.431972064334715 ], [ -122.129277056498438, 37.432103495680018 ], [ -122.129627091114756, 37.432324180940853 ], [ -122.129703707931739, 37.432381350832003 ], [ -122.129449461473016, 37.432527993530947 ], [ -122.129282920987563, 37.432621364450831 ], [ -122.129121661895098, 37.432708921142613 ], [ -122.129039863645559, 37.432654185759922 ], [ -122.128634854807615, 37.432398854402102 ], [ -122.128900575869054, 37.432130835194776 ], [ -122.128550951544284, 37.431908301855771 ], [ -122.128453122758316, 37.431846618587556 ] ] ] } },
{ "type": "Feature", "properties": { "ZONE_TYPE": "Residential Multi-Family", "AREA_CALC": 20113.8, "SHAPE_Leng": 581.612776263, "SHAPE_Area": 20113.817756199998, "has_CS": false, "Zone_Type_Abbr": "R" }, "geometry": { "type": "Polygon", "coordinates": [ [ [ -122.12819912929119, 37.432102772836373 ], [ -122.128453122758316, 37.431846618587556 ], [ -122.128550951544284, 37.431908301855771 ], [ -122.128900575869054, 37.432130835194776 ], [ -122.128634854807615, 37.432398854402102 ], [ -122.128456275481142, 37.432286266308985 ], [ -122.128469319384209, 37.432273120585556 ], [ -122.12819912929119, 37.432102772836373 ] ] ] } },
{ "type": "Feature", "properties": { "ZONE_TYPE": "Commercial\/Residential", "AREA_CALC": 468398.0, "SHAPE_Leng": 3775.1596641599999, "SHAPE_Area": 468396.17957600002, "has_CS": false, "Zone_Type_Abbr": "C\/R" }, "geometry": { "type": "Polygon", "coordinates": [ [ [ -122.126839151624679, 37.432968990087154 ], [ -122.127194282683405, 37.432611587749527 ], [ -122.127538591491842, 37.43226831564256 ], [ -122.127849903089697, 37.432458914937065 ], [ -122.127916870845169, 37.432388078713949 ], [ -122.12819912929119, 37.432102772836373 ], [ -122.128469319384209, 37.432273120585556 ], [ -122.128456275481142, 37.432286266308985 ], [ -122.128634854807615, 37.432398854402102 ], [ -122.129039863645559, 37.432654185759922 ], [ -122.129121661895098, 37.432708921142613 ], [ -122.12920294961306, 37.43276231806194 ], [ -122.129539336498183, 37.432974677628977 ], [ -122.12970148612898, 37.432883701450756 ], [ -122.130040936491753, 37.433095853040612 ], [ -122.130108661861215, 37.433143366334271 ], [ -122.130177917163778, 37.433185173546796 ], [ -122.130495747149965, 37.433385152454392 ], [ -122.129966353341032, 37.433682164548053 ], [ -122.129934256351035, 37.433773943698526 ], [ -122.1307714627645, 37.434343770023986 ], [ -122.130344471813657, 37.434776320021548 ], [ -122.130270844110854, 37.434733091155692 ], [ -122.130064861759266, 37.434602646668253 ], [ -122.129837067157666, 37.434831493560772 ], [ -122.129022100951588, 37.434316207189539 ], [ -122.128852397013759, 37.434209621909375 ], [ -122.129152569921061, 37.434040971895143 ], [ -122.128427946319391, 37.433583073033226 ], [ -122.128473719289488, 37.433537004589738 ], [ -122.128097796038304, 37.433299754987033 ], [ -122.127778829851096, 37.433470585281064 ], [ -122.127700049964119, 37.433513182947792 ], [ -122.126839151624679, 37.432968990087154 ] ] ] } },
{ "type": "Feature", "properties": { "ZONE_TYPE": "Residential Multi-Family", "AREA_CALC": 146376.9, "SHAPE_Leng": 1593.0753994, "SHAPE_Area": 146377.22099199999, "has_CS": false, "Zone_Type_Abbr": "R" }, "geometry": { "type": "Polygon", "coordinates": [ [ [ -122.12696918769258, 37.43191848660809 ], [ -122.127999342463568, 37.430891702089191 ], [ -122.128803283693472, 37.431397808943942 ], [ -122.128146399342995, 37.432068317012956 ], [ -122.12819912929119, 37.432102772836373 ], [ -122.127916870845169, 37.432388078713949 ], [ -122.127849903089697, 37.432458914937065 ], [ -122.127538591491842, 37.43226831564256 ], [ -122.12696918769258, 37.43191848660809 ] ] ] } },
{ "type": "Feature", "properties": { "ZONE_TYPE": "Residential Multi-Family", "AREA_CALC": 6409.9, "SHAPE_Leng": 661.31337118099998, "SHAPE_Area": 6410.0623886499998, "has_CS": false, "Zone_Type_Abbr": "R" }, "geometry": { "type": "Polygon", "coordinates": [ [ [ -122.12819912929119, 37.432102772836373 ], [ -122.128146399342995, 37.432068317012956 ], [ -122.128803283693472, 37.431397808943942 ], [ -122.128861580239032, 37.431434797084272 ], [ -122.128743778152497, 37.431553229068093 ], [ -122.128453122758316, 37.431846618587556 ], [ -122.12819912929119, 37.432102772836373 ] ] ] } },
{ "type": "Feature", "properties": { "ZONE_TYPE": "Commercial", "AREA_CALC": 2659835.0, "SHAPE_Leng": 8719.5925682500001, "SHAPE_Area": 2659857.8377800002, "has_CS": false, "Zone_Type_Abbr": "C" }, "geometry": { "type": "Polygon", "coordinates": [ [ [ -122.172857221508465, 37.435723982229888 ], [ -122.17389974743638, 37.433643286620971 ], [ -122.174448127448116, 37.432003284776428 ], [ -122.177759302268527, 37.432707264393841 ], [ -122.178126137462939, 37.432787585294676 ], [ -122.178122727495818, 37.433339046475815 ], [ -122.182455448685758, 37.434273414906755 ], [ -122.181995459454853, 37.434604253408708 ], [ -122.181874970573773, 37.434490006133885 ], [ -122.181741100254513, 37.43438570252809 ], [ -122.181595110128441, 37.434292312194543 ], [ -122.181438362805835, 37.434210723083467 ], [ -122.181291346424132, 37.434183355438378 ], [ -122.181141785699893, 37.434166901686943 ], [ -122.180990959290099, 37.43416153545995 ], [ -122.180840175439798, 37.434167238913787 ], [ -122.180690674065787, 37.434184021325258 ], [ -122.180543760811545, 37.434211699078162 ], [ -122.180400636255683, 37.434250090067273 ], [ -122.180262601124099, 37.434298791764618 ], [ -122.180139144709543, 37.434332532631863 ], [ -122.180012570496359, 37.434357858331786 ], [ -122.179883770735188, 37.434374591160136 ], [ -122.179753672269598, 37.4343826340303 ], [ -122.179623205482329, 37.434381946585383 ], [ -122.17949323010177, 37.434372462447485 ], [ -122.179364747467389, 37.434354331309038 ], [ -122.179101825171543, 37.435101953555012 ], [ -122.179050681471622, 37.435217203165436 ], [ -122.178988364671696, 37.435328932066163 ], [ -122.178915238791916, 37.435436393333838 ], [ -122.17883177199613, 37.435538947599916 ], [ -122.176654052822911, 37.43714680139928 ], [ -122.176330589971727, 37.43640039398985 ], [ -122.17629159718328, 37.436409685525646 ], [ -122.176251676332711, 37.436416051456867 ], [ -122.176211206939399, 37.436419431387769 ], [ -122.176170497971896, 37.436419793868417 ], [ -122.176129927361885, 37.436417158734351 ], [ -122.176089840900019, 37.436411523750664 ], [ -122.176050584380221, 37.436402937150469 ], [ -122.175678145891169, 37.436323761112362 ], [ -122.17582215618765, 37.437467242461089 ], [ -122.17568520586137, 37.437478785158717 ], [ -122.175547530615333, 37.437480997900565 ], [ -122.175410092535444, 37.437473840814114 ], [ -122.175273961189475, 37.43745737974114 ], [ -122.175140035702384, 37.43743174063858 ], [ -122.17433541197417, 37.437227125003474 ], [ -122.174025533172127, 37.43714966099553 ], [ -122.172359650946802, 37.436728828234607 ], [ -122.172857221508465, 37.435723982229888 ] ] ] } },
{ "type": "Feature", "properties": { "ZONE_TYPE": "Residential Single-Family", "AREA_CALC": 7681630.0, "SHAPE_Leng": 20314.9877892, "SHAPE_Area": 7681625.1169299996, "has_CS": false, "Zone_Type_Abbr": "R" }, "geometry": { "type": "Polygon", "coordinates": [ [ [ -122.143165523681461, 37.44212547784884 ], [ -122.141887773232583, 37.441318473972551 ], [ -122.143061122313071, 37.44010823194872 ], [ -122.144286159685407, 37.438897253342446 ], [ -122.145486096796901, 37.437702682627645 ], [ -122.142994248907073, 37.436132622238965 ], [ -122.141768419806965, 37.43733936877431 ], [ -122.139640920666679, 37.435970348656056 ], [ -122.137817963743828, 37.434831405306298 ], [ -122.139931816048488, 37.432242425037252 ], [ -122.142027529708059, 37.433564801972118 ], [ -122.144190236551879, 37.434924083217595 ], [ -122.143911036862562, 37.435206802496161 ], [ -122.144390957847676, 37.435508580809753 ], [ -122.144673300525696, 37.435224661892171 ], [ -122.145432969182991, 37.435713697559912 ], [ -122.146630701586588, 37.434497334717477 ], [ -122.147886213194639, 37.435287622730677 ], [ -122.150362432686819, 37.436850053421587 ], [ -122.153758180859526, 37.439002392225539 ], [ -122.154092787518394, 37.439204544867671 ], [ -122.152894507411673, 37.440415964867512 ], [ -122.154625854690153, 37.441475707073948 ], [ -122.15422879033693, 37.441883228302459 ], [ -122.154363932652458, 37.441968372675895 ], [ -122.153616327624619, 37.442722489909841 ], [ -122.153488177162174, 37.442851778344 ], [ -122.152740554432697, 37.443605889948913 ], [ -122.152358104505112, 37.443994465299859 ], [ -122.147460392186986, 37.440908280585184 ], [ -122.149594788208432, 37.440295080486088 ], [ -122.147958327073155, 37.4392610168914 ], [ -122.146762070892478, 37.440468718893158 ], [ -122.145819680349135, 37.441376872548581 ], [ -122.143165523681461, 37.44212547784884 ] ], [ [ -122.14758022548304, 37.436171004068989 ], [ -122.14722311111646, 37.435944977052188 ], [ -122.146905162083087, 37.4362666216918 ], [ -122.147380869144158, 37.436566990810427 ], [ -122.147577392877281, 37.436368763888396 ], [ -122.147458477959105, 37.436293822770466 ], [ -122.14758022548304, 37.436171004068989 ] ], [ [ -122.14490821024205, 37.436359758465592 ], [ -122.14544859481866, 37.436700377745346 ], [ -122.145555385665787, 37.436592657933005 ], [ -122.144949850371106, 37.436210980574067 ], [ -122.144839218140362, 37.436316308706566 ], [ -122.14490821024205, 37.436359758465592 ] ] ] } },
{ "type": "Feature", "properties": { "ZONE_TYPE": "Residential Multi-Family", "AREA_CALC": 148586.7, "SHAPE_Leng": 1818.1062356499999, "SHAPE_Area": 148588.248502, "has_CS": false, "Zone_Type_Abbr": "R" }, "geometry": { "type": "Polygon", "coordinates": [ [ [ -122.153384676167235, 37.433795580549379 ], [ -122.152769559302541, 37.433227812270566 ], [ -122.153200188561129, 37.43278534843548 ], [ -122.153212648087703, 37.43277402046288 ], [ -122.153223779875546, 37.432761832518125 ], [ -122.153233517424113, 37.432748894584506 ], [ -122.153241759250136, 37.432735318940651 ], [ -122.153248438853467, 37.432721215569828 ], [ -122.153253524796867, 37.432706695763684 ], [ -122.153256985603392, 37.432691869011933 ], [ -122.153258754262168, 37.432676873242414 ], [ -122.153258833740395, 37.43266179132435 ], [ -122.153257260986052, 37.432646760621978 ], [ -122.153253970118229, 37.432631919046798 ], [ -122.153249065763291, 37.432617347134524 ], [ -122.153242517082901, 37.432603183204051 ], [ -122.153234429920658, 37.432589562747438 ], [ -122.153224842266226, 37.432576568140227 ], [ -122.153286027312546, 37.432528789269206 ], [ -122.153548257710213, 37.432335641700405 ], [ -122.153799737233058, 37.43255278170642 ], [ -122.154432608416755, 37.432097217755562 ], [ -122.154712273848986, 37.432375214398014 ], [ -122.154132362084567, 37.433028853130565 ], [ -122.153384676167235, 37.433795580549379 ] ] ] } },
{ "type": "Feature", "properties": { "ZONE_TYPE": "Residential Multi-Family", "AREA_CALC": 68904.9, "SHAPE_Leng": 1577.1084299900001, "SHAPE_Area": 68904.731955499999, "has_CS": false, "Zone_Type_Abbr": "R" }, "geometry": { "type": "Polygon", "coordinates": [ [ [ -122.144845780635549, 37.432224354494728 ], [ -122.146079552784812, 37.433001507283137 ], [ -122.145862211054649, 37.433214526909808 ], [ -122.145383237857374, 37.432913209121118 ], [ -122.144886314214773, 37.433414696156866 ], [ -122.144616709438438, 37.433243141882471 ], [ -122.145113041866423, 37.432742899832853 ], [ -122.144631448490173, 37.432441175995685 ], [ -122.144845780635549, 37.432224354494728 ] ] ] } },
{ "type": "Feature", "properties": { "ZONE_TYPE": "Residential Multi-Family", "AREA_CALC": 17078.1, "SHAPE_Leng": 729.56262857700005, "SHAPE_Area": 17077.231488900001, "has_CS": false, "Zone_Type_Abbr": "R" }, "geometry": { "type": "Polygon", "coordinates": [ [ [ -122.129282920987563, 37.432621364450831 ], [ -122.129449461473016, 37.432527993530947 ], [ -122.130273877160917, 37.43305083635839 ], [ -122.130108661861215, 37.433143366334271 ], [ -122.130040936491753, 37.433095853040612 ], [ -122.12970148612898, 37.432883701450756 ], [ -122.129282920987563, 37.432621364450831 ] ] ] } },
{ "type": "Feature", "properties": { "ZONE_TYPE": "Residential Multi-Family", "AREA_CALC": 276904.7, "SHAPE_Leng": 2652.9549521399999, "SHAPE_Area": 276904.41592499998, "has_CS": false, "Zone_Type_Abbr": "R" }, "geometry": { "type": "Polygon", "coordinates": [ [ [ -122.128620023161844, 37.415183717167842 ], [ -122.128744530403424, 37.415020252287675 ], [ -122.129478804887356, 37.414149048087289 ], [ -122.129765895438553, 37.413812467998284 ], [ -122.129833691021972, 37.413848224985948 ], [ -122.130793983414364, 37.414351319581378 ], [ -122.12985635247054, 37.415489992541616 ], [ -122.130273095177387, 37.415707907143812 ], [ -122.130231057494896, 37.415757303224225 ], [ -122.130228169761949, 37.415763881588191 ], [ -122.130226045236284, 37.415770640402002 ], [ -122.130224679368553, 37.415777526557832 ], [ -122.130224108232625, 37.415784484581046 ], [ -122.130224294983734, 37.415791431171606 ], [ -122.130225272417348, 37.415798367676231 ], [ -122.130227005337645, 37.415805182834617 ], [ -122.130229493174184, 37.415811850519788 ], [ -122.130232733597296, 37.415818315790574 ], [ -122.13023665822594, 37.41582455165981 ], [ -122.13024129854513, 37.415830447743019 ], [ -122.130246551788474, 37.415836006369346 ], [ -122.130252415586682, 37.415841170795794 ], [ -122.130258821007686, 37.415845888809052 ], [ -122.130265733036367, 37.415850160895651 ], [ -122.130273114217502, 37.415853875826677 ], [ -122.130280864134008, 37.415857091773262 ], [ -122.130288945960174, 37.415859726336343 ], [ -122.130463562355104, 37.415954979406415 ], [ -122.130424375066951, 37.416000847379365 ], [ -122.13019929807956, 37.416274185009378 ], [ -122.130160051388785, 37.416318900172598 ], [ -122.129470826668225, 37.41595734476612 ], [ -122.129408912632158, 37.416033331767409 ], [ -122.129365576195241, 37.416010640228734 ], [ -122.12938895098128, 37.415983423658787 ], [ -122.129354427412451, 37.415965333829099 ], [ -122.12936217775561, 37.415955941985438 ], [ -122.129065265590498, 37.415800389017122 ], [ -122.129285714520933, 37.415532666578706 ], [ -122.128620023161844, 37.415183717167842 ] ] ] } },
{ "type": "Feature", "properties": { "ZONE_TYPE": "Public Facility", "AREA_CALC": 18198.7, "SHAPE_Leng": 551.68709883300005, "SHAPE_Area": 18197.624817100001, "has_CS": false, "Zone_Type_Abbr": "P" }, "geometry": { "type": "Polygon", "coordinates": [ [ [ -122.142998006423781, 37.426056026429329 ], [ -122.142518621420379, 37.425805355628327 ], [ -122.142723035479278, 37.425556373743156 ], [ -122.143206615956814, 37.425803634261946 ], [ -122.142998006423781, 37.426056026429329 ] ] ] } },
{ "type": "Feature", "properties": { "ZONE_TYPE": "Residential Multi-Family", "AREA_CALC": 40490.7, "SHAPE_Leng": 835.57353408899996, "SHAPE_Area": 40490.552618299997, "has_CS": false, "Zone_Type_Abbr": "R" }, "geometry": { "type": "Polygon", "coordinates": [ [ [ -122.140217730609081, 37.426875725559867 ], [ -122.140412259381748, 37.426627764727854 ], [ -122.140331600174989, 37.426576399863208 ], [ -122.140526952601704, 37.426339331888769 ], [ -122.140706674763052, 37.426434827722829 ], [ -122.141116865563603, 37.426649665767378 ], [ -122.140941846805063, 37.426862167390546 ], [ -122.140949059122917, 37.42686593990598 ], [ -122.140723409908119, 37.427141173797402 ], [ -122.140634692901216, 37.427093052592454 ], [ -122.140217730609081, 37.426875725559867 ] ] ] } },
{ "type": "Feature", "properties": { "ZONE_TYPE": "Commercial", "AREA_CALC": 74526.9, "SHAPE_Leng": 1257.82992601, "SHAPE_Area": 74442.325264900006, "has_CS": false, "Zone_Type_Abbr": "C" }, "geometry": { "type": "Polygon", "coordinates": [ [ [ -122.140331600174989, 37.426576399863208 ], [ -122.140298007127313, 37.426597855852428 ], [ -122.140199638121643, 37.426588490409657 ], [ -122.14024107459008, 37.42641145158445 ], [ -122.140291719855625, 37.426217775726727 ], [ -122.140331083176719, 37.426092186810713 ], [ -122.140385335669393, 37.425970154056024 ], [ -122.140454018485642, 37.425852808560506 ], [ -122.140567666419884, 37.425642209341184 ], [ -122.1415140162254, 37.426160439658382 ], [ -122.141116865563603, 37.426649665767378 ], [ -122.140706674763052, 37.426434827722829 ], [ -122.140526952601704, 37.426339331888769 ], [ -122.140331600174989, 37.426576399863208 ] ] ] } },
{ "type": "Feature", "properties": { "ZONE_TYPE": "Residential Multi-Family", "AREA_CALC": 45826.4, "SHAPE_Leng": 955.91840887599994, "SHAPE_Area": 45827.917061799999, "has_CS": false, "Zone_Type_Abbr": "R" }, "geometry": { "type": "Polygon", "coordinates": [ [ [ -122.141514811628412, 37.425304033690338 ], [ -122.142506372377326, 37.42582313485434 ], [ -122.142258578723073, 37.426129419249293 ], [ -122.141262387662792, 37.425608183600161 ], [ -122.141514811628412, 37.425304033690338 ] ] ] } },
{ "type": "Feature", "properties": { "ZONE_TYPE": "Residential Multi-Family", "AREA_CALC": 50865.9, "SHAPE_Leng": 1045.2583179000001, "SHAPE_Area": 50864.987302900001, "has_CS": false, "Zone_Type_Abbr": "R" }, "geometry": { "type": "Polygon", "coordinates": [ [ [ -122.140775955075171, 37.424521152380279 ], [ -122.141037249598057, 37.4242085558691 ], [ -122.141127151201317, 37.424100830017075 ], [ -122.141594632243738, 37.424343404303229 ], [ -122.141470577973834, 37.424494075827972 ], [ -122.141880725288033, 37.424708911721964 ], [ -122.141974578502726, 37.424754213212516 ], [ -122.141750326734325, 37.425033028219865 ], [ -122.140775955075171, 37.424521152380279 ] ] ] } },
{ "type": "Feature", "properties": { "ZONE_TYPE": "Commercial", "AREA_CALC": 17492.8, "SHAPE_Leng": 550.84325091300002, "SHAPE_Area": 17492.6832206, "has_CS": false, "Zone_Type_Abbr": "C" }, "geometry": { "type": "Polygon", "coordinates": [ [ [ -122.142649978582099, 37.423908444196172 ], [ -122.142744623124855, 37.42395999646623 ], [ -122.14315480506059, 37.424174827440581 ], [ -122.142965777414076, 37.424404394534129 ], [ -122.142462854817779, 37.424138505615062 ], [ -122.142649978582099, 37.423908444196172 ] ] ] } },
{ "type": "Feature", "properties": { "ZONE_TYPE": "Commercial\/Residential", "AREA_CALC": 5444.1, "SHAPE_Leng": 320.20076214599999, "SHAPE_Area": 5444.0420470899999, "has_CS": false, "Zone_Type_Abbr": "C\/R" }, "geometry": { "type": "Polygon", "coordinates": [ [ [ -122.143379276281436, 37.425690928338234 ], [ -122.143471895296315, 37.425578437596336 ], [ -122.143792069888562, 37.425745495248549 ], [ -122.143699416129195, 37.425857986732353 ], [ -122.143379276281436, 37.425690928338234 ] ] ] } },
{ "type": "Feature", "properties": { "ZONE_TYPE": "Residential Multi-Family", "AREA_CALC": 51365.0, "SHAPE_Leng": 1609.73227688, "SHAPE_Area": 51364.199491799998, "has_CS": false, "Zone_Type_Abbr": "R" }, "geometry": { "type": "Polygon", "coordinates": [ [ [ -122.141519902451947, 37.430302019389153 ], [ -122.141984592750404, 37.429728754258903 ], [ -122.14208870741956, 37.429786108149528 ], [ -122.142700742416096, 37.430171938782081 ], [ -122.14286285019412, 37.430274133379861 ], [ -122.143335627549718, 37.43057219632167 ], [ -122.143095370176454, 37.430814566812721 ], [ -122.142960295957266, 37.430729409805167 ], [ -122.143104450659095, 37.430583977100959 ], [ -122.142766713281731, 37.430371070190162 ], [ -122.142604604295059, 37.430268875476166 ], [ -122.142266905405947, 37.430055994560561 ], [ -122.14188245610103, 37.430443795631049 ], [ -122.141818357483842, 37.430505013778131 ], [ -122.141519902451947, 37.430302019389153 ] ] ] } },
{ "type": "Feature", "properties": { "ZONE_TYPE": "Commercial\/Residential", "AREA_CALC": 18153.2, "SHAPE_Leng": 564.14417010800003, "SHAPE_Area": 18152.2059395, "has_CS": false, "Zone_Type_Abbr": "C\/R" }, "geometry": { "type": "Polygon", "coordinates": [ [ [ -122.141072610492031, 37.423244786129302 ], [ -122.141459803913079, 37.423448297269779 ], [ -122.141595250368837, 37.423516585470175 ], [ -122.141495777398475, 37.423635378137469 ], [ -122.141406014601671, 37.423749365727758 ], [ -122.140883126014998, 37.423474108384362 ], [ -122.141072610492031, 37.423244786129302 ] ] ] } },
{ "type": "Feature", "properties": { "ZONE_TYPE": "Commercial\/Manufacturing", "AREA_CALC": 79829.5, "SHAPE_Leng": 1975.8445282800001, "SHAPE_Area": 79830.263380300006, "has_CS": false, "Zone_Type_Abbr": "C" }, "geometry": { "type": "Polygon", "coordinates": [ [ [ -122.138868083600741, 37.423581299434368 ], [ -122.139249517566896, 37.423102601168452 ], [ -122.139351016792915, 37.423162191937458 ], [ -122.139695068573161, 37.42334304518694 ], [ -122.139505578504384, 37.423572366132667 ], [ -122.139926944774245, 37.423796666010759 ], [ -122.13978170750498, 37.423977160686391 ], [ -122.140258372519497, 37.424228842018991 ], [ -122.140504118568757, 37.423932753356027 ], [ -122.140891312878992, 37.424136266378305 ], [ -122.141037249598057, 37.4242085558691 ], [ -122.140775955075171, 37.424521152380279 ], [ -122.140729564217665, 37.42449935838647 ], [ -122.140695235804145, 37.424545244753574 ], [ -122.138868083600741, 37.423581299434368 ] ] ] } },
{ "type": "Feature", "properties": { "ZONE_TYPE": "Residential Single-Family", "AREA_CALC": 290443.0, "SHAPE_Leng": 3434.8590242800001, "SHAPE_Area": 290425.81435300002, "has_CS": false, "Zone_Type_Abbr": "R" }, "geometry": { "type": "Polygon", "coordinates": [ [ [ -122.137568109958323, 37.424744432013554 ], [ -122.137612977723592, 37.424569708334374 ], [ -122.137660303757031, 37.424430137867446 ], [ -122.137716549098712, 37.42429522287263 ], [ -122.137781610300294, 37.424164936843368 ], [ -122.138045298506668, 37.423756915773403 ], [ -122.138380363474369, 37.423332376828874 ], [ -122.138587555032913, 37.423090339646791 ], [ -122.139061098436244, 37.422516604967385 ], [ -122.139157338481709, 37.422401045314942 ], [ -122.139557481333838, 37.422612870150907 ], [ -122.139648509383207, 37.422658294940703 ], [ -122.139750803300018, 37.422551797425086 ], [ -122.140512906161447, 37.42295059321021 ], [ -122.140685420292314, 37.423041272791494 ], [ -122.141072610492031, 37.423244786129302 ], [ -122.140883126014998, 37.423474108384362 ], [ -122.140504118568757, 37.423932753356027 ], [ -122.140027406926905, 37.423680496911658 ], [ -122.139926944774245, 37.423796666010759 ], [ -122.139505578504384, 37.423572366132667 ], [ -122.139695068573161, 37.42334304518694 ], [ -122.139351016792915, 37.423162191937458 ], [ -122.139249517566896, 37.423102601168452 ], [ -122.138868083600741, 37.423581299434368 ], [ -122.137829802869078, 37.424879386469414 ], [ -122.137568109958323, 37.424744432013554 ] ] ] } },
{ "type": "Feature", "properties": { "ZONE_TYPE": "Commercial\/Residential", "AREA_CALC": 1195298.2, "SHAPE_Leng": 8174.5835551399996, "SHAPE_Area": 1194052.17346, "has_CS": false, "Zone_Type_Abbr": "C\/R" }, "geometry": { "type": "Polygon", "coordinates": [ [ [ -122.133926915728225, 37.423567148695085 ], [ -122.134145655943215, 37.423298176752034 ], [ -122.134480599607471, 37.423474255906861 ], [ -122.134565384285267, 37.423514607681064 ], [ -122.135023244037441, 37.422960775264933 ], [ -122.135159466877894, 37.42279601478451 ], [ -122.135712195524221, 37.422114556197897 ], [ -122.135575202166223, 37.421723854354944 ], [ -122.135567834917367, 37.421599853053209 ], [ -122.135498259562539, 37.421497458352164 ], [ -122.135440090464257, 37.421390646425941 ], [ -122.135393791764855, 37.421280180450132 ], [ -122.135359693325583, 37.421166935416132 ], [ -122.135338088739744, 37.421051730041412 ], [ -122.135329101753058, 37.420935470120483 ], [ -122.135332852699975, 37.420819060590105 ], [ -122.135349259010809, 37.420703325399053 ], [ -122.135538144602947, 37.420221472293782 ], [ -122.135817706615725, 37.420364917285433 ], [ -122.13613240335691, 37.419979097790645 ], [ -122.137107605364591, 37.420479655123536 ], [ -122.137975142324393, 37.420937043034861 ], [ -122.13861302592241, 37.420154697138486 ], [ -122.140169066596883, 37.420977125392817 ], [ -122.139536352425054, 37.421765533088539 ], [ -122.141965565939287, 37.423037428975981 ], [ -122.141595250368837, 37.423516585470175 ], [ -122.141459803913079, 37.423448297269779 ], [ -122.141072610492031, 37.423244786129302 ], [ -122.140685420292314, 37.423041272791494 ], [ -122.140512906161447, 37.42295059321021 ], [ -122.139750803300018, 37.422551797425086 ], [ -122.139648509383207, 37.422658294940703 ], [ -122.139557481333838, 37.422612870150907 ], [ -122.139157338481709, 37.422401045314942 ], [ -122.138792183113765, 37.422206173283918 ], [ -122.138258559867793, 37.422846753664672 ], [ -122.1374810302528, 37.422438104878005 ], [ -122.137243608242969, 37.422730884325446 ], [ -122.137063699690756, 37.422638846576426 ], [ -122.136492496447673, 37.422336060716788 ], [ -122.136242171141916, 37.422638988993825 ], [ -122.136068219158631, 37.422609688751677 ], [ -122.135871628077439, 37.422501291546169 ], [ -122.135781528513917, 37.422199512242351 ], [ -122.135692180039797, 37.422307611040608 ], [ -122.135729662032446, 37.422389741581391 ], [ -122.135758305412992, 37.422474083427936 ], [ -122.135777926943604, 37.422560062369854 ], [ -122.135788374918434, 37.422647047880567 ], [ -122.135789566556227, 37.422734409371763 ], [ -122.135793249560962, 37.422881975353704 ], [ -122.135853847055017, 37.422914119991795 ], [ -122.135294481122997, 37.423580535919754 ], [ -122.134838048841871, 37.423341161540122 ], [ -122.134431592935698, 37.423831428022183 ], [ -122.134056247721361, 37.423636518372973 ], [ -122.133926915728225, 37.423567148695085 ] ] ] } },
{ "type": "Feature", "properties": { "ZONE_TYPE": "Residential Multi-Family", "AREA_CALC": 61566.6, "SHAPE_Leng": 1205.80059246, "SHAPE_Area": 61566.226309199999, "has_CS": false, "Zone_Type_Abbr": "R" }, "geometry": { "type": "Polygon", "coordinates": [ [ [ -122.141127151201317, 37.424100830017075 ], [ -122.141406014601671, 37.423749365727758 ], [ -122.141495777398475, 37.423635378137469 ], [ -122.141971887538787, 37.423883599698932 ], [ -122.141783663972916, 37.424113840318419 ], [ -122.142282733415371, 37.424372204201696 ], [ -122.141974578502726, 37.424754213212516 ], [ -122.141880725288033, 37.424708911721964 ], [ -122.141470577973834, 37.424494075827972 ], [ -122.141594632243738, 37.424343404303229 ], [ -122.141127151201317, 37.424100830017075 ] ] ] } },
{ "type": "Feature", "properties": { "ZONE_TYPE": "Public Facility", "AREA_CALC": 42965.4, "SHAPE_Leng": 849.65595864800002, "SHAPE_Area": 42965.761390200001, "has_CS": false, "Zone_Type_Abbr": "P" }, "geometry": { "type": "Polygon", "coordinates": [ [ [ -122.141495777398475, 37.423635378137469 ], [ -122.141595250368837, 37.423516585470175 ], [ -122.141965565939287, 37.423037428975981 ], [ -122.142458060578946, 37.423296268866778 ], [ -122.141971887538787, 37.423883599698932 ], [ -122.141495777398475, 37.423635378137469 ] ] ] } },
{ "type": "Feature", "properties": { "ZONE_TYPE": "Residential Multi-Family", "AREA_CALC": 158746.8, "SHAPE_Leng": 2682.05910245, "SHAPE_Area": 158746.67905199999, "has_CS": false, "Zone_Type_Abbr": "R" }, "geometry": { "type": "Polygon", "coordinates": [ [ [ -122.140217730609081, 37.426875725559867 ], [ -122.140634692901216, 37.427093052592454 ], [ -122.140487706768312, 37.427277225973093 ], [ -122.140524564828468, 37.427300855740491 ], [ -122.140942350222289, 37.427563328705638 ], [ -122.140822281567083, 37.427709109613787 ], [ -122.140985213097665, 37.427811459212727 ], [ -122.140915332619045, 37.427896326079541 ], [ -122.141619186101124, 37.428339112111495 ], [ -122.141707918396577, 37.428235988497434 ], [ -122.141753915239462, 37.428260094733808 ], [ -122.141862105734887, 37.428133350313743 ], [ -122.142116156545939, 37.428283291200266 ], [ -122.142828534205776, 37.428730976846332 ], [ -122.142674651474977, 37.428900635584689 ], [ -122.142418983419063, 37.429207964904066 ], [ -122.14209560250336, 37.429005320901162 ], [ -122.140290434169259, 37.427870480552208 ], [ -122.140114550095589, 37.427694309493077 ], [ -122.140273569412841, 37.427516918489637 ], [ -122.14028762450576, 37.427012394976565 ], [ -122.140217730609081, 37.426875725559867 ] ] ] } },
{ "type": "Feature", "properties": { "ZONE_TYPE": "Residential Single-Family", "AREA_CALC": 4417211.7, "SHAPE_Leng": 10755.893636500001, "SHAPE_Area": 4417161.4193299999, "has_CS": false, "Zone_Type_Abbr": "R" }, "geometry": { "type": "Polygon", "coordinates": [ [ [ -122.133052539311919, 37.393744730649388 ], [ -122.133145424639139, 37.39273893052836 ], [ -122.132055293546941, 37.391333363462429 ], [ -122.13211489665305, 37.390976318842583 ], [ -122.135175913164673, 37.391049818583397 ], [ -122.134867474861409, 37.391450355646285 ], [ -122.135259090818494, 37.391611054932525 ], [ -122.135234180047533, 37.392127294285615 ], [ -122.135303250629406, 37.392124573866404 ], [ -122.135326693250576, 37.391638790508225 ], [ -122.136338908577713, 37.391958720455968 ], [ -122.136335347226336, 37.390951130096482 ], [ -122.137280301973817, 37.390986013040013 ], [ -122.138231915636638, 37.392304963001941 ], [ -122.138241905511038, 37.392302103615833 ], [ -122.138252152088782, 37.392299927362785 ], [ -122.13826261984984, 37.392298462676202 ], [ -122.138273207763021, 37.392297738003641 ], [ -122.138283811352721, 37.392297727768238 ], [ -122.13829439618857, 37.392298458585913 ], [ -122.138304860666182, 37.392299932777263 ], [ -122.138315132462509, 37.392302097280158 ], [ -122.138325111655789, 37.392304979625479 ], [ -122.13833475977799, 37.392308525377132 ], [ -122.138344010228593, 37.392312736366677 ], [ -122.138352722895178, 37.392317558676709 ], [ -122.138360897204592, 37.392322966180402 ], [ -122.138365561033496, 37.392325235154644 ], [ -122.138370457641798, 37.392327199873733 ], [ -122.138375554167425, 37.392328804020707 ], [ -122.138380780105678, 37.392330077419047 ], [ -122.138386137082307, 37.392330991207423 ], [ -122.138391553386654, 37.392331520252611 ], [ -122.138397030721066, 37.392331690665813 ], [ -122.138402500762538, 37.392331477266509 ], [ -122.138407927951093, 37.392330906686396 ], [ -122.138413243427635, 37.392329980788745 ], [ -122.138418482196016, 37.392328699084509 ], [ -122.13842354088959, 37.392327035080321 ], [ -122.13842842132722, 37.392325071661809 ], [ -122.138614320467909, 37.392260339861863 ], [ -122.138647045932913, 37.392250213576048 ], [ -122.138680784667145, 37.392242408150622 ], [ -122.138715266938547, 37.392237036399663 ], [ -122.138750216222732, 37.392234158962395 ], [ -122.139375395064135, 37.392189217542779 ], [ -122.139394171974971, 37.392188240415912 ], [ -122.139412978517896, 37.392188664248934 ], [ -122.139431642448557, 37.392190463512101 ], [ -122.139450028268897, 37.392193640099663 ], [ -122.139467959773128, 37.392198142402492 ], [ -122.139485300810151, 37.392203942584295 ], [ -122.139501913069338, 37.392211017344927 ], [ -122.139517620227309, 37.39221925830126 ], [ -122.14055131575779, 37.392437546350386 ], [ -122.140826806745679, 37.394011998377692 ], [ -122.140713623034074, 37.394022179310937 ], [ -122.140831218407484, 37.394845615534976 ], [ -122.141426836639795, 37.395364079256012 ], [ -122.141569014725434, 37.395440210523923 ], [ -122.140396499642335, 37.39604645470974 ], [ -122.139859278530295, 37.396310306482825 ], [ -122.138410704855858, 37.396985160406693 ], [ -122.137952062594849, 37.397215574751698 ], [ -122.137268244316189, 37.397587244266781 ], [ -122.136479544992142, 37.398002838829228 ], [ -122.135529751658211, 37.398524342847693 ], [ -122.135466688300269, 37.398367743644371 ], [ -122.135445651353422, 37.398370920835795 ], [ -122.135424375803055, 37.398372590928936 ], [ -122.135402965004531, 37.398372779518745 ], [ -122.135381658361013, 37.398371483267177 ], [ -122.135360525907117, 37.398368702099056 ], [ -122.135339809857001, 37.398364457871082 ], [ -122.135319645781394, 37.398358751396998 ], [ -122.135300176076882, 37.398351688836435 ], [ -122.135281571261672, 37.398343267812358 ], [ -122.135263937654926, 37.398333597691249 ], [ -122.135247448087739, 37.398322730136321 ], [ -122.135232209376568, 37.39831074566861 ], [ -122.13521835947887, 37.398297754114786 ], [ -122.135204944925292, 37.398282668395566 ], [ -122.135189969350265, 37.398268566024619 ], [ -122.135173535053141, 37.398255527584851 ], [ -122.135155818271699, 37.398243605592313 ], [ -122.135136888650678, 37.398232936960042 ], [ -122.135126977932117, 37.398226867617133 ], [ -122.135117774288389, 37.398220073759845 ], [ -122.135109417895507, 37.39821266338128 ], [ -122.135101908255606, 37.398204665327199 ], [ -122.13509535216491, 37.398196159217449 ], [ -122.135089820303079, 37.398187226076644 ], [ -122.135085312763877, 37.398177921778426 ], [ -122.135081865757513, 37.398168300791681 ], [ -122.135079551186891, 37.398158499998623 ], [ -122.135078335208902, 37.398148573042285 ], [ -122.135078287930796, 37.398138574820102 ], [ -122.134937584878429, 37.398191051504675 ], [ -122.134895612890702, 37.398216138545209 ], [ -122.134851131022373, 37.398238238810535 ], [ -122.134804377345915, 37.398257184960073 ], [ -122.134755795493547, 37.398272859959711 ], [ -122.134705658621158, 37.398285150954209 ], [ -122.134654412029903, 37.39829391385107 ], [ -122.134602363992897, 37.398299143451617 ], [ -122.13454999721128, 37.398300752820553 ], [ -122.1344976194016, 37.398298762903224 ], [ -122.134445678924209, 37.398293169254103 ], [ -122.134394522501609, 37.398284020213659 ], [ -122.134344529145153, 37.398271394313944 ], [ -122.13429607897524, 37.398255369171004 ], [ -122.134249589391203, 37.398236074151768 ], [ -122.134205303447331, 37.398213672595354 ], [ -122.134163637968612, 37.398188267742697 ], [ -122.134124873360221, 37.398160129656532 ], [ -122.134200932635068, 37.39588586168869 ], [ -122.134384753598326, 37.395879756748741 ], [ -122.134384987375867, 37.3958165474032 ], [ -122.134410534349286, 37.394747132954521 ], [ -122.133846918029505, 37.394735152985561 ], [ -122.133869416850871, 37.394062594809498 ], [ -122.133886476535693, 37.394016209992053 ], [ -122.13308261370679, 37.394006831383471 ], [ -122.133064488388939, 37.393955772700977 ], [ -122.133052363855853, 37.393903558026061 ], [ -122.133046284829121, 37.393850683302162 ], [ -122.133046363091154, 37.393797611995936 ], [ -122.133052539311919, 37.393744730649388 ] ] ] } },
{ "type": "Feature", "properties": { "ZONE_TYPE": "Residential Single-Family", "AREA_CALC": 10243946.0, "SHAPE_Leng": 23118.093640800002, "SHAPE_Area": 10244538.267000001, "has_CS": false, "Zone_Type_Abbr": "R" }, "geometry": { "type": "Polygon", "coordinates": [ [ [ -122.12385989000984, 37.409721866452884 ], [ -122.124523011013252, 37.408740813696923 ], [ -122.124630898907398, 37.408788406325932 ], [ -122.125403559542391, 37.409124056247613 ], [ -122.125584991913328, 37.409202849704847 ], [ -122.126322758052083, 37.409523347644267 ], [ -122.126412498142955, 37.409561328383134 ], [ -122.126766209311896, 37.409042703306014 ], [ -122.127369117646339, 37.408146386234804 ], [ -122.128022587030301, 37.407216538638366 ], [ -122.130216217218305, 37.408163906805136 ], [ -122.129602687795042, 37.408890794255576 ], [ -122.132548892125172, 37.410451561561139 ], [ -122.133724921785287, 37.40902983108343 ], [ -122.133941093916278, 37.408684779542831 ], [ -122.133944156938753, 37.408678391492344 ], [ -122.133946411723869, 37.40867445966942 ], [ -122.133948841103035, 37.408670607424291 ], [ -122.13395154846387, 37.408666861254162 ], [ -122.133954429900669, 37.408663222606243 ], [ -122.133957555436808, 37.408659690505353 ], [ -122.133960855048812, 37.408656265926659 ], [ -122.133964364951481, 37.408653003339317 ], [ -122.133968048930058, 37.408649848274173 ], [ -122.133971908705547, 37.408646827743411 ], [ -122.133975978771588, 37.408643969203951 ], [ -122.133980154611237, 37.40864124617422 ], [ -122.133984541352859, 37.408638713064583 ], [ -122.133989033868062, 37.408636315464577 ], [ -122.133993668391298, 37.408634108744288 ], [ -122.133998444291478, 37.408632064073885 ], [ -122.134003328317448, 37.408630210755085 ], [ -122.134008284846203, 37.408628521346714 ], [ -122.134013382233917, 37.408627021932809 ], [ -122.134018518833884, 37.408625713929169 ], [ -122.134023764171133, 37.408624625205945 ], [ -122.134029046979862, 37.408623699979849 ], [ -122.134034368482972, 37.40862299410864 ], [ -122.134039729198349, 37.408622479647704 ], [ -122.13404512801651, 37.408622157513676 ], [ -122.134050532756518, 37.408622054289808 ], [ -122.134055939995932, 37.408622116852584 ], [ -122.134061352619582, 37.408622425369238 ], [ -122.134066701107614, 37.408622900600797 ], [ -122.134072053258876, 37.408623594773921 ], [ -122.134077341866345, 37.408624482689959 ], [ -122.134082599663117, 37.40862556299161 ], [ -122.134087757163655, 37.408626809610766 ], [ -122.134092851712126, 37.408628277000737 ], [ -122.134097846556131, 37.408629937736045 ], [ -122.134102742253148, 37.408631765674109 ], [ -122.134107503214253, 37.408633786544385 ], [ -122.134112166138124, 37.408635973700733 ], [ -122.134116693773962, 37.408638328563249 ], [ -122.134121088932815, 37.408640876326601 ], [ -122.134121925950637, 37.408641386464517 ], [ -122.134649544458497, 37.40889798310026 ], [ -122.135034900434235, 37.40841342004606 ], [ -122.135263792342613, 37.40853460756054 ], [ -122.135283321335876, 37.408525380944923 ], [ -122.135457497423246, 37.408624587106907 ], [ -122.135767878326988, 37.408248304867719 ], [ -122.135580362704388, 37.408150080927378 ], [ -122.136764005856989, 37.406702941590233 ], [ -122.137821138267228, 37.407246214966754 ], [ -122.1383355776494, 37.408455405179879 ], [ -122.138179595081382, 37.40850595670949 ], [ -122.138122642845104, 37.408637887413541 ], [ -122.138071318870217, 37.408751748718785 ], [ -122.137953936687893, 37.408930946079643 ], [ -122.137858470536997, 37.409074786720083 ], [ -122.138112922173363, 37.409282359271224 ], [ -122.138219389195896, 37.409512681581781 ], [ -122.138282833058724, 37.409654524053195 ], [ -122.138143797341669, 37.410034930713451 ], [ -122.138289364991977, 37.410203177111931 ], [ -122.138423239469319, 37.410357962221681 ], [ -122.138599922395557, 37.410470616259957 ], [ -122.138667530283129, 37.41065143250227 ], [ -122.138607037638835, 37.410942183719584 ], [ -122.13961615763526, 37.411470757676938 ], [ -122.140671951680787, 37.413952884513456 ], [ -122.140426692979119, 37.414250807648912 ], [ -122.139381068405285, 37.415520995641657 ], [ -122.137990062367649, 37.41721041838629 ], [ -122.136634185699975, 37.41885093340089 ], [ -122.135645256442473, 37.418332599177823 ], [ -122.135650142483087, 37.41837329436148 ], [ -122.135236353131646, 37.418156372965832 ], [ -122.135666447524443, 37.417625943780457 ], [ -122.135165095843419, 37.417364040856029 ], [ -122.13508951735794, 37.41745587799376 ], [ -122.134359063396772, 37.417073637196452 ], [ -122.134318025844408, 37.417130849597072 ], [ -122.134312098305131, 37.417135382319444 ], [ -122.134308063396446, 37.417138267409058 ], [ -122.134303956660872, 37.417141071489482 ], [ -122.134299746471385, 37.417143795001223 ], [ -122.134295499451028, 37.417146436115054 ], [ -122.134291112219969, 37.417148969234887 ], [ -122.134286689899142, 37.417151447869848 ], [ -122.134282161273532, 37.417153818939745 ], [ -122.134277595817025, 37.417156107611646 ], [ -122.134272926886979, 37.417158314813946 ], [ -122.134268219424371, 37.417160413507006 ], [ -122.13426344237439, 37.417162430258394 ], [ -122.134258594015662, 37.417164338055905 ], [ -122.134253674959666, 37.417166164828409 ], [ -122.134248718461365, 37.417167881274047 ], [ -122.134243726301278, 37.417169517107816 ], [ -122.134238662812734, 37.417171043086768 ], [ -122.134233563050955, 37.417172460525009 ], [ -122.134228391442733, 37.417173796052985 ], [ -122.134223218557196, 37.417175021651474 ], [ -122.134218008249235, 37.417176137824065 ], [ -122.134212726652365, 37.417177145943661 ], [ -122.134207443220831, 37.417178070276542 ], [ -122.134202122386554, 37.417178886084415 ], [ -122.134196799683366, 37.417179564934919 ], [ -122.134191440761029, 37.417180189316234 ], [ -122.134186078820605, 37.417180675854993 ], [ -122.134180680587306, 37.417181052952046 ], [ -122.134175279429442, 37.417181348079978 ], [ -122.134169876382941, 37.417181505349596 ], [ -122.134164471541439, 37.417181580634342 ], [ -122.134159063163793, 37.417181546021091 ], [ -122.134153653528898, 37.417181402379413 ], [ -122.134148275353951, 37.417181147451018 ], [ -122.134142860886342, 37.417180783080944 ], [ -122.134137477898477, 37.417180308325129 ], [ -122.134132127001749, 37.417179751112478 ], [ -122.134126774828218, 37.417179083970346 ], [ -122.134121489169843, 37.417178306855753 ], [ -122.134116166069688, 37.417177419414223 ], [ -122.134110909465036, 37.417176421099271 ], [ -122.134107345888921, 37.417175702007391 ], [ -122.134098772223012, 37.417174200159053 ], [ -122.134093421864847, 37.417173615900992 ], [ -122.134088006879992, 37.417173279472934 ], [ -122.134082597817837, 37.417173161954885 ], [ -122.134077194180037, 37.417173292192359 ], [ -122.134071830444356, 37.417173696741273 ], [ -122.134066471521464, 37.417174321116853 ], [ -122.134061151277649, 37.417175163946219 ], [ -122.134055940967244, 37.417176280111612 ], [ -122.134050804371313, 37.417177615144041 ], [ -122.134045741489714, 37.417179169043507 ], [ -122.134040821816072, 37.417180967878224 ], [ -122.134036044778355, 37.417182985521251 ], [ -122.134031409725637, 37.417185192241966 ], [ -122.13402695117513, 37.417187616398145 ], [ -122.134022669126935, 37.417190257989795 ], [ -122.134018563507297, 37.41719306204444 ], [ -122.134014668813933, 37.417196056019037 ], [ -122.134010985027004, 37.41719923901266 ], [ -122.134008892881269, 37.417201218358699 ], [ -122.133966695252028, 37.417236938636137 ], [ -122.133707310786363, 37.417610280040236 ], [ -122.133706471682373, 37.417715085606616 ], [ -122.133705084611023, 37.417724087228663 ], [ -122.133704248153137, 37.417728356167295 ], [ -122.13370327329875, 37.417732599996917 ], [ -122.133702160028207, 37.417736817816646 ], [ -122.133700943377164, 37.417741010039812 ], [ -122.133699622807669, 37.417745203710041 ], [ -122.133698198857573, 37.417749371783671 ], [ -122.133696635879943, 37.417753485918539 ], [ -122.1336949690035, 37.417757602401409 ], [ -122.133693164228973, 37.41776166492977 ], [ -122.133691254964006, 37.417765702778183 ], [ -122.133689242279004, 37.417769713228147 ], [ -122.133687124492155, 37.417773671069327 ], [ -122.133684868288952, 37.417777602900543 ], [ -122.133682508093798, 37.417781481206354 ], [ -122.133680078404367, 37.417785333443611 ], [ -122.133679111140538, 37.417786775322 ], [ -122.133585750991216, 37.417922260176638 ], [ -122.13356356580816, 37.417956603074749 ], [ -122.133516137329025, 37.417929601877105 ], [ -122.133199558664771, 37.417763730314675 ], [ -122.133114480908759, 37.417867043639212 ], [ -122.132804036719662, 37.417704437212251 ], [ -122.132688929474483, 37.417644124599235 ], [ -122.131086385218836, 37.416804610855223 ], [ -122.130958078700644, 37.416737393016788 ], [ -122.130160051388785, 37.416318900172598 ], [ -122.13019929807956, 37.416274185009378 ], [ -122.130463562355104, 37.415954979406415 ], [ -122.130288945960174, 37.415859726336343 ], [ -122.130279544756846, 37.415856588310426 ], [ -122.130274749623965, 37.41585462272915 ], [ -122.130270087471473, 37.415852434504679 ], [ -122.130265557819186, 37.415850053383572 ], [ -122.130261231787628, 37.415847476575046 ], [ -122.130257073232059, 37.415844704581417 ], [ -122.130253151072935, 37.415841737346121 ], [ -122.130249397609873, 37.415838630783526 ], [ -122.130245882263083, 37.415835355991554 ], [ -122.13024260564255, 37.41583194089916 ], [ -122.130239565989129, 37.415828356692181 ], [ -122.130236764542431, 37.415824660129381 ], [ -122.13023423629781, 37.415820849823206 ], [ -122.130231980716133, 37.415816952817295 ], [ -122.130229963860614, 37.415812915510976 ], [ -122.130228257012917, 37.415808845959553 ], [ -122.130226857272419, 37.415804663094896 ], [ -122.130225731395015, 37.415800448487289 ], [ -122.130224881659458, 37.415796203006394 ], [ -122.130224339062408, 37.415791897382846 ], [ -122.130224107102592, 37.415787588344038 ], [ -122.130224150745278, 37.415783275475448 ], [ -122.130224505595706, 37.415778985318568 ], [ -122.130225168804486, 37.415774690876752 ], [ -122.130226109945525, 37.415770447546322 ], [ -122.130227326759595, 37.415766255358626 ], [ -122.130228854261773, 37.415762113827093 ], [ -122.130230694171871, 37.415758049963983 ], [ -122.130231057494896, 37.415757303224225 ], [ -122.130273095177387, 37.415707907143812 ], [ -122.12985635247054, 37.415489992541616 ], [ -122.129952018670565, 37.415374777367603 ], [ -122.130793983414364, 37.414351319581378 ], [ -122.131077524606511, 37.414006984729681 ], [ -122.130061675039954, 37.413473295328487 ], [ -122.129765895438553, 37.413812467998284 ], [ -122.129478804887356, 37.414149048087289 ], [ -122.129398385559227, 37.41411401596087 ], [ -122.128742678776547, 37.413769131919224 ], [ -122.128477777153591, 37.413629806331443 ], [ -122.127700533618381, 37.413220980637192 ], [ -122.127542444680742, 37.413137828160856 ], [ -122.127482770005173, 37.413106435293599 ], [ -122.127009102702544, 37.412857463724379 ], [ -122.126765127530675, 37.412728310702455 ], [ -122.126547587245625, 37.412614392306146 ], [ -122.126847083258866, 37.412251003330766 ], [ -122.127547277185116, 37.41139951169238 ], [ -122.12571667356184, 37.410606902793738 ], [ -122.125195112791289, 37.410377788020618 ], [ -122.124877158277812, 37.410239685171575 ], [ -122.123818890864868, 37.409781024826657 ], [ -122.12385989000984, 37.409721866452884 ] ], [ [ -122.136046233921448, 37.413030091852001 ], [ -122.137773291435792, 37.413935977519223 ], [ -122.137990097024954, 37.413856971763444 ], [ -122.138213221732471, 37.413640643560854 ], [ -122.138261638100289, 37.413626425032675 ], [ -122.138272541751334, 37.413632123393164 ], [ -122.138394717082207, 37.41360036647103 ], [ -122.138488551266221, 37.41343528705152 ], [ -122.138468559593264, 37.413373294753157 ], [ -122.138372129971444, 37.412993373797647 ], [ -122.138256051625149, 37.412570162874133 ], [ -122.136971595554996, 37.411891896476227 ], [ -122.136046233921448, 37.413030091852001 ] ], [ [ -122.136283786920259, 37.411530196412684 ], [ -122.136061845548937, 37.411413939849403 ], [ -122.135862687179539, 37.411309643197974 ], [ -122.135842310858237, 37.411299104761795 ], [ -122.135780124340855, 37.411266350636069 ], [ -122.135509448038874, 37.411124539410892 ], [ -122.135276500334541, 37.411002502204539 ], [ -122.134772845467594, 37.410738679122304 ], [ -122.134556321283384, 37.411001661561656 ], [ -122.13432443361836, 37.411285018474949 ], [ -122.1343350295855, 37.411322256450973 ], [ -122.134421609869776, 37.411363516802155 ], [ -122.134422398043384, 37.411368037981809 ], [ -122.134556243247047, 37.411400673959243 ], [ -122.134593259617517, 37.411441471233466 ], [ -122.134615241040919, 37.411501734046247 ], [ -122.134795751400205, 37.411586403970148 ], [ -122.134792891410399, 37.411592624291067 ], [ -122.134625649164519, 37.411793032470314 ], [ -122.134556370452572, 37.411878244244896 ], [ -122.134398578147383, 37.412069949947828 ], [ -122.134617280099789, 37.412184524467364 ], [ -122.134752838634668, 37.412254411114404 ], [ -122.1350493854886, 37.412413800229707 ], [ -122.13518650618839, 37.412482703928454 ], [ -122.135405210539574, 37.412597276075168 ], [ -122.135563035870248, 37.412405596481655 ], [ -122.135626366487188, 37.412328679721909 ], [ -122.135708330208118, 37.412226726283784 ], [ -122.135796467785525, 37.41212207770711 ], [ -122.135844343304001, 37.412062791218908 ], [ -122.135993833438746, 37.411880566428422 ], [ -122.136029896798235, 37.41183855847855 ], [ -122.136238737425316, 37.411584882674177 ], [ -122.136283786920259, 37.411530196412684 ] ] ] } },
{ "type": "Feature", "properties": { "ZONE_TYPE": "Commercial\/Manufacturing\/Residential", "AREA_CALC": 559050.2, "SHAPE_Leng": 3294.6498882599999, "SHAPE_Area": 560606.71732099995, "has_CS": false, "Zone_Type_Abbr": "C\/R" }, "geometry": { "type": "Polygon", "coordinates": [ [ [ -122.134515778748479, 37.39956224026313 ], [ -122.134647079649582, 37.399547224914144 ], [ -122.134779504209646, 37.399541122003434 ], [ -122.13491209150051, 37.399543998093129 ], [ -122.135043875416031, 37.399555786443528 ], [ -122.135173959227416, 37.399576441882026 ], [ -122.135301411165443, 37.399605815188735 ], [ -122.135425261405757, 37.39964367026095 ], [ -122.135544644646984, 37.399689747012324 ], [ -122.136140269743038, 37.399883280444747 ], [ -122.136869126965124, 37.400123022906641 ], [ -122.137146281113985, 37.400229057798228 ], [ -122.137409595037781, 37.400355502016311 ], [ -122.137656770926128, 37.400501261229834 ], [ -122.138190429470043, 37.400823325286801 ], [ -122.136703169581992, 37.40240492082993 ], [ -122.136120620613156, 37.402562368816177 ], [ -122.135994841686767, 37.402267102815443 ], [ -122.13602746239107, 37.402258269321109 ], [ -122.135675805156993, 37.401477154426161 ], [ -122.135643692135758, 37.401487078416686 ], [ -122.135034898264479, 37.400365856912309 ], [ -122.134515778748479, 37.39956224026313 ] ] ] } },
{ "type": "Feature", "properties": { "ZONE_TYPE": "Residential Multi-Family", "AREA_CALC": 93728.2, "SHAPE_Leng": 1433.5755734, "SHAPE_Area": 93727.287448899995, "has_CS": false, "Zone_Type_Abbr": "R" }, "geometry": { "type": "Polygon", "coordinates": [ [ [ -122.135070347683723, 37.418365114827033 ], [ -122.135236353131646, 37.418156372965832 ], [ -122.135650142483087, 37.41837329436148 ], [ -122.135645256442473, 37.418332599177823 ], [ -122.135694657784924, 37.418358472552825 ], [ -122.136634185699975, 37.41885093340089 ], [ -122.136309656428082, 37.419251312591555 ], [ -122.136147716811706, 37.419449120817823 ], [ -122.135826419304351, 37.419280658034374 ], [ -122.135337720628428, 37.418960152380137 ], [ -122.135465093665701, 37.418740824222368 ], [ -122.135462718609972, 37.418571128003116 ], [ -122.135070347683723, 37.418365114827033 ] ] ] } },
{ "type": "Feature", "properties": { "ZONE_TYPE": "Residential Multi-Family", "AREA_CALC": 1135053.7, "SHAPE_Leng": 7069.6044700700004, "SHAPE_Area": 1135051.19095, "has_CS": false, "Zone_Type_Abbr": "R" }, "geometry": { "type": "Polygon", "coordinates": [ [ [ -122.127743462729484, 37.417065542355552 ], [ -122.128177155262321, 37.416536849562696 ], [ -122.128468029789929, 37.416685538507835 ], [ -122.128756751425939, 37.416836481707676 ], [ -122.128785203422055, 37.416802025701777 ], [ -122.129603334135197, 37.417229724769122 ], [ -122.129754902261112, 37.417352876804543 ], [ -122.130428776115792, 37.41770632142034 ], [ -122.130670754885074, 37.417783963087935 ], [ -122.131145464258324, 37.418032960880417 ], [ -122.131209213937368, 37.418069350147114 ], [ -122.131661691157603, 37.418307832441165 ], [ -122.131635620639301, 37.418339344240458 ], [ -122.131949136367126, 37.4185037792247 ], [ -122.132025797858475, 37.418409264258436 ], [ -122.134722877878161, 37.419817534123958 ], [ -122.134546860793691, 37.420030150137485 ], [ -122.134201671021017, 37.419851000364638 ], [ -122.134027976867884, 37.419757635980041 ], [ -122.133682980380527, 37.419576256946741 ], [ -122.133664023861513, 37.419599182595839 ], [ -122.133319030120489, 37.419417802474754 ], [ -122.132749768466297, 37.419118515388504 ], [ -122.132654984383962, 37.41923317079732 ], [ -122.13224529572696, 37.41901777518548 ], [ -122.132152158245233, 37.418966825396197 ], [ -122.132243794337043, 37.418851527476015 ], [ -122.13183684908914, 37.418638564313845 ], [ -122.131628635188306, 37.418890959473913 ], [ -122.131149693370944, 37.419471359127044 ], [ -122.130701007724412, 37.420015077127829 ], [ -122.130070213142105, 37.42077250359177 ], [ -122.129363814787695, 37.420402313353613 ], [ -122.129097948655428, 37.420626964220176 ], [ -122.12888964389461, 37.420879079772604 ], [ -122.12745694743144, 37.419975490500669 ], [ -122.1277196210835, 37.419658015941522 ], [ -122.12813916081177, 37.419193494591525 ], [ -122.12828126793039, 37.419009184597435 ], [ -122.128358532536055, 37.418916805893005 ], [ -122.129138168454318, 37.417977621775719 ], [ -122.129027127932318, 37.417926725294464 ], [ -122.128208993470992, 37.417499049257721 ], [ -122.128318377770199, 37.41736672501677 ], [ -122.127743462729484, 37.417065542355552 ] ] ] } },
{ "type": "Feature", "properties": { "ZONE_TYPE": "Commercial\/Residential", "AREA_CALC": 664698.4, "SHAPE_Leng": 6705.5504293599997, "SHAPE_Area": 665501.50681699999, "has_CS": false, "Zone_Type_Abbr": "C\/R" }, "geometry": { "type": "Polygon", "coordinates": [ [ [ -122.128147585283827, 37.415721273035643 ], [ -122.128620023161844, 37.415183717167842 ], [ -122.129285714520933, 37.415532666578706 ], [ -122.129065265590498, 37.415800389017122 ], [ -122.12936217775561, 37.415955941985438 ], [ -122.129354427412451, 37.415965333829099 ], [ -122.12938895098128, 37.415983423658787 ], [ -122.129365576195241, 37.416010640228734 ], [ -122.129408912632158, 37.416033331767409 ], [ -122.129470826668225, 37.41595734476612 ], [ -122.130160051388785, 37.416318900172598 ], [ -122.130958078700644, 37.416737393016788 ], [ -122.131086385218836, 37.416804610855223 ], [ -122.132688929474483, 37.417644124599235 ], [ -122.132804036719662, 37.417704437212251 ], [ -122.133114480908759, 37.417867043639212 ], [ -122.133199558664771, 37.417763730314675 ], [ -122.133516137329025, 37.417929601877105 ], [ -122.13356356580816, 37.417956603074749 ], [ -122.133585750991216, 37.417922260176638 ], [ -122.13362377147223, 37.417948979595444 ], [ -122.133914987715983, 37.418101523869716 ], [ -122.133941084374868, 37.418069653406597 ], [ -122.134404999204989, 37.418312663030122 ], [ -122.133972268000377, 37.418838070154081 ], [ -122.134469639287005, 37.419098853102582 ], [ -122.135704769972136, 37.419759596177229 ], [ -122.135835443519042, 37.419824358908294 ], [ -122.135997284837941, 37.419906376641663 ], [ -122.13613240335691, 37.419979097790645 ], [ -122.135817706615725, 37.420364917285433 ], [ -122.135538144602947, 37.420221472293782 ], [ -122.135223794050191, 37.420057333211155 ], [ -122.135067326039092, 37.42000048318171 ], [ -122.134722877878161, 37.419817534123958 ], [ -122.132025797858475, 37.418409264258436 ], [ -122.131949136367126, 37.4185037792247 ], [ -122.131635620639301, 37.418339344240458 ], [ -122.131661691157603, 37.418307832441165 ], [ -122.131209213937368, 37.418069350147114 ], [ -122.131589518160894, 37.417621511983526 ], [ -122.130079376548281, 37.416847832960173 ], [ -122.128863135067519, 37.416188033129423 ], [ -122.128205216948672, 37.415770933411245 ], [ -122.128147585283827, 37.415721273035643 ] ] ] } },
{ "type": "Feature", "properties": { "ZONE_TYPE": "Residential Single-Family", "AREA_CALC": 206043.9, "SHAPE_Leng": 1975.4583782699999, "SHAPE_Area": 206043.07825200001, "has_CS": false, "Zone_Type_Abbr": "R" }, "geometry": { "type": "Polygon", "coordinates": [ [ [ -122.136283786920259, 37.411530196412684 ], [ -122.136238737425316, 37.411584882674177 ], [ -122.136029896798235, 37.41183855847855 ], [ -122.135994894161342, 37.411880249732135 ], [ -122.135844343304001, 37.412062791218908 ], [ -122.135796467785525, 37.41212207770711 ], [ -122.135708330208118, 37.412226726283784 ], [ -122.135626366487188, 37.412328679721909 ], [ -122.135563035870248, 37.412405596481655 ], [ -122.135405210539574, 37.412597276075168 ], [ -122.13518650618839, 37.412482703928454 ], [ -122.1350493854886, 37.412413800229707 ], [ -122.134752838634668, 37.412254411114404 ], [ -122.134617280099789, 37.412184524467364 ], [ -122.134398578147383, 37.412069949947828 ], [ -122.134556370452572, 37.411878244244896 ], [ -122.134625649164519, 37.411793032470314 ], [ -122.134792891410399, 37.411592624291067 ], [ -122.134795751400205, 37.411586403970148 ], [ -122.134615241040919, 37.411501734046247 ], [ -122.134593259617517, 37.411441471233466 ], [ -122.134556243247047, 37.411400673959243 ], [ -122.134422398043384, 37.411368037981809 ], [ -122.134421609869776, 37.411363516802155 ], [ -122.1343350295855, 37.411322256450973 ], [ -122.13432443361836, 37.411285018474949 ], [ -122.134556321283384, 37.411001661561656 ], [ -122.134772845467594, 37.410738679122304 ], [ -122.135276500334541, 37.411002502204539 ], [ -122.135509448038874, 37.411124539410892 ], [ -122.135780124340855, 37.411266350636069 ], [ -122.135842310858237, 37.411299104761795 ], [ -122.135862687179539, 37.411309643197974 ], [ -122.136061845548937, 37.411413939849403 ], [ -122.136283786920259, 37.411530196412684 ] ] ] } },
{ "type": "Feature", "properties": { "ZONE_TYPE": "Residential Multi-Family", "AREA_CALC": 24457.8, "SHAPE_Leng": 854.55396488700001, "SHAPE_Area": 24457.636389800002, "has_CS": false, "Zone_Type_Abbr": "R" }, "geometry": { "type": "Polygon", "coordinates": [ [ [ -122.131628635188306, 37.418890959473913 ], [ -122.13183684908914, 37.418638564313845 ], [ -122.132243794337043, 37.418851527476015 ], [ -122.132152158245233, 37.418966825396197 ], [ -122.13224529572696, 37.41901777518548 ], [ -122.132654984383962, 37.41923317079732 ], [ -122.132560233897635, 37.419347825657105 ], [ -122.132049635512956, 37.419080433521117 ], [ -122.132032152085372, 37.419104601898788 ], [ -122.131628635188306, 37.418890959473913 ] ] ] } },
{ "type": "Feature", "properties": { "ZONE_TYPE": "Residential Single-Family", "AREA_CALC": 114754.1, "SHAPE_Leng": 1473.7833392800001, "SHAPE_Area": 114754.942763, "has_CS": false, "Zone_Type_Abbr": "R" }, "geometry": { "type": "Polygon", "coordinates": [ [ [ -122.128208993470992, 37.417499049257721 ], [ -122.129027127932318, 37.417926725294464 ], [ -122.129138168454318, 37.417977621775719 ], [ -122.128358532536055, 37.418916805893005 ], [ -122.12823103178907, 37.418889733320761 ], [ -122.127888063898723, 37.418710479434566 ], [ -122.128115527111945, 37.418435328104515 ], [ -122.127640355541701, 37.41818690134771 ], [ -122.128208993470992, 37.417499049257721 ] ] ] } },
{ "type": "Feature", "properties": { "ZONE_TYPE": "Public Facility", "AREA_CALC": 200809.7, "SHAPE_Leng": 2400.8510601100002, "SHAPE_Area": 200590.991962, "has_CS": false, "Zone_Type_Abbr": "P" }, "geometry": { "type": "Polygon", "coordinates": [ [ [ -122.126413931702345, 37.41803492212447 ], [ -122.126952690796173, 37.417401027361592 ], [ -122.126994343050697, 37.417348011406219 ], [ -122.127029665112531, 37.417292172336374 ], [ -122.12705846269894, 37.417233978774625 ], [ -122.127185870182458, 37.416773593736494 ], [ -122.128318377770199, 37.41736672501677 ], [ -122.128208993470992, 37.417499049257721 ], [ -122.127640355541701, 37.41818690134771 ], [ -122.128115527111945, 37.418435328104515 ], [ -122.127888063898723, 37.418710479434566 ], [ -122.12823103178907, 37.418889733320761 ], [ -122.128358532536055, 37.418916805893005 ], [ -122.12828126793039, 37.419009184597435 ], [ -122.128175331272274, 37.418957090862406 ], [ -122.126413931702345, 37.41803492212447 ] ] ] } },
{ "type": "Feature", "properties": { "ZONE_TYPE": "Residential Multi-Family", "AREA_CALC": 75924.8, "SHAPE_Leng": 1563.91711706, "SHAPE_Area": 75920.477809499993, "has_CS": false, "Zone_Type_Abbr": "R" }, "geometry": { "type": "Polygon", "coordinates": [ [ [ -122.126413931702345, 37.41803492212447 ], [ -122.128175331272274, 37.418957090862406 ], [ -122.12828126793039, 37.419009184597435 ], [ -122.12813916081177, 37.419193494591525 ], [ -122.128033196168104, 37.419129040205952 ], [ -122.127687579305359, 37.418948394078818 ], [ -122.127583324599598, 37.419074493090797 ], [ -122.12616303818109, 37.418330337585097 ], [ -122.126413931702345, 37.41803492212447 ] ] ] } },
{ "type": "Feature", "properties": { "ZONE_TYPE": "Residential Multi-Family", "AREA_CALC": 53297.2, "SHAPE_Leng": 1010.98598085, "SHAPE_Area": 53297.7226754, "has_CS": false, "Zone_Type_Abbr": "R" }, "geometry": { "type": "Polygon", "coordinates": [ [ [ -122.130793983414364, 37.414351319581378 ], [ -122.129833691021972, 37.413848224985948 ], [ -122.129765895438553, 37.413812467998284 ], [ -122.130061675039954, 37.413473295328487 ], [ -122.130131622328804, 37.413511411337574 ], [ -122.131077524606511, 37.414006984729681 ], [ -122.130793983414364, 37.414351319581378 ] ] ] } },
{ "type": "Feature", "properties": { "ZONE_TYPE": "Public Facility", "AREA_CALC": 281125.1, "SHAPE_Leng": 2674.85799972, "SHAPE_Area": 281121.11112999998, "has_CS": false, "Zone_Type_Abbr": "P" }, "geometry": { "type": "Polygon", "coordinates": [ [ [ -122.128022587030301, 37.407216538638366 ], [ -122.128509802510152, 37.406497043791404 ], [ -122.130176775698473, 37.407215683754728 ], [ -122.130652690195802, 37.406518833546528 ], [ -122.131331075851179, 37.406812024048293 ], [ -122.130496554711954, 37.407825193201909 ], [ -122.130401991788844, 37.407940008875592 ], [ -122.130216217218305, 37.408163906805136 ], [ -122.128022587030301, 37.407216538638366 ] ] ] } },
{ "type": "Feature", "properties": { "ZONE_TYPE": "Public Facility", "AREA_CALC": 238607.6, "SHAPE_Leng": 2011.7352068600001, "SHAPE_Area": 238608.045855, "has_CS": false, "Zone_Type_Abbr": "P" }, "geometry": { "type": "Polygon", "coordinates": [ [ [ -122.125509536011265, 37.407341239390888 ], [ -122.12612158117318, 37.406409119762756 ], [ -122.126240553233501, 37.406451915128656 ], [ -122.127951947476149, 37.407196917464702 ], [ -122.128022587030301, 37.407216538638366 ], [ -122.127369117646339, 37.408146386234804 ], [ -122.127075272628446, 37.408014656281786 ], [ -122.12635874153942, 37.40770889457179 ], [ -122.125509536011265, 37.407341239390888 ] ] ] } },
{ "type": "Feature", "properties": { "ZONE_TYPE": "Residential Multi-Family", "AREA_CALC": 25881.1, "SHAPE_Leng": 642.72334567300004, "SHAPE_Area": 25880.4881522, "has_CS": false, "Zone_Type_Abbr": "R" }, "geometry": { "type": "Polygon", "coordinates": [ [ [ -122.131062857336488, 37.400228931542863 ], [ -122.131602290519808, 37.400006870057311 ], [ -122.131638456478655, 37.400133547771482 ], [ -122.13175140065367, 37.400534119649414 ], [ -122.131681692486538, 37.400569480282023 ], [ -122.131399518223489, 37.400562692656301 ], [ -122.131229548440658, 37.40049569802256 ], [ -122.131062857336488, 37.400228931542863 ] ] ] } },
{ "type": "Feature", "properties": { "ZONE_TYPE": "Residential Multi-Family", "AREA_CALC": 8763.7, "SHAPE_Leng": 382.42354823, "SHAPE_Area": 8764.0804771300009, "has_CS": false, "Zone_Type_Abbr": "R" }, "geometry": { "type": "Polygon", "coordinates": [ [ [ -122.1309198831636, 37.401142306664049 ], [ -122.131306561928909, 37.401279959756131 ], [ -122.131251237328613, 37.401379561656682 ], [ -122.131234589100487, 37.401416546137824 ], [ -122.131222512330623, 37.401415368590435 ], [ -122.131210350249034, 37.401415042965972 ], [ -122.131198172891615, 37.401415569191585 ], [ -122.131186151931374, 37.401416945781151 ], [ -122.131174287328506, 37.401419170932769 ], [ -122.131162716877029, 37.401422243631508 ], [ -122.131151542122353, 37.401426106590591 ], [ -122.131140866408813, 37.401430733139279 ], [ -122.131130721836243, 37.401436093091455 ], [ -122.1311212139682, 37.401442157943215 ], [ -122.131112408271903, 37.401448873613141 ], [ -122.131104373504158, 37.401456181468163 ], [ -122.131050597280961, 37.401421769646596 ], [ -122.130827297860222, 37.401307829605294 ], [ -122.1309198831636, 37.401142306664049 ] ] ] } },
{ "type": "Feature", "properties": { "ZONE_TYPE": "Residential Multi-Family", "AREA_CALC": 13240.6, "SHAPE_Leng": 478.13439614599997, "SHAPE_Area": 13241.657177, "has_CS": false, "Zone_Type_Abbr": "R" }, "geometry": { "type": "Polygon", "coordinates": [ [ [ -122.129835096919976, 37.400967767862056 ], [ -122.129947491669512, 37.400791669676615 ], [ -122.130071792712016, 37.400839139080155 ], [ -122.130357202362262, 37.400941998466479 ], [ -122.130302045194313, 37.401211684719776 ], [ -122.130291131204032, 37.4012101601732 ], [ -122.130280097371312, 37.401209406920479 ], [ -122.130269011524561, 37.401209478992278 ], [ -122.130257978668496, 37.401210374027933 ], [ -122.130247100978508, 37.401212063571272 ], [ -122.130236446731658, 37.401214518735962 ], [ -122.130226119303487, 37.401217766022619 ], [ -122.130216220279465, 37.401221749947233 ], [ -122.130206820155863, 37.401226439790278 ], [ -122.130198018279259, 37.401231781000043 ], [ -122.130146853092626, 37.401176566014698 ], [ -122.129946133344177, 37.401029074070486 ], [ -122.129835096919976, 37.400967767862056 ] ] ] } },
{ "type": "Feature", "properties": { "ZONE_TYPE": "Residential Multi-Family", "AREA_CALC": 189353.5, "SHAPE_Leng": 1950.19890801, "SHAPE_Area": 189343.57603699999, "has_CS": false, "Zone_Type_Abbr": "R" }, "geometry": { "type": "Polygon", "coordinates": [ [ [ -122.127235324154412, 37.402771863651395 ], [ -122.127186941256085, 37.402747895012737 ], [ -122.127141243454162, 37.402720758322701 ], [ -122.127098579357437, 37.402690639804135 ], [ -122.127059264949935, 37.402657783809659 ], [ -122.127023545528559, 37.402622405031572 ], [ -122.126991632027639, 37.402584748378565 ], [ -122.126963842713906, 37.40254511134269 ], [ -122.126940319041054, 37.402503712759795 ], [ -122.126921240415456, 37.402460906119863 ], [ -122.126906750615319, 37.402416965199272 ], [ -122.126896926797556, 37.402372216967798 ], [ -122.126867201950603, 37.402166366978868 ], [ -122.126863760605332, 37.402131721041492 ], [ -122.126856369360311, 37.402097460629669 ], [ -122.12684510138817, 37.402063884828948 ], [ -122.126830066617785, 37.402031268783482 ], [ -122.126811374898978, 37.401999884033188 ], [ -122.126789202680854, 37.401969948023158 ], [ -122.126763694947243, 37.401941789482713 ], [ -122.126735095815846, 37.401915569043368 ], [ -122.12662031726056, 37.401118341296062 ], [ -122.128476034703738, 37.400944727632847 ], [ -122.127235324154412, 37.402771863651395 ] ] ] } },
{ "type": "Feature", "properties": { "ZONE_TYPE": "Residential Multi-Family", "AREA_CALC": 86937.7, "SHAPE_Leng": 1428.5000633300001, "SHAPE_Area": 86936.537447099996, "has_CS": false, "Zone_Type_Abbr": "R" }, "geometry": { "type": "Polygon", "coordinates": [ [ [ -122.130167635879403, 37.400583088673578 ], [ -122.131062857336488, 37.400228931542863 ], [ -122.131229548440658, 37.40049569802256 ], [ -122.131399518223489, 37.400562692656301 ], [ -122.131681692486538, 37.400569480282023 ], [ -122.13175140065367, 37.400534119649414 ], [ -122.131959848297114, 37.401298039046381 ], [ -122.130323618541667, 37.400689120288654 ], [ -122.130167635879403, 37.400583088673578 ] ] ] } },
{ "type": "Feature", "properties": { "ZONE_TYPE": "Residential Single-Family", "AREA_CALC": 308214.2, "SHAPE_Leng": 2546.27505991, "SHAPE_Area": 308213.818723, "has_CS": false, "Zone_Type_Abbr": "R" }, "geometry": { "type": "Polygon", "coordinates": [ [ [ -122.127235324154412, 37.402771863651395 ], [ -122.128476034703738, 37.400944727632847 ], [ -122.128655872388023, 37.400929073101473 ], [ -122.129784435101428, 37.400822063844849 ], [ -122.129947491669512, 37.400791669676615 ], [ -122.129835096919976, 37.400967767862056 ], [ -122.128293909499362, 37.403228152866575 ], [ -122.127235324154412, 37.402771863651395 ] ] ] } },
{ "type": "Feature", "properties": { "ZONE_TYPE": "Residential Single-Family", "AREA_CALC": 983813.9, "SHAPE_Leng": 7919.3784570199996, "SHAPE_Area": 983640.92760099994, "has_CS": false, "Zone_Type_Abbr": "R" }, "geometry": { "type": "Polygon", "coordinates": [ [ [ -122.12681831692673, 37.388831364836328 ], [ -122.127469669171077, 37.389825597988121 ], [ -122.12750791487052, 37.389825479091677 ], [ -122.127833975484307, 37.390324896025113 ], [ -122.12816459855955, 37.390831281763752 ], [ -122.128676588586799, 37.391615466210155 ], [ -122.129218223955164, 37.39244508193655 ], [ -122.129297758270809, 37.392566872631804 ], [ -122.129417009398438, 37.39274955837687 ], [ -122.130443798632911, 37.394434233953895 ], [ -122.130469108882195, 37.394549553624017 ], [ -122.130486422262038, 37.394934040257347 ], [ -122.130473656146165, 37.395413604057239 ], [ -122.130508893016682, 37.395414349751597 ], [ -122.130506113702111, 37.395496712605599 ], [ -122.130464895538495, 37.395494868579348 ], [ -122.130464353463935, 37.395589835230048 ], [ -122.129476795068442, 37.395575679129159 ], [ -122.129576701096198, 37.395392392700209 ], [ -122.129637511882493, 37.395276124103425 ], [ -122.129655883184611, 37.395127207813765 ], [ -122.12944380976505, 37.395159106459751 ], [ -122.129126445279752, 37.395392577203694 ], [ -122.128913791906328, 37.395363200079622 ], [ -122.128858279519719, 37.39518745649427 ], [ -122.128504423225323, 37.395138613424891 ], [ -122.128409802762107, 37.394839831292877 ], [ -122.128531313282352, 37.394723571236511 ], [ -122.128547012237391, 37.394723546108978 ], [ -122.128667307062074, 37.394608429292234 ], [ -122.128642464425241, 37.39450810153658 ], [ -122.1285238316282, 37.394426353120018 ], [ -122.128407405209842, 37.394523121617624 ], [ -122.128260428255913, 37.394521453732963 ], [ -122.128152055330688, 37.394618083126772 ], [ -122.128025840133859, 37.394659143048223 ], [ -122.127576034572172, 37.394502880643046 ], [ -122.127538485290884, 37.394264944673282 ], [ -122.127700558330901, 37.394047889662787 ], [ -122.127824761638053, 37.393944641507012 ], [ -122.127867121297044, 37.393839479536787 ], [ -122.127749448217372, 37.393724260702278 ], [ -122.127572486755582, 37.393732100380447 ], [ -122.127460418483409, 37.393676602944012 ], [ -122.127395106951511, 37.393498028823302 ], [ -122.127614846168754, 37.39286097186568 ], [ -122.127940775442397, 37.392688998900788 ], [ -122.128161097602003, 37.392407324782859 ], [ -122.128402169817903, 37.39239993953543 ], [ -122.128368577475527, 37.392217244089522 ], [ -122.128322432003259, 37.392061944728816 ], [ -122.128348284495729, 37.391780854038167 ], [ -122.128249129956245, 37.391720700894936 ], [ -122.127981086439803, 37.391826715955851 ], [ -122.127899284623055, 37.391788735518134 ], [ -122.127855921196542, 37.391587277293063 ], [ -122.127417447159885, 37.39173367296943 ], [ -122.12729481917674, 37.391842722480426 ], [ -122.127222379174967, 37.391754014418282 ], [ -122.127431411405269, 37.391369765417359 ], [ -122.127307724466235, 37.390989555464188 ], [ -122.127287780099905, 37.390834194071431 ], [ -122.127267573032, 37.39067314971544 ], [ -122.127031808123959, 37.390404068476492 ], [ -122.126786788184475, 37.390361127489363 ], [ -122.126794494566738, 37.390157037322375 ], [ -122.126864913992421, 37.389925597105233 ], [ -122.12698370238158, 37.389826902037839 ], [ -122.126977462209624, 37.389666900324464 ], [ -122.126815234729932, 37.389601577526946 ], [ -122.126612043281298, 37.389680237759045 ], [ -122.126202631007601, 37.389412325902711 ], [ -122.126305121502483, 37.389202307249391 ], [ -122.126719268094064, 37.38889588982839 ], [ -122.12639026647976, 37.388380963138573 ], [ -122.126221999551547, 37.388316355062351 ], [ -122.126384356410327, 37.388338770468486 ], [ -122.126753552164232, 37.388873576268153 ], [ -122.12681831692673, 37.388831364836328 ] ] ] } },
{ "type": "Feature", "properties": { "ZONE_TYPE": "Residential Single-Family", "AREA_CALC": 4806623.8, "SHAPE_Leng": 12661.062637200001, "SHAPE_Area": 4806611.3510199999, "has_CS": false, "Zone_Type_Abbr": "R" }, "geometry": { "type": "Polygon", "coordinates": [ [ [ -122.121868132094022, 37.40734387407376 ], [ -122.122173358304138, 37.407172781362249 ], [ -122.122343660730991, 37.407077306624331 ], [ -122.122103943199605, 37.406786349081642 ], [ -122.122777370576372, 37.40643315450918 ], [ -122.122771268973182, 37.406409093874132 ], [ -122.122768052606745, 37.406384718457495 ], [ -122.122767726187845, 37.40636019311448 ], [ -122.122770363384404, 37.406335736719747 ], [ -122.122775865135139, 37.406311625510405 ], [ -122.122633267513265, 37.406279647085562 ], [ -122.122419716066759, 37.40602011007946 ], [ -122.122581726461163, 37.405931424849946 ], [ -122.122994888494432, 37.405699833209994 ], [ -122.122799634064378, 37.405477346349585 ], [ -122.122008178406276, 37.404572320596564 ], [ -122.122009266798912, 37.404487701462848 ], [ -122.122074343244762, 37.404406840493252 ], [ -122.122210696810058, 37.404368750810377 ], [ -122.122446044329777, 37.40425460451668 ], [ -122.122566764754808, 37.404078727531314 ], [ -122.12276570780827, 37.403991179393465 ], [ -122.122854648888847, 37.403869278643064 ], [ -122.122726623572632, 37.403595044485805 ], [ -122.12281645332807, 37.403483954016757 ], [ -122.123138594657121, 37.403302955466515 ], [ -122.12332055140341, 37.403360703664482 ], [ -122.123546505102979, 37.402868714791694 ], [ -122.123556572733477, 37.402609683003575 ], [ -122.123560301947677, 37.402513600002251 ], [ -122.123905554344304, 37.402285747494773 ], [ -122.124441969846814, 37.402936059152026 ], [ -122.127459306495993, 37.404248635772397 ], [ -122.127565627170938, 37.404292483966799 ], [ -122.128293909499362, 37.403228152866575 ], [ -122.129835096919976, 37.400967767862056 ], [ -122.129946133344177, 37.401029074070486 ], [ -122.130146853092626, 37.401176566014698 ], [ -122.130198018279259, 37.401231781000043 ], [ -122.130206820155863, 37.401226439790278 ], [ -122.130216220279465, 37.401221749947233 ], [ -122.130226119303487, 37.401217766022619 ], [ -122.130236446731658, 37.401214518735962 ], [ -122.130247100978508, 37.401212063571272 ], [ -122.130257978668496, 37.401210374027933 ], [ -122.130269011524561, 37.401209478992278 ], [ -122.130280097371312, 37.401209406920479 ], [ -122.130291131204032, 37.4012101601732 ], [ -122.130302045194313, 37.401211684719776 ], [ -122.130357202362262, 37.400941998466479 ], [ -122.1309198831636, 37.401142306664049 ], [ -122.130827297860222, 37.401307829605294 ], [ -122.131050597280961, 37.401421769646596 ], [ -122.131104373504158, 37.401456181468163 ], [ -122.131112408271903, 37.401448873613141 ], [ -122.1311212139682, 37.401442157943215 ], [ -122.131130721836243, 37.401436093091455 ], [ -122.131140866408813, 37.401430733139279 ], [ -122.131151542122353, 37.401426106590591 ], [ -122.131162716877029, 37.401422243631508 ], [ -122.131174287328506, 37.401419170932769 ], [ -122.131186151931374, 37.401416945781151 ], [ -122.131198172891615, 37.401415569191585 ], [ -122.131210350249034, 37.401415042965972 ], [ -122.131222512330623, 37.401415368590435 ], [ -122.131234589100487, 37.401416546137824 ], [ -122.131251237328613, 37.401379561656682 ], [ -122.131306561928909, 37.401279959756131 ], [ -122.13179699831916, 37.401454541497188 ], [ -122.132030634400991, 37.401543504083754 ], [ -122.132744718471599, 37.404064211398627 ], [ -122.132358527104543, 37.404133808028483 ], [ -122.132267676073454, 37.40415196538283 ], [ -122.132301729820682, 37.40432671554602 ], [ -122.13280237008766, 37.404267776139029 ], [ -122.132923755914234, 37.40469641284335 ], [ -122.132846389063374, 37.404973661492257 ], [ -122.131331075851179, 37.406812024048293 ], [ -122.130652690195802, 37.406518833546528 ], [ -122.130176775698473, 37.407215683754728 ], [ -122.128509802510152, 37.406497043791404 ], [ -122.128022587030301, 37.407216538638366 ], [ -122.127951947476149, 37.407196917464702 ], [ -122.126240553233501, 37.406451915128656 ], [ -122.12612158117318, 37.406409119762756 ], [ -122.125509536011265, 37.407341239390888 ], [ -122.12490724591369, 37.408239791179369 ], [ -122.124660303519718, 37.408557289136098 ], [ -122.124558364850174, 37.4085060985525 ], [ -122.12403761645561, 37.40823590155717 ], [ -122.123443980744966, 37.408570859856411 ], [ -122.123086865799678, 37.408121495864613 ], [ -122.122673817467387, 37.40833990053072 ], [ -122.121868132094022, 37.40734387407376 ] ] ] } },
{ "type": "Feature", "properties": { "ZONE_TYPE": "Residential Multi-Family", "AREA_CALC": 36737.6, "SHAPE_Leng": 940.80406366700004, "SHAPE_Area": 36738.005959299997, "has_CS": false, "Zone_Type_Abbr": "R" }, "geometry": { "type": "Polygon", "coordinates": [ [ [ -122.126461151064731, 37.408910029621858 ], [ -122.126604157234397, 37.408706095948439 ], [ -122.126882467804933, 37.408297182211584 ], [ -122.127075272628446, 37.408014656281786 ], [ -122.127369117646339, 37.408146386234804 ], [ -122.126766209311896, 37.409042703306014 ], [ -122.12670755953836, 37.409017064479912 ], [ -122.126461151064731, 37.408910029621858 ] ] ] } },
{ "type": "Feature", "properties": { "ZONE_TYPE": "Residential Single-Family", "AREA_CALC": 967527.2, "SHAPE_Leng": 5082.8134217899997, "SHAPE_Area": 967748.62338899996, "has_CS": false, "Zone_Type_Abbr": "R" }, "geometry": { "type": "Polygon", "coordinates": [ [ [ -122.123411966978551, 37.417456997335179 ], [ -122.124960081167401, 37.415581590950019 ], [ -122.125125097361789, 37.415378618029315 ], [ -122.125506367773895, 37.415582977453383 ], [ -122.125625676590019, 37.415438212289025 ], [ -122.12663271959444, 37.415966239385824 ], [ -122.126594874146193, 37.416012142415624 ], [ -122.126940172535541, 37.416193180802999 ], [ -122.12674109630936, 37.416433902369057 ], [ -122.126752269872455, 37.416447289822564 ], [ -122.126761946031181, 37.416461439728813 ], [ -122.126770016125647, 37.416476187773405 ], [ -122.126776410095289, 37.41649148175712 ], [ -122.126781055965168, 37.416507129820701 ], [ -122.126783986402714, 37.416523075636697 ], [ -122.126785095065429, 37.416539157562013 ], [ -122.127176241762683, 37.416744225477174 ], [ -122.127165562786175, 37.416761459509637 ], [ -122.127185870182458, 37.416773593736494 ], [ -122.12705846269894, 37.417233978774625 ], [ -122.127029665112531, 37.417292172336374 ], [ -122.126994343050697, 37.417348011406219 ], [ -122.126952690796173, 37.417401027361592 ], [ -122.126413931702345, 37.41803492212447 ], [ -122.12616303818109, 37.418330337585097 ], [ -122.127583324599598, 37.419074493090797 ], [ -122.127687579305359, 37.418948394078818 ], [ -122.128033196168104, 37.419129040205952 ], [ -122.12813916081177, 37.419193494591525 ], [ -122.1277196210835, 37.419658015941522 ], [ -122.12745694743144, 37.419975490500669 ], [ -122.123525984647955, 37.417496155749959 ], [ -122.123411966978551, 37.417456997335179 ] ] ] } },
{ "type": "Feature", "properties": { "ZONE_TYPE": "Commercial\/Residential", "AREA_CALC": 603530.9, "SHAPE_Leng": 4652.6154521199996, "SHAPE_Area": 603521.00384799996, "has_CS": false, "Zone_Type_Abbr": "C\/R" }, "geometry": { "type": "Polygon", "coordinates": [ [ [ -122.123442886789007, 37.411422761152501 ], [ -122.123857589747203, 37.411056577021142 ], [ -122.124315610186088, 37.411641473282444 ], [ -122.124677326014037, 37.412074837669529 ], [ -122.125082183597598, 37.412555124735427 ], [ -122.125543274441, 37.413082481590372 ], [ -122.125826891459724, 37.41344586301414 ], [ -122.126308669873353, 37.414073438815478 ], [ -122.126681109594273, 37.414506373748544 ], [ -122.12719137190669, 37.414942340922074 ], [ -122.12719922772655, 37.414975716186198 ], [ -122.127553429032019, 37.415285650091306 ], [ -122.127696518748678, 37.415394583268004 ], [ -122.12741913595849, 37.415693830700569 ], [ -122.127412379948055, 37.415666702658797 ], [ -122.12740257206741, 37.415640138748458 ], [ -122.127389853263452, 37.41561438484468 ], [ -122.127374230571249, 37.415589659841459 ], [ -122.127355913768355, 37.415566153685404 ], [ -122.127335044841402, 37.415544056362137 ], [ -122.127160124531358, 37.415452044547095 ], [ -122.127048270300634, 37.415392039162107 ], [ -122.126398648044372, 37.415051423991173 ], [ -122.126114941715358, 37.415395667436009 ], [ -122.125407777679172, 37.415026590438195 ], [ -122.125360021122404, 37.414916278798501 ], [ -122.12498644792683, 37.41472054769045 ], [ -122.124825726353791, 37.414372437282935 ], [ -122.124802139088956, 37.41430140037221 ], [ -122.124782387103011, 37.414238797873196 ], [ -122.124699082196699, 37.414058383441038 ], [ -122.124416651811316, 37.413817438430783 ], [ -122.124041314205869, 37.413464277808586 ], [ -122.124117774532394, 37.41341248426167 ], [ -122.124198882644151, 37.41336540629797 ], [ -122.124284197232868, 37.413323323983946 ], [ -122.12420949103705, 37.413256290423 ], [ -122.123833060587259, 37.41298250156391 ], [ -122.124044552332293, 37.412785342994091 ], [ -122.123892104382861, 37.412423025627163 ], [ -122.12393008902913, 37.41238981227464 ], [ -122.123545903943395, 37.411534451816337 ], [ -122.123444688490665, 37.41142482430724 ], [ -122.123442886789007, 37.411422761152501 ] ] ] } },
{ "type": "Feature", "properties": { "ZONE_TYPE": "Residential Multi-Family", "AREA_CALC": 86908.0, "SHAPE_Leng": 1349.0768510099999, "SHAPE_Area": 86909.940554200002, "has_CS": false, "Zone_Type_Abbr": "R" }, "geometry": { "type": "Polygon", "coordinates": [ [ [ -122.126940172535541, 37.416193180802999 ], [ -122.127088145307411, 37.416014257535785 ], [ -122.127134097847829, 37.416038506049226 ], [ -122.127190949967485, 37.415970337235748 ], [ -122.12741913595849, 37.415693830700569 ], [ -122.127696518748678, 37.415394583268004 ], [ -122.127731274040372, 37.415420169278775 ], [ -122.128147585283827, 37.415721273035643 ], [ -122.128205216948672, 37.415770933411245 ], [ -122.128044976811097, 37.415911517227769 ], [ -122.12783878942902, 37.416102319889475 ], [ -122.127639320486594, 37.416280695088261 ], [ -122.127530711994609, 37.416380649328211 ], [ -122.127409808463923, 37.416496431529012 ], [ -122.127320800789903, 37.416596663401805 ], [ -122.1272373757145, 37.416692340592071 ], [ -122.127185870182458, 37.416773593736494 ], [ -122.127165562786175, 37.416761459509637 ], [ -122.127176241762683, 37.416744225477174 ], [ -122.126785095065429, 37.416539157562013 ], [ -122.126783986402714, 37.416523075636697 ], [ -122.126781055965168, 37.416507129820701 ], [ -122.126776410095289, 37.41649148175712 ], [ -122.126770016125647, 37.416476187773405 ], [ -122.126761946031181, 37.416461439728813 ], [ -122.126752269872455, 37.416447289822564 ], [ -122.12674109630936, 37.416433902369057 ], [ -122.126940172535541, 37.416193180802999 ] ] ] } },
{ "type": "Feature", "properties": { "ZONE_TYPE": "Residential Single-Family", "AREA_CALC": 373785.1, "SHAPE_Leng": 2575.3765586499999, "SHAPE_Area": 373372.56883, "has_CS": false, "Zone_Type_Abbr": "R" }, "geometry": { "type": "Polygon", "coordinates": [ [ [ -122.173554905622098, 37.334465648601928 ], [ -122.173964390893715, 37.333185426059359 ], [ -122.17399295112439, 37.333098243623049 ], [ -122.175395412941583, 37.333208322504767 ], [ -122.175910802564189, 37.333179279624851 ], [ -122.17595646162512, 37.333185850786812 ], [ -122.176001227278419, 37.333195511460403 ], [ -122.176044855616141, 37.333208155186831 ], [ -122.176086931234067, 37.333223677960419 ], [ -122.17612724693339, 37.333241999834492 ], [ -122.176165489373616, 37.333262988307993 ], [ -122.176201345735194, 37.333286483836041 ], [ -122.176234571354357, 37.333312296158986 ], [ -122.176264989427196, 37.33334029172444 ], [ -122.176292287507636, 37.333370227169532 ], [ -122.176486194056949, 37.333720926510516 ], [ -122.176643756619313, 37.334083077291972 ], [ -122.176763854833638, 37.33445425248653 ], [ -122.176665763162489, 37.334458210908302 ], [ -122.174620328315868, 37.334440540521328 ], [ -122.174619771679772, 37.334481724126078 ], [ -122.173554905622098, 37.334465648601928 ] ] ] } },
{ "type": "Feature", "properties": { "ZONE_TYPE": "Commercial\/Residential", "AREA_CALC": 132758.9, "SHAPE_Leng": 2363.51306247, "SHAPE_Area": 132758.94188500001, "has_CS": false, "Zone_Type_Abbr": "C\/R" }, "geometry": { "type": "Polygon", "coordinates": [ [ [ -122.142998006423781, 37.426056026429329 ], [ -122.143206615956814, 37.425803634261946 ], [ -122.143261178218722, 37.425828910468894 ], [ -122.143379276281436, 37.425690928338234 ], [ -122.143699416129195, 37.425857986732353 ], [ -122.143792069888562, 37.425745495248549 ], [ -122.143471895296315, 37.425578437596336 ], [ -122.14354941933199, 37.425484314815385 ], [ -122.14347726269888, 37.425446814302461 ], [ -122.144044548978769, 37.424757914865964 ], [ -122.144388453993713, 37.424940679826165 ], [ -122.144465773643574, 37.424982695457615 ], [ -122.143997994730597, 37.425562112123814 ], [ -122.144345385830889, 37.425743482904856 ], [ -122.14438738410341, 37.425692461934212 ], [ -122.144530800502821, 37.425767309465222 ], [ -122.144397508949226, 37.425926876012262 ], [ -122.144342190532228, 37.426045519995441 ], [ -122.144199145831251, 37.426215798634587 ], [ -122.144130651151983, 37.426296142950591 ], [ -122.143630380642975, 37.426040412507646 ], [ -122.143111804661203, 37.426612874017593 ], [ -122.142711134643505, 37.426405188613508 ], [ -122.142998006423781, 37.426056026429329 ] ] ] } },
{ "type": "Feature", "properties": { "ZONE_TYPE": "Commercial\/Residential", "AREA_CALC": 32255.7, "SHAPE_Leng": 721.17376022400003, "SHAPE_Area": 32256.4204011, "has_CS": false, "Zone_Type_Abbr": "C\/R" }, "geometry": { "type": "Polygon", "coordinates": [ [ [ -122.14452234722512, 37.424917927724898 ], [ -122.14483135496873, 37.424539278520875 ], [ -122.145397288538391, 37.42483657665877 ], [ -122.145092956898054, 37.425211673236838 ], [ -122.145018426506866, 37.425174316892736 ], [ -122.14452234722512, 37.424917927724898 ] ] ] } },
{ "type": "Feature", "properties": { "ZONE_TYPE": "Public Facility", "AREA_CALC": 46911.5, "SHAPE_Leng": 902.07520229, "SHAPE_Area": 46911.568647100001, "has_CS": false, "Zone_Type_Abbr": "P" }, "geometry": { "type": "Polygon", "coordinates": [ [ [ -122.144465773643574, 37.424982695457615 ], [ -122.14452234722512, 37.424917927724898 ], [ -122.145018426506866, 37.425174316892736 ], [ -122.144530800502821, 37.425767309465222 ], [ -122.14438738410341, 37.425692461934212 ], [ -122.144345385830889, 37.425743482904856 ], [ -122.143997994730597, 37.425562112123814 ], [ -122.144465773643574, 37.424982695457615 ] ] ] } },
{ "type": "Feature", "properties": { "ZONE_TYPE": "Public Facility", "AREA_CALC": 52400.7, "SHAPE_Leng": 958.10317248900003, "SHAPE_Area": 52400.938565299999, "has_CS": false, "Zone_Type_Abbr": "P" }, "geometry": { "type": "Polygon", "coordinates": [ [ [ -122.150411749017508, 37.42463759594046 ], [ -122.150163478381273, 37.424506325012409 ], [ -122.150753826609559, 37.423796549091911 ], [ -122.151238799764457, 37.424053123406779 ], [ -122.150648653039482, 37.424762597051398 ], [ -122.150411749017508, 37.42463759594046 ] ] ] } },
{ "type": "Feature", "properties": { "ZONE_TYPE": "Public Facility", "AREA_CALC": 48939.9, "SHAPE_Leng": 1085.28464285, "SHAPE_Area": 48940.609906899997, "has_CS": false, "Zone_Type_Abbr": "P" }, "geometry": { "type": "Polygon", "coordinates": [ [ [ -122.148058971936607, 37.4177838441421 ], [ -122.147364596256793, 37.418574397487923 ], [ -122.147177157311503, 37.418476823144516 ], [ -122.147462923478983, 37.418136042272998 ], [ -122.147098732029832, 37.417941238362161 ], [ -122.147511329536954, 37.417495695719303 ], [ -122.148058971936607, 37.4177838441421 ] ] ] } },
{ "type": "Feature", "properties": { "ZONE_TYPE": "Public Facility", "AREA_CALC": 49617.7, "SHAPE_Leng": 940.02668259699999, "SHAPE_Area": 49618.404497000003, "has_CS": false, "Zone_Type_Abbr": "P" }, "geometry": { "type": "Polygon", "coordinates": [ [ [ -122.152787983847332, 37.418742538587296 ], [ -122.152197859947762, 37.419452020763828 ], [ -122.152054788863495, 37.419377012849544 ], [ -122.1517387713087, 37.419209122599788 ], [ -122.152328895816538, 37.41849955983502 ], [ -122.152787983847332, 37.418742538587296 ] ] ] } },
{ "type": "Feature", "properties": { "ZONE_TYPE": "Public Facility", "AREA_CALC": 50827.0, "SHAPE_Leng": 957.98155065000003, "SHAPE_Area": 50826.941893199997, "has_CS": false, "Zone_Type_Abbr": "P" }, "geometry": { "type": "Polygon", "coordinates": [ [ [ -122.154742769986044, 37.419778002324911 ], [ -122.154504739582933, 37.420064809937337 ], [ -122.154541224091602, 37.420082452967861 ], [ -122.154189359987583, 37.420505683171008 ], [ -122.153704400250419, 37.420249093042472 ], [ -122.154292422440491, 37.419539962691985 ], [ -122.154742769986044, 37.419778002324911 ] ] ] } },
{ "type": "Feature", "properties": { "ZONE_TYPE": "Public Facility", "AREA_CALC": 49606.6, "SHAPE_Leng": 940.11917187699999, "SHAPE_Area": 49608.201848299999, "has_CS": false, "Zone_Type_Abbr": "P" }, "geometry": { "type": "Polygon", "coordinates": [ [ [ -122.148197986719865, 37.423465990847049 ], [ -122.148788144760715, 37.422756502450696 ], [ -122.149247281232263, 37.422999438634804 ], [ -122.148656821588375, 37.423709181432343 ], [ -122.148524948581041, 37.423639285684239 ], [ -122.148197986719865, 37.423465990847049 ] ] ] } },
{ "type": "Feature", "properties": { "ZONE_TYPE": "Residential Multi-Family", "AREA_CALC": 684344.2, "SHAPE_Leng": 5027.4173705599997, "SHAPE_Area": 684347.32842200005, "has_CS": false, "Zone_Type_Abbr": "R" }, "geometry": { "type": "Polygon", "coordinates": [ [ [ -122.146604791311489, 37.424134894165398 ], [ -122.147012431905736, 37.42365967562916 ], [ -122.147784507351901, 37.422737309620381 ], [ -122.148348562472208, 37.42303854827734 ], [ -122.148054513520833, 37.423390077059331 ], [ -122.148197986719865, 37.423465990847049 ], [ -122.148524948581041, 37.423639285684239 ], [ -122.148229074588187, 37.423992516753977 ], [ -122.149046992029639, 37.424417365848122 ], [ -122.14919790416522, 37.424240598056279 ], [ -122.149662175765101, 37.424487883683341 ], [ -122.149804967613377, 37.424316228258327 ], [ -122.150163478381273, 37.424506325012409 ], [ -122.150406165628269, 37.424634322888458 ], [ -122.150168060099716, 37.424920711259603 ], [ -122.150053675699212, 37.425057740682519 ], [ -122.149816007522588, 37.425343792300453 ], [ -122.150345489929308, 37.425623834688217 ], [ -122.150354984905121, 37.425612466690332 ], [ -122.150886603497455, 37.425893932990441 ], [ -122.150494971897842, 37.426371356931128 ], [ -122.149955859055012, 37.427011354770436 ], [ -122.149381690197728, 37.42670922108227 ], [ -122.149334113326105, 37.426766420758952 ], [ -122.148839358413113, 37.426502504019453 ], [ -122.148978066143002, 37.426332830273012 ], [ -122.14874823753199, 37.426208605027533 ], [ -122.148994755425221, 37.425911223906503 ], [ -122.148636040291919, 37.4257214553596 ], [ -122.148778838009761, 37.425549802083324 ], [ -122.148448841601564, 37.425375204081703 ], [ -122.148354079593886, 37.425324839469305 ], [ -122.148486255922393, 37.42515577983017 ], [ -122.146706470477184, 37.424191344451927 ], [ -122.146604791311489, 37.424134894165398 ] ] ] } },
{ "type": "Feature", "properties": { "ZONE_TYPE": "Residential Single-Family", "AREA_CALC": 4230016.6, "SHAPE_Leng": 13311.078074499999, "SHAPE_Area": 4230017.2647799999, "has_CS": false, "Zone_Type_Abbr": "R" }, "geometry": { "type": "Polygon", "coordinates": [ [ [ -122.147784507351901, 37.422737309620381 ], [ -122.148368762909982, 37.422030432250345 ], [ -122.150188946903967, 37.419846563502603 ], [ -122.151393076512591, 37.41840503079333 ], [ -122.152525463186265, 37.417071075048668 ], [ -122.153122353743669, 37.416377317059606 ], [ -122.153091650303779, 37.416359401098774 ], [ -122.153399891740321, 37.415988512614142 ], [ -122.157366327450447, 37.418101653704767 ], [ -122.150886603497455, 37.425893932990441 ], [ -122.150354984905121, 37.425612466690332 ], [ -122.150345489929308, 37.425623834688217 ], [ -122.149816007522588, 37.425343792300453 ], [ -122.150053675699212, 37.425057740682519 ], [ -122.150168060099716, 37.424920711259603 ], [ -122.150406165628269, 37.424634322888458 ], [ -122.150648653039482, 37.424762597051398 ], [ -122.151238799764457, 37.424053123406779 ], [ -122.150753826609559, 37.423796549091911 ], [ -122.150163478381273, 37.424506325012409 ], [ -122.149804967613377, 37.424316228258327 ], [ -122.149662175765101, 37.424487883683341 ], [ -122.14919790416522, 37.424240598056279 ], [ -122.149046992029639, 37.424417365848122 ], [ -122.148229074588187, 37.423992516753977 ], [ -122.148524948581041, 37.423639285684239 ], [ -122.148656821588375, 37.423709181432343 ], [ -122.149247281232263, 37.422999438634804 ], [ -122.148788144760715, 37.422756502450696 ], [ -122.148197986719865, 37.423465990847049 ], [ -122.148054513520833, 37.423390077059331 ], [ -122.148348562472208, 37.42303854827734 ], [ -122.147784507351901, 37.422737309620381 ] ], [ [ -122.154742769986044, 37.419778002324911 ], [ -122.154292422440491, 37.419539962691985 ], [ -122.153704400250419, 37.420249093042472 ], [ -122.154189359987583, 37.420505683171008 ], [ -122.154541224091602, 37.420082452967861 ], [ -122.154504739582933, 37.420064809937337 ], [ -122.154742769986044, 37.419778002324911 ] ], [ [ -122.152787983847332, 37.418742538587296 ], [ -122.152328895816538, 37.41849955983502 ], [ -122.1517387713087, 37.419209122599788 ], [ -122.152054788863495, 37.419377012849544 ], [ -122.152197859947762, 37.419452020763828 ], [ -122.152787983847332, 37.418742538587296 ] ] ] } },
{ "type": "Feature", "properties": { "ZONE_TYPE": "Public Facility", "AREA_CALC": 38230.1, "SHAPE_Leng": 779.52839328799996, "SHAPE_Area": 38228.914217199999, "has_CS": false, "Zone_Type_Abbr": "P" }, "geometry": { "type": "Polygon", "coordinates": [ [ [ -122.147134818346714, 37.409092739892159 ], [ -122.147239805322201, 37.409133045678857 ], [ -122.147696765252235, 37.409371898051454 ], [ -122.147322636437934, 37.40982646024559 ], [ -122.146862495435585, 37.409588667621101 ], [ -122.146761610587475, 37.409539211625287 ], [ -122.147134818346714, 37.409092739892159 ] ] ] } },
{ "type": "Feature", "properties": { "ZONE_TYPE": "Commercial\/Manufacturing\/Residential", "AREA_CALC": 18272371.0, "SHAPE_Leng": 27057.193665800001, "SHAPE_Area": 18274851.673900001, "has_CS": false, "Zone_Type_Abbr": "C\/R" }, "geometry": { "type": "Polygon", "coordinates": [ [ [ -122.135997284837941, 37.419906376641663 ], [ -122.144030562868096, 37.410134586551557 ], [ -122.140854146360937, 37.408483574049477 ], [ -122.141065683089707, 37.408389720145848 ], [ -122.141308877704745, 37.408340335437764 ], [ -122.141648872536109, 37.408469570138884 ], [ -122.141839754265092, 37.408383888537621 ], [ -122.142107002436859, 37.408009757242482 ], [ -122.142020797188025, 37.407788301927418 ], [ -122.142069659947666, 37.407711639010273 ], [ -122.142292969175429, 37.40763964894095 ], [ -122.14267599258433, 37.407748006489243 ], [ -122.142685028282472, 37.407750214984695 ], [ -122.142690254084428, 37.407751378260627 ], [ -122.142695476933113, 37.40775245866665 ], [ -122.142700733583766, 37.407753483625449 ], [ -122.142705989025146, 37.407754453627419 ], [ -122.142711277673669, 37.407755341154221 ], [ -122.142716598994767, 37.407756173249695 ], [ -122.142721918491887, 37.407756922459406 ], [ -122.142727270681334, 37.407757617138664 ], [ -122.142732621046832, 37.407758228932202 ], [ -122.142737970717775, 37.407758757824183 ], [ -122.142743353080974, 37.407759232185718 ], [ -122.142748734215004, 37.407759650689407 ], [ -122.142754147446453, 37.407759987634705 ], [ -122.142759524952254, 37.40776024126783 ], [ -122.142764935150254, 37.407760440370502 ], [ -122.142770344673423, 37.407760557472557 ], [ -122.142775751837959, 37.407760618732517 ], [ -122.142781157198172, 37.407760598007755 ], [ -122.142786562478335, 37.407760522310177 ], [ -122.142791964804985, 37.407760363742725 ], [ -122.142797365347093, 37.407760124091432 ], [ -122.14280276578927, 37.407759828566412 ], [ -122.142808163892582, 37.40775947810031 ], [ -122.142813526309595, 37.407759046123886 ], [ -122.142818886902489, 37.407758531261777 ], [ -122.142824246285755, 37.407757961442726 ], [ -122.142829603864641, 37.40775730963886 ], [ -122.142834924627849, 37.407756576340553 ], [ -122.142840245905717, 37.407755815097396 ], [ -122.142845563635021, 37.407754943956448 ], [ -122.142850846272864, 37.407754018333101 ], [ -122.14285609268984, 37.407753038243143 ], [ -122.1428613384317, 37.407751976152596 ], [ -122.142866581834511, 37.407750859120945 ], [ -122.142871755649324, 37.407749660152632 ], [ -122.142876926530192, 37.407748379215356 ], [ -122.142882097330727, 37.407747043305385 ], [ -122.14288719689911, 37.407745653419148 ], [ -122.14289229638716, 37.407744208560224 ], [ -122.142897358444685, 37.407742654278074 ], [ -122.142902350994291, 37.407741073031758 ], [ -122.142907341759098, 37.407739410701609 ], [ -122.142912331294355, 37.407737692513642 ], [ -122.142917250112021, 37.407735892404865 ], [ -122.142922133857937, 37.407734038714686 ], [ -122.142926981382843, 37.407732130557982 ], [ -122.14293175821004, 37.407730141381435 ], [ -122.142936534936922, 37.40772809633124 ], [ -122.142941274313415, 37.407725996830301 ], [ -122.142945944736269, 37.407723844222595 ], [ -122.142950578323351, 37.407721609219543 ], [ -122.142955142936998, 37.407719320208713 ], [ -122.142959705211311, 37.407716976256857 ], [ -122.142964197382781, 37.40771457831304 ], [ -122.142968620600584, 37.40771212726245 ], [ -122.142973007577467, 37.407709620844372 ], [ -122.142977357738388, 37.407707032932031 ], [ -122.142981638925775, 37.407704391011933 ], [ -122.142985884486947, 37.407701721653225 ], [ -122.142990059350325, 37.407698971274741 ], [ -122.142994164110831, 37.40769616690433 ], [ -122.142998233264919, 37.407693335996342 ], [ -122.143002232830796, 37.40769042315182 ], [ -122.143006196770429, 37.407687482868759 ], [ -122.14301005674514, 37.407684489969263 ], [ -122.143013879884052, 37.407681414674585 ], [ -122.143017633534768, 37.407678313316815 ], [ -122.143021352093754, 37.40767515747681 ], [ -122.143024967262974, 37.407671975147409 ], [ -122.143028545081677, 37.407668738367434 ], [ -122.143032019450146, 37.4076654210265 ], [ -122.143035458807148, 37.407662104175806 ], [ -122.143038457567584, 37.407659095400568 ], [ -122.143291482272588, 37.407002122036879 ], [ -122.143554150043215, 37.406509634608661 ], [ -122.144831347223729, 37.404584569837631 ], [ -122.145600931647351, 37.404812782396817 ], [ -122.145942729675653, 37.404942968791467 ], [ -122.146800151022617, 37.40514576884393 ], [ -122.148014129267935, 37.405331054964456 ], [ -122.150478052271978, 37.405525612157682 ], [ -122.151549289641636, 37.405820081592722 ], [ -122.153243363902746, 37.405737709403752 ], [ -122.153328340106725, 37.405745219202259 ], [ -122.15337327496789, 37.405749831787986 ], [ -122.153418150701569, 37.40575488588108 ], [ -122.153462933387829, 37.405760380157325 ], [ -122.15350762191801, 37.405766315533654 ], [ -122.153552216803661, 37.405772664065523 ], [ -122.153596717514745, 37.405779452796779 ], [ -122.153641091320623, 37.40578668309017 ], [ -122.153685370973392, 37.405794354484122 ], [ -122.153729521994279, 37.405802440428573 ], [ -122.153773578843669, 37.405810966572815 ], [ -122.153817474291074, 37.405819906828718 ], [ -122.153861205547912, 37.405829288271953 ], [ -122.153904809305018, 37.405839084250388 ], [ -122.153948285032527, 37.40584932180785 ], [ -122.153991563221183, 37.405859973987155 ], [ -122.154034712762822, 37.405871039817072 ], [ -122.154077666495155, 37.405882547281117 ], [ -122.154120420982281, 37.405894443256635 ], [ -122.154163012923419, 37.405906752460155 ], [ -122.154205407967765, 37.405919505116238 ], [ -122.154247604858099, 37.405932644466588 ], [ -122.154289605962333, 37.405946226353016 ], [ -122.154331407784298, 37.405960194950104 ], [ -122.154372977593113, 37.405974551620886 ], [ -122.154414316607173, 37.405989351322205 ], [ -122.154455421860703, 37.406004511184896 ], [ -122.154496297449953, 37.406020114062649 ], [ -122.154536938150315, 37.406036077118195 ], [ -122.15457734743913, 37.406052455276502 ], [ -122.154617490836728, 37.406069221987849 ], [ -122.15465736721427, 37.406086377268501 ], [ -122.154696975422837, 37.406103920233676 ], [ -122.154736317741595, 37.406121851752751 ], [ -122.154775358541414, 37.406140144391088 ], [ -122.154814132322798, 37.406158825599796 ], [ -122.154852639086215, 37.406177895379194 ], [ -122.15489084382159, 37.406197354223345 ], [ -122.154928712539288, 37.40621714673722 ], [ -122.154966314239999, 37.406237327822559 ], [ -122.155003579413474, 37.406257870522893 ], [ -122.155040543070342, 37.406278774344521 ], [ -122.155077170220451, 37.406300040682694 ], [ -122.155113495854451, 37.406321668142759 ], [ -122.155149484362965, 37.406343630191181 ], [ -122.155185102464316, 37.406365954334177 ], [ -122.155220382291162, 37.40638861218121 ], [ -122.155255327271718, 37.406411605486582 ], [ -122.155289934597405, 37.406434960425344 ], [ -122.155324135886772, 37.406458650025243 ], [ -122.155358000581614, 37.406482647171629 ], [ -122.155391493740765, 37.406507006430459 ], [ -122.155424616404432, 37.40653167281355 ], [ -122.15545452858106, 37.406554462217201 ], [ -122.153147496688689, 37.409377452201163 ], [ -122.153042126385813, 37.409511310178168 ], [ -122.149430538708856, 37.413871819774769 ], [ -122.149772136130053, 37.414062456845443 ], [ -122.151205246948123, 37.414823289405589 ], [ -122.150363103142965, 37.415832561778075 ], [ -122.150491623434974, 37.416125192699347 ], [ -122.149400342215728, 37.417432977139185 ], [ -122.151035810303128, 37.41830117244146 ], [ -122.146163607436506, 37.424113972953542 ], [ -122.144499653817448, 37.423240972385408 ], [ -122.144820128600117, 37.422853152086333 ], [ -122.144011259501525, 37.422424383838383 ], [ -122.14299095954722, 37.421888942081559 ], [ -122.143722702685153, 37.421043256752277 ], [ -122.143122393830851, 37.420730060168822 ], [ -122.143434485597695, 37.420354310931664 ], [ -122.143290956125341, 37.420278474252797 ], [ -122.143603884128694, 37.419901724179077 ], [ -122.14131435234566, 37.418692020720755 ], [ -122.141185385351335, 37.41909495159662 ], [ -122.141096032545562, 37.419338559160479 ], [ -122.141061726396714, 37.419424549034588 ], [ -122.141026105409225, 37.419510200410421 ], [ -122.140989201207205, 37.419595512844417 ], [ -122.140950979820687, 37.419680431836909 ], [ -122.140911442454168, 37.419765012343241 ], [ -122.140870622298181, 37.419849170986893 ], [ -122.140828517684227, 37.419932934826029 ], [ -122.140785164180826, 37.42001627722685 ], [ -122.14074049286026, 37.420099198250554 ], [ -122.140694572029233, 37.420181669904316 ], [ -122.140647400554883, 37.420263692202404 ], [ -122.140598945081805, 37.420345238573546 ], [ -122.140549272212752, 37.420426306282423 ], [ -122.140498350355799, 37.420506897571514 ], [ -122.140446211652147, 37.420586984052527 ], [ -122.140392821081619, 37.420666566213271 ], [ -122.140338248062065, 37.420745615144234 ], [ -122.140282456979577, 37.420824104305424 ], [ -122.140225449574928, 37.420902061608111 ], [ -122.140169066596883, 37.420977125392817 ], [ -122.13861302592241, 37.420154697138486 ], [ -122.137975142324393, 37.420937043034861 ], [ -122.137107605364591, 37.420479655123536 ], [ -122.13613240335691, 37.419979097790645 ], [ -122.135997284837941, 37.419906376641663 ] ], [ [ -122.148058971936607, 37.4177838441421 ], [ -122.147511329536954, 37.417495695719303 ], [ -122.147098732029832, 37.417941238362161 ], [ -122.147462923478983, 37.418136042272998 ], [ -122.147177157311503, 37.418476823144516 ], [ -122.147364596256793, 37.418574397487923 ], [ -122.148058971936607, 37.4177838441421 ] ], [ [ -122.147134818346714, 37.409092739892159 ], [ -122.146761610587475, 37.409539211625287 ], [ -122.146862495435585, 37.409588667621101 ], [ -122.147322636437934, 37.40982646024559 ], [ -122.147696765252235, 37.409371898051454 ], [ -122.147239805322201, 37.409133045678857 ], [ -122.147134818346714, 37.409092739892159 ] ], [ [ -122.140864061849854, 37.417447004907473 ], [ -122.14067762772693, 37.417668731451158 ], [ -122.140805432251014, 37.417729902335154 ], [ -122.141363219318436, 37.418023157769447 ], [ -122.141449600857655, 37.417246807549731 ], [ -122.141223188935697, 37.417269834982925 ], [ -122.141213140957547, 37.417270250414205 ], [ -122.141207740930724, 37.417270544949119 ], [ -122.141202342132146, 37.417270895341332 ], [ -122.141196978428084, 37.417271300215972 ], [ -122.141191580916725, 37.417271760536828 ], [ -122.141186220739186, 37.417272274407551 ], [ -122.141180860660256, 37.417272844151412 ], [ -122.141175501789732, 37.417273468851654 ], [ -122.141170177993843, 37.417274147133377 ], [ -122.141164821539974, 37.417274881746522 ], [ -122.141159500696006, 37.41727564289738 ], [ -122.141154215540766, 37.417276485558567 ], [ -122.141148931593847, 37.417277383176142 ], [ -122.141143648875044, 37.417278336651066 ], [ -122.141138366750397, 37.417279317153593 ], [ -122.141133121444, 37.417280379150625 ], [ -122.141127910637707, 37.417281468602177 ], [ -122.141122701633947, 37.417282640038053 ], [ -122.141117493244138, 37.417283839402444 ], [ -122.141112319928894, 37.417285092348372 ], [ -122.141107182857354, 37.417286400661816 ], [ -122.141102046974183, 37.417287763030807 ], [ -122.141096912319099, 37.417289181257146 ], [ -122.141091847754183, 37.417290652575183 ], [ -122.141086783803175, 37.417292151821769 ], [ -122.141081721674439, 37.417293733953564 ], [ -122.1410767290416, 37.417295342149259 ], [ -122.141071737616855, 37.4172970053014 ], [ -122.141066782396251, 37.417298722019261 ], [ -122.141061827273987, 37.417300494610288 ], [ -122.141056942261699, 37.417302321193986 ], [ -122.141052058972946, 37.417304174789543 ], [ -122.141047210263039, 37.417306110812142 ], [ -122.141042398292399, 37.41730807335685 ], [ -122.141037620801953, 37.417310062455194 ], [ -122.141032844004044, 37.417312134454626 ], [ -122.141028137851407, 37.41731423340309 ], [ -122.141023466773177, 37.417316385933091 ], [ -122.1410187980524, 37.417318594304717 ], [ -122.14101419829214, 37.41732085578392 ], [ -122.141009599145676, 37.417323145191709 ], [ -122.141005070109159, 37.417325488592233 ], [ -122.1410005416666, 37.41732785902046 ], [ -122.140996083948025, 37.417330311370208 ], [ -122.14099166124484, 37.417332763230007 ], [ -122.140987274230085, 37.417335296600193 ], [ -122.140982922844842, 37.417337857409223 ], [ -122.14097860653392, 37.417340471799896 ], [ -122.140974359758516, 37.417343114056358 ], [ -122.140970114171253, 37.417345810368388 ], [ -122.14096593869391, 37.417348560673211 ], [ -122.140961797696647, 37.417351337531763 ], [ -122.14095769232884, 37.417354141829215 ], [ -122.140953657070952, 37.417357000119452 ], [ -122.140949656907182, 37.417359912892231 ], [ -122.140945692372895, 37.417362853103931 ], [ -122.140941797314639, 37.417365818478693 ], [ -122.140937903484186, 37.417368839710939 ], [ -122.140934113649763, 37.417371914461995 ], [ -122.14093032381507, 37.417374989212981 ], [ -122.140926604684424, 37.417378144984625 ], [ -122.140922954455419, 37.417381299792488 ], [ -122.140919340469964, 37.417384509968031 ], [ -122.14091576094475, 37.417387745796418 ], [ -122.140912251549281, 37.41739103651863 ], [ -122.140908777763443, 37.417394353778825 ], [ -122.140905372363747, 37.417397698019826 ], [ -122.140902037589413, 37.417401068309111 ], [ -122.140898702893494, 37.4174044935707 ], [ -122.140895472709246, 37.417407944406655 ], [ -122.140892277024918, 37.417411422697398 ], [ -122.140889151985803, 37.417414927937337 ], [ -122.140886062021067, 37.417418486758983 ], [ -122.140883040442475, 37.417422072561422 ], [ -122.140880055008893, 37.41742565785826 ], [ -122.140877138555695, 37.417429297163807 ], [ -122.140874291598394, 37.417432962533468 ], [ -122.140871480270619, 37.417436655342136 ], [ -122.14086877234476, 37.417440374641835 ], [ -122.140866064993062, 37.417444120068495 ], [ -122.140864061849854, 37.417447004907473 ] ] ] } },
{ "type": "Feature", "properties": { "ZONE_TYPE": "Commercial\/Manufacturing\/Residential", "AREA_CALC": 4294405.5, "SHAPE_Leng": 9409.5682696500007, "SHAPE_Area": 4289372.5739799999, "has_CS": false, "Zone_Type_Abbr": "C\/R" }, "geometry": { "type": "Polygon", "coordinates": [ [ [ -122.135886193818479, 37.399040620617342 ], [ -122.143397724265341, 37.395162574717482 ], [ -122.143545481054502, 37.396031624172167 ], [ -122.143769480562099, 37.396890237787012 ], [ -122.144068597747733, 37.397734146591105 ], [ -122.146080837103682, 37.403485868071172 ], [ -122.146098815851232, 37.403589145597962 ], [ -122.146104660517139, 37.403693335099589 ], [ -122.146098279854613, 37.403797477170315 ], [ -122.146079689412758, 37.403900691109342 ], [ -122.14590099957438, 37.403859303447106 ], [ -122.145891442385377, 37.403877182326987 ], [ -122.145879906593194, 37.403894320238706 ], [ -122.145866560816742, 37.403910576931032 ], [ -122.14585143764134, 37.403925841998792 ], [ -122.145834670696971, 37.403939976582691 ], [ -122.145816429219238, 37.403952868360278 ], [ -122.145796816409103, 37.403964432971698 ], [ -122.145776001522776, 37.403974558995479 ], [ -122.145754154392762, 37.403983161136999 ], [ -122.145731411054044, 37.403990209549733 ], [ -122.1457080136569, 37.403995619727127 ], [ -122.145684060968733, 37.403999362345616 ], [ -122.145659831301501, 37.40400140466167 ], [ -122.145635459621303, 37.404001719547885 ], [ -122.145611153687952, 37.404000302287038 ], [ -122.145587085264296, 37.403997206344435 ], [ -122.145563461534152, 37.403992400876227 ], [ -122.145540455389607, 37.403985939332138 ], [ -122.143439153072663, 37.403174137242246 ], [ -122.143399713606058, 37.403171915899257 ], [ -122.141996436903824, 37.40245271086166 ], [ -122.138830843928503, 37.400556254703581 ], [ -122.138160978139609, 37.400169978930165 ], [ -122.137512289243588, 37.399777250334722 ], [ -122.137246937043713, 37.399642511278479 ], [ -122.136837956181964, 37.39946299717765 ], [ -122.136403566289658, 37.399306964731032 ], [ -122.136395397824529, 37.399303398167369 ], [ -122.135886193818479, 37.399040620617342 ] ] ] } },
{ "type": "Feature", "properties": { "ZONE_TYPE": "Commercial\/Manufacturing", "AREA_CALC": 1241960.3, "SHAPE_Leng": 10454.0333833, "SHAPE_Area": 1241946.25517, "has_CS": false, "Zone_Type_Abbr": "C" }, "geometry": { "type": "Polygon", "coordinates": [ [ [ -122.135529751658211, 37.398524342847693 ], [ -122.136479544992142, 37.398002838829228 ], [ -122.137268244316189, 37.397587244266781 ], [ -122.137952062594849, 37.397215574751698 ], [ -122.138410704855858, 37.396985160406693 ], [ -122.139859278530295, 37.396310306482825 ], [ -122.140396499642335, 37.39604645470974 ], [ -122.141569014725434, 37.395440210523923 ], [ -122.141426836639795, 37.395364079256012 ], [ -122.143486442519233, 37.394250545859911 ], [ -122.150251575257144, 37.391922879388666 ], [ -122.150366713775284, 37.392077667637523 ], [ -122.150721677328164, 37.392554888278426 ], [ -122.143397724265341, 37.395162574717482 ], [ -122.135886193818479, 37.399040620617342 ], [ -122.135708076076483, 37.398966384146767 ], [ -122.135572009883262, 37.398905213399438 ], [ -122.135558759793881, 37.398899189756307 ], [ -122.13554621318977, 37.398892277626103 ], [ -122.1355344401601, 37.398884531005358 ], [ -122.135523545781439, 37.398876002501389 ], [ -122.135513634040166, 37.398866746539298 ], [ -122.135504741202254, 37.398856871659582 ], [ -122.135496971771403, 37.398846404342628 ], [ -122.135490326433796, 37.398835427489999 ], [ -122.135484912598486, 37.398824048650248 ], [ -122.135480732061126, 37.398812349808182 ], [ -122.135477852690798, 37.398800386793539 ], [ -122.135476244699035, 37.398788295202735 ], [ -122.135475977601558, 37.398776102905046 ], [ -122.135477021111981, 37.39876397434233 ], [ -122.135479339705341, 37.398751937947225 ], [ -122.135482971407669, 37.398740131074021 ], [ -122.135487882913083, 37.398728580321986 ], [ -122.135494008967726, 37.398717452422673 ], [ -122.135501314564266, 37.398706747864118 ], [ -122.135509733817514, 37.398696604548128 ], [ -122.13551923516296, 37.398687076986924 ], [ -122.135529715434743, 37.398678251332164 ], [ -122.135541106300693, 37.39867015377024 ], [ -122.135553341840989, 37.3986628690323 ], [ -122.135529751658211, 37.398524342847693 ] ] ] } },
{ "type": "Feature", "properties": { "ZONE_TYPE": "Commercial\/Manufacturing", "AREA_CALC": 29720.1, "SHAPE_Leng": 1593.0483020900001, "SHAPE_Area": 29718.2817989, "has_CS": false, "Zone_Type_Abbr": "C" }, "geometry": { "type": "Polygon", "coordinates": [ [ [ -122.150538671293603, 37.405309842668551 ], [ -122.153242923389456, 37.405517250223959 ], [ -122.151587214677235, 37.40559809367798 ], [ -122.150538671293603, 37.405309842668551 ] ] ] } },
{ "type": "Feature", "properties": { "ZONE_TYPE": "Public Facility", "AREA_CALC": 10648812.8, "SHAPE_Leng": 52224.820724999998, "SHAPE_Area": 10636036.165100001, "has_CS": false, "Zone_Type_Abbr": "P" }, "geometry": { "type": "Polygon", "coordinates": [ [ [ -122.124682094641145, 37.400953445020264 ], [ -122.129996564854878, 37.400481386845556 ], [ -122.130167635879403, 37.400583088673578 ], [ -122.130323618541667, 37.400689120288654 ], [ -122.131959848297114, 37.401298039046381 ], [ -122.13175140065367, 37.400534119649414 ], [ -122.131638456478655, 37.400133547771482 ], [ -122.131602290519808, 37.400006870057311 ], [ -122.133869669448003, 37.399111578663344 ], [ -122.133305693078611, 37.398333963303813 ], [ -122.133115755281707, 37.39842115741255 ], [ -122.13312493045288, 37.39814807156943 ], [ -122.132685809612042, 37.397549844570179 ], [ -122.131826256324544, 37.396378917458669 ], [ -122.130562453627704, 37.39455155163175 ], [ -122.130469108882195, 37.394549553624017 ], [ -122.130443798632911, 37.394434233953895 ], [ -122.129417009398438, 37.39274955837687 ], [ -122.129297758270809, 37.392566872631804 ], [ -122.129218223955164, 37.39244508193655 ], [ -122.128676588586799, 37.391615466210155 ], [ -122.12816459855955, 37.390831281763752 ], [ -122.127833975484307, 37.390324896025113 ], [ -122.12750791487052, 37.389825479091677 ], [ -122.127469669171077, 37.389825597988121 ], [ -122.12681831692673, 37.388831364836328 ], [ -122.126753552164232, 37.388873576268153 ], [ -122.126392495969029, 37.388350524656822 ], [ -122.126497608292325, 37.388365273260135 ], [ -122.12690505238136, 37.388377146496097 ], [ -122.127856635213845, 37.389824677518405 ], [ -122.127817907309534, 37.38982474824811 ], [ -122.130519782756167, 37.393962912365851 ], [ -122.130528474555334, 37.393736640308234 ], [ -122.131141002988798, 37.394676676191814 ], [ -122.131578006127626, 37.395340039425804 ], [ -122.131799928422353, 37.395656387070552 ], [ -122.13224643407041, 37.396265667752893 ], [ -122.133275363167527, 37.397668404507193 ], [ -122.133329605045944, 37.397629742648263 ], [ -122.133435208939929, 37.397554518214505 ], [ -122.133494059972747, 37.39763209450124 ], [ -122.134124873360221, 37.398160129656532 ], [ -122.134134644821842, 37.398167685309161 ], [ -122.134140069564737, 37.398171730042591 ], [ -122.13414552870357, 37.398175746359207 ], [ -122.134151089959275, 37.398179680144267 ], [ -122.134156682741178, 37.398183557615084 ], [ -122.134162344925869, 37.39818740618125 ], [ -122.134168039213819, 37.398191173191385 ], [ -122.134173802884874, 37.398194910395951 ], [ -122.134179632536657, 37.398198565572415 ], [ -122.13418552985064, 37.398202163931082 ], [ -122.134191461580386, 37.398205734773803 ], [ -122.134197459251382, 37.398209221786495 ], [ -122.134203490746501, 37.398212654255282 ], [ -122.134209589903776, 37.398216029906258 ], [ -122.134215756151292, 37.398219322612412 ], [ -122.134221956814542, 37.398222587802557 ], [ -122.134228189541503, 37.398225769634699 ], [ -122.134234489412748, 37.398228922593574 ], [ -122.134240823645584, 37.398231993964814 ], [ -122.134247224411297, 37.398235008533909 ], [ -122.134253658389667, 37.398237940630167 ], [ -122.134260125043042, 37.398240817297257 ], [ -122.134266659358531, 37.398243637146479 ], [ -122.134273227497985, 37.398246402451662 ], [ -122.134279827720761, 37.398249085299703 ], [ -122.134286496734902, 37.39825171131411 ], [ -122.134293163436894, 37.398254283288011 ], [ -122.134299897209274, 37.398256771416037 ], [ -122.134306664785811, 37.398259204099112 ], [ -122.134313465037309, 37.398261581352948 ], [ -122.134320297372057, 37.398263876149578 ], [ -122.134327163510918, 37.398266115501258 ], [ -122.134334096720139, 37.398268271007012 ], [ -122.134341028746306, 37.398270372456494 ], [ -122.134347993965221, 37.398272390532121 ], [ -122.134354991858984, 37.398274353178458 ], [ -122.134362022427553, 37.398276260395541 ], [ -122.134369086188769, 37.398278084238754 ], [ -122.13437618318207, 37.398279826509906 ], [ -122.134383277823574, 37.398281512938674 ], [ -122.134390406269091, 37.39828314392237 ], [ -122.134397566797688, 37.398284692448847 ], [ -122.134404760518763, 37.398286157601412 ], [ -122.13441198693431, 37.398287568225641 ], [ -122.134419212664795, 37.398288895947971 ], [ -122.134426436063109, 37.398290168728813 ], [ -122.134433726531469, 37.398291357663645 ], [ -122.134441016945857, 37.398292492526423 ], [ -122.134448304416608, 37.398293544518815 ], [ -122.134455625099449, 37.398294514038241 ], [ -122.13446294343035, 37.398295427715169 ], [ -122.134470296714056, 37.398296286832228 ], [ -122.134477646462244, 37.398297036050984 ], [ -122.134485030014247, 37.398297729824648 ], [ -122.134492411233879, 37.398298368656761 ], [ -122.134499791768235, 37.398298924587024 ], [ -122.134507170527414, 37.398299399433071 ], [ -122.134514581329924, 37.398299790019912 ], [ -122.134521990948912, 37.398300126550417 ], [ -122.134529400494031, 37.398300408107929 ], [ -122.134536840361363, 37.398300578394085 ], [ -122.134544245779026, 37.398300723024896 ], [ -122.134551649899777, 37.398300756824945 ], [ -122.134559085585366, 37.398300736112311 ], [ -122.13456648670784, 37.398300632969921 ], [ -122.134573919375313, 37.398300474413887 ], [ -122.134581315758652, 37.398300206415911 ], [ -122.13458874653729, 37.398299910000759 ], [ -122.134596139922138, 37.398299505060294 ], [ -122.134603533232891, 37.398299045146906 ], [ -122.134610924211017, 37.39829853029196 ], [ -122.134618313374204, 37.398297932550861 ], [ -122.134625700742205, 37.398297252824577 ], [ -122.134633052417584, 37.398296490684352 ], [ -122.134640402909298, 37.39829567448777 ], [ -122.134647717170921, 37.398294802920901 ], [ -122.134655064052325, 37.398293821853031 ], [ -122.134662374723334, 37.398292786315764 ], [ -122.134669650293461, 37.398291695392501 ], [ -122.134676922958747, 37.398290523400746 ], [ -122.134684161060605, 37.398289268979269 ], [ -122.134691396809856, 37.398287958715365 ], [ -122.13469863078339, 37.398286567367229 ], [ -122.134705829655999, 37.398285120633069 ], [ -122.134712992855583, 37.398283592385894 ], [ -122.134720118123539, 37.398281982657224 ], [ -122.134727243317087, 37.398280317955589 ], [ -122.134734332817828, 37.398278570840034 ], [ -122.134741419985531, 37.398276768782964 ], [ -122.134748437065142, 37.39827491272878 ], [ -122.134755453478434, 37.398272974673723 ], [ -122.134762433089278, 37.398270955121461 ], [ -122.134769376469748, 37.398268880198941 ], [ -122.134776284177008, 37.398266723763456 ], [ -122.13478319068048, 37.398264512370801 ], [ -122.134790027095718, 37.398262246981062 ], [ -122.13479682783769, 37.398259900078365 ], [ -122.134803625635001, 37.39825747030536 ], [ -122.134810354473245, 37.398254986519547 ], [ -122.13481704710081, 37.398252448264465 ], [ -122.134823703537421, 37.398249856441126 ], [ -122.134830325410178, 37.398247182188193 ], [ -122.134836909331312, 37.39824442555291 ], [ -122.134843458782541, 37.398241642361505 ], [ -122.134849938682905, 37.398238778129418 ], [ -122.134856380631589, 37.398235831515038 ], [ -122.134862789219866, 37.398232857427871 ], [ -122.134869159876175, 37.398229801859344 ], [ -122.134875460981576, 37.398226665250149 ], [ -122.134881727597218, 37.39822350118402 ], [ -122.134887922403394, 37.398220256108686 ], [ -122.134894082127971, 37.39821695654846 ], [ -122.134900205641742, 37.398213602519085 ], [ -122.134906260196345, 37.398210194477031 ], [ -122.134912277928436, 37.398206704036944 ], [ -122.134918226183771, 37.398203187528814 ], [ -122.134924137636361, 37.398199589523649 ], [ -122.134929980110016, 37.398195936604907 ], [ -122.134935751385754, 37.39819223060595 ], [ -122.134937584878429, 37.398191051504675 ], [ -122.135078287930796, 37.398138574820102 ], [ -122.135078187535626, 37.398144976585129 ], [ -122.135078384713978, 37.398149286107341 ], [ -122.135078789694205, 37.398153593633914 ], [ -122.135079433444147, 37.39815786899333 ], [ -122.135080249397205, 37.398162115817229 ], [ -122.135081306990315, 37.398166358371249 ], [ -122.135082568923281, 37.398170544004316 ], [ -122.135084003019983, 37.398174699299958 ], [ -122.135085677035661, 37.398178823313586 ], [ -122.135087555908768, 37.39818286246161 ], [ -122.135089605224607, 37.398186844259975 ], [ -122.135091859989885, 37.398190768220658 ], [ -122.135094320742013, 37.398194607299985 ], [ -122.135096950807664, 37.398198389045319 ], [ -122.135099751241697, 37.398202058468449 ], [ -122.135102757125296, 37.398205670053827 ], [ -122.13510593163636, 37.398209141403775 ], [ -122.13510927712754, 37.398212528360368 ], [ -122.135112792469599, 37.398215830939272 ], [ -122.135116442561625, 37.398218993754966 ], [ -122.13512026189278, 37.398222044264102 ], [ -122.13512425159243, 37.39822498245092 ], [ -122.135128341054909, 37.398227782263497 ], [ -122.135132599756631, 37.398230469769423 ], [ -122.135136888650678, 37.398232936960042 ], [ -122.13521835947887, 37.398297754114786 ], [ -122.135225079616745, 37.398304362694482 ], [ -122.13522862877133, 37.398307609824997 ], [ -122.135232279464745, 37.398310799665005 ], [ -122.135235997858857, 37.398313934488705 ], [ -122.135239817199803, 37.398316984993961 ], [ -122.135243704241418, 37.398319980482825 ], [ -122.135247693339409, 37.398322890736573 ], [ -122.135251750138082, 37.398325745973935 ], [ -122.135255872896437, 37.39832851828178 ], [ -122.135260098322931, 37.398331233283344 ], [ -122.13526439083833, 37.398333865339602 ], [ -122.135268750442648, 37.398336414450633 ], [ -122.135273177116161, 37.398338879715432 ], [ -122.135277671470647, 37.398341289062941 ], [ -122.135282232914037, 37.398343615465109 ], [ -122.135286860834597, 37.398345830993108 ], [ -122.13529152142921, 37.398347991091839 ], [ -122.135296284099823, 37.398350066856246 ], [ -122.135301078852464, 37.398352060163418 ], [ -122.135305941211442, 37.39835394258067 ], [ -122.135310835115249, 37.398355769584285 ], [ -122.135315796645045, 37.398357486598975 ], [ -122.135320790217364, 37.398359119354481 ], [ -122.135325850898241, 37.398360670065586 ], [ -122.135330944770601, 37.398362137402735 ], [ -122.135336070113055, 37.398363494353731 ], [ -122.135341228129448, 37.398364795875395 ], [ -122.135346418133452, 37.398365959066325 ], [ -122.135351641960384, 37.398367067713039 ], [ -122.135356931134979, 37.398368065501288 ], [ -122.135362219623303, 37.398368980387886 ], [ -122.135367504574802, 37.398369785376403 ], [ -122.135372856615035, 37.398370507419529 ], [ -122.13537820798858, 37.398371147461958 ], [ -122.135383555805547, 37.398371676705324 ], [ -122.135388936241483, 37.398372096447801 ], [ -122.135394314861728, 37.398372433304331 ], [ -122.135399725563744, 37.398372687703549 ], [ -122.135405134987252, 37.398372832173202 ], [ -122.135410541465831, 37.398372893772695 ], [ -122.135415946685612, 37.398372846343577 ], [ -122.135421348960477, 37.398372716044314 ], [ -122.135426748827442, 37.398372475831209 ], [ -122.135432148007965, 37.398372152716433 ], [ -122.135437509793505, 37.398371721076899 ], [ -122.135442903640808, 37.398371206079126 ], [ -122.135448261814489, 37.398370609568779 ], [ -122.135453582573319, 37.39836990363272 ], [ -122.135458902053458, 37.398369087767101 ], [ -122.135464184730679, 37.398368190404682 ], [ -122.135466688300269, 37.398367743644371 ], [ -122.135529751658211, 37.398524342847693 ], [ -122.135553341840989, 37.3986628690323 ], [ -122.135547050359207, 37.398666445332061 ], [ -122.135542769427033, 37.398669086982402 ], [ -122.135538594182378, 37.398671809168569 ], [ -122.135534525848954, 37.398674667748324 ], [ -122.13553056148173, 37.398677579851821 ], [ -122.135526702876788, 37.398680627463733 ], [ -122.135522983856902, 37.398683756040029 ], [ -122.135519370524548, 37.398686965152265 ], [ -122.135515861770187, 37.398690255717071 ], [ -122.135512526458896, 37.398693625873058 ], [ -122.135509297447058, 37.398697104493827 ], [ -122.135506207408454, 37.398700636150245 ], [ -122.135503256954863, 37.398704248771146 ], [ -122.135500411039871, 37.398707941042844 ], [ -122.135497737995649, 37.398711686778761 ], [ -122.135495205053886, 37.398715485534602 ], [ -122.135492845555291, 37.398719363881625 ], [ -122.135490625030044, 37.398723295264354 ], [ -122.135488543497843, 37.398727280583735 ], [ -122.135486599789942, 37.398731318053684 ], [ -122.135484829450618, 37.398735380142298 ], [ -122.135483198104367, 37.398739496167536 ], [ -122.135481740718831, 37.398743663839504 ], [ -122.135480454463121, 37.398747857062631 ], [ -122.135479307718001, 37.398752076277773 ], [ -122.135478333212305, 37.39875632012744 ], [ -122.135477531463494, 37.39876056066705 ], [ -122.13547690258568, 37.398764854670965 ], [ -122.135476411477455, 37.398769146753793 ], [ -122.135476092628551, 37.398773464372084 ], [ -122.135475945407336, 37.398777778696058 ], [ -122.135475937085005, 37.398782091083234 ], [ -122.13547613430778, 37.398786401505561 ], [ -122.135476470409799, 37.398790709090193 ], [ -122.135476977567237, 37.398794987253474 ], [ -122.135477656964426, 37.398799290051272 ], [ -122.135478472947199, 37.398803536872158 ], [ -122.135479460557875, 37.398807780398734 ], [ -122.135480620353377, 37.398811994488184 ], [ -122.135481951204468, 37.398816179156263 ], [ -122.135483420342936, 37.398820333958739 ], [ -122.135485058795936, 37.398824431426682 ], [ -122.135486869414137, 37.398828498556618 ], [ -122.135488817210174, 37.398832536737508 ], [ -122.13549093657943, 37.398836517552468 ], [ -122.135493190793312, 37.39884041447732 ], [ -122.135495582165404, 37.398844281552257 ], [ -122.135498110103654, 37.398848091749294 ], [ -122.135500808485858, 37.398851844596059 ], [ -122.135503643971319, 37.398855513521255 ], [ -122.135506649308667, 37.398859098068179 ], [ -122.135509756797205, 37.398862653253282 ], [ -122.135512999628162, 37.398866095702701 ], [ -122.135516378452948, 37.398869455147221 ], [ -122.135519859966109, 37.398872758186158 ], [ -122.135523510699642, 37.398875948017029 ], [ -122.135527262400075, 37.398879054430125 ], [ -122.135531116196773, 37.398882077409681 ], [ -122.135535105355729, 37.398884988554435 ], [ -122.135539195461902, 37.398887815380498 ], [ -122.135543385942981, 37.398890531760813 ], [ -122.135547678500544, 37.398893163806662 ], [ -122.135552071950286, 37.398895657462127 ], [ -122.13555656634729, 37.398898066798807 ], [ -122.135561127221521, 37.398900365261234 ], [ -122.135565822328658, 37.398902551904484 ], [ -122.135570550572282, 37.398904601102174 ], [ -122.135572009883262, 37.398905213399438 ], [ -122.135708076076483, 37.398966384146767 ], [ -122.135886193818479, 37.399040620617342 ], [ -122.136837956181964, 37.39946299717765 ], [ -122.137246937043713, 37.399642511278479 ], [ -122.137512289243588, 37.399777250334722 ], [ -122.138160978139609, 37.400169978930165 ], [ -122.138830843928503, 37.400556254703581 ], [ -122.141996436903824, 37.40245271086166 ], [ -122.143399713606058, 37.403171915899257 ], [ -122.143439153072663, 37.403174137242246 ], [ -122.145540455389607, 37.403985939332138 ], [ -122.14590099957438, 37.403859303447106 ], [ -122.146237318965305, 37.40394270391733 ], [ -122.146236102334441, 37.403953104706304 ], [ -122.146235715176246, 37.403957422418273 ], [ -122.146235431916921, 37.403961738672116 ], [ -122.146235216951041, 37.403966026931222 ], [ -122.146235036481102, 37.403970342643653 ], [ -122.14623495989018, 37.40397465599699 ], [ -122.146234951059469, 37.403978968399322 ], [ -122.146235012267454, 37.403983280719913 ], [ -122.14623514121574, 37.403987591188567 ], [ -122.146235340182869, 37.40399190067459 ], [ -122.146235606930119, 37.403996210110527 ], [ -122.146235977556472, 37.404000517187349 ], [ -122.146236382082819, 37.404004824689629 ], [ -122.146236855478918, 37.404009130324162 ], [ -122.146237432177983, 37.404013407472618 ], [ -122.146238078362686, 37.40401771068214 ], [ -122.146238757831526, 37.40402198638828 ], [ -122.146239540583537, 37.404026232707416 ], [ -122.146240391711771, 37.40403050600441 ], [ -122.146241312262916, 37.404034751290851 ], [ -122.14624230055459, 37.404038994725326 ], [ -122.146243358885101, 37.404043238078053 ], [ -122.146244484340201, 37.404047451650058 ], [ -122.146245713714279, 37.404051664664834 ], [ -122.146246976372638, 37.404055850176213 ], [ -122.146248309030156, 37.404060033803944 ], [ -122.146249742732124, 37.404064188977344 ], [ -122.146251211443783, 37.404068343659354 ], [ -122.146252749578451, 37.404072470330817 ], [ -122.146254389333791, 37.404076594674777 ], [ -122.146256063502747, 37.404080691499587 ], [ -122.146257805965448, 37.404084760329638 ], [ -122.146259652307549, 37.404088826800525 ], [ -122.146261531933916, 37.404092865768 ], [ -122.146263480450131, 37.404096903768668 ], [ -122.146265530524303, 37.404100885370241 ], [ -122.146267615628076, 37.404104867381342 ], [ -122.146269768985931, 37.404108819595891 ], [ -122.14627199012412, 37.404112771760289 ], [ -122.14627428004971, 37.404116667084395 ], [ -122.146276638885013, 37.404120562342499 ], [ -122.146279065398232, 37.404124401677038 ], [ -122.146281559652138, 37.404128239159604 ], [ -122.146284088339627, 37.404132050023819 ], [ -122.146286720290661, 37.404135830600062 ], [ -122.146289385546012, 37.404139584573784 ], [ -122.146292118459357, 37.404143281723016 ], [ -122.146294920262648, 37.404146977905263 ], [ -122.146297790359824, 37.404150646092802 ], [ -122.1463006937215, 37.404154285875869 ], [ -122.146303664781044, 37.404157870636389 ], [ -122.146306704710653, 37.40416145352895 ], [ -122.146309813467411, 37.404164981382976 ], [ -122.146312989348999, 37.404168479456182 ], [ -122.146316199664227, 37.404171950911014 ], [ -122.14631947712418, 37.404175393485957 ], [ -122.146322788381894, 37.404178780612753 ], [ -122.146326202923163, 37.404182138352425 ], [ -122.146329616868712, 37.404185469064139 ], [ -122.146333132392229, 37.404188744277619 ], [ -122.146336681776404, 37.404192018114522 ], [ -122.146340298838552, 37.404195236027832 ], [ -122.146343949698561, 37.404198398492966 ], [ -122.146347668852428, 37.404201532963228 ], [ -122.146351422400215, 37.404204639013187 ], [ -122.146355242496654, 37.404207689155328 ], [ -122.146359130887035, 37.404210711302618 ], [ -122.146363053075248, 37.40421367800171 ], [ -122.14636700852796, 37.404216616296374 ], [ -122.146371031658674, 37.404219498667317 ], [ -122.146375088607044, 37.404222326491002 ], [ -122.146379214425636, 37.404225152446735 ], [ -122.146383337306986, 37.404227896433682 ], [ -122.146387564621179, 37.404230611918415 ], [ -122.146391790190322, 37.404233299490073 ], [ -122.146396082821525, 37.404235903209219 ], [ -122.146400443746657, 37.404238478933415 ], [ -122.146404804076042, 37.40424102762956 ], [ -122.146409231467345, 37.404243492473206 ], [ -122.146413692143071, 37.404245929813243 ], [ -122.146418187212603, 37.404248338732955 ], [ -122.146422749364092, 37.404250664701031 ], [ -122.14642731089981, 37.404252962740152 ], [ -122.146431940113459, 37.404255204855467 ], [ -122.146436602611516, 37.404257419467221 ], [ -122.146441298311174, 37.404259551602841 ], [ -122.146446027255479, 37.404261654432979 ], [ -122.146450755007749, 37.404263703207292 ], [ -122.146455551567357, 37.404265696041868 ], [ -122.146460379665925, 37.404267633459924 ], [ -122.146465242711386, 37.404269516314812 ], [ -122.146470137872086, 37.40427136988005 ], [ -122.146475066234373, 37.404273140969174 ], [ -122.146480029010334, 37.404274884538808 ], [ -122.146484990574365, 37.404276573151598 ], [ -122.146490018667023, 37.404278204955482 ], [ -122.146495046696998, 37.404279782687546 ], [ -122.146500107395312, 37.404281304987158 ], [ -122.146505166881596, 37.404282772329935 ], [ -122.14651029404574, 37.404284183748835 ], [ -122.146515419997911, 37.404285540210829 ], [ -122.146520579747701, 37.404286841224589 ], [ -122.146522172164694, 37.404287230723867 ], [ -122.146993860107145, 37.404405372835406 ], [ -122.14745257925199, 37.404509986943594 ], [ -122.149757829519189, 37.40487080536851 ], [ -122.151479293869116, 37.405004857033866 ], [ -122.152193269070551, 37.405062376297494 ], [ -122.153315970598001, 37.405147862421082 ], [ -122.155700784674849, 37.405855116237248 ], [ -122.156085896674696, 37.405793231661526 ], [ -122.15653838444635, 37.405541572082761 ], [ -122.156230453159921, 37.406172074147371 ], [ -122.15622645283338, 37.406177981279242 ], [ -122.15622405856594, 37.406181833507837 ], [ -122.156221770019087, 37.406185766253707 ], [ -122.156219619274779, 37.406189697955114 ], [ -122.156217573101713, 37.406193709288829 ], [ -122.156215665330919, 37.406197746605855 ], [ -122.15621389596248, 37.4062018099062 ], [ -122.156212196684578, 37.406205926289495 ], [ -122.156210670219721, 37.40621004113396 ], [ -122.156209247726537, 37.406214208582924 ], [ -122.156207962506357, 37.406218402031222 ], [ -122.156206816818013, 37.406222621446894 ], [ -122.156205809512016, 37.406226865945037 ], [ -122.156204904978452, 37.406231108992067 ], [ -122.156204138827377, 37.406235377121554 ], [ -122.156203511078758, 37.40623967123441 ], [ -122.156203021113043, 37.406243963401842 ], [ -122.156202633919747, 37.406248254118282 ], [ -122.156202420119428, 37.406252569422797 ], [ -122.156202309091682, 37.406256883276292 ], [ -122.156202335866809, 37.406261196085353 ], [ -122.156202500404987, 37.406265506048079 ], [ -122.15620280274608, 37.4062698149664 ], [ -122.156203207839866, 37.406274121532718 ], [ -122.156203785727087, 37.406278425659345 ], [ -122.156204465787255, 37.406282701307127 ], [ -122.156205283030857, 37.406286947981684 ], [ -122.156206238037569, 37.406291191809963 ], [ -122.156207330827456, 37.406295433692897 ], [ -122.15620852579039, 37.406299647096908 ], [ -122.156209857317123, 37.406303803598995 ], [ -122.156211327756452, 37.406307958139756 ], [ -122.156212934249993, 37.406312083723243 ], [ -122.156214642896657, 37.406316179926861 ], [ -122.156216523717376, 37.406320245762103 ], [ -122.156218472230435, 37.406324256568951 ], [ -122.156220557907176, 37.406328237501626 ], [ -122.156222780147928, 37.406332161532397 ], [ -122.156225104561841, 37.406336057084189 ], [ -122.156227565519771, 37.406339894833081 ], [ -122.156230129800306, 37.406343704988039 ], [ -122.156232828875872, 37.406347429427235 ], [ -122.156233644951044, 37.406348517380017 ], [ -122.15689285330258, 37.406981568287591 ], [ -122.156067296509406, 37.40671026909088 ], [ -122.155948907652203, 37.406623133477723 ], [ -122.15575455571846, 37.406801430675102 ], [ -122.149772136130053, 37.414062456845443 ], [ -122.149430538708856, 37.413871819774769 ], [ -122.153042126385813, 37.409511310178168 ], [ -122.153147496688689, 37.409377452201163 ], [ -122.15545452858106, 37.406554462217201 ], [ -122.155389987470883, 37.406505819165822 ], [ -122.155356563893108, 37.406481540934664 ], [ -122.155322769839628, 37.406457570728506 ], [ -122.155288638131438, 37.406433962156349 ], [ -122.155254134798014, 37.40641066072353 ], [ -122.155219260458566, 37.406387694358514 ], [ -122.155184049593316, 37.40636508961061 ], [ -122.155148501602767, 37.406342819451744 ], [ -122.155112583735132, 37.406320884343799 ], [ -122.1550763620928, 37.406299310389947 ], [ -122.155039805053306, 37.40627809803609 ], [ -122.155002911506884, 37.406257248198806 ], [ -122.154965716443826, 37.406236759482852 ], [ -122.154928218115273, 37.406216603975224 ], [ -122.154890420017949, 37.406196837501163 ], [ -122.154852318763517, 37.406177460108196 ], [ -122.1548138821301, 37.406158445214359 ], [ -122.154775212849884, 37.406139789567618 ], [ -122.154736241540803, 37.406121522985217 ], [ -122.154696968732694, 37.406103618423039 ], [ -122.154657464494818, 37.406086128063805 ], [ -122.154617657627796, 37.406068999740192 ], [ -122.154577619350022, 37.406052286519873 ], [ -122.154537313432584, 37.406035933939904 ], [ -122.154496742242486, 37.406019997841526 ], [ -122.154455971772805, 37.406004448455072 ], [ -122.154441632385371, 37.405999101957065 ], [ -122.154331991577166, 37.405960131743001 ], [ -122.154290223635996, 37.405946162668307 ], [ -122.154248259889215, 37.405932635229043 ], [ -122.154206096260779, 37.405919467472366 ], [ -122.154163735716139, 37.405906742267504 ], [ -122.154121178785161, 37.405894432570584 ], [ -122.154078423168556, 37.405882536611259 ], [ -122.154035505045243, 37.405871055681615 ], [ -122.153992390513707, 37.405859989358341 ], [ -122.153949146205804, 37.405849336701614 ], [ -122.153905706107196, 37.4058391265796 ], [ -122.153862136230885, 37.405829330123836 ], [ -122.1538184044433, 37.405819975724683 ], [ -122.153774545135363, 37.40581103495964 ], [ -122.153730556047549, 37.405802507860393 ], [ -122.153686440056717, 37.40579442232368 ], [ -122.153642194883361, 37.405786777480373 ], [ -122.153597822206706, 37.405779547171441 ], [ -122.153553355376289, 37.405772757963007 ], [ -122.153508794882072, 37.405766381009308 ], [ -122.153464140851213, 37.405760473084591 ], [ -122.153419393175, 37.405754978315336 ], [ -122.153374551322017, 37.405749923745212 ], [ -122.153329651470969, 37.405745310666504 ], [ -122.153284691322412, 37.405741137309143 ], [ -122.153243363902746, 37.405737709403752 ], [ -122.151549289641636, 37.405820081592722 ], [ -122.150478052271978, 37.405525612157682 ], [ -122.148014129267935, 37.405331054964456 ], [ -122.146800151022617, 37.40514576884393 ], [ -122.145942729675653, 37.404942968791467 ], [ -122.145600931647351, 37.404812782396817 ], [ -122.144831347223729, 37.404584569837631 ], [ -122.143554150043215, 37.406509634608661 ], [ -122.143291482272588, 37.407002122036879 ], [ -122.143038457567584, 37.407659095400568 ], [ -122.143029262410778, 37.407666888055793 ], [ -122.143025473155006, 37.40766996287644 ], [ -122.143021649402442, 37.407673010242704 ], [ -122.143017790043473, 37.407676031071361 ], [ -122.143013861710983, 37.407678997892354 ], [ -122.143009862146215, 37.407681910737274 ], [ -122.143005861966415, 37.407684795653253 ], [ -122.143001792832862, 37.407687627462472 ], [ -122.142997688073166, 37.407690431833103 ], [ -122.142993513805422, 37.407693209239696 ], [ -122.142989303336364, 37.407695933080831 ], [ -122.142985092766992, 37.407698601048359 ], [ -122.14298081158006, 37.407701242968592 ], [ -122.142976461439432, 37.407703831782044 ], [ -122.14297210893973, 37.407706364753508 ], [ -122.142967688081185, 37.407708871646037 ], [ -122.142963265478272, 37.407711350625448 ], [ -122.142958773306987, 37.407713748569201 ], [ -122.142954245509472, 37.407716119074387 ], [ -122.142949716502116, 37.407718434622673 ], [ -122.142945118006566, 37.407720724107811 ], [ -122.142940484419398, 37.407722959110657 ], [ -122.142935814611164, 37.407725139646992 ], [ -122.142931109711242, 37.407727265700984 ], [ -122.142926404216212, 37.407729364726904 ], [ -122.142921628598444, 37.407731408859966 ], [ -122.142916816779561, 37.407733399427414 ], [ -122.14291200373097, 37.407735334137037 ], [ -122.142907156225334, 37.407737243194028 ], [ -122.142902272478835, 37.40773909688361 ], [ -122.142897353640748, 37.407740896090836 ], [ -122.142892399711045, 37.407742640815684 ], [ -122.142887443462016, 37.407744331500417 ], [ -122.142882418834432, 37.407745995205161 ], [ -122.142877425729722, 37.407747602593346 ], [ -122.142872363076549, 37.407749129846827 ], [ -122.142867299808529, 37.407750629171233 ], [ -122.142862201448978, 37.407752074013246 ], [ -122.142857067463311, 37.407753491416557 ], [ -122.142851931673079, 37.407754826835152 ], [ -122.142846794693028, 37.407756108197731 ], [ -122.142841588185249, 37.407757361695204 ], [ -122.142836414369413, 37.407758560662167 ], [ -122.142835831762241, 37.407758678768722 ], [ -122.142823558529088, 37.407759564408181 ], [ -122.142818193712912, 37.407759887372663 ], [ -122.142812793170833, 37.4077601270249 ], [ -122.142807390924361, 37.407760340565808 ], [ -122.142801987983148, 37.407760471205208 ], [ -122.142796549415991, 37.407760574405835 ], [ -122.142791144055792, 37.407760595131322 ], [ -122.1427857363567, 37.407760560915747 ], [ -122.142780329192149, 37.40776049965617 ], [ -122.142774919074157, 37.40776035552674 ], [ -122.142769544502002, 37.40776018386304 ], [ -122.142764131965137, 37.407759929819726 ], [ -122.142758753844745, 37.407759648257986 ], [ -122.14275334001843, 37.407759284285028 ], [ -122.142747958884442, 37.407758865781581 ], [ -122.14274257711601, 37.407758418448147 ], [ -122.142737228574475, 37.407757889540513 ], [ -122.142731844407137, 37.407757333194176 ], [ -122.142726492297697, 37.40775669348762 ], [ -122.142721175734152, 37.407756026246844 ], [ -122.142715821820659, 37.407755304555209 ], [ -122.142710501114294, 37.40775450038857 ], [ -122.142705214804636, 37.407753667802524 ], [ -122.142699926156325, 37.407752780275445 ], [ -122.142694636833312, 37.407751810747705 ], [ -122.142689380777639, 37.407750812816481 ], [ -122.142684157414394, 37.407749760354832 ], [ -122.14267893395143, 37.407748652019478 ], [ -122.14267599258433, 37.407748006489243 ], [ -122.142292969175429, 37.40763964894095 ], [ -122.142069659947666, 37.407711639010273 ], [ -122.142020797188025, 37.407788301927418 ], [ -122.142107002436859, 37.408009757242482 ], [ -122.141839754265092, 37.408383888537621 ], [ -122.141648872536109, 37.408469570138884 ], [ -122.141308877704745, 37.408340335437764 ], [ -122.141065683089707, 37.408389720145848 ], [ -122.140835799595976, 37.40849171353122 ], [ -122.140796990309624, 37.408508930495678 ], [ -122.140649122329734, 37.408574506689114 ], [ -122.140477915224849, 37.408537098388855 ], [ -122.140410436524064, 37.408525187222082 ], [ -122.140157879837346, 37.408472983595438 ], [ -122.138189947849924, 37.407433759086906 ], [ -122.138590587513903, 37.408376304263903 ], [ -122.139825976603902, 37.411282574799472 ], [ -122.14026054783514, 37.41230369590167 ], [ -122.140294190718194, 37.412262846962236 ], [ -122.14035074688023, 37.412394977757714 ], [ -122.140317070084606, 37.412435827186769 ], [ -122.140863743260226, 37.413719903397315 ], [ -122.140671951680787, 37.413952884513456 ], [ -122.13961615763526, 37.411470757676938 ], [ -122.138607037638835, 37.410942183719584 ], [ -122.138667530283129, 37.41065143250227 ], [ -122.138599922395557, 37.410470616259957 ], [ -122.138423239469319, 37.410357962221681 ], [ -122.138289364991977, 37.410203177111931 ], [ -122.138143797341669, 37.410034930713451 ], [ -122.138282833058724, 37.409654524053195 ], [ -122.138219389195896, 37.409512681581781 ], [ -122.138112922173363, 37.409282359271224 ], [ -122.137858470536997, 37.409074786720083 ], [ -122.137953936687893, 37.408930946079643 ], [ -122.138071318870217, 37.408751748718785 ], [ -122.138122642845104, 37.408637887413541 ], [ -122.138179595081382, 37.40850595670949 ], [ -122.138307438768521, 37.408464560598851 ], [ -122.1383355776494, 37.408455405179879 ], [ -122.137821138267228, 37.407246214966754 ], [ -122.136764005856989, 37.406702941590233 ], [ -122.136228497776358, 37.406422236575651 ], [ -122.132923755914234, 37.40469641284335 ], [ -122.13280237008766, 37.404267776139029 ], [ -122.132301729820682, 37.40432671554602 ], [ -122.132267676073454, 37.40415196538283 ], [ -122.132358527104543, 37.404133808028483 ], [ -122.132744718471599, 37.404064211398627 ], [ -122.132030634400991, 37.401543504083754 ], [ -122.13179699831916, 37.401454541497188 ], [ -122.131306561928909, 37.401279959756131 ], [ -122.1309198831636, 37.401142306664049 ], [ -122.130357202362262, 37.400941998466479 ], [ -122.130071792712016, 37.400839139080155 ], [ -122.129947491669512, 37.400791669676615 ], [ -122.129784435101428, 37.400822063844849 ], [ -122.128655872388023, 37.400929073101473 ], [ -122.128476034703738, 37.400944727632847 ], [ -122.12662031726056, 37.401118341296062 ], [ -122.126735095815846, 37.401915569043368 ], [ -122.126867201950603, 37.402166366978868 ], [ -122.126896926797556, 37.402372216967798 ], [ -122.127235324154412, 37.402771863651395 ], [ -122.128293909499362, 37.403228152866575 ], [ -122.127565627170938, 37.404292483966799 ], [ -122.127459306495993, 37.404248635772397 ], [ -122.124441969846814, 37.402936059152026 ], [ -122.123905554344304, 37.402285747494773 ], [ -122.123977637524206, 37.4022374480301 ], [ -122.124186018327194, 37.401727791453325 ], [ -122.12433198014989, 37.401517584893632 ], [ -122.124410924593775, 37.401325831090048 ], [ -122.124444235190339, 37.401250544596017 ], [ -122.12474041094957, 37.401071631345772 ], [ -122.124810225584298, 37.401006167789753 ], [ -122.124682094641145, 37.400953445020264 ] ], [ [ -122.134515778748479, 37.39956224026313 ], [ -122.135034898264479, 37.400365856912309 ], [ -122.135643692135758, 37.401487078416686 ], [ -122.135675805156993, 37.401477154426161 ], [ -122.13602746239107, 37.402258269321109 ], [ -122.135994841686767, 37.402267102815443 ], [ -122.136120620613156, 37.402562368816177 ], [ -122.136703169581992, 37.40240492082993 ], [ -122.138190429470043, 37.400823325286801 ], [ -122.137656770926128, 37.400501261229834 ], [ -122.137595282504364, 37.400462262964083 ], [ -122.137563803190076, 37.400443007494836 ], [ -122.137532021681253, 37.400424085176603 ], [ -122.137499936275347, 37.400405469897855 ], [ -122.137467583089503, 37.400387160253025 ], [ -122.13743495986499, 37.400369156273378 ], [ -122.13740203561396, 37.400351487229855 ], [ -122.137368875182503, 37.400334122477162 ], [ -122.137335414316894, 37.400317119688076 ], [ -122.137301718419423, 37.40030042207453 ], [ -122.137267788619113, 37.400284029620686 ], [ -122.137233591113173, 37.400267997771614 ], [ -122.137199126457688, 37.400252300384402 ], [ -122.137164461240374, 37.400236934726919 ], [ -122.137129528833327, 37.40022190172904 ], [ -122.137094396496011, 37.400207229290295 ], [ -122.137059031995747, 37.400192889923034 ], [ -122.137023466952087, 37.400178883185646 ], [ -122.136987669208153, 37.400165236563026 ], [ -122.136951672029568, 37.400151921653276 ], [ -122.136915477769975, 37.400138994298075 ], [ -122.136879082965464, 37.400126399572081 ], [ -122.136869126965124, 37.400123022906641 ], [ -122.136140269743038, 37.399883280444747 ], [ -122.135544644646984, 37.399689747012324 ], [ -122.135504790525999, 37.399673244709739 ], [ -122.135487599245479, 37.39966650728347 ], [ -122.135470343211765, 37.399659907740947 ], [ -122.135452987511584, 37.399653502443691 ], [ -122.135435530921271, 37.399647235533962 ], [ -122.135417941915378, 37.399641163326024 ], [ -122.135400321496888, 37.399635255572974 ], [ -122.13538256753337, 37.399629542537383 ], [ -122.135364748816031, 37.399623967385317 ], [ -122.135346829302435, 37.399618586494022 ], [ -122.135328846238622, 37.399613398442959 ], [ -122.135310797291467, 37.399608348291004 ], [ -122.135292649806203, 37.39960349236825 ], [ -122.135274435919783, 37.399598802289134 ], [ -122.135256123475315, 37.399594305538201 ], [ -122.135237781358271, 37.399590001154984 ], [ -122.135219372247775, 37.399585835587445 ], [ -122.13520086517083, 37.399581890375842 ], [ -122.135182327848611, 37.399578111404949 ], [ -122.135163725234165, 37.399574497360817 ], [ -122.135145091817222, 37.399571075700067 ], [ -122.13512639375891, 37.399567848696833 ], [ -122.135107631517485, 37.399564785703653 ], [ -122.135088838512658, 37.399561916895657 ], [ -122.135070014093074, 37.399559212542044 ], [ -122.135051124992188, 37.399556701043963 ], [ -122.135032206236943, 37.399554382814323 ], [ -122.135013257807501, 37.399552256952155 ], [ -122.134994278002324, 37.39955029734621 ], [ -122.134975267373648, 37.399548529222507 ], [ -122.134956227090086, 37.399546954367203 ], [ -122.134937190417943, 37.399545544379166 ], [ -122.134918089063561, 37.399544327246531 ], [ -122.134899026919697, 37.399543301521085 ], [ -122.134879898983669, 37.399542469567656 ], [ -122.134860776379782, 37.3995418294937 ], [ -122.13484165625735, 37.399541354302698 ], [ -122.134822507608348, 37.399541072364308 ], [ -122.134803395890856, 37.399540980963664 ], [ -122.134784254517243, 37.399541082831327 ], [ -122.134765116753812, 37.399541349566228 ], [ -122.134745983212071, 37.399541809097229 ], [ -122.13472685446402, 37.399542487551336 ], [ -122.134707763741304, 37.399543303356857 ], [ -122.134688642804548, 37.399544338573357 ], [ -122.134669594362947, 37.399545537697151 ], [ -122.13465051685597, 37.399546957117138 ], [ -122.134631476856086, 37.399548541833148 ], [ -122.13461247430412, 37.399550289142447 ], [ -122.134593511591589, 37.399552256688885 ], [ -122.134574552487919, 37.399554389102683 ], [ -122.13455563259221, 37.399556712923811 ], [ -122.134536750775027, 37.399559228168094 ], [ -122.134517906444486, 37.399561907807637 ], [ -122.134515778748479, 37.39956224026313 ] ], [ [ -122.150538671293603, 37.405309842668551 ], [ -122.151587214677235, 37.40559809367798 ], [ -122.153242923389456, 37.405517250223959 ], [ -122.150538671293603, 37.405309842668551 ] ] ] } },
{ "type": "Feature", "properties": { "ZONE_TYPE": "Public Facility", "AREA_CALC": 497418.2, "SHAPE_Leng": 3690.9147591300002, "SHAPE_Area": 496746.02266900003, "has_CS": false, "Zone_Type_Abbr": "P" }, "geometry": { "type": "Polygon", "coordinates": [ [ [ -122.178347408700219, 37.38658430467445 ], [ -122.178144061441117, 37.386725301457318 ], [ -122.176690639989374, 37.386964799153368 ], [ -122.176557889549471, 37.386982904502773 ], [ -122.176423728366302, 37.386991853709773 ], [ -122.176289085671712, 37.386991581217373 ], [ -122.176154957317124, 37.386982070988573 ], [ -122.174266499498614, 37.386784323469783 ], [ -122.174117009487802, 37.386769784271337 ], [ -122.173969445480225, 37.386745987164097 ], [ -122.173824605586503, 37.386713113624218 ], [ -122.173683421748535, 37.38667137025795 ], [ -122.172531551294256, 37.386331421055537 ], [ -122.172850233726223, 37.385723435822037 ], [ -122.173627591384573, 37.385954429083576 ], [ -122.174145115153166, 37.385767861928997 ], [ -122.176054320123313, 37.385803686347487 ], [ -122.176441286826503, 37.386059688213514 ], [ -122.177767436823544, 37.386298767301447 ], [ -122.178347408700219, 37.38658430467445 ] ] ] } },
{ "type": "Feature", "properties": { "ZONE_TYPE": "Commercial", "AREA_CALC": 212183.0, "SHAPE_Leng": 1862.3928333599999, "SHAPE_Area": 212182.59003699999, "has_CS": false, "Zone_Type_Abbr": "C" }, "geometry": { "type": "Polygon", "coordinates": [ [ [ -122.17183171606186, 37.437770473671904 ], [ -122.172353162957251, 37.436729855249489 ], [ -122.174025533172127, 37.43714966099553 ], [ -122.173636968038053, 37.438199187671863 ], [ -122.172063194914386, 37.437822058510157 ], [ -122.17183171606186, 37.437770473671904 ] ] ] } },
{ "type": "Feature", "properties": { "ZONE_TYPE": "Commercial\/Research\/Residential", "AREA_CALC": 826555.0, "SHAPE_Leng": 5277.5758886499998, "SHAPE_Area": 826621.18803399999, "has_CS": false, "Zone_Type_Abbr": "C\/R" }, "geometry": { "type": "Polygon", "coordinates": [ [ [ -122.174025533172127, 37.43714966099553 ], [ -122.17433541197417, 37.437227125003474 ], [ -122.175140035702384, 37.43743174063858 ], [ -122.175273961189475, 37.43745737974114 ], [ -122.175410092535444, 37.437473840814114 ], [ -122.175547530615333, 37.437480997900565 ], [ -122.17568520586137, 37.437478785158717 ], [ -122.17582215618765, 37.437467242461089 ], [ -122.175678145891169, 37.436323761112362 ], [ -122.176050584380221, 37.436402937150469 ], [ -122.176089840900019, 37.436411523750664 ], [ -122.176129927361885, 37.436417158734351 ], [ -122.176170497971896, 37.436419793868417 ], [ -122.176211206939399, 37.436419431387769 ], [ -122.176251676332711, 37.436416051456867 ], [ -122.17629159718328, 37.436409685525646 ], [ -122.176330589971727, 37.43640039398985 ], [ -122.176654052822911, 37.43714680139928 ], [ -122.17883177199613, 37.435538947599916 ], [ -122.17983091793802, 37.436179701871048 ], [ -122.176207623401993, 37.438820763683026 ], [ -122.173636968038053, 37.438199187671863 ], [ -122.174025533172127, 37.43714966099553 ] ] ] } },
{ "type": "Feature", "properties": { "ZONE_TYPE": "Commercial\/Residential", "AREA_CALC": 586458.4, "SHAPE_Leng": 3312.73772895, "SHAPE_Area": 586461.21135, "has_CS": false, "Zone_Type_Abbr": "C\/R" }, "geometry": { "type": "Polygon", "coordinates": [ [ [ -122.158658261920834, 37.439699976194582 ], [ -122.156616878182632, 37.438417749757299 ], [ -122.159927803180409, 37.437461250987155 ], [ -122.159989671154349, 37.437476692223271 ], [ -122.161193106921331, 37.43851559396829 ], [ -122.160545545826338, 37.438694021773181 ], [ -122.160731609992169, 37.439124545386825 ], [ -122.160386088638603, 37.43921914793097 ], [ -122.160212417146212, 37.43926657164932 ], [ -122.158658261920834, 37.439699976194582 ] ] ] } },
{ "type": "Feature", "properties": { "ZONE_TYPE": "Commercial\/Residential", "AREA_CALC": 69400.7, "SHAPE_Leng": 1182.57787222, "SHAPE_Area": 69402.749836999996, "has_CS": false, "Zone_Type_Abbr": "C\/R" }, "geometry": { "type": "Polygon", "coordinates": [ [ [ -122.161033929474769, 37.439042200511572 ], [ -122.160731609992169, 37.439124545386825 ], [ -122.160545545826338, 37.438694021773181 ], [ -122.161193106921331, 37.43851559396829 ], [ -122.161674045294134, 37.438934662652478 ], [ -122.161980539261833, 37.439202181783848 ], [ -122.161365206817763, 37.439372383797284 ], [ -122.161197119779899, 37.439419949812716 ], [ -122.161033929474769, 37.439042200511572 ] ] ] } },
{ "type": "Feature", "properties": { "ZONE_TYPE": "Public Facility", "AREA_CALC": 1093731.1, "SHAPE_Leng": 4977.14796544, "SHAPE_Area": 1093728.43368, "has_CS": false, "Zone_Type_Abbr": "P" }, "geometry": { "type": "Polygon", "coordinates": [ [ [ -122.134669459647498, 37.436890907994815 ], [ -122.134731085930341, 37.436818520110506 ], [ -122.136284871461342, 37.437786647453166 ], [ -122.132190485347394, 37.441921177099005 ], [ -122.132115686846049, 37.441873625390997 ], [ -122.131745961869143, 37.441640283092291 ], [ -122.130646982658291, 37.440947414661451 ], [ -122.13114870315151, 37.44044754302297 ], [ -122.131151133896068, 37.44043899467426 ], [ -122.134669459647498, 37.436890907994815 ] ] ] } },
{ "type": "Feature", "properties": { "ZONE_TYPE": "Residential Multi-Family", "AREA_CALC": 11071.2, "SHAPE_Leng": 543.34475821900003, "SHAPE_Area": 11072.416141199999, "has_CS": false, "Zone_Type_Abbr": "R" }, "geometry": { "type": "Polygon", "coordinates": [ [ [ -122.142475294345246, 37.439699153941262 ], [ -122.142341227781202, 37.439613542171173 ], [ -122.142814417316245, 37.439136076564026 ], [ -122.142949541631793, 37.439221234097161 ], [ -122.142475294345246, 37.439699153941262 ] ] ] } },
{ "type": "Feature", "properties": { "ZONE_TYPE": "Residential Multi-Family", "AREA_CALC": 20300.3, "SHAPE_Leng": 655.7189277, "SHAPE_Area": 20299.018029899999, "has_CS": false, "Zone_Type_Abbr": "R" }, "geometry": { "type": "Polygon", "coordinates": [ [ [ -122.143515090143609, 37.438429739960561 ], [ -122.143785219017289, 37.438600905672224 ], [ -122.143298225174163, 37.439090929573929 ], [ -122.143163135722588, 37.439005771950995 ], [ -122.143269932058004, 37.438898055153587 ], [ -122.143134843007715, 37.438812898397742 ], [ -122.143515090143609, 37.438429739960561 ] ] ] } },
{ "type": "Feature", "properties": { "ZONE_TYPE": "Residential Multi-Family", "AREA_CALC": 23169.7, "SHAPE_Leng": 662.680564828, "SHAPE_Area": 23169.633931199998, "has_CS": false, "Zone_Type_Abbr": "R" }, "geometry": { "type": "Polygon", "coordinates": [ [ [ -122.142902761627028, 37.437231198587895 ], [ -122.143116350771962, 37.437015764423506 ], [ -122.143739419595022, 37.437406957530371 ], [ -122.143529019198709, 37.437626385571839 ], [ -122.142902761627028, 37.437231198587895 ] ] ] } },
{ "type": "Feature", "properties": { "ZONE_TYPE": "Residential Multi-Family", "AREA_CALC": 23762.2, "SHAPE_Leng": 650.68473487799997, "SHAPE_Area": 23762.303834900002, "has_CS": false, "Zone_Type_Abbr": "R" }, "geometry": { "type": "Polygon", "coordinates": [ [ [ -122.14758022548304, 37.436171004068989 ], [ -122.147458477959105, 37.436293822770466 ], [ -122.147577392877281, 37.436368763888396 ], [ -122.147380869144158, 37.436566990810427 ], [ -122.146905162083087, 37.4362666216918 ], [ -122.14722311111646, 37.435944977052188 ], [ -122.14758022548304, 37.436171004068989 ] ] ] } },
{ "type": "Feature", "properties": { "ZONE_TYPE": "Residential Multi-Family", "AREA_CALC": 11240.8, "SHAPE_Leng": 549.64274429199997, "SHAPE_Area": 11240.680415700001, "has_CS": false, "Zone_Type_Abbr": "R" }, "geometry": { "type": "Polygon", "coordinates": [ [ [ -122.14490821024205, 37.436359758465592 ], [ -122.144839218140362, 37.436316308706566 ], [ -122.144949850371106, 37.436210980574067 ], [ -122.145014999656112, 37.436252012130232 ], [ -122.145555385665787, 37.436592657933005 ], [ -122.14544859481866, 37.436700377745346 ], [ -122.14490821024205, 37.436359758465592 ] ] ] } },
{ "type": "Feature", "properties": { "ZONE_TYPE": "Residential Multi-Family", "AREA_CALC": 23361.7, "SHAPE_Leng": 618.31593057199996, "SHAPE_Area": 23360.868693199998, "has_CS": false, "Zone_Type_Abbr": "R" }, "geometry": { "type": "Polygon", "coordinates": [ [ [ -122.144190236551879, 37.434924083217595 ], [ -122.144673300525696, 37.435224661892171 ], [ -122.144390957847676, 37.435508580809753 ], [ -122.143911036862562, 37.435206802496161 ], [ -122.144190236551879, 37.434924083217595 ] ] ] } },
{ "type": "Feature", "properties": { "ZONE_TYPE": "Residential Multi-Family", "AREA_CALC": 23350.3, "SHAPE_Leng": 668.51966184000003, "SHAPE_Area": 23349.642539500001, "has_CS": false, "Zone_Type_Abbr": "R" }, "geometry": { "type": "Polygon", "coordinates": [ [ [ -122.149799722144735, 37.435346494235894 ], [ -122.150018849987745, 37.435131875869139 ], [ -122.150106534066296, 37.435190222572452 ], [ -122.150511841377948, 37.435445668774989 ], [ -122.15050971891084, 37.435447813758891 ], [ -122.150644812032368, 37.435532989960102 ], [ -122.150433406367867, 37.43574629237353 ], [ -122.149892970326519, 37.435405669486883 ], [ -122.149799722144735, 37.435346494235894 ] ] ] } },
{ "type": "Feature", "properties": { "ZONE_TYPE": "Residential Multi-Family", "AREA_CALC": 71354.4, "SHAPE_Leng": 1314.86768, "SHAPE_Area": 71354.346183400005, "has_CS": false, "Zone_Type_Abbr": "R" }, "geometry": { "type": "Polygon", "coordinates": [ [ [ -122.150433406367867, 37.43574629237353 ], [ -122.150568498195028, 37.435831440747933 ], [ -122.150782060605081, 37.435615965583239 ], [ -122.150917187618404, 37.435701113064376 ], [ -122.151013286915216, 37.435604170092169 ], [ -122.151283472816345, 37.43577446533579 ], [ -122.151456286740327, 37.435865867072955 ], [ -122.151726508514429, 37.436036161717254 ], [ -122.151619729099821, 37.43614391416093 ], [ -122.151754823000402, 37.436229061167232 ], [ -122.15154126164461, 37.436444538092196 ], [ -122.151135944786049, 37.436189068435958 ], [ -122.151050151651461, 37.436141545497676 ], [ -122.150851894514233, 37.436354416723823 ], [ -122.150760248496425, 37.436302360833103 ], [ -122.15035680242022, 37.436044142374797 ], [ -122.150219688458989, 37.435962565735331 ], [ -122.150433406367867, 37.43574629237353 ] ] ] } },
{ "type": "Feature", "properties": { "ZONE_TYPE": "Residential Multi-Family", "AREA_CALC": 59881.3, "SHAPE_Leng": 1171.4223863499999, "SHAPE_Area": 59879.778249499999, "has_CS": false, "Zone_Type_Abbr": "R" }, "geometry": { "type": "Polygon", "coordinates": [ [ [ -122.151811486837914, 37.436614832517613 ], [ -122.152131827694006, 37.436291629320998 ], [ -122.152537147920313, 37.436547068508219 ], [ -122.152699284146394, 37.436649249453858 ], [ -122.153104609387299, 37.436904686658629 ], [ -122.152784270711365, 37.437227919523437 ], [ -122.152919367903081, 37.43731306518238 ], [ -122.152865995085833, 37.437366914229081 ], [ -122.152325536822786, 37.437026330514037 ], [ -122.152229171792925, 37.436968161716784 ], [ -122.152286060401451, 37.436914346369733 ], [ -122.152216807723121, 37.436870272805031 ], [ -122.151811486837914, 37.436614832517613 ] ] ] } },
{ "type": "Feature", "properties": { "ZONE_TYPE": "Residential Multi-Family", "AREA_CALC": 54000.0, "SHAPE_Leng": 1019.98153632, "SHAPE_Area": 53997.848839099999, "has_CS": false, "Zone_Type_Abbr": "R" }, "geometry": { "type": "Polygon", "coordinates": [ [ [ -122.153054500428141, 37.43739821019188 ], [ -122.153374839283458, 37.437075004522264 ], [ -122.154347641380298, 37.437688050620132 ], [ -122.154027305256491, 37.438011259815127 ], [ -122.153054500428141, 37.43739821019188 ] ] ] } },
{ "type": "Feature", "properties": { "ZONE_TYPE": "Residential Multi-Family", "AREA_CALC": 22500.0, "SHAPE_Leng": 599.985817666, "SHAPE_Area": 22498.936337499999, "has_CS": false, "Zone_Type_Abbr": "R" }, "geometry": { "type": "Polygon", "coordinates": [ [ [ -122.154702879170713, 37.438437007211768 ], [ -122.154297541265777, 37.438181575540163 ], [ -122.154617878080032, 37.437858365595723 ], [ -122.155023215325841, 37.438113796167208 ], [ -122.154702879170713, 37.438437007211768 ] ] ] } },
{ "type": "Feature", "properties": { "ZONE_TYPE": null, "AREA_CALC": 1066111.0, "SHAPE_Leng": 4785.6324213199996, "SHAPE_Area": 1065748.3473799999, "has_CS": false, "Zone_Type_Abbr": "P" }, "geometry": { "type": "Polygon", "coordinates": [ [ [ -122.173824905785736, 37.442438425327573 ], [ -122.174070652558925, 37.441175195323268 ], [ -122.174129667689513, 37.440948064141757 ], [ -122.17421332454289, 37.440725938177401 ], [ -122.174321002886714, 37.440510500672069 ], [ -122.17445184685306, 37.440303358911073 ], [ -122.174604924303566, 37.440106144689807 ], [ -122.174778996734204, 37.439920333752831 ], [ -122.17497275090949, 37.439747343427882 ], [ -122.176008600918905, 37.438976801199381 ], [ -122.176226483552014, 37.439155835635106 ], [ -122.177419358340231, 37.439013230881528 ], [ -122.177856844826465, 37.439217635703095 ], [ -122.178169558463367, 37.439279666456599 ], [ -122.17827981210219, 37.439393679982366 ], [ -122.17804511482565, 37.439537979200878 ], [ -122.177862605496088, 37.440111119138656 ], [ -122.178573896953708, 37.440982728203146 ], [ -122.178149533172757, 37.440872164277508 ], [ -122.177870752037961, 37.440945234495658 ], [ -122.177577226811508, 37.441165419346909 ], [ -122.1768314081434, 37.441450300286391 ], [ -122.176481831856023, 37.441784180499425 ], [ -122.175755006301515, 37.441712621220553 ], [ -122.175625317053303, 37.442073849482725 ], [ -122.175629544358245, 37.442444619101856 ], [ -122.175454226049041, 37.442765377279258 ], [ -122.175256753185607, 37.442917270846138 ], [ -122.174689290199439, 37.442474357365136 ], [ -122.173824905785736, 37.442438425327573 ] ] ] } },
{ "type": "Feature", "properties": { "ZONE_TYPE": "Commercial\/Residential", "AREA_CALC": 525631.0, "SHAPE_Leng": 7770.9935440600002, "SHAPE_Area": 525633.48731700005, "has_CS": false, "Zone_Type_Abbr": "C\/R" }, "geometry": { "type": "Polygon", "coordinates": [ [ [ -122.160451818511632, 37.448115628734918 ], [ -122.160232488943024, 37.447982513092697 ], [ -122.160836758439203, 37.447375527966628 ], [ -122.160907467116346, 37.447417817759757 ], [ -122.161506797548498, 37.446821556589654 ], [ -122.161580687762282, 37.446865916972527 ], [ -122.161652695458429, 37.446909286499015 ], [ -122.161596297678017, 37.446963512137124 ], [ -122.161356012946086, 37.447205920189987 ], [ -122.161626503324413, 37.447376106080227 ], [ -122.16162626508455, 37.447376219400439 ], [ -122.161334776018819, 37.447675608363205 ], [ -122.161675725840382, 37.447884544542951 ], [ -122.161965368138155, 37.447591938135133 ], [ -122.161761390760461, 37.447461355716072 ], [ -122.162053725367514, 37.447161321031246 ], [ -122.161819969896968, 37.447013167805444 ], [ -122.161786190207877, 37.446992385707581 ], [ -122.161838204721334, 37.446940913947898 ], [ -122.162078487033284, 37.446698504902997 ], [ -122.162213613730017, 37.4467836677142 ], [ -122.162240334871328, 37.446756727077911 ], [ -122.162587665586159, 37.446973754996492 ], [ -122.16286809462909, 37.446696329624793 ], [ -122.16347181770027, 37.446089420173621 ], [ -122.162981010818029, 37.44578501639559 ], [ -122.163273917445196, 37.445484888355317 ], [ -122.163739682293013, 37.445783356367727 ], [ -122.164037207573728, 37.44548195238599 ], [ -122.163810864703905, 37.445340180414256 ], [ -122.163880787914238, 37.445269967343684 ], [ -122.164147778033211, 37.445000613011999 ], [ -122.164045080276665, 37.44493589706056 ], [ -122.16401836043903, 37.444962838111515 ], [ -122.163883236732744, 37.444877705278572 ], [ -122.163748111582066, 37.444792544376895 ], [ -122.164041210221498, 37.444496724759759 ], [ -122.164174973276886, 37.444581080031845 ], [ -122.164470581062915, 37.444285113775372 ], [ -122.164504476585464, 37.4443064981661 ], [ -122.164744741128942, 37.444064055685395 ], [ -122.165097314644214, 37.444286194542947 ], [ -122.165297293565004, 37.444412213705661 ], [ -122.165057029072543, 37.444654629382391 ], [ -122.165308375400016, 37.444812992305032 ], [ -122.165068109653035, 37.445055407996968 ], [ -122.164961334845799, 37.445163144592023 ], [ -122.164827841214944, 37.445297823208527 ], [ -122.16472106746707, 37.445405587495621 ], [ -122.164401437736714, 37.445726013106373 ], [ -122.164536380992061, 37.445809142738753 ], [ -122.164575637857098, 37.445831467641462 ], [ -122.1645215769488, 37.445883710472202 ], [ -122.163991171175283, 37.446419238633439 ], [ -122.163890362492523, 37.446352792462022 ], [ -122.163832882836843, 37.446412445395957 ], [ -122.163592041634033, 37.446654234306692 ], [ -122.163352328763537, 37.446897270198846 ], [ -122.163269872275805, 37.446963210369994 ], [ -122.163202558229258, 37.447012949374511 ], [ -122.162988963416851, 37.447228419520222 ], [ -122.163078141181941, 37.447284621425538 ], [ -122.163348555437636, 37.447010825386954 ], [ -122.163481985916462, 37.447097081438521 ], [ -122.163213271381323, 37.447369892109819 ], [ -122.162892540188892, 37.447692581979744 ], [ -122.162371288082198, 37.447364323887996 ], [ -122.162275166458315, 37.447302616089743 ], [ -122.162160510247304, 37.44740790761746 ], [ -122.162561808043492, 37.447659387837014 ], [ -122.162348210660156, 37.447874856789923 ], [ -122.162437387585214, 37.447931059195255 ], [ -122.162165997427948, 37.448204728956419 ], [ -122.161915622646603, 37.448045329861316 ], [ -122.161844291898305, 37.448117455950765 ], [ -122.161722547252324, 37.448240290253075 ], [ -122.161734730206064, 37.448323210889519 ], [ -122.161688802461882, 37.448369542436893 ], [ -122.161746913808997, 37.448406159452766 ], [ -122.161720226928978, 37.448433099477342 ], [ -122.161787808497991, 37.448475652926305 ], [ -122.161707712759721, 37.448556474406018 ], [ -122.161626607104637, 37.448505376972562 ], [ -122.161466414419436, 37.448666991727819 ], [ -122.161412701717197, 37.44872115130255 ], [ -122.161081736773923, 37.44851363931523 ], [ -122.161378507436496, 37.448212966878813 ], [ -122.161268893215535, 37.448148703267861 ], [ -122.160814837302269, 37.447862613567843 ], [ -122.160520695822314, 37.448159209068052 ], [ -122.160451818511632, 37.448115628734918 ] ] ] } },
{ "type": "Feature", "properties": { "ZONE_TYPE": "Commercial", "AREA_CALC": 22000.0, "SHAPE_Leng": 620.01831990200003, "SHAPE_Area": 22001.3504268, "has_CS": false, "Zone_Type_Abbr": "C" }, "geometry": { "type": "Polygon", "coordinates": [ [ [ -122.161803508790186, 37.445536345129867 ], [ -122.161262984366743, 37.445195747332072 ], [ -122.161497939105232, 37.444958716604887 ], [ -122.162038462884112, 37.445299313326906 ], [ -122.161803508790186, 37.445536345129867 ] ] ] } },
{ "type": "Feature", "properties": { "ZONE_TYPE": "Public Facility", "AREA_CALC": 64224.0, "SHAPE_Leng": 1204.9209618100001, "SHAPE_Area": 64224.351884399999, "has_CS": true, "Zone_Type_Abbr": "P" }, "geometry": { "type": "Polygon", "coordinates": [ [ [ -122.161580687762282, 37.446865916972527 ], [ -122.161506797548498, 37.446821556589654 ], [ -122.161397951256518, 37.446754535368058 ], [ -122.162003841661019, 37.446142328197695 ], [ -122.16286809462909, 37.446696329624793 ], [ -122.162587665586159, 37.446973754996492 ], [ -122.162240334871328, 37.446756727077911 ], [ -122.162213613730017, 37.4467836677142 ], [ -122.162078487033284, 37.446698504902997 ], [ -122.161838204721334, 37.446940913947898 ], [ -122.161786190207877, 37.446992385707581 ], [ -122.161580687762282, 37.446865916972527 ] ] ] } },
{ "type": "Feature", "properties": { "ZONE_TYPE": "Public Facility", "AREA_CALC": 20669.0, "SHAPE_Leng": 574.71530583200001, "SHAPE_Area": 20667.883903599999, "has_CS": false, "Zone_Type_Abbr": "P" }, "geometry": { "type": "Polygon", "coordinates": [ [ [ -122.161652695458429, 37.446909286499015 ], [ -122.161819969896968, 37.447013167805444 ], [ -122.162053725367514, 37.447161321031246 ], [ -122.161761390760461, 37.447461355716072 ], [ -122.161626503324413, 37.447376106080227 ], [ -122.161356012946086, 37.447205920189987 ], [ -122.161596297678017, 37.446963512137124 ], [ -122.161652695458429, 37.446909286499015 ] ] ] } },
{ "type": "Feature", "properties": { "ZONE_TYPE": "Public Facility", "AREA_CALC": 89801.0, "SHAPE_Leng": 1201.58310183, "SHAPE_Area": 89802.274529500006, "has_CS": false, "Zone_Type_Abbr": "P" }, "geometry": { "type": "Polygon", "coordinates": [ [ [ -122.162003841661019, 37.446142328197695 ], [ -122.162420338332154, 37.445726429549467 ], [ -122.162422355567912, 37.445724230868066 ], [ -122.1625327113439, 37.445611583908679 ], [ -122.162594813826047, 37.445549064271674 ], [ -122.162981010818029, 37.44578501639559 ], [ -122.16347181770027, 37.446089420173621 ], [ -122.16286809462909, 37.446696329624793 ], [ -122.162003841661019, 37.446142328197695 ] ] ] } },
{ "type": "Feature", "properties": { "ZONE_TYPE": "Residential Multi-Family", "AREA_CALC": 279062.1, "SHAPE_Leng": 4240.3961937599997, "SHAPE_Area": 279041.87673900003, "has_CS": false, "Zone_Type_Abbr": "R" }, "geometry": { "type": "Polygon", "coordinates": [ [ [ -122.122442550758279, 37.411802978146532 ], [ -122.12258113823107, 37.411680144242347 ], [ -122.122727600731139, 37.411795986737992 ], [ -122.122826572057434, 37.411707376687779 ], [ -122.12294614958185, 37.411861690092785 ], [ -122.122808392584076, 37.411983112472377 ], [ -122.123520112779332, 37.412533516854218 ], [ -122.123395764457285, 37.412641294876998 ], [ -122.123528752154158, 37.412740703784451 ], [ -122.123833060587259, 37.41298250156391 ], [ -122.12420949103705, 37.413256290423 ], [ -122.124284197232868, 37.413323323983946 ], [ -122.124199255649245, 37.413365154204079 ], [ -122.12411852106537, 37.413411952129849 ], [ -122.124042399253867, 37.413463466123993 ], [ -122.123615751783262, 37.413832096031349 ], [ -122.124417427389091, 37.414410065312111 ], [ -122.124457866662141, 37.414377311675246 ], [ -122.124501324836203, 37.414347154042595 ], [ -122.124547598763286, 37.414319758341748 ], [ -122.124802139088956, 37.41430140037221 ], [ -122.124825726353791, 37.414372437282935 ], [ -122.12498644792683, 37.41472054769045 ], [ -122.125360021122404, 37.414916278798501 ], [ -122.125407777679172, 37.415026590438195 ], [ -122.125238579841792, 37.415239867494172 ], [ -122.125125097361789, 37.415378618029315 ], [ -122.124960081167401, 37.415581590950019 ], [ -122.124844129933265, 37.415534220130503 ], [ -122.124733557580086, 37.41547924785614 ], [ -122.124629165441505, 37.415417048760467 ], [ -122.124531719314419, 37.415348078177857 ], [ -122.124441886216999, 37.415272821650348 ], [ -122.124360260916959, 37.41519181979303 ], [ -122.124287512760006, 37.415105613990683 ], [ -122.124254370041342, 37.415036989319269 ], [ -122.124214323719485, 37.414970739360456 ], [ -122.12416755455871, 37.414907330230605 ], [ -122.124114452219828, 37.414847222449538 ], [ -122.124055333958125, 37.414790768493368 ], [ -122.123990588857708, 37.41473840275431 ], [ -122.12392070352513, 37.4146904203904 ], [ -122.123846100874246, 37.414647201253651 ], [ -122.122790620573269, 37.413899521650549 ], [ -122.122861319175939, 37.41383932111188 ], [ -122.123679163427852, 37.413117113967196 ], [ -122.123234179263207, 37.412794525602692 ], [ -122.123314895322011, 37.412723088740691 ], [ -122.122575306275621, 37.412191253057962 ], [ -122.122745558899865, 37.412040704279839 ], [ -122.122442550758279, 37.411802978146532 ] ] ] } },
{ "type": "Feature", "properties": { "ZONE_TYPE": "Commercial\/Residential", "AREA_CALC": 672792.2, "SHAPE_Leng": 3495.57971228, "SHAPE_Area": 672795.53919799998, "has_CS": false, "Zone_Type_Abbr": "C\/R" }, "geometry": { "type": "Polygon", "coordinates": [ [ [ -122.119672570104697, 37.410408486614919 ], [ -122.120258868626067, 37.4098942792006 ], [ -122.121820778961535, 37.408533870161243 ], [ -122.122721773729907, 37.409693720563752 ], [ -122.123343857797224, 37.410374991166776 ], [ -122.12291850091782, 37.410770574867662 ], [ -122.122563630583997, 37.411080716781861 ], [ -122.122502479852145, 37.411030360703002 ], [ -122.122314936338682, 37.41086693298481 ], [ -122.120920230710013, 37.412098297909509 ], [ -122.119672570104697, 37.410408486614919 ] ] ] } },
{ "type": "Feature", "properties": { "ZONE_TYPE": "Residential Multi-Family", "AREA_CALC": 253231.1, "SHAPE_Leng": 2126.2998006799999, "SHAPE_Area": 253233.39492300001, "has_CS": false, "Zone_Type_Abbr": "R" }, "geometry": { "type": "Polygon", "coordinates": [ [ [ -122.119537518934052, 37.408994613858958 ], [ -122.120951817848223, 37.407760110039668 ], [ -122.121105054374411, 37.407625483174947 ], [ -122.121820778961535, 37.408533870161243 ], [ -122.120258868626067, 37.4098942792006 ], [ -122.119537518934052, 37.408994613858958 ] ] ] } },
{ "type": "Feature", "properties": { "ZONE_TYPE": "Commercial", "AREA_CALC": 24274.6, "SHAPE_Leng": 649.97199538500001, "SHAPE_Area": 24274.620315700002, "has_CS": false, "Zone_Type_Abbr": "C" }, "geometry": { "type": "Polygon", "coordinates": [ [ [ -122.124798009617137, 37.411914314697803 ], [ -122.12540842835277, 37.412170437628475 ], [ -122.125217941493503, 37.412449521842923 ], [ -122.125082183597598, 37.412555124735427 ], [ -122.124677326014037, 37.412074837669529 ], [ -122.124798009617137, 37.411914314697803 ] ] ] } },
{ "type": "Feature", "properties": { "ZONE_TYPE": "Commercial", "AREA_CALC": 25599.4, "SHAPE_Leng": 654.82163163600001, "SHAPE_Area": 25598.5428479, "has_CS": false, "Zone_Type_Abbr": "C" }, "geometry": { "type": "Polygon", "coordinates": [ [ [ -122.124798009617137, 37.411914314697803 ], [ -122.125025953947585, 37.411604715732956 ], [ -122.125618739474348, 37.411862455242158 ], [ -122.12540842835277, 37.412170437628475 ], [ -122.124798009617137, 37.411914314697803 ] ] ] } },
{ "type": "Feature", "properties": { "ZONE_TYPE": "Public Facility", "AREA_CALC": 36091.1, "SHAPE_Leng": 906.59555547399998, "SHAPE_Area": 36091.420843599997, "has_CS": false, "Zone_Type_Abbr": "P" }, "geometry": { "type": "Polygon", "coordinates": [ [ [ -122.11648533779875, 37.408493765865899 ], [ -122.116505210521282, 37.408152083218781 ], [ -122.116610661222552, 37.408044490924347 ], [ -122.116225172379387, 37.407799893053848 ], [ -122.1162980750873, 37.407739666071095 ], [ -122.116307053336854, 37.4077328941937 ], [ -122.116316700330884, 37.407726745745244 ], [ -122.116326979969671, 37.407721275295067 ], [ -122.116337827938281, 37.407716538702594 ], [ -122.116349139788085, 37.407712564442924 ], [ -122.116360813368232, 37.407709382761915 ], [ -122.116372813628757, 37.407706992340046 ], [ -122.116385003992889, 37.407705450933669 ], [ -122.116397351103629, 37.407704731065145 ], [ -122.116409680509406, 37.407704863075537 ], [ -122.116421995598856, 37.407705846918127 ], [ -122.116434121335033, 37.407707685906182 ], [ -122.116446023717174, 37.407710322831207 ], [ -122.116457600028937, 37.407713761812396 ], [ -122.116468779098923, 37.407718002929407 ], [ -122.117005942441281, 37.408041652709898 ], [ -122.117020364140771, 37.408055655061169 ], [ -122.117033119340022, 37.408070641966113 ], [ -122.117044171714284, 37.408086449005829 ], [ -122.117053415037716, 37.40810302267186 ], [ -122.11706074177134, 37.408120144553592 ], [ -122.117066115711907, 37.408137760177013 ], [ -122.117069499362728, 37.408155651067162 ], [ -122.117070889777935, 37.408173733452976 ], [ -122.117070214510122, 37.408191844314267 ], [ -122.117067505602918, 37.408209846226548 ], [ -122.117062792760379, 37.408227545922841 ], [ -122.117056108087212, 37.408244860950859 ], [ -122.117041563429709, 37.40826805292383 ], [ -122.117029584667065, 37.408292143170549 ], [ -122.11702024053136, 37.4083169667256 ], [ -122.117013592354112, 37.408342329886821 ], [ -122.117009707699665, 37.408368065902188 ], [ -122.117008615749626, 37.408393957179861 ], [ -122.117010312876857, 37.408419836146408 ], [ -122.117014794966238, 37.408445512704709 ], [ -122.11648533779875, 37.408493765865899 ] ] ] } },
{ "type": "Feature", "properties": { "ZONE_TYPE": "Residential Multi-Family", "AREA_CALC": 39959.4, "SHAPE_Leng": 835.37204729099994, "SHAPE_Area": 39959.656135099998, "has_CS": false, "Zone_Type_Abbr": "R" }, "geometry": { "type": "Polygon", "coordinates": [ [ [ -122.118597829108097, 37.407560916015882 ], [ -122.118991829377023, 37.407249889096235 ], [ -122.119267844454868, 37.407590729941575 ], [ -122.119359685023582, 37.407706752801559 ], [ -122.119453558143562, 37.407810167641458 ], [ -122.119091122389307, 37.408166743399654 ], [ -122.118597829108097, 37.407560916015882 ] ] ] } },
{ "type": "Feature", "properties": { "ZONE_TYPE": "Residential Single-Family", "AREA_CALC": 382253.4, "SHAPE_Leng": 2861.8166283300002, "SHAPE_Area": 382252.956496, "has_CS": false, "Zone_Type_Abbr": "R" }, "geometry": { "type": "Polygon", "coordinates": [ [ [ -122.114346463720295, 37.406830241712761 ], [ -122.115682164772238, 37.407673710592185 ], [ -122.115171615251995, 37.408184983871145 ], [ -122.115306281960557, 37.408270562419304 ], [ -122.115048846721876, 37.408528329825224 ], [ -122.115508395961029, 37.408821877892827 ], [ -122.115256139796358, 37.409080288155671 ], [ -122.115152286009959, 37.409016754962146 ], [ -122.114659839408006, 37.408703551604454 ], [ -122.114270656225941, 37.409095254911115 ], [ -122.113150006277849, 37.408386348820635 ], [ -122.112764171197981, 37.408142788067984 ], [ -122.113046455811798, 37.407858670872855 ], [ -122.113176471779823, 37.407721243088645 ], [ -122.1134653405759, 37.407429645334027 ], [ -122.113586964998674, 37.407506203030003 ], [ -122.113731138596677, 37.407361107994241 ], [ -122.11394653735745, 37.407232722530139 ], [ -122.114346463720295, 37.406830241712761 ] ] ] } },
{ "type": "Feature", "properties": { "ZONE_TYPE": "Open Space", "AREA_CALC": 19282143.0, "SHAPE_Leng": 22299.004118500001, "SHAPE_Area": 19281751.723099999, "has_CS": false, "Zone_Type_Abbr": "P" }, "geometry": { "type": "Polygon", "coordinates": [ [ [ -122.183804339924563, 37.365757620279439 ], [ -122.185806397254424, 37.366608603061231 ], [ -122.186226607143354, 37.366658514767991 ], [ -122.187461822506492, 37.366798305791029 ], [ -122.18758172951793, 37.36630793117908 ], [ -122.187851285262028, 37.366044961783459 ], [ -122.189794939487086, 37.365475821300173 ], [ -122.191213320556912, 37.364864067664811 ], [ -122.191631389688652, 37.364913935824362 ], [ -122.193431711513355, 37.363987834606007 ], [ -122.192830761734427, 37.36128357592284 ], [ -122.197060210609422, 37.357961612119865 ], [ -122.200647749723785, 37.356275586658654 ], [ -122.200310363944268, 37.356675379004109 ], [ -122.200663177491748, 37.356838317663616 ], [ -122.200731377610666, 37.356930366497828 ], [ -122.200491254687591, 37.357330972364394 ], [ -122.20052071463482, 37.357512528234075 ], [ -122.200906199951405, 37.357529295723943 ], [ -122.201064010001943, 37.357644024672446 ], [ -122.201055938577525, 37.357901611180537 ], [ -122.20134049538413, 37.358022658325226 ], [ -122.201574342221903, 37.358041487359507 ], [ -122.201702257387041, 37.358094623873214 ], [ -122.201614635003622, 37.358299634503055 ], [ -122.201748428906683, 37.358500525296392 ], [ -122.201817550459069, 37.3586177771802 ], [ -122.202016319955845, 37.359028687275945 ], [ -122.202122062062642, 37.359118981733687 ], [ -122.202262326821625, 37.359235200361887 ], [ -122.202416879643508, 37.359326049281819 ], [ -122.202459208428834, 37.359567658062431 ], [ -122.202379754322891, 37.359788346304825 ], [ -122.202557741666055, 37.359780981388468 ], [ -122.202722016014832, 37.359821172670742 ], [ -122.202756499266087, 37.360029548381448 ], [ -122.202639239263235, 37.360054572390908 ], [ -122.202533368856152, 37.359969335179692 ], [ -122.20235466607835, 37.360026868718087 ], [ -122.202354637095382, 37.360064831210877 ], [ -122.202408053811453, 37.360170883366138 ], [ -122.202575556306456, 37.360254539768171 ], [ -122.202684833069341, 37.360434853905026 ], [ -122.202678970662731, 37.360635079198296 ], [ -122.202869475213774, 37.36082797589593 ], [ -122.202877153462993, 37.360924776113272 ], [ -122.20269012236264, 37.361062366580164 ], [ -122.202587784476819, 37.361261987842525 ], [ -122.202563480735662, 37.361503218771858 ], [ -122.202659153098736, 37.361732818150386 ], [ -122.202609155122133, 37.36190964890978 ], [ -122.202697926493471, 37.362281804257847 ], [ -122.202593346129547, 37.362434486498152 ], [ -122.202571468099194, 37.362791162642118 ], [ -122.202393381216226, 37.363179525745572 ], [ -122.202472539615385, 37.36346814982403 ], [ -122.202193896926772, 37.363669479161146 ], [ -122.202207758677517, 37.364098017685528 ], [ -122.202172360045395, 37.364314604398039 ], [ -122.202263891167092, 37.364744405215738 ], [ -122.202218640762837, 37.364827716668806 ], [ -122.201978078468045, 37.365149358601656 ], [ -122.201829819674884, 37.365240098890688 ], [ -122.201831180130355, 37.365408574694115 ], [ -122.201730099362393, 37.365480967901711 ], [ -122.201733339472753, 37.365588435420314 ], [ -122.201544405444423, 37.365902953557914 ], [ -122.201412340402371, 37.366018757279377 ], [ -122.201446148480045, 37.366242881985784 ], [ -122.201437220676311, 37.366480950520071 ], [ -122.201531114333108, 37.366753180847127 ], [ -122.201363050777118, 37.367005040371026 ], [ -122.20140287285362, 37.367283137434008 ], [ -122.201496463918033, 37.367332048293342 ], [ -122.201498474524939, 37.367343281648438 ], [ -122.201568582928275, 37.367733122865431 ], [ -122.20127033146089, 37.367775496094609 ], [ -122.201123561063909, 37.371290827589519 ], [ -122.201081179451535, 37.37125705108258 ], [ -122.200989048390127, 37.371364610790671 ], [ -122.200805627268196, 37.372009639668562 ], [ -122.200640971327545, 37.372168437272059 ], [ -122.200393769820337, 37.372482561794499 ], [ -122.200149189159958, 37.372589832513249 ], [ -122.199518945038648, 37.372598804663021 ], [ -122.199433848988008, 37.372657256457678 ], [ -122.199358017630161, 37.372770375200815 ], [ -122.198340085896945, 37.372567842331208 ], [ -122.197786498051158, 37.373580820676594 ], [ -122.197220649266271, 37.373414391001312 ], [ -122.195854641108227, 37.372948363862129 ], [ -122.195247741301458, 37.372739474573727 ], [ -122.193086779469098, 37.372060345917909 ], [ -122.191570381678929, 37.371583723165521 ], [ -122.191283081575719, 37.371564985897336 ], [ -122.190006109907102, 37.371545822022739 ], [ -122.189584172252324, 37.371466501080661 ], [ -122.188127329341583, 37.371215706816272 ], [ -122.187499736796582, 37.371173950501984 ], [ -122.1868480483963, 37.371206704011897 ], [ -122.185420732420894, 37.371591031446037 ], [ -122.185083641632659, 37.37170855564792 ], [ -122.185100024057476, 37.370811590425397 ], [ -122.184345895002352, 37.369989068604141 ], [ -122.184142548594792, 37.369805584012454 ], [ -122.18400474288741, 37.369561412516035 ], [ -122.183520616705664, 37.369318066847427 ], [ -122.183307988808778, 37.369261621540133 ], [ -122.183032949723668, 37.369022880749654 ], [ -122.182508747526256, 37.368902343571428 ], [ -122.181979217258757, 37.368577235172864 ], [ -122.18175034464285, 37.36830052602496 ], [ -122.181418323720735, 37.368176540488633 ], [ -122.181144780626894, 37.368003809609171 ], [ -122.181080275236781, 37.367858159052098 ], [ -122.1814526307557, 37.367749782526403 ], [ -122.181741302160077, 37.367477132118559 ], [ -122.181899176628534, 37.367028082534596 ], [ -122.182185763757857, 37.366829626408418 ], [ -122.183202488145326, 37.366610032413249 ], [ -122.183483322751258, 37.366275710800785 ], [ -122.183804339924563, 37.365757620279439 ] ] ] } },
{ "type": "Feature", "properties": { "ZONE_TYPE": "Commercial\/Residential", "AREA_CALC": 16501.0, "SHAPE_Leng": 525.60373310800003, "SHAPE_Area": 16501.281287900001, "has_CS": false, "Zone_Type_Abbr": "C\/R" }, "geometry": { "type": "Polygon", "coordinates": [ [ [ -122.127778829851096, 37.433470585281064 ], [ -122.128097796038304, 37.433299754987033 ], [ -122.128473719289488, 37.433537004589738 ], [ -122.128427946319391, 37.433583073033226 ], [ -122.128421834348885, 37.433579230408093 ], [ -122.128116652297223, 37.43375033714949 ], [ -122.128045539142434, 37.433705395791179 ], [ -122.127911515447607, 37.433554172347186 ], [ -122.127862619834588, 37.433523426617121 ], [ -122.127778829851096, 37.433470585281064 ] ] ] } },
{ "type": "Feature", "properties": { "ZONE_TYPE": "Residential Multi-Family", "AREA_CALC": 247727.6, "SHAPE_Leng": 2032.9320203499999, "SHAPE_Area": 247725.90013299999, "has_CS": false, "Zone_Type_Abbr": "R" }, "geometry": { "type": "Polygon", "coordinates": [ [ [ -122.124119781695399, 37.420082193188314 ], [ -122.124747714215815, 37.419450288337821 ], [ -122.124835501670688, 37.419505658228466 ], [ -122.125027760442379, 37.419311785385553 ], [ -122.125043963203098, 37.41932199959863 ], [ -122.125155037398144, 37.419209981668395 ], [ -122.126553325277456, 37.42009325413764 ], [ -122.126286827659143, 37.420360400828308 ], [ -122.12601982356847, 37.420629696962713 ], [ -122.125993032082377, 37.420613998909516 ], [ -122.125864633979859, 37.420741887247694 ], [ -122.1255978630155, 37.421012524640446 ], [ -122.125544692453033, 37.421066523329735 ], [ -122.124187212047303, 37.420210224576849 ], [ -122.124240627712936, 37.420156360995428 ], [ -122.124119781695399, 37.420082193188314 ] ] ] } },
{ "type": "Feature", "properties": { "ZONE_TYPE": "Residential Multi-Family", "AREA_CALC": 103446.9, "SHAPE_Leng": 1299.45696578, "SHAPE_Area": 103449.383884, "has_CS": false, "Zone_Type_Abbr": "R" }, "geometry": { "type": "Polygon", "coordinates": [ [ [ -122.12490724591369, 37.408239791179369 ], [ -122.125509536011265, 37.407341239390888 ], [ -122.12635874153942, 37.40770889457179 ], [ -122.125749166582011, 37.408601453312897 ], [ -122.12490724591369, 37.408239791179369 ] ] ] } },
{ "type": "Feature", "properties": { "ZONE_TYPE": "Residential Multi-Family", "AREA_CALC": 133193.1, "SHAPE_Leng": 1667.6713350499999, "SHAPE_Area": 133190.96398299999, "has_CS": false, "Zone_Type_Abbr": "R" }, "geometry": { "type": "Polygon", "coordinates": [ [ [ -122.124523011013252, 37.408740813696923 ], [ -122.124660303519718, 37.408557289136098 ], [ -122.12490724591369, 37.408239791179369 ], [ -122.125749166582011, 37.408601453312897 ], [ -122.126461151064731, 37.408910029621858 ], [ -122.12670755953836, 37.409017064479912 ], [ -122.126766209311896, 37.409042703306014 ], [ -122.126412498142955, 37.409561328383134 ], [ -122.126322758052083, 37.409523347644267 ], [ -122.125584991913328, 37.409202849704847 ], [ -122.125403559542391, 37.409124056247613 ], [ -122.124630898907398, 37.408788406325932 ], [ -122.124523011013252, 37.408740813696923 ] ] ] } },
{ "type": "Feature", "properties": { "ZONE_TYPE": "Residential Multi-Family", "AREA_CALC": 87539.0, "SHAPE_Leng": 1213.0714941700001, "SHAPE_Area": 87538.455280599999, "has_CS": false, "Zone_Type_Abbr": "R" }, "geometry": { "type": "Polygon", "coordinates": [ [ [ -122.125749166582011, 37.408601453312897 ], [ -122.12635874153942, 37.40770889457179 ], [ -122.127075272628446, 37.408014656281786 ], [ -122.126882467804933, 37.408297182211584 ], [ -122.126604157234397, 37.408706095948439 ], [ -122.126461151064731, 37.408910029621858 ], [ -122.125749166582011, 37.408601453312897 ] ] ] } },
{ "type": "Feature", "properties": { "ZONE_TYPE": "Residential Multi-Family", "AREA_CALC": 113670.6, "SHAPE_Leng": 1741.5805666799999, "SHAPE_Area": 113664.73442199999, "has_CS": false, "Zone_Type_Abbr": "R" }, "geometry": { "type": "Polygon", "coordinates": [ [ [ -122.125238579841792, 37.415239867494172 ], [ -122.125407777679172, 37.415026590438195 ], [ -122.126114941715358, 37.415395667436009 ], [ -122.126398648044372, 37.415051423991173 ], [ -122.127048270300634, 37.415392039162107 ], [ -122.127160124531358, 37.415452044547095 ], [ -122.127335044841402, 37.415544056362137 ], [ -122.127355913768355, 37.415566153685404 ], [ -122.127374230571249, 37.415589659841459 ], [ -122.127389853263452, 37.41561438484468 ], [ -122.12740257206741, 37.415640138748458 ], [ -122.127412379948055, 37.415666702658797 ], [ -122.12741913595849, 37.415693830700569 ], [ -122.127134097847829, 37.416038506049226 ], [ -122.127088145307411, 37.416014257535785 ], [ -122.126940172535541, 37.416193180802999 ], [ -122.126767523426025, 37.416102675250571 ], [ -122.126594874146193, 37.416012142415624 ], [ -122.12663271959444, 37.415966239385824 ], [ -122.125625676590019, 37.415438212289025 ], [ -122.125238579841792, 37.415239867494172 ] ] ] } },
{ "type": "Feature", "properties": { "ZONE_TYPE": "Residential Multi-Family", "AREA_CALC": 44231.9, "SHAPE_Leng": 859.98908633899998, "SHAPE_Area": 44231.783455199999, "has_CS": false, "Zone_Type_Abbr": "R" }, "geometry": { "type": "Polygon", "coordinates": [ [ [ -122.126308669873353, 37.414073438815478 ], [ -122.126690446682829, 37.413610653261614 ], [ -122.127184812561751, 37.413870601408128 ], [ -122.127244753144339, 37.41390152392016 ], [ -122.126681109594273, 37.414506373748544 ], [ -122.126308669873353, 37.414073438815478 ] ] ] } },
{ "type": "Feature", "properties": { "ZONE_TYPE": "Residential Multi-Family", "AREA_CALC": 45050.8, "SHAPE_Leng": 875.70722003399999, "SHAPE_Area": 45049.4863387, "has_CS": false, "Zone_Type_Abbr": "R" }, "geometry": { "type": "Polygon", "coordinates": [ [ [ -122.125082183597598, 37.412555124735427 ], [ -122.125217941493503, 37.412449521842923 ], [ -122.12540842835277, 37.412170437628475 ], [ -122.126006294195633, 37.412430274058003 ], [ -122.125638559140839, 37.412970132065929 ], [ -122.125543274441, 37.413082481590372 ], [ -122.125082183597598, 37.412555124735427 ] ] ] } },
{ "type": "Feature", "properties": { "ZONE_TYPE": "Residential Multi-Family", "AREA_CALC": 43634.6, "SHAPE_Leng": 836.75319964000005, "SHAPE_Area": 43635.089369900001, "has_CS": false, "Zone_Type_Abbr": "R" }, "geometry": { "type": "Polygon", "coordinates": [ [ [ -122.125025953947585, 37.411604715732956 ], [ -122.1253761631896, 37.411068261110032 ], [ -122.125981454005753, 37.411331100234236 ], [ -122.125799882426776, 37.411597179191865 ], [ -122.125618739474348, 37.411862455242158 ], [ -122.125025953947585, 37.411604715732956 ] ] ] } },
{ "type": "Feature", "properties": { "ZONE_TYPE": "Residential Multi-Family", "AREA_CALC": 79607.4, "SHAPE_Leng": 1352.0710996, "SHAPE_Area": 79607.897865499996, "has_CS": false, "Zone_Type_Abbr": "R" }, "geometry": { "type": "Polygon", "coordinates": [ [ [ -122.125826891459724, 37.41344586301414 ], [ -122.125942956002902, 37.413346795585653 ], [ -122.125982398695513, 37.413299936058579 ], [ -122.126200002522836, 37.413035774452673 ], [ -122.126547587245625, 37.412614392306146 ], [ -122.126765127530675, 37.412728310702455 ], [ -122.127009102702544, 37.412857463724379 ], [ -122.126480080959752, 37.413500536540425 ], [ -122.126690446682829, 37.413610653261614 ], [ -122.126308669873353, 37.414073438815478 ], [ -122.125826891459724, 37.41344586301414 ] ] ] } },
{ "type": "Feature", "properties": { "ZONE_TYPE": "Public Facility", "AREA_CALC": 6703858.0, "SHAPE_Leng": 41431.676780599999, "SHAPE_Area": 6728728.8939100001, "has_CS": false, "Zone_Type_Abbr": "P" }, "geometry": { "type": "Polygon", "coordinates": [ [ [ -122.097781414592646, 37.424546542241231 ], [ -122.097897376501436, 37.424641240779444 ], [ -122.098466413006861, 37.425119711694002 ], [ -122.099038278992936, 37.425633382735477 ], [ -122.099939799962129, 37.426493880597825 ], [ -122.100396741183772, 37.42690440199555 ], [ -122.100967092164097, 37.426504918950158 ], [ -122.101433906883926, 37.426177908417174 ], [ -122.101034046195835, 37.425801606612623 ], [ -122.100965465071511, 37.42573708471997 ], [ -122.101046728144738, 37.425578745556919 ], [ -122.101075541156689, 37.425443178889573 ], [ -122.101147735574514, 37.424990638177725 ], [ -122.101180962322232, 37.424723684045631 ], [ -122.101516956773807, 37.424817243469676 ], [ -122.101510977986237, 37.424869268376206 ], [ -122.101503581872933, 37.424982045319567 ], [ -122.101517439299613, 37.425271513199817 ], [ -122.1015595329376, 37.42550604249471 ], [ -122.101603473418933, 37.425674182283657 ], [ -122.101656109689898, 37.425820585399059 ], [ -122.101786305072821, 37.426136811440095 ], [ -122.101936396984755, 37.426482954965479 ], [ -122.102028937341004, 37.426723249745336 ], [ -122.102101333798373, 37.427037573613461 ], [ -122.102223058815142, 37.427793275402003 ], [ -122.10231399941074, 37.428318304840651 ], [ -122.102350201931316, 37.42853173523222 ], [ -122.102469908982513, 37.428723287754465 ], [ -122.102884720077171, 37.429239717155909 ], [ -122.103199009739583, 37.429599822320895 ], [ -122.105187068622286, 37.431493934552236 ], [ -122.105182121419247, 37.42933911710395 ], [ -122.105183665388481, 37.429092262932933 ], [ -122.105483405501801, 37.429100577974225 ], [ -122.105488449208679, 37.429437494393277 ], [ -122.105331844397924, 37.429430105030924 ], [ -122.105341597161271, 37.43049188071182 ], [ -122.105510192658357, 37.430653039857766 ], [ -122.106047764866531, 37.43105911303001 ], [ -122.105563856973362, 37.431383024883779 ], [ -122.105361512609022, 37.431539343220777 ], [ -122.105934373494406, 37.432110734991433 ], [ -122.107727634078415, 37.433812856531979 ], [ -122.110782365293602, 37.436707030346376 ], [ -122.110977520950996, 37.436897291080832 ], [ -122.113263851826119, 37.439066999416269 ], [ -122.114014295169142, 37.438564194787979 ], [ -122.114331954339846, 37.437908544383589 ], [ -122.115431443418288, 37.438758319791596 ], [ -122.115566905553948, 37.438857402069722 ], [ -122.115710285731595, 37.438757337888617 ], [ -122.116103551015115, 37.439065834354054 ], [ -122.115834074414849, 37.439278224262026 ], [ -122.115944553728411, 37.43936734938017 ], [ -122.116163617300458, 37.439604435941703 ], [ -122.116449471447609, 37.439839531537118 ], [ -122.116493912158077, 37.439812577321398 ], [ -122.117391409206448, 37.440535244159548 ], [ -122.11755800105179, 37.440652547326629 ], [ -122.117712264433578, 37.440561888850901 ], [ -122.11811949573125, 37.440886063601305 ], [ -122.118200651279039, 37.440949220935217 ], [ -122.118389049946671, 37.441068034576716 ], [ -122.119152364265815, 37.441549497446786 ], [ -122.120853491609807, 37.442622316360989 ], [ -122.120497683159499, 37.442974323744835 ], [ -122.119446475794575, 37.444048272693593 ], [ -122.118981922349136, 37.44453983333451 ], [ -122.120462704492184, 37.445816274510513 ], [ -122.120765115190494, 37.446037917998915 ], [ -122.121715295173516, 37.446051712404291 ], [ -122.122740207042611, 37.44563169655013 ], [ -122.123180153958486, 37.445899118347754 ], [ -122.122656620175007, 37.446439304518556 ], [ -122.122632967835784, 37.446478060532485 ], [ -122.122608823806075, 37.446552834426164 ], [ -122.122611861884096, 37.446643410879254 ], [ -122.122722940605627, 37.44708557691024 ], [ -122.122873282472412, 37.447180133060982 ], [ -122.122898653465569, 37.447236229867379 ], [ -122.123090124917596, 37.447343127626816 ], [ -122.123413541721234, 37.447250150379496 ], [ -122.123634118196662, 37.447187272059544 ], [ -122.123870701573026, 37.447139637364749 ], [ -122.124194768469451, 37.447116117131863 ], [ -122.124416926945429, 37.447119662798158 ], [ -122.124630514265363, 37.447120359934289 ], [ -122.124844102177846, 37.447121083709632 ], [ -122.125089786379021, 37.447118039060157 ], [ -122.125295025331681, 37.447099238636461 ], [ -122.125444029175767, 37.447075364274774 ], [ -122.125740686930328, 37.447420959419723 ], [ -122.125769460163511, 37.44749079869235 ], [ -122.125771554220179, 37.447498350591665 ], [ -122.125772576364298, 37.44750256667227 ], [ -122.125773496876235, 37.447506839133979 ], [ -122.125774346719695, 37.447511084637306 ], [ -122.125775060441882, 37.44751535996339 ], [ -122.12577570523429, 37.447519636244323 ], [ -122.125776246655661, 37.447523940993186 ], [ -122.125776685266842, 37.447528248067286 ], [ -122.125776985998471, 37.447532556150172 ], [ -122.125777217819731, 37.447536866088768 ], [ -122.125777345661447, 37.447541176566453 ], [ -122.125777370673191, 37.447545488468577 ], [ -122.125777292874545, 37.447549802696017 ], [ -122.125777111096269, 37.447554117462523 ], [ -122.125776860387987, 37.447558433183907 ], [ -122.125776471230679, 37.447562723786966 ], [ -122.125775979243244, 37.447567015814464 ], [ -122.125775418325816, 37.447571308796753 ], [ -122.125774718939653, 37.447575575759835 ], [ -122.125773950642952, 37.447579844578691 ], [ -122.125773044466541, 37.447584114406219 ], [ -122.125772068771013, 37.447588358160708 ], [ -122.125770989656303, 37.447592576311635 ], [ -122.12576980656182, 37.447596795001687 ], [ -122.125768553948191, 37.44760098761865 ], [ -122.125767164015315, 37.447605155101662 ], [ -122.125765703413677, 37.447609295626286 ], [ -122.125764106081704, 37.447613438044918 ], [ -122.125762438080926, 37.447617553505111 ], [ -122.125760666071898, 37.447621616333926 ], [ -122.125758825113039, 37.447625679216586 ], [ -122.125756880145886, 37.44762968946781 ], [ -122.125754830609779, 37.447633673230236 ], [ -122.125752678243373, 37.447637658417015 ], [ -122.125750455160144, 37.447641562573892 ], [ -122.125748128096888, 37.447645467269865 ], [ -122.125745697025337, 37.44764931933446 ], [ -122.125743196414845, 37.447653144424905 ], [ -122.125740592384957, 37.447656943911817 ], [ -122.125737917097169, 37.447660689412366 ], [ -122.12573513778139, 37.447664381380569 ], [ -122.12573225502662, 37.447668046844207 ], [ -122.125729336063586, 37.447671658737242 ], [ -122.125726279761395, 37.447675244595345 ], [ -122.125723187231358, 37.447678775981821 ], [ -122.125719989543256, 37.447682253851553 ], [ -122.125716721727244, 37.447685677719285 ], [ -122.125713350472125, 37.447689075082458 ], [ -122.12570990850007, 37.447692391415714 ], [ -122.125706398138661, 37.447695681660122 ], [ -122.125702816519208, 37.447698917918153 ], [ -122.125699164163237, 37.447702072245306 ], [ -122.125695407257822, 37.447705200984451 ], [ -122.125691616364847, 37.447708274319758 ], [ -122.125687719744491, 37.447711268011268 ], [ -122.125683751846552, 37.447714206815419 ], [ -122.125679750000316, 37.447717092017569 ], [ -122.125675642976361, 37.447719922801937 ], [ -122.125671499744158, 37.447722700015575 ], [ -122.125667286905426, 37.447725395282674 ], [ -122.125663002808665, 37.447728036563319 ], [ -122.125658649714012, 37.447730623826217 ], [ -122.125654259802516, 37.447733129589515 ], [ -122.125649799154502, 37.44773555342195 ], [ -122.125645268987086, 37.447737951181004 ], [ -122.125640702524294, 37.447740239496092 ], [ -122.125636100422639, 37.447742500367369 ], [ -122.125631427015151, 37.447744653180678 ], [ -122.125626683460055, 37.447746751090953 ], [ -122.125621904826815, 37.447748795414796 ], [ -122.125617089357235, 37.447750757338149 ], [ -122.125615621008308, 37.447751326507145 ], [ -122.12521433370371, 37.447937325979616 ], [ -122.125197865849913, 37.447945272798627 ], [ -122.125192072371547, 37.447948209828297 ], [ -122.125186350150273, 37.44795120084428 ], [ -122.12518069692608, 37.447954245877852 ], [ -122.125175044878944, 37.447957344966902 ], [ -122.125169464108509, 37.44796049894321 ], [ -122.125163952335086, 37.447963706937166 ], [ -122.125158441758359, 37.447966969887524 ], [ -122.125153036319247, 37.447970285453927 ], [ -122.12514763096641, 37.447973656893389 ], [ -122.125142296850953, 37.447977081418223 ], [ -122.125137032882193, 37.447980560846041 ], [ -122.125131803990627, 37.447984093859993 ], [ -122.125126644637348, 37.447987653848045 ], [ -122.125121520380858, 37.447991268323243 ], [ -122.125116467989827, 37.447994964713658 ], [ -122.125111483967743, 37.447998686292003 ], [ -122.125106536192149, 37.448002463242709 ], [ -122.125101622924618, 37.44800626765268 ], [ -122.125096815383472, 37.448010151706619 ], [ -122.125092043499961, 37.448014064105109 ], [ -122.125087340593865, 37.448018029620378 ], [ -122.125082707206445, 37.448022021208985 ], [ -122.125078110065445, 37.44802606816998 ], [ -122.125073581921512, 37.448030169148716 ], [ -122.125069124426261, 37.448034296185178 ], [ -122.125064737057983, 37.448038477223697 ], [ -122.125060418686758, 37.448042712280056 ], [ -122.125056135934031, 37.448046973879109 ], [ -122.125051958338545, 37.448051288995295 ], [ -122.125047815251165, 37.448055631570803 ], [ -122.125043742290799, 37.448060028148468 ], [ -122.125039737719163, 37.448064450815131 ], [ -122.125035804424229, 37.448068928369246 ], [ -122.125031940648057, 37.448073431996747 ], [ -122.125028146390576, 37.448077961697649 ], [ -122.125024422260196, 37.448082545400759 ], [ -122.125020766538171, 37.448087156093813 ], [ -122.125017215953832, 37.448091819403132 ], [ -122.12501370041899, 37.448096483128325 ], [ -122.125010253881186, 37.448101200871328 ], [ -122.125006878580919, 37.448105971700045 ], [ -122.125003606130647, 37.448110742005873 ], [ -122.125000368757568, 37.448115565897965 ], [ -122.124997235364589, 37.448120389251613 ], [ -122.124994172079042, 37.448125265706544 ], [ -122.12499117894032, 37.448130197064664 ], [ -122.124988254712136, 37.448135126567472 ], [ -122.124985398892349, 37.448140083060288 ], [ -122.124982648771422, 37.448145066026832 ], [ -122.124979931989472, 37.448150074666607 ], [ -122.12497732038463, 37.448155137724576 ], [ -122.124974812740305, 37.448160199343199 ], [ -122.124972339584545, 37.448165287520254 ], [ -122.124969969867678, 37.448170402202422 ], [ -122.124967670819416, 37.448175543843305 ], [ -122.124965440140429, 37.448180710672453 ], [ -122.124963278411371, 37.448185877448168 ], [ -122.124961221839911, 37.448191097741194 ], [ -122.124959234198798, 37.448196317079848 ], [ -122.124957349368657, 37.448201534093855 ], [ -122.124955500785191, 37.448206806480464 ], [ -122.124953755032408, 37.448212077443394 ], [ -122.124952112698992, 37.44821737401049 ], [ -122.124950540425928, 37.448222669607617 ], [ -122.124949037150273, 37.448228019222675 ], [ -122.124947602216409, 37.448233340855559 ], [ -122.124946271831931, 37.448238688076991 ], [ -122.124945010986266, 37.448244062272877 ], [ -122.124943852951759, 37.448249434144152 ], [ -122.124942764456023, 37.448254832989896 ], [ -122.124941746020838, 37.448260230865664 ], [ -122.12494082928643, 37.448265627333427 ], [ -122.124939983220969, 37.448271050760042 ], [ -122.124939239986332, 37.448276472762956 ], [ -122.12493856566266, 37.448281892910614 ], [ -122.124937960289216, 37.448287313004876 ], [ -122.124937458335353, 37.448292758703353 ], [ -122.124937025312164, 37.448298203447528 ], [ -122.124936696838631, 37.448303673780259 ], [ -122.124936436707117, 37.448309116130794 ], [ -122.124936279406626, 37.448314557057678 ], [ -122.124936191645105, 37.448320024959017 ], [ -122.124936172814287, 37.448325491906076 ], [ -122.124936257336273, 37.44833092948501 ], [ -122.12493641024767, 37.448336393153113 ], [ -122.124936666531553, 37.448341828354017 ], [ -122.12493699235452, 37.44834729052949 ], [ -122.124937379906768, 37.448352421109476 ], [ -122.124942671734104, 37.448835824243339 ], [ -122.124943818848649, 37.448964416973837 ], [ -122.124948814176037, 37.449532289263132 ], [ -122.124965547565694, 37.449757959870752 ], [ -122.124992669386089, 37.449873722159914 ], [ -122.125037708281184, 37.449992724928507 ], [ -122.125050519864516, 37.450020949802266 ], [ -122.125057448680934, 37.450035357800786 ], [ -122.125064583080203, 37.450049707078065 ], [ -122.125071958132892, 37.450063998950888 ], [ -122.125079537049956, 37.450078205090186 ], [ -122.12508732096147, 37.450092325480227 ], [ -122.125095345526745, 37.450106388465706 ], [ -122.12510357395665, 37.450120365717531 ], [ -122.125112007400887, 37.450134258120926 ], [ -122.125120645859639, 37.450148065675833 ], [ -122.125129524344473, 37.450161786996269 ], [ -122.125138606694321, 37.450175422582831 ], [ -122.125147895188874, 37.450188973305103 ], [ -122.12515738695987, 37.450202411265586 ], [ -122.125167049322812, 37.450215792791198 ], [ -122.125176951103953, 37.450229060153269 ], [ -122.125187057291697, 37.450242214737685 ], [ -122.125197368494511, 37.450255284473258 ], [ -122.125207883582476, 37.450268269375513 ], [ -122.12521856856759, 37.450281114040621 ], [ -122.125229458548304, 37.450293872955712 ], [ -122.125240553544415, 37.450306547021796 ], [ -122.125251852358673, 37.450319081281997 ], [ -122.12526332115705, 37.450331531178129 ], [ -122.125274993754033, 37.45034384036736 ], [ -122.125286835726826, 37.45035603726356 ], [ -122.125298882695617, 37.450368148409403 ], [ -122.125311099581452, 37.450380120218611 ], [ -122.125323485254299, 37.450391952706745 ], [ -122.125336074793196, 37.450403699460033 ], [ -122.125341313342972, 37.450408488898262 ], [ -122.125524375942305, 37.450565382548568 ], [ -122.125854086114799, 37.450845995557366 ], [ -122.126655601136406, 37.451527155211444 ], [ -122.126853080627043, 37.451695548249717 ], [ -122.127028611821686, 37.451835430201079 ], [ -122.127214390398095, 37.451972752813006 ], [ -122.127538856214628, 37.452189294536495 ], [ -122.127789171539291, 37.452339290761266 ], [ -122.127817782553379, 37.452308321619419 ], [ -122.127961254326806, 37.452327318079554 ], [ -122.127970928401695, 37.452476970784538 ], [ -122.12759416186816, 37.453200281129277 ], [ -122.127454686969884, 37.453116622565695 ], [ -122.127516785914338, 37.453050771405913 ], [ -122.126670567032647, 37.452521671162359 ], [ -122.126664844950682, 37.452508921863732 ], [ -122.12593537762244, 37.452006986354576 ], [ -122.125612780959059, 37.45176687321036 ], [ -122.124816198850482, 37.451163182094724 ], [ -122.124036693288545, 37.450572488986033 ], [ -122.123965400456257, 37.450519966609576 ], [ -122.123868560362482, 37.45044606969104 ], [ -122.123854027119449, 37.450433662959604 ], [ -122.123847291036711, 37.450428152486289 ], [ -122.123840488348549, 37.450422697907406 ], [ -122.123833617924916, 37.450417299238431 ], [ -122.123826646452798, 37.450411983976359 ], [ -122.123819606723046, 37.450406752568696 ], [ -122.123812500387857, 37.450401577055317 ], [ -122.123805291285848, 37.450396457936471 ], [ -122.123798015036613, 37.450391421755505 ], [ -122.123790637150577, 37.450386441953377 ], [ -122.123783191006865, 37.450381546005595 ], [ -122.123775713877379, 37.4503767324953 ], [ -122.123768132850984, 37.450371975395157 ], [ -122.12376045190608, 37.450367301686072 ], [ -122.123752737734762, 37.450362711346642 ], [ -122.123744955828016, 37.450358176917028 ], [ -122.123737072350423, 37.450353753838542 ], [ -122.123729155560795, 37.450349358256432 ], [ -122.123721172231754, 37.450345073540795 ], [ -122.123713087873696, 37.450340873132653 ], [ -122.123704969661716, 37.450336727264414 ], [ -122.123696784341547, 37.450332666135644 ], [ -122.123688531854455, 37.450328687043516 ], [ -122.123680213369653, 37.450324791774278 ], [ -122.123671861638698, 37.450320978973672 ], [ -122.12366340774858, 37.450317250496155 ], [ -122.123654921742357, 37.450313604471603 ], [ -122.12364640250955, 37.450310041816564 ], [ -122.123637816671121, 37.450306535055496 ], [ -122.123629163143335, 37.450303138275487 ], [ -122.123620443617682, 37.450299825318304 ], [ -122.123611724766619, 37.450296595261555 ], [ -122.123602904847132, 37.450293447710337 ], [ -122.123594052850564, 37.450290384413876 ], [ -122.123585168195859, 37.450287430613812 ], [ -122.123576249706545, 37.450284532254358 ], [ -122.123567265807424, 37.45028174474551 ], [ -122.12355824807365, 37.450279012677278 ], [ -122.123549163800021, 37.450276391475228 ], [ -122.123540082460835, 37.450273853142377 ], [ -122.123530933432036, 37.450271424790436 ], [ -122.12352175169849, 37.450269051863401 ], [ -122.12351253734586, 37.450266790234551 ], [ -122.123503290856988, 37.45026461015761 ], [ -122.123494011748903, 37.450262541378805 ], [ -122.123484699916418, 37.450260527123945 ], [ -122.123475390495926, 37.450258623682721 ], [ -122.123466013927441, 37.450256803178775 ], [ -122.123456604719962, 37.450255093072059 ], [ -122.123447198427044, 37.450253464933525 ], [ -122.123437758906903, 37.450251920164348 ], [ -122.123428286139898, 37.450250457863511 ], [ -122.123418781863819, 37.450249105944202 ], [ -122.123409279979853, 37.450247863937541 ], [ -122.123399745390842, 37.450246677355771 ], [ -122.123390212063853, 37.450245600702218 ], [ -122.123380647227634, 37.450244634430177 ], [ -122.123371049666659, 37.450243722682075 ], [ -122.123361488418468, 37.450242921278615 ], [ -122.123354172349465, 37.450242390724092 ], [ -122.122655702090015, 37.450238451721525 ], [ -122.122609666436219, 37.450236644091611 ], [ -122.122588623912918, 37.45023547865059 ], [ -122.122567577216643, 37.450234121307815 ], [ -122.122546560791008, 37.450232544551021 ], [ -122.122525574074359, 37.450230774522822 ], [ -122.122504617609181, 37.450228784179821 ], [ -122.122483690872897, 37.450226601466348 ], [ -122.122462794976187, 37.450224225465988 ], [ -122.122441928220937, 37.450221630067325 ], [ -122.122421126206788, 37.450218840913088 ], [ -122.122400353314873, 37.450215831459722 ], [ -122.122379645183997, 37.450212629151842 ], [ -122.122358967913087, 37.450209234457986 ], [ -122.122338355383874, 37.450205646008762 ], [ -122.122317773127264, 37.450201838145745 ], [ -122.122297288383848, 37.450197836074402 ], [ -122.122276835631027, 37.450193641601672 ], [ -122.122256479804108, 37.45018922589275 ], [ -122.122236156555829, 37.450184644810385 ], [ -122.122215930233637, 37.45017984249192 ], [ -122.122195769803909, 37.450174847303622 ], [ -122.122175708018347, 37.450169657891635 ], [ -122.122155710995457, 37.450164275625454 ], [ -122.122135778735412, 37.450158700505135 ], [ -122.122115980151179, 37.450152930677135 ], [ -122.122096246330074, 37.450146967995067 ], [ -122.122076576142163, 37.450140812474601 ], [ -122.122057040760467, 37.450134462230949 ], [ -122.122037604043484, 37.450127918664883 ], [ -122.12201823267776, 37.450121209272815 ], [ -122.121998995550584, 37.450114279030771 ], [ -122.12197985652648, 37.450107181609049 ], [ -122.12196085119875, 37.45009989038099 ], [ -122.121941912352753, 37.45009243331149 ], [ -122.121923141104574, 37.450084781967298 ], [ -122.121904468502279, 37.450076936400116 ], [ -122.121885895172753, 37.450068925439716 ], [ -122.121867456650591, 37.450060719756699 ], [ -122.121849151283001, 37.450052347311264 ], [ -122.121836028106202, 37.45004618329353 ], [ -122.121688527437328, 37.450011138749375 ], [ -122.121653345569896, 37.449996682033451 ], [ -122.121639363719453, 37.449990639804284 ], [ -122.121625483445555, 37.44998448622362 ], [ -122.121611701293702, 37.449978166365959 ], [ -122.121598055769269, 37.449971735573847 ], [ -122.121584476163761, 37.44996516508462 ], [ -122.1215709964371, 37.449958457132603 ], [ -122.12155761828727, 37.449951637829308 ], [ -122.121544339977206, 37.449944679261542 ], [ -122.121531196557683, 37.449937581846285 ], [ -122.12151811966433, 37.449930372662841 ], [ -122.121505211582317, 37.449923025064507 ], [ -122.121492370569129, 37.449915538654629 ], [ -122.121479663904054, 37.449907940440859 ], [ -122.121467058815995, 37.449900230876032 ], [ -122.121454587488657, 37.449892382479561 ], [ -122.121447354839461, 37.449887730365795 ], [ -122.121334186944068, 37.4498185890969 ], [ -122.121315479873772, 37.449809151492495 ], [ -122.121307575815223, 37.449805332342081 ], [ -122.121299639657749, 37.44980159654493 ], [ -122.121291601319513, 37.449797944167969 ], [ -122.12128353088228, 37.449794375144315 ], [ -122.121275427196451, 37.44979088858863 ], [ -122.121267220742439, 37.449787458425156 ], [ -122.12125901780783, 37.449784138158975 ], [ -122.121250712105009, 37.449780874284954 ], [ -122.121242409314604, 37.449777692379392 ], [ -122.1212340032329, 37.449774594810457 ], [ -122.121225600083079, 37.449771580110863 ], [ -122.12121712976392, 37.449768647446454 ], [ -122.121208592314446, 37.449765798619154 ], [ -122.121200057273725, 37.449763060605648 ], [ -122.12119145447619, 37.449760377599439 ], [ -122.121182818429745, 37.449757777061087 ], [ -122.121174116383031, 37.449755260344162 ], [ -122.121165414988383, 37.449752825626852 ], [ -122.121156647593352, 37.449750474730919 ], [ -122.121147881457262, 37.44974823376343 ], [ -122.121139048694303, 37.449746047787528 ], [ -122.121130183308779, 37.4497439731093 ], [ -122.121121319705225, 37.44974198041497 ], [ -122.121112388971127, 37.449740071557606 ], [ -122.121103461149033, 37.44973824466858 ], [ -122.121094465046667, 37.449736500731213 ], [ -122.121085470745811, 37.449734839678712 ], [ -122.121076444913058, 37.449733288106245 ], [ -122.121067419771222, 37.449731820335209 ], [ -122.121058328589584, 37.449730434583664 ], [ -122.12104923920927, 37.449729131716907 ], [ -122.121040151630226, 37.449727911735081 ], [ -122.121030996358101, 37.449726801732659 ], [ -122.121021879048214, 37.44972577411572 ], [ -122.121012727358988, 37.449724828982077 ], [ -122.121003544699875, 37.449723967185903 ], [ -122.120994362692286, 37.449723187389282 ], [ -122.120985149172128, 37.449722517973605 ], [ -122.120975971354014, 37.449721930974526 ], [ -122.12096676200359, 37.449721453455496 ], [ -122.12095751881634, 37.449721031376249 ], [ -122.120948313067913, 37.449720719626917 ], [ -122.120939074069838, 37.449720490345292 ], [ -122.120929838570419, 37.449720370059836 ], [ -122.120920603154573, 37.449720305646949 ], [ -122.120911371237241, 37.44972035023028 ], [ -122.120902140597536, 37.449720505642865 ], [ -122.120892911132231, 37.449720715110516 ], [ -122.12088368520449, 37.449721035376257 ], [ -122.120874459927904, 37.44972143764155 ], [ -122.120865271463444, 37.449721921406955 ], [ -122.120856050355826, 37.449722515568858 ], [ -122.120846866079873, 37.449723192131877 ], [ -122.12083768358498, 37.449723950678795 ], [ -122.120828502871035, 37.449724791209647 ], [ -122.120819358445829, 37.449725741185091 ], [ -122.120810215821123, 37.449726774045388 ], [ -122.120801074996947, 37.449727889790566 ], [ -122.12079197096503, 37.44972908613498 ], [ -122.120782869340317, 37.449730393293066 ], [ -122.120773803397412, 37.44973178196701 ], [ -122.120764774285917, 37.449733253042062 ], [ -122.120755746935572, 37.449734805200087 ], [ -122.120746755893308, 37.449736467703723 ], [ -122.120737766044527, 37.449738185163419 ], [ -122.120728813614193, 37.449740012052189 ], [ -122.120719896865509, 37.449741920456759 ], [ -122.120711017535186, 37.44974393829041 ], [ -122.12070217329935, 37.449746010612024 ], [ -122.120693331450724, 37.449748192846421 ], [ -122.120684559727565, 37.4497504290851 ], [ -122.120675790391587, 37.449752775236568 ], [ -122.120667057886706, 37.449755203789266 ], [ -122.120658394944755, 37.449757712488839 ], [ -122.120649768853426, 37.449760304490503 ], [ -122.120646723868816, 37.449761252241473 ], [ -122.120087037154576, 37.449987300119822 ], [ -122.120028363328402, 37.450000031056263 ], [ -122.120015019240114, 37.4500011768178 ], [ -122.120009617367344, 37.450001498305205 ], [ -122.120004213714196, 37.450001737807725 ], [ -122.119998807737616, 37.45000192236887 ], [ -122.119993400504356, 37.450001997000655 ], [ -122.119987990947649, 37.450002016691037 ], [ -122.119982580740697, 37.450001954380951 ], [ -122.119977168734025, 37.450001809185039 ], [ -122.119971788848218, 37.450001581536277 ], [ -122.119966372131472, 37.450001271485206 ], [ -122.11996099038268, 37.450000905978087 ], [ -122.119955605136795, 37.45000043147369 ], [ -122.119950252579187, 37.449999900643554 ], [ -122.119944864340354, 37.449999288296397 ], [ -122.119939543253679, 37.449998593012928 ], [ -122.119934220367384, 37.449997814843655 ], [ -122.119928897417893, 37.44999698170178 ], [ -122.119923640490626, 37.449996065639247 ], [ -122.119918346732589, 37.449995067174413 ], [ -122.119913121256872, 37.449993985757658 ], [ -122.119907892851515, 37.449992821470744 ], [ -122.119902733334982, 37.449991602160765 ], [ -122.119897570888838, 37.449990299980634 ], [ -122.119892441674352, 37.449988914431195 ], [ -122.119887345187507, 37.449987474357819 ], [ -122.119882281932263, 37.449985950915185 ], [ -122.11987725192833, 37.449984345004196 ], [ -122.119872254612886, 37.449982682767462 ], [ -122.119867323339378, 37.44998093851104 ], [ -122.119862391396467, 37.449979111353244 ], [ -122.119857527192849, 37.449977228287111 ], [ -122.119852695090955, 37.449975261867394 ], [ -122.119847931877928, 37.449973240424669 ], [ -122.119843200223499, 37.449971162671837 ], [ -122.119838536851589, 37.449969001967254 ], [ -122.11983390560097, 37.44996675880995 ], [ -122.119829308188571, 37.449964460212271 ], [ -122.119824777365835, 37.449962104821005 ], [ -122.119824673339181, 37.449962051283414 ], [ -122.119695567216809, 37.449888734161 ], [ -122.119687669648201, 37.449883596357083 ], [ -122.119683239844775, 37.449881103485232 ], [ -122.119678675737021, 37.44987877648493 ], [ -122.11967401237564, 37.449876615773775 ], [ -122.119669213599408, 37.449874621850768 ], [ -122.11966428225513, 37.449872821712489 ], [ -122.119659285558257, 37.449871187395523 ], [ -122.119654188497137, 37.449869720284099 ], [ -122.119649028386959, 37.449868473034165 ], [ -122.119643767873299, 37.449867391187944 ], [ -122.119638476533865, 37.449866503524838 ], [ -122.119633156569989, 37.449865807310978 ], [ -122.119627770729636, 37.44986530486274 ], [ -122.119622389055309, 37.449864994312399 ], [ -122.119616977122348, 37.449864904072207 ], [ -122.119611569898581, 37.449864978686414 ], [ -122.119606167447103, 37.449865273127394 ], [ -122.119600768051171, 37.449865760382735 ], [ -122.119595442276974, 37.449866410640389 ], [ -122.119590120144963, 37.449867280740399 ], [ -122.119584872241006, 37.449868341771541 ], [ -122.119579697435029, 37.449869593749405 ], [ -122.119574594029842, 37.449871010562667 ], [ -122.119569599340352, 37.449872644867227 ], [ -122.119564677181657, 37.449874443991582 ], [ -122.119559861415553, 37.449876405666032 ], [ -122.119555153778421, 37.449878557803999 ], [ -122.119553960546597, 37.449879151036896 ], [ -122.119507178051009, 37.449901661472637 ], [ -122.119053335490818, 37.450193020091021 ], [ -122.119006468294288, 37.450068766554786 ], [ -122.119668219758893, 37.449674883640924 ], [ -122.119578068570391, 37.449424817156981 ], [ -122.120548449154029, 37.449253148879073 ], [ -122.120560568280936, 37.449251141297758 ], [ -122.120566675994723, 37.44925001247617 ], [ -122.120572715339122, 37.44924885846342 ], [ -122.120578752339966, 37.449247648608299 ], [ -122.120584788689726, 37.449246356752639 ], [ -122.120590788814738, 37.449245010423546 ], [ -122.120596787745683, 37.449243609137476 ], [ -122.120602716550977, 37.449242153846114 ], [ -122.120608678062979, 37.44924064312962 ], [ -122.12061457057942, 37.449239078392246 ], [ -122.120620460165057, 37.449237430784642 ], [ -122.120626350312904, 37.449235757034117 ], [ -122.120632168578723, 37.449234000464223 ], [ -122.120637987387155, 37.449232216850532 ], [ -122.120643769383619, 37.449230351735572 ], [ -122.12064951628507, 37.449228432131726 ], [ -122.120655226961617, 37.449226458054561 ], [ -122.120660937031161, 37.449224456048285 ], [ -122.120666611418585, 37.449222372525163 ], [ -122.120672215680202, 37.449220234996893 ], [ -122.120677817617704, 37.449218042527164 ], [ -122.12068338559024, 37.449215795552938 ], [ -122.12068891622728, 37.449213495021965 ], [ -122.120694412879772, 37.449211139085612 ], [ -122.120699872177227, 37.449208728691531 ], [ -122.120705263085611, 37.449206292205538 ], [ -122.12071065219304, 37.449203772833734 ], [ -122.120716006205384, 37.449201198973043 ], [ -122.120721289568678, 37.449198599051648 ], [ -122.120726571130916, 37.449195916244456 ], [ -122.12073178430407, 37.449193207345381 ], [ -122.120736961252163, 37.44919044397308 ], [ -122.120742101975196, 37.449187626127504 ], [ -122.120747173702313, 37.449184754261211 ], [ -122.120752243105173, 37.449181827453572 ], [ -122.120757244118877, 37.449178874554086 ], [ -122.120762208907479, 37.44917586718136 ], [ -122.120767103550662, 37.449172804902645 ], [ -122.120771963118329, 37.449169689036054 ], [ -122.120776786460794, 37.449166518696238 ], [ -122.12078154026463, 37.449163321379324 ], [ -122.120786258973325, 37.449160069573558 ], [ -122.120790941476486, 37.449156764195543 ], [ -122.120795554440903, 37.449153431840429 ], [ -122.120800098409433, 37.449150045464648 ], [ -122.12080460674008, 37.449146631643643 ], [ -122.120809078258318, 37.449143136321553 ], [ -122.120813480844603, 37.449139641951199 ], [ -122.12081781382831, 37.449136065631379 ], [ -122.120822111213187, 37.449132463668221 ], [ -122.120826372940513, 37.449128833358891 ], [ -122.120830565691563, 37.449125149929856 ], [ -122.120834687167104, 37.449121411610527 ], [ -122.120838740273157, 37.449117648100376 ], [ -122.120842757721647, 37.449113856244146 ], [ -122.12084670506384, 37.449110011283814 ], [ -122.120850617310893, 37.449106111834801 ], [ -122.120854425595326, 37.449102213821327 ], [ -122.120858232685308, 37.449098260851024 ], [ -122.120861935729124, 37.449094253442979 ], [ -122.120865569273462, 37.449090220859809 ], [ -122.120869167179862, 37.449086160831449 ], [ -122.120872696677623, 37.449082073810445 ], [ -122.120876154939083, 37.449077933701091 ], [ -122.120879578692637, 37.449073766130937 ], [ -122.120882899006801, 37.449069572051975 ], [ -122.12088618370268, 37.449065351428786 ], [ -122.120889363241986, 37.449061077284497 ], [ -122.120892509422987, 37.449056776564788 ], [ -122.120895584935397, 37.449052448883663 ], [ -122.120898590928746, 37.44904809512655 ], [ -122.120901527383538, 37.449043714392459 ], [ -122.120904429330452, 37.449039306197648 ], [ -122.120907226747278, 37.449034873311476 ], [ -122.120909955735911, 37.449030412531826 ], [ -122.120912649106302, 37.449025925208041 ], [ -122.120915237927036, 37.449021412292019 ], [ -122.120917757209185, 37.449016872399028 ], [ -122.12092024200318, 37.449012305946262 ], [ -122.120922623377496, 37.449007713885727 ], [ -122.120924935193685, 37.449003093947248 ], [ -122.120927176380604, 37.448998448849395 ], [ -122.120929383646953, 37.44899380331875 ], [ -122.120931487493721, 37.448989132180294 ], [ -122.120933521801987, 37.448984434064926 ], [ -122.120935486591449, 37.448979709873605 ], [ -122.120937381862021, 37.448974959606289 ], [ -122.120939173150703, 37.448970209873792 ], [ -122.120940929951274, 37.448965433581556 ], [ -122.120942617820248, 37.448960658241234 ], [ -122.120944201139679, 37.448955857308775 ], [ -122.120945716050826, 37.448951029383835 ], [ -122.12094716203039, 37.448946202410809 ], [ -122.120948537341604, 37.448941348476531 ], [ -122.120949844870921, 37.448936496379552 ], [ -122.120951082861851, 37.448931617305725 ], [ -122.120952250791333, 37.448926739199401 ], [ -122.120952813878304, 37.448924093609115 ], [ -122.12116541452221, 37.448260811606339 ], [ -122.120999823763242, 37.447576958861355 ], [ -122.120850135742913, 37.447431519436066 ], [ -122.120723929361432, 37.447351928024794 ], [ -122.120370125040296, 37.447541897190732 ], [ -122.119970869119996, 37.447668050477112 ], [ -122.119937742573939, 37.447672024183298 ], [ -122.119925641424132, 37.447673234794607 ], [ -122.119913503987277, 37.447674335959057 ], [ -122.119901363033549, 37.447675327224331 ], [ -122.119889185812511, 37.447676209943623 ], [ -122.119877005598241, 37.44767695481935 ], [ -122.119864822997258, 37.447677589780263 ], [ -122.11985263913968, 37.447678114810842 ], [ -122.119840451178646, 37.447678502914307 ], [ -122.119828225800958, 37.44767878158649 ], [ -122.119816033066897, 37.447678949860411 ], [ -122.119803837359569, 37.447678981191615 ], [ -122.119791605346251, 37.447678902174999 ], [ -122.11977940486625, 37.447678713676652 ], [ -122.119767202000034, 37.447678415263574 ], [ -122.119754996160779, 37.447677979907766 ], [ -122.119742822359115, 37.447677406224898 ], [ -122.119730645628167, 37.447676749670784 ], [ -122.119718467054426, 37.447675956158392 ], [ -122.11970632001433, 37.447675053164289 ], [ -122.119694169982026, 37.447674012326623 ], [ -122.119682051444357, 37.447672860205401 ], [ -122.119669931690041, 37.44767159995569 ], [ -122.119657843430488, 37.447670228422474 ], [ -122.119645786079033, 37.447668718577852 ], [ -122.11963372749149, 37.447667099703807 ], [ -122.119621734318542, 37.447665369979383 ], [ -122.119609738760047, 37.447663530340265 ], [ -122.119597775259436, 37.447661553275097 ], [ -122.119585844383963, 37.447659464910828 ], [ -122.119573978942796, 37.447657266597204 ], [ -122.119562111116352, 37.447654958368886 ], [ -122.119550275934728, 37.447652539742478 ], [ -122.119538506691768, 37.447649982321344 ], [ -122.119526735083198, 37.447647315886442 ], [ -122.119515063900266, 37.44764453721703 ], [ -122.119503390351767, 37.447641649533871 ], [ -122.119491783348465, 37.447638650984871 ], [ -122.11948020899024, 37.447635542037908 ], [ -122.11946870117724, 37.447632322225132 ], [ -122.119457224879511, 37.447628992029998 ], [ -122.119445814520802, 37.447625523040237 ], [ -122.119434436283669, 37.447621971596938 ], [ -122.119423125741491, 37.447618310173333 ], [ -122.119411880008542, 37.447614509970755 ], [ -122.119400667507719, 37.447610626398131 ], [ -122.119389556582476, 37.447606631476532 ], [ -122.119378477192271, 37.447602527073613 ], [ -122.119367463217714, 37.447598311820627 ], [ -122.119356551929329, 37.447593984302237 ], [ -122.119345671046091, 37.447589547318074 ], [ -122.119334858444788, 37.447585027381606 ], [ -122.119324111783001, 37.447580368650776 ], [ -122.119313466153741, 37.447575625614625 ], [ -122.119302887676483, 37.447570799641802 ], [ -122.119292375158466, 37.447565835775535 ], [ -122.11928192977291, 37.447560788071783 ], [ -122.11927155095286, 37.447555630403521 ], [ -122.119261273165364, 37.44755038843001 ], [ -122.119251096953917, 37.447545035107822 ], [ -122.119240952258409, 37.447539571403539 ], [ -122.119230944755628, 37.447534022895205 ], [ -122.119221003274959, 37.447528391465994 ], [ -122.11921112835995, 37.447522650072379 ], [ -122.119201353871546, 37.447516796444866 ], [ -122.119191681565354, 37.447510859397589 ], [ -122.119182111421935, 37.447504838029744 ], [ -122.119172606714187, 37.447498706713169 ], [ -122.119163204169197, 37.447492491076034 ], [ -122.119153903806563, 37.447486192019269 ], [ -122.119144703346649, 37.447479808673151 ], [ -122.119135570562932, 37.447473314446313 ], [ -122.119126574467728, 37.447466764261101 ], [ -122.119117678799171, 37.447460101842118 ], [ -122.119108884182978, 37.447453356019302 ], [ -122.119100157849118, 37.447446527244644 ], [ -122.119091566448063, 37.447439613697519 ], [ -122.119083077209822, 37.447432615830039 ], [ -122.119074689043472, 37.447425535459658 ], [ -122.119066436920306, 37.447418369400374 ], [ -122.119058286999106, 37.447411120822743 ], [ -122.119050238697184, 37.44740381496824 ], [ -122.119042290861074, 37.447396398682173 ], [ -122.119034480804231, 37.447388924620505 ], [ -122.11902677179971, 37.447381367155195 ], [ -122.119019164434036, 37.447373753314125 ], [ -122.11901169315064, 37.44736605558618 ], [ -122.119004324636009, 37.447358301466977 ], [ -122.118997091578009, 37.447350434631161 ], [ -122.118989994684341, 37.447342539781822 ], [ -122.118982999953403, 37.447334560612418 ], [ -122.118976141285032, 37.447326496655329 ], [ -122.118969384861472, 37.447318404251519 ], [ -122.118962764500466, 37.447310227060022 ], [ -122.118956246321645, 37.447301966449558 ], [ -122.118949899317357, 37.447293676441525 ], [ -122.1189436544757, 37.447285302113514 ], [ -122.118937545172528, 37.44727687094241 ], [ -122.118931572557401, 37.447268383813579 ], [ -122.118925702691257, 37.447259839392736 ], [ -122.118919969493589, 37.447251238113289 ], [ -122.118914406883718, 37.447242580408535 ], [ -122.118908947609313, 37.447233892439762 ], [ -122.118903623306252, 37.447225121500963 ], [ -122.118898435651957, 37.447216292802764 ], [ -122.118893386401879, 37.447207435159221 ], [ -122.118888472690116, 37.447198520672778 ], [ -122.118883696252468, 37.447189577256637 ], [ -122.118879056463456, 37.447180576081088 ], [ -122.118874553362076, 37.447171518947968 ], [ -122.118870187515228, 37.447162431984331 ], [ -122.1188659583364, 37.447153288162241 ], [ -122.118861866431573, 37.447144115410573 ], [ -122.118857910651144, 37.447134912843971 ], [ -122.118854126568408, 37.447125652935846 ], [ -122.118850445859721, 37.447116364565744 ], [ -122.118846936324616, 37.447107046798493 ], [ -122.118843564024246, 37.447097698299928 ], [ -122.118840327281035, 37.447088293859451 ], [ -122.118837264557826, 37.447078887018698 ], [ -122.11883430292886, 37.447069450846307 ], [ -122.118831513016801, 37.447059958233332 ], [ -122.118828860945115, 37.447050462817913 ], [ -122.118826346146946, 37.447040938473016 ], [ -122.118824002521919, 37.447031384731112 ], [ -122.118821796150698, 37.447021801158861 ], [ -122.118819727639277, 37.447012215685078 ], [ -122.118817796381521, 37.447002600380962 ], [ -122.118816038032733, 37.446992983593148 ], [ -122.118814415201527, 37.446983309061729 ], [ -122.11881293083583, 37.446973660557632 ], [ -122.118811618772938, 37.446963982641073 ], [ -122.118810444549965, 37.446954301922055 ], [ -122.118809406469836, 37.446944592289249 ], [ -122.118808506249025, 37.446934880754988 ], [ -122.11880777891723, 37.44692516683611 ], [ -122.118807189464221, 37.44691545191673 ], [ -122.11880677114452, 37.446905705798564 ], [ -122.118806491289874, 37.446895985707748 ], [ -122.118806348707793, 37.44688623668759 ], [ -122.118806344571169, 37.446876512793878 ], [ -122.118806512193146, 37.446866786531238 ], [ -122.11880681767397, 37.446857058367044 ], [ -122.118807296043329, 37.446847327818304 ], [ -122.118807912271421, 37.446837595368095 ], [ -122.118808665834166, 37.446827888960875 ], [ -122.118809557236034, 37.446818179751254 ], [ -122.118810621545691, 37.446808469057927 ], [ -122.118811824300309, 37.446798783491126 ], [ -122.118813164369826, 37.44678912306631 ], [ -122.11881467734699, 37.44677946115781 ], [ -122.118816328162907, 37.44676979644688 ], [ -122.118818118049134, 37.446760185692177 ], [ -122.118820045774058, 37.446750572135052 ], [ -122.118822145862822, 37.446740984137712 ], [ -122.118824383809709, 37.446731394238874 ], [ -122.118826760807096, 37.446721857395303 ], [ -122.118829311278631, 37.446712345194946 ], [ -122.118831963468025, 37.446702832492733 ], [ -122.118832799965247, 37.446700074096569 ], [ -122.119033190494079, 37.446049846185495 ], [ -122.118896395889536, 37.445572625309886 ], [ -122.117749075206987, 37.444477723412675 ], [ -122.118271976845278, 37.445816669833476 ], [ -122.118051435010301, 37.445806470990853 ], [ -122.117926294102773, 37.445486620904418 ], [ -122.117792321827977, 37.445479155589837 ], [ -122.117816075330396, 37.445208207656854 ], [ -122.117575618548827, 37.444592433513037 ], [ -122.117543967642476, 37.444513430744593 ], [ -122.117530362841364, 37.444481809487236 ], [ -122.117516278529919, 37.444450331819482 ], [ -122.117501680829619, 37.444418999109317 ], [ -122.117486638668225, 37.444387810406532 ], [ -122.117471117584017, 37.444356792320761 ], [ -122.117455117535641, 37.444325890780355 ], [ -122.117438672483559, 37.444295160290338 ], [ -122.117421714631135, 37.44426460178483 ], [ -122.117404311756445, 37.444234213428402 ], [ -122.117386431130328, 37.444203997474247 ], [ -122.117368106026831, 37.44417392462524 ], [ -122.117349303214709, 37.444144078249522 ], [ -122.117330055926075, 37.444114374978518 ], [ -122.117310364828086, 37.44408489771326 ], [ -122.117290230989681, 37.444055591465556 ], [ -122.117269617708857, 37.444026483776895 ], [ -122.11724856176923, 37.443997602978691 ], [ -122.117227096969245, 37.443968891829243 ], [ -122.117205155049021, 37.443940434179432 ], [ -122.117182803158698, 37.44391214709443 ], [ -122.117160009196695, 37.443884113926792 ], [ -122.117136806436704, 37.443856305379406 ], [ -122.117113160414448, 37.443828695792035 ], [ -122.117089106200098, 37.443801338753246 ], [ -122.117064609915104, 37.443774235630791 ], [ -122.11703973812611, 37.443747328731575 ], [ -122.117014424872252, 37.443720703677087 ], [ -122.11698870395179, 37.443694303225691 ], [ -122.116962609363298, 37.443668183684323 ], [ -122.116936072080335, 37.44364228922813 ], [ -122.116934137235972, 37.443640420661154 ], [ -122.113094984894843, 37.440107606501861 ], [ -122.113068356260911, 37.440115581345452 ], [ -122.111652489591179, 37.438766410041971 ], [ -122.111723013092487, 37.438712509547237 ], [ -122.110244590140994, 37.43730190986917 ], [ -122.106202732614932, 37.433449891953799 ], [ -122.106118990412753, 37.433505755366355 ], [ -122.1049066598694, 37.432295210372082 ], [ -122.104915921520387, 37.43228698102147 ], [ -122.104639902445356, 37.432001566480558 ], [ -122.103831473904677, 37.431178232058159 ], [ -122.103594089133296, 37.430943131823561 ], [ -122.103079492162877, 37.430502754025902 ], [ -122.102737385956772, 37.43019321441848 ], [ -122.10275313564415, 37.430182368755631 ], [ -122.102012385115884, 37.429534996794366 ], [ -122.102004254102624, 37.429528459662215 ], [ -122.102000366789284, 37.429525463979324 ], [ -122.101996410013086, 37.429522496280626 ], [ -122.101992422254284, 37.429519611915048 ], [ -122.101988364452438, 37.429516728505639 ], [ -122.101984274518969, 37.429513927543773 ], [ -122.101980149564113, 37.429511127059953 ], [ -122.101975958585612, 37.429508409486445 ], [ -122.101971698163624, 37.429505720797998 ], [ -122.101967438921719, 37.42950308706645 ], [ -122.101963113075954, 37.429500509217071 ], [ -122.101958717767374, 37.429497959351899 ], [ -122.101954324787911, 37.429495465329076 ], [ -122.101949864055499, 37.429493026302978 ], [ -122.101945368901241, 37.429490615683832 ], [ -122.101940839905353, 37.429488260499596 ], [ -122.101936244286307, 37.429485960296674 ], [ -122.101931648736866, 37.429483715966931 ], [ -122.10192698658355, 37.429481527519414 ], [ -122.101922289989005, 37.429479366577887 ], [ -122.101917561262724, 37.429477288083881 ], [ -122.101912798114569, 37.429475237996748 ], [ -122.101908002254447, 37.429473243329163 ], [ -122.101903172552682, 37.429471304096509 ], [ -122.101898310138907, 37.429469420283297 ], [ -122.10189341330323, 37.42946756487698 ], [ -122.101888484316419, 37.4294657910173 ], [ -122.101883522636911, 37.42946407347798 ], [ -122.101878525405809, 37.429462384360988 ], [ -122.101873531045172, 37.429460776312467 ], [ -122.101868468370697, 37.429459197133497 ], [ -122.101863407475591, 37.429457700840267 ], [ -122.101858313868462, 37.4294562599665 ], [ -122.101853219711998, 37.429454846135997 ], [ -122.101848058401941, 37.429453515231067 ], [ -122.101842898821332, 37.429452212239475 ], [ -122.101837705998378, 37.429450992611713 ], [ -122.101832514335925, 37.429449827039797 ], [ -122.101827288251471, 37.429448689874718 ], [ -122.101822030035095, 37.429447635157132 ], [ -122.101816773017831, 37.429446636297243 ], [ -122.101811518290774, 37.429445691477802 ], [ -122.101806194700131, 37.429444802571247 ], [ -122.101800906181225, 37.429443968158857 ], [ -122.101795585549638, 37.429443217094864 ], [ -122.101790231606387, 37.429442493521314 ], [ -122.101784877713087, 37.42944182491992 ], [ -122.101779526709421, 37.429441238287914 ], [ -122.101774176904797, 37.429440707513635 ], [ -122.101768792658689, 37.429440204245253 ], [ -122.101763410172467, 37.42943978296163 ], [ -122.101758029465316, 37.429439444563755 ], [ -122.101752615446486, 37.429439133656324 ], [ -122.101747236499179, 37.429438877242987 ], [ -122.101741824309315, 37.42943870419348 ], [ -122.1017364138294, 37.429438558156342 ], [ -122.101731005128485, 37.429438495004916 ], [ -122.10172559645811, 37.429438485924791 ], [ -122.101720190116424, 37.429438532686895 ], [ -122.101714783805207, 37.42943863352027 ], [ -122.10170938040271, 37.429438817223932 ], [ -122.101703977599698, 37.429439028856351 ], [ -122.101698575426553, 37.429439322488982 ], [ -122.101693175543303, 37.429439670162061 ], [ -122.101687776858952, 37.429440073692774 ], [ -122.101682413245982, 37.429440531717674 ], [ -122.101677050812512, 37.429441044699345 ], [ -122.101671689539145, 37.429441611736813 ], [ -122.101666330044722, 37.429442261660057 ], [ -122.101661006171284, 37.429442939033969 ], [ -122.101655649035706, 37.429443698870735 ], [ -122.101650361993151, 37.429444512723641 ], [ -122.101645041108284, 37.42944538201133 ], [ -122.101639756424561, 37.429446305777752 ], [ -122.101634507922483, 37.429447283122038 ], [ -122.101629260619148, 37.429448316324027 ], [ -122.101624013365452, 37.429449404498165 ], [ -122.101618802892816, 37.429450574179128 ], [ -122.101613593019465, 37.429451771788827 ], [ -122.101608453819082, 37.429453050442739 ], [ -122.101603281326064, 37.429454357487998 ], [ -122.101598178376236, 37.42945574559289 ], [ -122.10159307773543, 37.429457188639141 ], [ -122.101587976544835, 37.42945865872867 ], [ -122.101582947176212, 37.42946021074787 ], [ -122.101577917857099, 37.429461817739323 ], [ -122.101572924139546, 37.429463451280611 ], [ -122.101567932200624, 37.429465167707633 ], [ -122.101563010354553, 37.42946693815091 ], [ -122.101558089088343, 37.429468735621967 ], [ -122.101553237384564, 37.429470615053646 ], [ -122.101548387970396, 37.42947254852583 ], [ -122.101543573066678, 37.42947451036509 ], [ -122.101538794924494, 37.429476552810293 ], [ -122.101534052403153, 37.429478622706284 ], [ -122.101529343823202, 37.429480747111946 ], [ -122.101524672573845, 37.429482925980977 ], [ -122.101520035265835, 37.429485159359693 ], [ -122.101515469180285, 37.429487446739266 ], [ -122.101510903674566, 37.429489761146698 ], [ -122.101506407731222, 37.429492157514822 ], [ -122.101501913497387, 37.42949458089538 ], [ -122.101497488245911, 37.429497059208543 ], [ -122.101493100305646, 37.429499591084294 ], [ -122.101488780748326, 37.429502149963625 ], [ -122.101484462950197, 37.429504790827906 ], [ -122.10148021464542, 37.429507457779508 ], [ -122.101476000831624, 37.429510152197366 ], [ -122.101471857709953, 37.429512928560527 ], [ -122.101467750189755, 37.429515731473629 ], [ -122.101463678270889, 37.429518560936614 ], [ -122.101459675914441, 37.429521472360328 ], [ -122.101455709178722, 37.429524411234937 ], [ -122.101451776914672, 37.429527376674827 ], [ -122.101447915853726, 37.429530395214798 ], [ -122.101444123775181, 37.429533468687453 ], [ -122.101440366187603, 37.429536569626407 ], [ -122.101436645311821, 37.429539696198965 ], [ -122.101432994017742, 37.429542905633205 ], [ -122.101429411617701, 37.429546113225904 ], [ -122.101425865418392, 37.429549375297512 ], [ -122.101422388182129, 37.429552691400943 ], [ -122.101418945967268, 37.429556007026349 ], [ -122.101415609466216, 37.429559404119132 ], [ -122.101412271815747, 37.429562800326288 ], [ -122.101409039299099, 37.429566250972854 ], [ -122.10140584125412, 37.429569728184838 ], [ -122.101402714431643, 37.429573259397792 ], [ -122.101399622080876, 37.429576817176219 ], [ -122.101396632554838, 37.429580374452421 ], [ -122.101393679809576, 37.429584013235662 ], [ -122.101390794828689, 37.429587650192772 ], [ -122.101387947197608, 37.429591342514442 ], [ -122.101385201242294, 37.429595033448393 ], [ -122.101382491487712, 37.429598778861369 ], [ -122.101379851226596, 37.429602550361786 ], [ -122.101377280478346, 37.429606348850683 ], [ -122.101374779223562, 37.429610173427072 ], [ -122.101372347481501, 37.429614024991935 ], [ -122.101369985233021, 37.429617902644246 ], [ -122.101367692497305, 37.429621807285002 ], [ -122.101365434233443, 37.429625738491247 ], [ -122.101363279904774, 37.429629668278999 ], [ -122.101361161776936, 37.429633652545775 ], [ -122.101359145924306, 37.429637663353908 ], [ -122.101357165093106, 37.429641673684074 ], [ -122.101355254885306, 37.429645710086383 ], [ -122.101353446933274, 37.429649772129082 ], [ -122.101351674602128, 37.429653861622761 ], [ -122.101350006206317, 37.429657949698012 ], [ -122.101348372301757, 37.429662065239711 ], [ -122.101346841782743, 37.429666206406424 ], [ -122.101345346285342, 37.429670347095133 ], [ -122.101343955303321, 37.4296745133935 ], [ -122.101342632704544, 37.429678706695761 ], [ -122.101341345127409, 37.429682899520074 ], [ -122.101341025903707, 37.42968408534778 ], [ -122.101065685823471, 37.430671849450306 ], [ -122.101064524301719, 37.4306819190681 ], [ -122.101063892575738, 37.430686184948954 ], [ -122.101063157511945, 37.430690480176906 ], [ -122.1010623184617, 37.430694721850585 ], [ -122.101061411095841, 37.430698992393559 ], [ -122.101060400304064, 37.430703235509355 ], [ -122.1010592850146, 37.43070745391617 ], [ -122.101058100211063, 37.430711645334313 ], [ -122.101056847622345, 37.430715837677326 ], [ -122.10105545607415, 37.430720031916344 ], [ -122.101053994432007, 37.430724172138611 ], [ -122.101052465004656, 37.430728313285726 ], [ -122.101050831040865, 37.430732427922045 ], [ -122.101049127582243, 37.43073651647056 ], [ -122.101047319606437, 37.430740579409161 ], [ -122.101045443246221, 37.430744615343627 ], [ -122.101043462948724, 37.430748652696195 ], [ -122.10104137866459, 37.430752636494468 ], [ -122.101039258778073, 37.430756593742458 ], [ -122.101037035484808, 37.430760524464205 ], [ -122.101034708804093, 37.430764429560575 ], [ -122.101032311479344, 37.430768307683643 ], [ -122.10102984406042, 37.430772131789936 ], [ -122.101027274383782, 37.430775930255415 ], [ -122.101024634063108, 37.430779701747532 ], [ -122.10102192366756, 37.430783420123831 ], [ -122.10101914373837, 37.430787110610403 ], [ -122.101016260441057, 37.430790776372497 ], [ -122.101013305900352, 37.430794387232289 ], [ -122.101010282994466, 37.430797971988817 ], [ -122.101007189994348, 37.430801502728549 ], [ -122.101003992476961, 37.430805007858204 ], [ -122.101000759868299, 37.430808457592271 ], [ -122.100997423292142, 37.430811854672854 ], [ -122.100994050495103, 37.430815196373239 ], [ -122.100990573180624, 37.430818512463595 ], [ -122.100987026921032, 37.430821775422586 ], [ -122.100983445020262, 37.430825010029402 ], [ -122.100979758572208, 37.430828164954654 ], [ -122.100976036483004, 37.430831291527738 ], [ -122.100972210426349, 37.43083436544724 ], [ -122.100968347588136, 37.430837357859431 ], [ -122.100964415216211, 37.430840322381819 ], [ -122.100960413899131, 37.430843233772855 ], [ -122.100956375250618, 37.430846090699944 ], [ -122.100952233745062, 37.430848894057121 ], [ -122.100948089930441, 37.430851642472504 ], [ -122.100943842128999, 37.430854337333415 ], [ -122.100939558675819, 37.430856950671533 ], [ -122.100935204578491, 37.430859537036149 ], [ -122.100930814829411, 37.430862041877909 ], [ -122.100926356115934, 37.430864492687348 ], [ -122.100921860070983, 37.430866889032849 ], [ -122.100917294462477, 37.43086920341694 ], [ -122.100912693251459, 37.43087149125062 ], [ -122.10090805636942, 37.430873696660576 ], [ -122.100903347683627, 37.430875821040878 ], [ -122.100898605654891, 37.430877918839975 ], [ -122.100893826825427, 37.430879934230639 ], [ -122.100889011195207, 37.430881867212975 ], [ -122.100884161111637, 37.430883774530358 ], [ -122.100879239735605, 37.430885571972809 ], [ -122.100874282757175, 37.430887342864771 ], [ -122.100869324000399, 37.430889030870553 ], [ -122.100864295699424, 37.43089063781585 ], [ -122.100859265089511, 37.430892189819346 ], [ -122.100854164916072, 37.43089365986134 ], [ -122.100849062453022, 37.430895075862473 ], [ -122.100843924898982, 37.430896436467854 ], [ -122.10083875169336, 37.430897715550302 ], [ -122.100833575599054, 37.430898912662855 ], [ -122.100828330540423, 37.430900055742946 ], [ -122.100823082573854, 37.43090111595221 ], [ -122.100817833978113, 37.430902094160743 ], [ -122.100815535274862, 37.430902510332011 ], [ -122.100723887330219, 37.430931887884171 ], [ -122.100715379077499, 37.430935108577387 ], [ -122.100710670912989, 37.430937205005577 ], [ -122.100706069092368, 37.430939464902188 ], [ -122.100701609237092, 37.430941915718492 ], [ -122.100697256256339, 37.430944502058836 ], [ -122.10069311242701, 37.430947250465216 ], [ -122.10068910938412, 37.430950134834347 ], [ -122.100685248817797, 37.430953181277864 ], [ -122.100681596823179, 37.430956362759396 ], [ -122.100678154510661, 37.430959678362726 ], [ -122.100674852385481, 37.430963101999822 ], [ -122.10067179385436, 37.430966660197292 ], [ -122.10066894440628, 37.430970324587541 ], [ -122.100666269588217, 37.43097406950583 ], [ -122.100663838344971, 37.430977948083623 ], [ -122.100661648917963, 37.430981878335878 ], [ -122.100659668013677, 37.430985888653872 ], [ -122.100657930635151, 37.430989977658982 ], [ -122.10065643507302, 37.430994118338525 ], [ -122.100655147434622, 37.430998311154909 ], [ -122.100654135505252, 37.431002555183433 ], [ -122.100653365923066, 37.431006822942116 ], [ -122.100652838707305, 37.431011115331792 ], [ -122.100652620190857, 37.431013783155983 ], [ -122.100637697574911, 37.431072851184133 ], [ -122.100556895638192, 37.431420030619869 ], [ -122.100523505002769, 37.431642651261505 ], [ -122.100491463096944, 37.431616554317358 ], [ -122.100928522220514, 37.427738318262747 ], [ -122.098627836727019, 37.425559893606774 ], [ -122.097749169379284, 37.424798786043752 ], [ -122.097781414592646, 37.424546542241231 ] ], [ [ -122.115739158314128, 37.441504957554514 ], [ -122.116544143009321, 37.442282084398734 ], [ -122.118007590851761, 37.443679903948592 ], [ -122.117987612872597, 37.443530722504548 ], [ -122.118052722372994, 37.44260602687428 ], [ -122.117297219287778, 37.441885967253945 ], [ -122.116357443987226, 37.440990252111988 ], [ -122.115743290981769, 37.441399915349898 ], [ -122.115739158314128, 37.441504957554514 ] ] ] } },
{ "type": "Feature", "properties": { "ZONE_TYPE": "Residential Multi-Family", "AREA_CALC": 123402.8, "SHAPE_Leng": 1442.3889987, "SHAPE_Area": 123405.922171, "has_CS": false, "Zone_Type_Abbr": "R" }, "geometry": { "type": "Polygon", "coordinates": [ [ [ -122.124995067360828, 37.43067807841166 ], [ -122.125086801012202, 37.4305771512457 ], [ -122.125602932172583, 37.430055705650545 ], [ -122.126364301607538, 37.430536213490434 ], [ -122.126527256377159, 37.430638720513869 ], [ -122.126767349417463, 37.430792513303629 ], [ -122.126825792557696, 37.430826808511597 ], [ -122.126202919136475, 37.431280325522494 ], [ -122.126108021661423, 37.431379896038344 ], [ -122.125950470138861, 37.431278796933505 ], [ -122.12552835743729, 37.431018583160949 ], [ -122.125239692766854, 37.4308313717316 ], [ -122.125171551383914, 37.430788228680761 ], [ -122.124995067360828, 37.43067807841166 ] ] ] } },
{ "type": "Feature", "properties": { "ZONE_TYPE": "Residential Multi-Family", "AREA_CALC": 29872.1, "SHAPE_Leng": 691.97372424000002, "SHAPE_Area": 29872.292487300001, "has_CS": false, "Zone_Type_Abbr": "R" }, "geometry": { "type": "Polygon", "coordinates": [ [ [ -122.124964582427594, 37.410715468679534 ], [ -122.125195112791289, 37.410377788020618 ], [ -122.12571667356184, 37.410606902793738 ], [ -122.125395005281092, 37.411040064533459 ], [ -122.12491729507758, 37.410784740431268 ], [ -122.124964582427594, 37.410715468679534 ] ] ] } },
{ "type": "Feature", "properties": { "ZONE_TYPE": "Residential Multi-Family", "AREA_CALC": 53700.9, "SHAPE_Leng": 1003.14670083, "SHAPE_Area": 53705.381798000002, "has_CS": false, "Zone_Type_Abbr": "R" }, "geometry": { "type": "Polygon", "coordinates": [ [ [ -122.124042399253867, 37.413463466123993 ], [ -122.124416651811316, 37.413817438430783 ], [ -122.124699082196699, 37.414058383441038 ], [ -122.124782387103011, 37.414238797873196 ], [ -122.124802139088956, 37.41430140037221 ], [ -122.124547598763286, 37.414319758341748 ], [ -122.124501324836203, 37.414347154042595 ], [ -122.124457866662141, 37.414377311675246 ], [ -122.124417427389091, 37.414410065312111 ], [ -122.123615751783262, 37.413832096031349 ], [ -122.124042399253867, 37.413463466123993 ] ] ] } },
{ "type": "Feature", "properties": { "ZONE_TYPE": "Residential Single-Family", "AREA_CALC": 596052.9, "SHAPE_Leng": 4628.4481911100002, "SHAPE_Area": 596070.567071, "has_CS": false, "Zone_Type_Abbr": "R" }, "geometry": { "type": "Polygon", "coordinates": [ [ [ -122.120687913810414, 37.415758362078037 ], [ -122.120994023241934, 37.415488263728641 ], [ -122.12106466406658, 37.415426828668174 ], [ -122.121129560968569, 37.415473507312548 ], [ -122.121199885447027, 37.415514865018139 ], [ -122.12127501181692, 37.415550497670871 ], [ -122.121392345139512, 37.41560136847724 ], [ -122.121504157577277, 37.415659650364333 ], [ -122.121609682865795, 37.415724968224929 ], [ -122.122451746244039, 37.41625327891817 ], [ -122.122520286094257, 37.416196569102645 ], [ -122.123286407416586, 37.415519085383139 ], [ -122.123346796523492, 37.415562749387902 ], [ -122.123464385892092, 37.415459048356311 ], [ -122.122122931517453, 37.414491312237097 ], [ -122.122722820120842, 37.413961604323262 ], [ -122.122790620573269, 37.413899521650549 ], [ -122.123846100874246, 37.414647201253651 ], [ -122.12392070352513, 37.4146904203904 ], [ -122.123990588857708, 37.41473840275431 ], [ -122.124055333958125, 37.414790768493368 ], [ -122.124114452219828, 37.414847222449538 ], [ -122.12416755455871, 37.414907330230605 ], [ -122.124214323719485, 37.414970739360456 ], [ -122.124254370041342, 37.415036989319269 ], [ -122.124287512760006, 37.415105613990683 ], [ -122.124360260916959, 37.41519181979303 ], [ -122.124441886216999, 37.415272821650348 ], [ -122.124531719314419, 37.415348078177857 ], [ -122.124629165441505, 37.415417048760467 ], [ -122.124733557580086, 37.41547924785614 ], [ -122.124844129933265, 37.415534220130503 ], [ -122.124960081167401, 37.415581590950019 ], [ -122.123411966978551, 37.417456997335179 ], [ -122.123307953458706, 37.417410723275928 ], [ -122.120687913810414, 37.415758362078037 ] ] ] } },
{ "type": "Feature", "properties": { "ZONE_TYPE": "Public Facility", "AREA_CALC": 17303.0, "SHAPE_Leng": 518.38001524200001, "SHAPE_Area": 17303.431226000001, "has_CS": false, "Zone_Type_Abbr": "P" }, "geometry": { "type": "Polygon", "coordinates": [ [ [ -122.124877158277812, 37.410239685171575 ], [ -122.125195112791289, 37.410377788020618 ], [ -122.124964582427594, 37.410715468679534 ], [ -122.124586588035783, 37.410551304768852 ], [ -122.124784450092832, 37.410261488762359 ], [ -122.124877158277812, 37.410239685171575 ] ] ] } },
{ "type": "Feature", "properties": { "ZONE_TYPE": "Residential Multi-Family", "AREA_CALC": 27925.7, "SHAPE_Leng": 677.09765329699997, "SHAPE_Area": 27925.6952814, "has_CS": false, "Zone_Type_Abbr": "R" }, "geometry": { "type": "Polygon", "coordinates": [ [ [ -122.122673817467387, 37.40833990053072 ], [ -122.123086865799678, 37.408121495864613 ], [ -122.123443980744966, 37.408570859856411 ], [ -122.123361504419762, 37.408614962514946 ], [ -122.123088049807336, 37.40876825787943 ], [ -122.12304130639798, 37.408794451036918 ], [ -122.122673817467387, 37.40833990053072 ] ] ] } },
{ "type": "Feature", "properties": { "ZONE_TYPE": "Residential Multi-Family", "AREA_CALC": 120741.0, "SHAPE_Leng": 1449.4572129400001, "SHAPE_Area": 120742.762195, "has_CS": false, "Zone_Type_Abbr": "R" }, "geometry": { "type": "Polygon", "coordinates": [ [ [ -122.123088049807336, 37.40876825787943 ], [ -122.123361504419762, 37.408614962514946 ], [ -122.123443980744966, 37.408570859856411 ], [ -122.12403761645561, 37.40823590155717 ], [ -122.124558364850174, 37.4085060985525 ], [ -122.124660303519718, 37.408557289136098 ], [ -122.124523011013252, 37.408740813696923 ], [ -122.12385989000984, 37.409721866452884 ], [ -122.123088049807336, 37.40876825787943 ] ] ] } },
{ "type": "Feature", "properties": { "ZONE_TYPE": "Residential Single-Family", "AREA_CALC": 1586437.0, "SHAPE_Leng": 7957.4837645899997, "SHAPE_Area": 1586439.82332, "has_CS": false, "Zone_Type_Abbr": "R" }, "geometry": { "type": "Polygon", "coordinates": [ [ [ -122.120687913810414, 37.415758362078037 ], [ -122.11881041765659, 37.414573985171991 ], [ -122.11827107805081, 37.414231914632481 ], [ -122.115638478640335, 37.412574369856344 ], [ -122.115954056398678, 37.412248282448779 ], [ -122.115985527307231, 37.412084273559046 ], [ -122.116035578759821, 37.411825707818174 ], [ -122.116074644136091, 37.411767540495156 ], [ -122.116227224046185, 37.411554066922456 ], [ -122.116350559331792, 37.411496110996062 ], [ -122.116426841178708, 37.411463004176724 ], [ -122.116970040414969, 37.411804947656769 ], [ -122.117132323035037, 37.411907503418476 ], [ -122.117402690559857, 37.412081114709117 ], [ -122.117673322764517, 37.412249364094457 ], [ -122.117835641806323, 37.412351946341921 ], [ -122.118325121357273, 37.412661580138945 ], [ -122.118470605005797, 37.412753186417703 ], [ -122.11861902983658, 37.412846977008719 ], [ -122.119021767245187, 37.41248811666415 ], [ -122.118634559810559, 37.412164082941423 ], [ -122.118946129532489, 37.411887293293873 ], [ -122.11908851496645, 37.411767817730052 ], [ -122.119125786808098, 37.41181916391789 ], [ -122.119192483910325, 37.411895073577561 ], [ -122.119300052206654, 37.412024751652424 ], [ -122.119369400351331, 37.412106969989878 ], [ -122.119407587598729, 37.412154458024247 ], [ -122.119516396281654, 37.412285657139158 ], [ -122.119588321857591, 37.412372398954702 ], [ -122.119625990754855, 37.412418218741408 ], [ -122.119732883230341, 37.412545214775015 ], [ -122.11985574182728, 37.412695447660688 ], [ -122.11987397579081, 37.412716840970972 ], [ -122.119987948241217, 37.412854286696337 ], [ -122.120183253816307, 37.4130897702114 ], [ -122.120321870361806, 37.413253519328997 ], [ -122.121020689658167, 37.412629829821022 ], [ -122.121290916187291, 37.412829693502005 ], [ -122.122339022885029, 37.411894314834427 ], [ -122.122442550758279, 37.411802978146532 ], [ -122.122745558899865, 37.412040704279839 ], [ -122.122575306275621, 37.412191253057962 ], [ -122.123314895322011, 37.412723088740691 ], [ -122.123234179263207, 37.412794525602692 ], [ -122.123679163427852, 37.413117113967196 ], [ -122.122861319175939, 37.41383932111188 ], [ -122.122790620573269, 37.413899521650549 ], [ -122.122722820120842, 37.413961604323262 ], [ -122.122122931517453, 37.414491312237097 ], [ -122.121132389490256, 37.415365901573502 ], [ -122.121092450422012, 37.415401228167092 ], [ -122.120994023241934, 37.415488263728641 ], [ -122.120687913810414, 37.415758362078037 ] ], [ [ -122.119271640477564, 37.414181904438422 ], [ -122.119315910456649, 37.414228759719229 ], [ -122.11963840865144, 37.414429910858182 ], [ -122.119867792833929, 37.414574112953083 ], [ -122.12015117112756, 37.414327788922733 ], [ -122.119574714861585, 37.413916438757497 ], [ -122.119271640477564, 37.414181904438422 ] ] ] } },
{ "type": "Feature", "properties": { "ZONE_TYPE": "Commercial", "AREA_CALC": 136736.6, "SHAPE_Leng": 3053.6442315999998, "SHAPE_Area": 136736.72908200001, "has_CS": false, "Zone_Type_Abbr": "C" }, "geometry": { "type": "Polygon", "coordinates": [ [ [ -122.119672570104697, 37.410408486614919 ], [ -122.120920230710013, 37.412098297909509 ], [ -122.122314936338682, 37.41086693298481 ], [ -122.122502479852145, 37.411030360703002 ], [ -122.122563630583997, 37.411080716781861 ], [ -122.122219047541748, 37.411396839896177 ], [ -122.12174957450047, 37.411805555933242 ], [ -122.120950815242907, 37.41251875057025 ], [ -122.119425811197218, 37.410613568961203 ], [ -122.119500706508788, 37.410557899616357 ], [ -122.119672570104697, 37.410408486614919 ] ] ] } },
{ "type": "Feature", "properties": { "ZONE_TYPE": "Commercial", "AREA_CALC": 345384.7, "SHAPE_Leng": 2648.9465544, "SHAPE_Area": 345383.53950900002, "has_CS": false, "Zone_Type_Abbr": "C" }, "geometry": { "type": "Polygon", "coordinates": [ [ [ -122.122008178406276, 37.404572320596564 ], [ -122.122799634064378, 37.405477346349585 ], [ -122.122994888494432, 37.405699833209994 ], [ -122.122581726461163, 37.405931424849946 ], [ -122.122419716066759, 37.40602011007946 ], [ -122.120628772633836, 37.407028219373387 ], [ -122.120423182930978, 37.406770409072152 ], [ -122.120061125584755, 37.406377690101088 ], [ -122.120098612431832, 37.406313692525096 ], [ -122.120041689964367, 37.406102530135421 ], [ -122.120024402364038, 37.405943779542341 ], [ -122.120424004582176, 37.405609046974163 ], [ -122.120613895143933, 37.405562611655682 ], [ -122.120955258002368, 37.405527239645629 ], [ -122.121129802233469, 37.405390917749088 ], [ -122.121379353396847, 37.405439082360139 ], [ -122.121513775191318, 37.405215276799645 ], [ -122.121696887778555, 37.404986869580689 ], [ -122.122005086294223, 37.404805600224712 ], [ -122.122008178406276, 37.404572320596564 ] ] ] } },
{ "type": "Feature", "properties": { "ZONE_TYPE": "Commercial\/Residential", "AREA_CALC": 435606.8, "SHAPE_Leng": 4166.5293575300002, "SHAPE_Area": 435602.83555299998, "has_CS": false, "Zone_Type_Abbr": "C\/R" }, "geometry": { "type": "Polygon", "coordinates": [ [ [ -122.120628772633836, 37.407028219373387 ], [ -122.122419716066759, 37.40602011007946 ], [ -122.122633267513265, 37.406279647085562 ], [ -122.122775865135139, 37.406311625510405 ], [ -122.122767533899733, 37.406367145856152 ], [ -122.122019520713948, 37.40677254657507 ], [ -122.122262749405422, 37.407060297009892 ], [ -122.122135936667533, 37.407135171639531 ], [ -122.1218293955083, 37.40729960812353 ], [ -122.121868132094022, 37.40734387407376 ], [ -122.122673817467387, 37.40833990053072 ], [ -122.12304130639798, 37.408794451036918 ], [ -122.123088049807336, 37.40876825787943 ], [ -122.12385989000984, 37.409721866452884 ], [ -122.123818890864868, 37.409781024826657 ], [ -122.123343857797224, 37.410374991166776 ], [ -122.122721773729907, 37.409693720563752 ], [ -122.121820778961535, 37.408533870161243 ], [ -122.121105054374411, 37.407625483174947 ], [ -122.120628772633836, 37.407028219373387 ] ] ] } },
{ "type": "Feature", "properties": { "ZONE_TYPE": "Commercial", "AREA_CALC": 9988.0, "SHAPE_Leng": 1115.6761883900001, "SHAPE_Area": 9988.0549291900006, "has_CS": false, "Zone_Type_Abbr": "C" }, "geometry": { "type": "Polygon", "coordinates": [ [ [ -122.121868132094022, 37.40734387407376 ], [ -122.1218293955083, 37.40729960812353 ], [ -122.122135936667533, 37.407135171639531 ], [ -122.122262749405422, 37.407060297009892 ], [ -122.122019520713948, 37.40677254657507 ], [ -122.122767533899733, 37.406367145856152 ], [ -122.122777370576372, 37.40643315450918 ], [ -122.122103943199605, 37.406786349081642 ], [ -122.122343660730991, 37.407077306624331 ], [ -122.122173358304138, 37.407172781362249 ], [ -122.121868132094022, 37.40734387407376 ] ] ] } },
{ "type": "Feature", "properties": { "ZONE_TYPE": "Residential Multi-Family", "AREA_CALC": 15397.2, "SHAPE_Leng": 514.95405138000001, "SHAPE_Area": 15397.52284, "has_CS": false, "Zone_Type_Abbr": "R" }, "geometry": { "type": "Polygon", "coordinates": [ [ [ -122.123528752154158, 37.412740703784451 ], [ -122.123892104382861, 37.412423025627163 ], [ -122.124044552332293, 37.412785342994091 ], [ -122.123833060587259, 37.41298250156391 ], [ -122.123528752154158, 37.412740703784451 ] ] ] } },
{ "type": "Feature", "properties": { "ZONE_TYPE": "Public Facility", "AREA_CALC": 4109.0, "SHAPE_Leng": 315.20457724200003, "SHAPE_Area": 4108.3860985600004, "has_CS": false, "Zone_Type_Abbr": "P" }, "geometry": { "type": "Polygon", "coordinates": [ [ [ -122.163269872275805, 37.446963210369994 ], [ -122.163348555437636, 37.447010825386954 ], [ -122.163078141181941, 37.447284621425538 ], [ -122.162988963416851, 37.447228419520222 ], [ -122.163202558229258, 37.447012949374511 ], [ -122.163269872275805, 37.446963210369994 ] ] ] } },
{ "type": "Feature", "properties": { "ZONE_TYPE": "Public Facility", "AREA_CALC": 23573.1, "SHAPE_Leng": 701.54574117300001, "SHAPE_Area": 23571.826974799998, "has_CS": false, "Zone_Type_Abbr": "P" }, "geometry": { "type": "Polygon", "coordinates": [ [ [ -122.161747274579824, 37.444485715928401 ], [ -122.161960830078357, 37.444270247591682 ], [ -122.162638966203872, 37.444698112309766 ], [ -122.162454928128568, 37.4448791296617 ], [ -122.162184683142968, 37.444708832326278 ], [ -122.162151292736866, 37.444742569699478 ], [ -122.161747274579824, 37.444485715928401 ] ] ] } },
{ "type": "Feature", "properties": { "ZONE_TYPE": "Public Facility", "AREA_CALC": 28259.9, "SHAPE_Leng": 764.70407303100001, "SHAPE_Area": 28258.946404400001, "has_CS": false, "Zone_Type_Abbr": "P" }, "geometry": { "type": "Polygon", "coordinates": [ [ [ -122.16343703970044, 37.44510595089659 ], [ -122.163168631110793, 37.44493623356756 ], [ -122.163237593481441, 37.444864688993874 ], [ -122.163718134607137, 37.444379837557022 ], [ -122.163771004759056, 37.444326732384361 ], [ -122.163906222112317, 37.444411452154348 ], [ -122.164041210221498, 37.444496724759759 ], [ -122.163748111582066, 37.444792544376895 ], [ -122.163507840831926, 37.445034956875311 ], [ -122.16343703970044, 37.44510595089659 ] ] ] } },
{ "type": "Feature", "properties": { "ZONE_TYPE": "Public Facility", "AREA_CALC": 30718.8, "SHAPE_Leng": 721.25045029499995, "SHAPE_Area": 30719.105861399999, "has_CS": false, "Zone_Type_Abbr": "P" }, "geometry": { "type": "Polygon", "coordinates": [ [ [ -122.163273917445196, 37.445484888355317 ], [ -122.16314181412497, 37.445402403774096 ], [ -122.163379702407809, 37.445164256101677 ], [ -122.16343703970044, 37.44510595089659 ], [ -122.164037207573728, 37.44548195238599 ], [ -122.163739682293013, 37.445783356367727 ], [ -122.163273917445196, 37.445484888355317 ] ] ] } },
{ "type": "Feature", "properties": { "ZONE_TYPE": "Residential Multi-Family", "AREA_CALC": 98537.3, "SHAPE_Leng": 1253.3090459499999, "SHAPE_Area": 98486.523964099993, "has_CS": false, "Zone_Type_Abbr": "R" }, "geometry": { "type": "Polygon", "coordinates": [ [ [ -122.1675738094157, 37.447021078507674 ], [ -122.167924286379687, 37.446667600074989 ], [ -122.168290558696199, 37.4462980473619 ], [ -122.168926382988843, 37.446698623334036 ], [ -122.169008402847936, 37.446744263978573 ], [ -122.16864807412955, 37.447285498498829 ], [ -122.168547452455115, 37.447417186118614 ], [ -122.168426253514198, 37.447551501192919 ], [ -122.168354375853866, 37.447512638151359 ], [ -122.1675738094157, 37.447021078507674 ] ] ] } },
{ "type": "Feature", "properties": { "ZONE_TYPE": "Commercial", "AREA_CALC": 5660.9, "SHAPE_Leng": 320.90270605699999, "SHAPE_Area": 5660.4790137399996, "has_CS": false, "Zone_Type_Abbr": "C" }, "geometry": { "type": "Polygon", "coordinates": [ [ [ -122.162420338332154, 37.445726429549467 ], [ -122.162131417380266, 37.445537608218785 ], [ -122.162241164937683, 37.445427029407462 ], [ -122.162511412653373, 37.445597326603369 ], [ -122.1625327113439, 37.445611583908679 ], [ -122.162422355567912, 37.445724230868066 ], [ -122.162420338332154, 37.445726429549467 ] ] ] } },
{ "type": "Feature", "properties": { "ZONE_TYPE": "Residential Multi-Family", "AREA_CALC": 26401.2, "SHAPE_Leng": 725.03907062099995, "SHAPE_Area": 26401.870511900001, "has_CS": false, "Zone_Type_Abbr": "R" }, "geometry": { "type": "Polygon", "coordinates": [ [ [ -122.163906222112317, 37.444411452154348 ], [ -122.16444056526791, 37.443872407620773 ], [ -122.164744741128942, 37.444064055685395 ], [ -122.164504476585464, 37.4443064981661 ], [ -122.164470581062915, 37.444285113775372 ], [ -122.164174973276886, 37.444581080031845 ], [ -122.164041210221498, 37.444496724759759 ], [ -122.163906222112317, 37.444411452154348 ] ] ] } },
{ "type": "Feature", "properties": { "ZONE_TYPE": "Residential Multi-Family", "AREA_CALC": 64891.1, "SHAPE_Leng": 1020.54986982, "SHAPE_Area": 64890.600979499999, "has_CS": false, "Zone_Type_Abbr": "R" }, "geometry": { "type": "Polygon", "coordinates": [ [ [ -122.163991171175283, 37.446419238633439 ], [ -122.1645215769488, 37.445883710472202 ], [ -122.164575637857098, 37.445831467641462 ], [ -122.164673726501803, 37.445893336719436 ], [ -122.165214399936147, 37.446236581842804 ], [ -122.164633014238646, 37.44682491703572 ], [ -122.164225293333217, 37.446568261055091 ], [ -122.163991171175283, 37.446419238633439 ] ] ] } },
{ "type": "Feature", "properties": { "ZONE_TYPE": "Residential Multi-Family", "AREA_CALC": 156612.4, "SHAPE_Leng": 2029.2350603299999, "SHAPE_Area": 156613.02386099999, "has_CS": false, "Zone_Type_Abbr": "R" }, "geometry": { "type": "Polygon", "coordinates": [ [ [ -122.109555016004947, 37.409408066193997 ], [ -122.109802478075679, 37.409525120613893 ], [ -122.109809421696895, 37.409518158174563 ], [ -122.110889581869259, 37.410199359616307 ], [ -122.111181625092456, 37.410384195668051 ], [ -122.111746205537642, 37.410743394023939 ], [ -122.111278347273313, 37.411216568569628 ], [ -122.110628493087091, 37.410805854538623 ], [ -122.110475711079573, 37.410707333865759 ], [ -122.109831342218754, 37.410301456274027 ], [ -122.109981190404611, 37.410150684506668 ], [ -122.109269725298702, 37.409700566463883 ], [ -122.109555016004947, 37.409408066193997 ] ] ] } },
{ "type": "Feature", "properties": { "ZONE_TYPE": "Residential Multi-Family", "AREA_CALC": 51447.6, "SHAPE_Leng": 1024.6703383, "SHAPE_Area": 51446.938112800002, "has_CS": false, "Zone_Type_Abbr": "R" }, "geometry": { "type": "Polygon", "coordinates": [ [ [ -122.103889697781327, 37.417574239523709 ], [ -122.10439243632328, 37.416886912817553 ], [ -122.104475966787334, 37.416783587033237 ], [ -122.105208966532416, 37.417145952228886 ], [ -122.104395517069804, 37.417557324599073 ], [ -122.104389663386783, 37.417520541973069 ], [ -122.103889697781327, 37.417574239523709 ] ] ] } },
{ "type": "Feature", "properties": { "ZONE_TYPE": "Residential Multi-Family", "AREA_CALC": 127118.3, "SHAPE_Leng": 1550.02103629, "SHAPE_Area": 127118.711128, "has_CS": false, "Zone_Type_Abbr": "R" }, "geometry": { "type": "Polygon", "coordinates": [ [ [ -122.104057297604882, 37.420634259694211 ], [ -122.104895065808805, 37.420684250302386 ], [ -122.105082867275101, 37.421899667010294 ], [ -122.1050924618077, 37.422039901201728 ], [ -122.104147095533321, 37.422019235432806 ], [ -122.104091062876165, 37.421338340530824 ], [ -122.104176545638623, 37.421344780610589 ], [ -122.104057297604882, 37.420634259694211 ] ] ] } },
{ "type": "Feature", "properties": { "ZONE_TYPE": null, "AREA_CALC": 178561.2, "SHAPE_Leng": 1799.80051424, "SHAPE_Area": 178562.152351, "has_CS": false, "Zone_Type_Abbr": "P" }, "geometry": { "type": "Polygon", "coordinates": [ [ [ -122.101885506507131, 37.414550216022107 ], [ -122.101966100016227, 37.414478465996886 ], [ -122.103766111520017, 37.415358359368021 ], [ -122.103579832408982, 37.415813369281494 ], [ -122.103383111379188, 37.416205645760179 ], [ -122.103261615885287, 37.416159290240266 ], [ -122.102894692885727, 37.415983643188916 ], [ -122.102066665975414, 37.4155778971719 ], [ -122.101885506507131, 37.414550216022107 ] ] ] } },
{ "type": "Feature", "properties": { "ZONE_TYPE": "Commercial\/Residential", "AREA_CALC": 88599.4, "SHAPE_Leng": 1478.98091873, "SHAPE_Area": 88599.941435800007, "has_CS": false, "Zone_Type_Abbr": "C\/R" }, "geometry": { "type": "Polygon", "coordinates": [ [ [ -122.10313142474476, 37.416888136489916 ], [ -122.101909175351238, 37.416564468462845 ], [ -122.102103428068574, 37.415771186395979 ], [ -122.102091525971744, 37.415701221188385 ], [ -122.102066665975414, 37.4155778971719 ], [ -122.102894692885727, 37.415983643188916 ], [ -122.102682031079979, 37.41649815143851 ], [ -122.103224672772242, 37.416640688757063 ], [ -122.103147245178903, 37.416842212364841 ], [ -122.10313142474476, 37.416888136489916 ] ] ] } },
{ "type": "Feature", "properties": { "ZONE_TYPE": "Residential Multi-Family", "AREA_CALC": 690318.7, "SHAPE_Leng": 3538.63320733, "SHAPE_Area": 690317.82753400004, "has_CS": false, "Zone_Type_Abbr": "R" }, "geometry": { "type": "Polygon", "coordinates": [ [ [ -122.102032694239952, 37.41975194256257 ], [ -122.102085955733671, 37.419451148361048 ], [ -122.102090411817258, 37.419427711303626 ], [ -122.102809764679591, 37.417692966930822 ], [ -122.104389663386783, 37.417520541973069 ], [ -122.104395517069804, 37.417557324599073 ], [ -122.104466904243495, 37.418004086927468 ], [ -122.104895065808805, 37.420684250302386 ], [ -122.104057297604882, 37.420634259694211 ], [ -122.102628364382554, 37.420548994718885 ], [ -122.102698030457347, 37.419793315663036 ], [ -122.102032694239952, 37.41975194256257 ] ] ] } },
{ "type": "Feature", "properties": { "ZONE_TYPE": "Commercial\/Residential", "AREA_CALC": 74640.0, "SHAPE_Leng": 1221.88204273, "SHAPE_Area": 74640.432429799999, "has_CS": false, "Zone_Type_Abbr": "C\/R" }, "geometry": { "type": "Polygon", "coordinates": [ [ [ -122.102894692885727, 37.415983643188916 ], [ -122.103261615885287, 37.416159290240266 ], [ -122.103383111379188, 37.416205645760179 ], [ -122.104005545530612, 37.41654365321439 ], [ -122.104035058089863, 37.416557973513989 ], [ -122.104094641716131, 37.416595093053509 ], [ -122.104030803322487, 37.416706142070119 ], [ -122.103802595620166, 37.416996968186446 ], [ -122.103304755399009, 37.416876950531083 ], [ -122.103147245178903, 37.416842212364841 ], [ -122.103224672772242, 37.416640688757063 ], [ -122.102682031079979, 37.41649815143851 ], [ -122.102894692885727, 37.415983643188916 ] ] ] } },
{ "type": "Feature", "properties": { "ZONE_TYPE": "Residential Multi-Family", "AREA_CALC": 169162.8, "SHAPE_Leng": 1814.59518667, "SHAPE_Area": 169574.805742, "has_CS": false, "Zone_Type_Abbr": "R" }, "geometry": { "type": "Polygon", "coordinates": [ [ [ -122.108048752406873, 37.409845973270471 ], [ -122.108035466030827, 37.409836623395364 ], [ -122.108615279024647, 37.40919384555415 ], [ -122.108718426180346, 37.409079479946939 ], [ -122.108731937038954, 37.409088030004305 ], [ -122.108771688053736, 37.409043919901578 ], [ -122.108783644966252, 37.409039497747422 ], [ -122.108795999129626, 37.409035894742985 ], [ -122.108808716169804, 37.409033193368771 ], [ -122.108821693309892, 37.409031395034269 ], [ -122.108834793871068, 37.409030500712674 ], [ -122.108847983463164, 37.409030539714074 ], [ -122.108861088683341, 37.409031486479449 ], [ -122.10887404174747, 37.409033341037208 ], [ -122.108886739917509, 37.409036106598926 ], [ -122.108899111399751, 37.40903975440969 ], [ -122.108910984506181, 37.409044233653518 ], [ -122.108922359237184, 37.409049544330578 ], [ -122.108933096599671, 37.409055632472871 ], [ -122.109566865853438, 37.409397054044113 ], [ -122.109269725298702, 37.409700566463883 ], [ -122.109981190404611, 37.410150684506668 ], [ -122.109831342218754, 37.410301456274027 ], [ -122.10942216968418, 37.410711464754257 ], [ -122.109110720692172, 37.410514446771202 ], [ -122.109019035852839, 37.410452965443831 ], [ -122.108048752406873, 37.409845973270471 ] ] ] } },
{ "type": "Feature", "properties": { "ZONE_TYPE": null, "AREA_CALC": 125899.2, "SHAPE_Leng": 1670.6380997399999, "SHAPE_Area": 125896.612572, "has_CS": false, "Zone_Type_Abbr": "P" }, "geometry": { "type": "Polygon", "coordinates": [ [ [ -122.116544143009321, 37.442282084398734 ], [ -122.116675966433007, 37.442300348200398 ], [ -122.117297219287778, 37.441885967253945 ], [ -122.118052722372994, 37.44260602687428 ], [ -122.117987612872597, 37.443530722504548 ], [ -122.118007590851761, 37.443679903948592 ], [ -122.116544143009321, 37.442282084398734 ] ] ] } },
{ "type": "Feature", "properties": { "ZONE_TYPE": "Residential Multi-Family", "AREA_CALC": 96165.6, "SHAPE_Leng": 1409.27685045, "SHAPE_Area": 96165.669640699998, "has_CS": false, "Zone_Type_Abbr": "R" }, "geometry": { "type": "Polygon", "coordinates": [ [ [ -122.116025323882667, 37.438545996170362 ], [ -122.116868968356656, 37.439113415063957 ], [ -122.117234987594884, 37.439388387248421 ], [ -122.116840663753607, 37.439611591206067 ], [ -122.116493912158077, 37.439812577321398 ], [ -122.116449471447609, 37.439839531537118 ], [ -122.116163617300458, 37.439604435941703 ], [ -122.115944553728411, 37.43936734938017 ], [ -122.115834074414849, 37.439278224262026 ], [ -122.116103551015115, 37.439065834354054 ], [ -122.115710285731595, 37.438757337888617 ], [ -122.116025323882667, 37.438545996170362 ] ] ] } },
{ "type": "Feature", "properties": { "ZONE_TYPE": "Residential Multi-Family", "AREA_CALC": 319710.8, "SHAPE_Leng": 2318.1261254800002, "SHAPE_Area": 319710.67317299999, "has_CS": false, "Zone_Type_Abbr": "R" }, "geometry": { "type": "Polygon", "coordinates": [ [ [ -122.119446475794575, 37.444048272693593 ], [ -122.120497683159499, 37.442974323744835 ], [ -122.121825137065755, 37.443812652469809 ], [ -122.121921784010311, 37.443802087671052 ], [ -122.122065011509719, 37.4438154079008 ], [ -122.122306272545742, 37.443967545685439 ], [ -122.121611727747236, 37.444667734588805 ], [ -122.121156534306039, 37.445126623258616 ], [ -122.119526115015589, 37.444098485410635 ], [ -122.119446475794575, 37.444048272693593 ] ] ] } },
{ "type": "Feature", "properties": { "ZONE_TYPE": "Residential Multi-Family", "AREA_CALC": 187569.0, "SHAPE_Leng": 1820.26389855, "SHAPE_Area": 187404.133833, "has_CS": false, "Zone_Type_Abbr": "R" }, "geometry": { "type": "Polygon", "coordinates": [ [ [ -122.120462704492184, 37.445816274510513 ], [ -122.120515101565147, 37.445773249598361 ], [ -122.121156534306039, 37.445126623258616 ], [ -122.121611727747236, 37.444667734588805 ], [ -122.122364484457094, 37.445144213295862 ], [ -122.122216511238463, 37.445297747855129 ], [ -122.122740207042611, 37.44563169655013 ], [ -122.121715295173516, 37.446051712404291 ], [ -122.121633499427858, 37.446081547644013 ], [ -122.121548681341352, 37.446105463139894 ], [ -122.121461523743278, 37.4461232034243 ], [ -122.12137274916924, 37.446134675600241 ], [ -122.121283008987433, 37.44613978865722 ], [ -122.121193094122432, 37.446138475793681 ], [ -122.121103662329261, 37.446130783798878 ], [ -122.12101543401478, 37.446116729760277 ], [ -122.120929174388607, 37.446096468032302 ], [ -122.120845503433628, 37.446070127941177 ], [ -122.120765115190494, 37.446037917998915 ], [ -122.120462704492184, 37.445816274510513 ] ] ] } },
{ "type": "Feature", "properties": { "ZONE_TYPE": "Residential Multi-Family", "AREA_CALC": 85928.9, "SHAPE_Leng": 1529.29244023, "SHAPE_Area": 85928.927564600002, "has_CS": false, "Zone_Type_Abbr": "R" }, "geometry": { "type": "Polygon", "coordinates": [ [ [ -122.120497683159499, 37.442974323744835 ], [ -122.12080536494642, 37.442669925478491 ], [ -122.12089165417845, 37.442721857741617 ], [ -122.122522063353685, 37.443749977615148 ], [ -122.122306272545742, 37.443967545685439 ], [ -122.122065011509719, 37.4438154079008 ], [ -122.121921784010311, 37.443802087671052 ], [ -122.121825137065755, 37.443812652469809 ], [ -122.120497683159499, 37.442974323744835 ] ] ] } },
{ "type": "Feature", "properties": { "ZONE_TYPE": "Residential Multi-Family", "AREA_CALC": 208469.9, "SHAPE_Leng": 2502.0370113700001, "SHAPE_Area": 208470.16252000001, "has_CS": false, "Zone_Type_Abbr": "R" }, "geometry": { "type": "Polygon", "coordinates": [ [ [ -122.116025323882667, 37.438545996170362 ], [ -122.116355081216867, 37.438322502731673 ], [ -122.116482826860121, 37.438407241296694 ], [ -122.117576603705245, 37.439096878282093 ], [ -122.117658939044176, 37.439154197047102 ], [ -122.117801051672529, 37.439073649737104 ], [ -122.119007878490578, 37.439833133516025 ], [ -122.118049245995735, 37.440372653934389 ], [ -122.116925448129692, 37.439664261695007 ], [ -122.116840663753607, 37.439611591206067 ], [ -122.117234987594884, 37.439388387248421 ], [ -122.116868968356656, 37.439113415063957 ], [ -122.116025323882667, 37.438545996170362 ] ] ] } },
{ "type": "Feature", "properties": { "ZONE_TYPE": "Commercial\/Manufacturing\/Residential", "AREA_CALC": 109430.4, "SHAPE_Leng": 1336.9193758199999, "SHAPE_Area": 109427.91265699999, "has_CS": false, "Zone_Type_Abbr": "C\/R" }, "geometry": { "type": "Polygon", "coordinates": [ [ [ -122.116544143009321, 37.442282084398734 ], [ -122.115739158314128, 37.441504957554514 ], [ -122.115743290981769, 37.441399915349898 ], [ -122.116357443987226, 37.440990252111988 ], [ -122.117297219287778, 37.441885967253945 ], [ -122.116675966433007, 37.442300348200398 ], [ -122.116544143009321, 37.442282084398734 ] ] ] } },
{ "type": "Feature", "properties": { "ZONE_TYPE": "Commercial\/Manufacturing\/Residential", "AREA_CALC": 947080.1, "SHAPE_Leng": 6010.7431412300002, "SHAPE_Area": 947099.11389299994, "has_CS": false, "Zone_Type_Abbr": "C\/R" }, "geometry": { "type": "Polygon", "coordinates": [ [ [ -122.11719699630244, 37.447321413096979 ], [ -122.11763375326808, 37.44728803564076 ], [ -122.11768076825237, 37.446751969368904 ], [ -122.11748345609297, 37.446801083453046 ], [ -122.117088958257355, 37.445794135763563 ], [ -122.117761412425494, 37.445831592236516 ], [ -122.117765034836879, 37.445790504353901 ], [ -122.118051435010301, 37.445806470990853 ], [ -122.118271976845278, 37.445816669833476 ], [ -122.117749075206987, 37.444477723412675 ], [ -122.118896395889536, 37.445572625309886 ], [ -122.118932299924438, 37.445614129597899 ], [ -122.118963704651421, 37.445657893066432 ], [ -122.118990363375389, 37.445703590183811 ], [ -122.119012096110794, 37.44575094856993 ], [ -122.119028758904534, 37.445799585400607 ], [ -122.119040238917862, 37.445849145359169 ], [ -122.119046460662645, 37.445899327586133 ], [ -122.119047347962137, 37.445949747419341 ], [ -122.11904292752574, 37.446000021480124 ], [ -122.119033190494079, 37.446049846185495 ], [ -122.118832799965247, 37.446700074096569 ], [ -122.118816819428176, 37.446767015776594 ], [ -122.118808092184054, 37.446834791054997 ], [ -122.118806677075355, 37.446902933201613 ], [ -122.118812527148407, 37.446970892231199 ], [ -122.118825666802621, 37.447038228921912 ], [ -122.11884598301971, 37.447104422134288 ], [ -122.118873292235051, 37.447168981440228 ], [ -122.118907446459318, 37.447231441153505 ], [ -122.118948161576981, 37.447291365401725 ], [ -122.118995115006442, 37.447348264770127 ], [ -122.119048024404634, 37.447401785369827 ], [ -122.119106501705389, 37.447451493661674 ], [ -122.119170055508221, 37.447497038640194 ], [ -122.119238267354305, 37.447538097132188 ], [ -122.119310612541327, 37.447574346529407 ], [ -122.119386604322187, 37.447605546611136 ], [ -122.119465649706797, 37.44763145772226 ], [ -122.119547160828063, 37.44765186807544 ], [ -122.119630582731858, 37.447666676278317 ], [ -122.119715292579556, 37.447675726002089 ], [ -122.119800668224315, 37.447678996991648 ], [ -122.119886055893616, 37.447676418061583 ], [ -122.119970869119996, 37.447668050477112 ], [ -122.120370125040296, 37.447541897190732 ], [ -122.120723929361432, 37.447351928024794 ], [ -122.120850135742913, 37.447431519436066 ], [ -122.120999823763242, 37.447576958861355 ], [ -122.121047162611816, 37.447624567940316 ], [ -122.121089125046041, 37.447675272084176 ], [ -122.121125394836412, 37.447728719692108 ], [ -122.121155684440225, 37.447784474955135 ], [ -122.121179778632197, 37.447842101064623 ], [ -122.121197463379147, 37.447901216167971 ], [ -122.12120862226044, 37.447961300982008 ], [ -122.121213178493775, 37.448021943819128 ], [ -122.121211121921931, 37.448082677998244 ], [ -122.12120240733779, 37.448143036420149 ], [ -122.121187128584424, 37.448202552767412 ], [ -122.12116541452221, 37.448260811606339 ], [ -122.120952813878304, 37.448924093609115 ], [ -122.120943426398313, 37.448958230054757 ], [ -122.120930370482668, 37.448991619599489 ], [ -122.120913743027984, 37.449023987840199 ], [ -122.120893713258297, 37.449055111644121 ], [ -122.120870410822874, 37.449084715254202 ], [ -122.120844006141567, 37.449112630494135 ], [ -122.120814700140542, 37.449138636496642 ], [ -122.120782694275491, 37.449162536719555 ], [ -122.120748194019626, 37.449184163403636 ], [ -122.120711539359348, 37.449203348734748 ], [ -122.120672932947372, 37.449219951127816 ], [ -122.120632683156117, 37.449233856376594 ], [ -122.120591097248266, 37.449244951191666 ], [ -122.120548449154029, 37.449253148879073 ], [ -122.119578068570391, 37.449424817156981 ], [ -122.119267104837363, 37.448641307299745 ], [ -122.119180666382661, 37.448687603062069 ], [ -122.118073969872725, 37.449312531578762 ], [ -122.117558382572128, 37.448791856002408 ], [ -122.117571146488558, 37.448775116940432 ], [ -122.11719699630244, 37.447321413096979 ] ] ] } },
{ "type": "Feature", "properties": { "ZONE_TYPE": "Residential Multi-Family", "AREA_CALC": 65203.4, "SHAPE_Leng": 1181.7043487599999, "SHAPE_Area": 65204.871226700001, "has_CS": false, "Zone_Type_Abbr": "R" }, "geometry": { "type": "Polygon", "coordinates": [ [ [ -122.116493912158077, 37.439812577321398 ], [ -122.116840663753607, 37.439611591206067 ], [ -122.116925448129692, 37.439664261695007 ], [ -122.117951276262218, 37.440309316466241 ], [ -122.118049245995735, 37.440372653934389 ], [ -122.117712264433578, 37.440561888850901 ], [ -122.11755800105179, 37.440652547326629 ], [ -122.117391409206448, 37.440535244159548 ], [ -122.116493912158077, 37.439812577321398 ] ] ] } },
{ "type": "Feature", "properties": { "ZONE_TYPE": "Commercial", "AREA_CALC": 57409.0, "SHAPE_Leng": 965.74093623600004, "SHAPE_Area": 57302.0401508, "has_CS": false, "Zone_Type_Abbr": "C" }, "geometry": { "type": "Polygon", "coordinates": [ [ [ -122.126641579878608, 37.447690553181843 ], [ -122.126227687340617, 37.447691728623418 ], [ -122.126222274900186, 37.447691556687516 ], [ -122.126216921874544, 37.447690999115125 ], [ -122.126211631112881, 37.447690082902795 ], [ -122.126206470454619, 37.447688808913043 ], [ -122.126201472630711, 37.4476871748899 ], [ -122.126196641050797, 37.447685181687405 ], [ -122.12619207748304, 37.447682882868804 ], [ -122.126187783037778, 37.447680277517577 ], [ -122.12618379163473, 37.447677366064937 ], [ -122.126180105601861, 37.44767420345196 ], [ -122.126176791609225, 37.447670788754913 ], [ -122.126173887516345, 37.447667147584198 ], [ -122.126171358400256, 37.447663337199337 ], [ -122.126169273171428, 37.447659355744328 ], [ -122.126167634157639, 37.44765525816036 ], [ -122.126166439098853, 37.447651044478697 ], [ -122.126165726482895, 37.44764676913934 ], [ -122.126165459628439, 37.447642460587829 ], [ -122.126165402684194, 37.447631913715284 ], [ -122.126165285013997, 37.447601260077739 ], [ -122.125769851761447, 37.44759726119787 ], [ -122.125774800454082, 37.44757615230084 ], [ -122.125777227688658, 37.447554747589642 ], [ -122.125777139427001, 37.447533268677581 ], [ -122.125774537573349, 37.447511906592844 ], [ -122.125769460163511, 37.44749079869235 ], [ -122.125740686930328, 37.447420959419723 ], [ -122.12573363751892, 37.447405784405852 ], [ -122.125728233455021, 37.447390174751881 ], [ -122.125724612732427, 37.447374238493282 ], [ -122.125722746153187, 37.447358140053204 ], [ -122.125722669422117, 37.447341961847762 ], [ -122.125724349903322, 37.447325814275509 ], [ -122.125727792318273, 37.447309862190821 ], [ -122.125732998539547, 37.447294243451381 ], [ -122.125739901924675, 37.447279012150943 ], [ -122.12574843604493, 37.447264335931642 ], [ -122.125758569896547, 37.447250296330651 ], [ -122.125770201393053, 37.447237032645518 ], [ -122.12578326512957, 37.447224655728292 ], [ -122.125941664602138, 37.447130770527565 ], [ -122.126110639553232, 37.447049457241718 ], [ -122.126288658156668, 37.446981532812458 ], [ -122.126474041998705, 37.446927570192308 ], [ -122.126484829363861, 37.446924590927772 ], [ -122.126495875319577, 37.446922377704773 ], [ -122.126507143706434, 37.446920931024344 ], [ -122.126518499495532, 37.44692027889247 ], [ -122.126529906547162, 37.446920422711273 ], [ -122.126541261443421, 37.446921336877907 ], [ -122.126552460814679, 37.446923049860949 ], [ -122.126563436253079, 37.446925534671308 ], [ -122.126574084340476, 37.446928765706204 ], [ -122.126584368308585, 37.446932715538097 ], [ -122.126594150859177, 37.446937359935021 ], [ -122.126603396334104, 37.446942670552851 ], [ -122.126612035214876, 37.446948621319208 ], [ -122.126619997914631, 37.446955131189171 ], [ -122.126627214894953, 37.446962173189476 ], [ -122.126633648188985, 37.446969664935899 ], [ -122.126639231146797, 37.446977608253505 ], [ -122.126641579878608, 37.447690553181843 ] ] ] } },
{ "type": "Feature", "properties": { "ZONE_TYPE": "Commercial", "AREA_CALC": 99902.6, "SHAPE_Leng": 1316.1889852300001, "SHAPE_Area": 99902.480517999997, "has_CS": false, "Zone_Type_Abbr": "C" }, "geometry": { "type": "Polygon", "coordinates": [ [ [ -122.116585860927145, 37.451445319332571 ], [ -122.115620746690823, 37.452052753201407 ], [ -122.114820296046503, 37.451244379926344 ], [ -122.115257494718392, 37.450972495953771 ], [ -122.115748305046182, 37.45110492361129 ], [ -122.116585860927145, 37.451445319332571 ] ] ] } },
{ "type": "Feature", "properties": { "ZONE_TYPE": "Commercial\/Manufacturing\/Residential", "AREA_CALC": 190041.0, "SHAPE_Leng": 2105.9254541199998, "SHAPE_Area": 189425.37972200001, "has_CS": false, "Zone_Type_Abbr": "C\/R" }, "geometry": { "type": "Polygon", "coordinates": [ [ [ -122.105500863295106, 37.411007442393121 ], [ -122.105729952031794, 37.410750744236225 ], [ -122.105532772362366, 37.410625823151967 ], [ -122.10695158273046, 37.409051424193663 ], [ -122.106984720707786, 37.409077559271367 ], [ -122.10701490962451, 37.409105878696174 ], [ -122.107041871422567, 37.409136218656251 ], [ -122.107065460722026, 37.409168281045588 ], [ -122.107085467232451, 37.409201848854025 ], [ -122.107101747806723, 37.409236675313089 ], [ -122.107114192127995, 37.409272516808919 ], [ -122.107122658103989, 37.40930907068357 ], [ -122.107127140472386, 37.40934609278451 ], [ -122.107127595928006, 37.409383251162254 ], [ -122.107123987017289, 37.409420328239328 ], [ -122.10681615874249, 37.410374768359596 ], [ -122.106751199340337, 37.410687701519961 ], [ -122.106429168730401, 37.411209896568742 ], [ -122.1061926940326, 37.411465790615587 ], [ -122.105500863295106, 37.411007442393121 ] ] ] } },
{ "type": "Feature", "properties": { "ZONE_TYPE": "Commercial\/Residential", "AREA_CALC": 535156.5, "SHAPE_Leng": 6219.9644125499999, "SHAPE_Area": 535155.26321500004, "has_CS": false, "Zone_Type_Abbr": "C\/R" }, "geometry": { "type": "Polygon", "coordinates": [ [ [ -122.15762495649814, 37.448644395408749 ], [ -122.15751813190731, 37.448752125681352 ], [ -122.157112761627246, 37.448496676427816 ], [ -122.157028592164025, 37.448445509172537 ], [ -122.157458134433867, 37.448014885605275 ], [ -122.156972421238635, 37.447708104931017 ], [ -122.157079210072823, 37.447600374739906 ], [ -122.157100095139029, 37.447578983521758 ], [ -122.156965453434097, 37.447493671060919 ], [ -122.157322193328923, 37.447136017205821 ], [ -122.157190513862005, 37.447050663178523 ], [ -122.157577917038182, 37.446654365257913 ], [ -122.157713037388007, 37.44673953326636 ], [ -122.158033430047468, 37.446416313731604 ], [ -122.157844255110263, 37.446297106843232 ], [ -122.158256503931057, 37.445881255380584 ], [ -122.158337627146039, 37.445800092792773 ], [ -122.157907047273525, 37.445532091923738 ], [ -122.158190099706246, 37.445254338904086 ], [ -122.158720168505496, 37.444714584840938 ], [ -122.159103074223509, 37.444324580545597 ], [ -122.160340347595223, 37.445106976916129 ], [ -122.160002447516348, 37.44545094137812 ], [ -122.159736845338699, 37.445709086932943 ], [ -122.159392018919533, 37.445492509211824 ], [ -122.15945220791582, 37.445430595099729 ], [ -122.159686896991417, 37.445193680896303 ], [ -122.159281315664927, 37.444935990097328 ], [ -122.158985878744573, 37.445234467511611 ], [ -122.158847396706065, 37.445149898227726 ], [ -122.158558839622017, 37.445443388236498 ], [ -122.158964198264897, 37.445698832556644 ], [ -122.158710549110751, 37.445955543271339 ], [ -122.158665620149208, 37.446000348198488 ], [ -122.159506624995899, 37.446521794978814 ], [ -122.159783092928933, 37.446691488659582 ], [ -122.159688851511461, 37.446783825273236 ], [ -122.159276639586594, 37.447199681258141 ], [ -122.159006359550844, 37.447029377114895 ], [ -122.158899574917356, 37.447137136091769 ], [ -122.158648234363525, 37.44697875947417 ], [ -122.158564599955866, 37.446929920789337 ], [ -122.158458918276949, 37.447031537368041 ], [ -122.158792754324821, 37.447244867536959 ], [ -122.158594109166714, 37.447445258201896 ], [ -122.158704946869378, 37.44751508364461 ], [ -122.158417040677804, 37.447807272485704 ], [ -122.15851883781788, 37.447874945797132 ], [ -122.158225074773071, 37.448171886945097 ], [ -122.15802237213714, 37.448044163956297 ], [ -122.157631475815876, 37.44843847944459 ], [ -122.157347706024368, 37.448259653646851 ], [ -122.15732634198919, 37.448281216590402 ], [ -122.157610110060986, 37.448460014526788 ], [ -122.157503321363535, 37.448567772221423 ], [ -122.15762495649814, 37.448644395408749 ] ] ] } },
{ "type": "Feature", "properties": { "ZONE_TYPE": "Residential Multi-Family", "AREA_CALC": 591180.9, "SHAPE_Leng": 4668.5865965700004, "SHAPE_Area": 591181.68529000005, "has_CS": false, "Zone_Type_Abbr": "R" }, "geometry": { "type": "Polygon", "coordinates": [ [ [ -122.151081759453803, 37.447759255994775 ], [ -122.151476342716009, 37.447360433666226 ], [ -122.151834789271348, 37.447589093710008 ], [ -122.153053966218266, 37.446370964433513 ], [ -122.153657965190661, 37.446749244453237 ], [ -122.153135748550653, 37.447281777167923 ], [ -122.153105658215352, 37.447312306678128 ], [ -122.153716538380579, 37.447699087065374 ], [ -122.153659955167441, 37.447752981568406 ], [ -122.15429110264617, 37.448153894587335 ], [ -122.154831616692462, 37.448494525312817 ], [ -122.15490870075098, 37.448541618738794 ], [ -122.154798446786643, 37.448648708118874 ], [ -122.154886953701478, 37.448704430874002 ], [ -122.155427474436266, 37.449045057940175 ], [ -122.155534267944901, 37.448937302122147 ], [ -122.156071926159811, 37.449279175174155 ], [ -122.156144978466713, 37.449329264430062 ], [ -122.155562238576152, 37.449933833674535 ], [ -122.155182854837747, 37.449694272595828 ], [ -122.154322809355975, 37.449156499096851 ], [ -122.153553355813401, 37.448671612873447 ], [ -122.153483096968671, 37.448747455054288 ], [ -122.153162674567469, 37.449070661208637 ], [ -122.152757282438571, 37.448815197413722 ], [ -122.152679891413186, 37.448766596492518 ], [ -122.152595154726313, 37.448713016149732 ], [ -122.152189766483716, 37.448457550387744 ], [ -122.152054649327482, 37.44837237603268 ], [ -122.151919531968161, 37.44828722946616 ], [ -122.151866116147403, 37.448341105533856 ], [ -122.151366672585524, 37.448026364530733 ], [ -122.151420026890477, 37.447972818496503 ], [ -122.151081759453803, 37.447759255994775 ] ] ] } },
{ "type": "Feature", "properties": { "ZONE_TYPE": "Residential Multi-Family", "AREA_CALC": 899966.4, "SHAPE_Leng": 5934.1476392499999, "SHAPE_Area": 899963.701657, "has_CS": false, "Zone_Type_Abbr": "R" }, "geometry": { "type": "Polygon", "coordinates": [ [ [ -122.153657965190661, 37.446749244453237 ], [ -122.154274142755341, 37.44715437876178 ], [ -122.155079764169628, 37.44634260722254 ], [ -122.154457802197385, 37.445948408314372 ], [ -122.154778207310002, 37.445625225558125 ], [ -122.154847540046603, 37.445554449547494 ], [ -122.154906360300458, 37.445495935743004 ], [ -122.155146661608455, 37.445253540845663 ], [ -122.155315453476732, 37.445359661969739 ], [ -122.155416922144141, 37.445423662002625 ], [ -122.155438661321938, 37.445401902149669 ], [ -122.155708891670656, 37.445572187094776 ], [ -122.155788106111387, 37.445623809970286 ], [ -122.15638606160087, 37.445024984741622 ], [ -122.156301227310365, 37.44497467803658 ], [ -122.156166111257875, 37.444889536335928 ], [ -122.156442669008399, 37.444609214354493 ], [ -122.156659303617616, 37.444747400948749 ], [ -122.157417933896681, 37.445218960896518 ], [ -122.157032219745318, 37.445610344631504 ], [ -122.156897067788819, 37.445525203354151 ], [ -122.156683494076091, 37.445740662456565 ], [ -122.156818612880343, 37.445825831484676 ], [ -122.156605004181429, 37.446041290917819 ], [ -122.156588421670151, 37.44605633000107 ], [ -122.156793380813312, 37.446183611669461 ], [ -122.156773529213481, 37.446203477828462 ], [ -122.156422163950424, 37.446559515854446 ], [ -122.156696167236916, 37.446733371809337 ], [ -122.156101608743796, 37.447333633833573 ], [ -122.156730475204768, 37.44773069358537 ], [ -122.156196454979721, 37.448269367282094 ], [ -122.156123468546951, 37.448335498524195 ], [ -122.156755157700459, 37.448719607719887 ], [ -122.156144978466713, 37.449329264430062 ], [ -122.156071926159811, 37.449279175174155 ], [ -122.155534267944901, 37.448937302122147 ], [ -122.155427474436266, 37.449045057940175 ], [ -122.154886953701478, 37.448704430874002 ], [ -122.154798446786643, 37.448648708118874 ], [ -122.15490870075098, 37.448541618738794 ], [ -122.154831616692462, 37.448494525312817 ], [ -122.15429110264617, 37.448153894587335 ], [ -122.153659955167441, 37.447752981568406 ], [ -122.153716538380579, 37.447699087065374 ], [ -122.153105658215352, 37.447312306678128 ], [ -122.153135748550653, 37.447281777167923 ], [ -122.153657965190661, 37.446749244453237 ] ] ] } },
{ "type": "Feature", "properties": { "ZONE_TYPE": "Residential Multi-Family", "AREA_CALC": 64671.0, "SHAPE_Leng": 1125.2493198699999, "SHAPE_Area": 64672.181845, "has_CS": false, "Zone_Type_Abbr": "R" }, "geometry": { "type": "Polygon", "coordinates": [ [ [ -122.157478149708695, 37.444806159824388 ], [ -122.157584966957572, 37.444698401642498 ], [ -122.157666030698394, 37.444749503279283 ], [ -122.157879737811768, 37.444534095381727 ], [ -122.157744377014751, 37.444448821053435 ], [ -122.157958081910863, 37.444233413024243 ], [ -122.158093198819913, 37.444318552666324 ], [ -122.158633702439801, 37.444659165984866 ], [ -122.158720168505496, 37.444714584840938 ], [ -122.158190099706246, 37.445254338904086 ], [ -122.157478149708695, 37.444806159824388 ] ] ] } },
{ "type": "Feature", "properties": { "ZONE_TYPE": "Residential Single-Family", "AREA_CALC": 60118.5, "SHAPE_Leng": 1188.2492309500001, "SHAPE_Area": 60117.479582799999, "has_CS": false, "Zone_Type_Abbr": "R" }, "geometry": { "type": "Polygon", "coordinates": [ [ [ -122.156659303617616, 37.444747400948749 ], [ -122.156932105435232, 37.444460978255869 ], [ -122.157478149708695, 37.444806159824388 ], [ -122.158190099706246, 37.445254338904086 ], [ -122.157907047273525, 37.445532091923738 ], [ -122.157417933896681, 37.445218960896518 ], [ -122.156659303617616, 37.444747400948749 ] ] ] } },
{ "type": "Feature", "properties": { "ZONE_TYPE": "Residential Multi-Family", "AREA_CALC": 70183.2, "SHAPE_Leng": 1121.0491386900001, "SHAPE_Area": 70184.1674604, "has_CS": false, "Zone_Type_Abbr": "R" }, "geometry": { "type": "Polygon", "coordinates": [ [ [ -122.156696167236916, 37.446733371809337 ], [ -122.157190513862005, 37.447050663178523 ], [ -122.157322193328923, 37.447136017205821 ], [ -122.156965453434097, 37.447493671060919 ], [ -122.157100095139029, 37.447578983521758 ], [ -122.157079210072823, 37.447600374739906 ], [ -122.156972421238635, 37.447708104931017 ], [ -122.156865666576252, 37.4478158606723 ], [ -122.156730475204768, 37.44773069358537 ], [ -122.156101608743796, 37.447333633833573 ], [ -122.156696167236916, 37.446733371809337 ] ] ] } },
{ "type": "Feature", "properties": { "ZONE_TYPE": "Residential Multi-Family", "AREA_CALC": 179654.0, "SHAPE_Leng": 2047.6828996300001, "SHAPE_Area": 179654.20981199999, "has_CS": false, "Zone_Type_Abbr": "R" }, "geometry": { "type": "Polygon", "coordinates": [ [ [ -122.157190513862005, 37.447050663178523 ], [ -122.156696604346507, 37.446732898814282 ], [ -122.15706567676375, 37.446355073824662 ], [ -122.156793380813312, 37.446183611669461 ], [ -122.156588421670151, 37.44605633000107 ], [ -122.156818612880343, 37.445825831484676 ], [ -122.156683494076091, 37.445740662456565 ], [ -122.156897067788819, 37.445525203354151 ], [ -122.157032219745318, 37.445610344631504 ], [ -122.157417933896681, 37.445218960896518 ], [ -122.157907047273525, 37.445532091923738 ], [ -122.158337627146039, 37.445800092792773 ], [ -122.158256503931057, 37.445881255380584 ], [ -122.157844255110263, 37.446297106843232 ], [ -122.158033430047468, 37.446416313731604 ], [ -122.157713037388007, 37.44673953326636 ], [ -122.157577917038182, 37.446654365257913 ], [ -122.157190513862005, 37.447050663178523 ] ] ] } },
{ "type": "Feature", "properties": { "ZONE_TYPE": "Commercial", "AREA_CALC": 17651.7, "SHAPE_Leng": 551.16933107499995, "SHAPE_Area": 17650.894026400001, "has_CS": false, "Zone_Type_Abbr": "C" }, "geometry": { "type": "Polygon", "coordinates": [ [ [ -122.156696167236916, 37.446733371809337 ], [ -122.156422163950424, 37.446559515854446 ], [ -122.156773529213481, 37.446203477828462 ], [ -122.156793380813312, 37.446183611669461 ], [ -122.15706567676375, 37.446355073824662 ], [ -122.156696604346507, 37.446732898814282 ], [ -122.156696167236916, 37.446733371809337 ] ] ] } },
{ "type": "Feature", "properties": { "ZONE_TYPE": "Public Facility", "AREA_CALC": 33385.5, "SHAPE_Leng": 765.30393817100003, "SHAPE_Area": 33385.603335899999, "has_CS": false, "Zone_Type_Abbr": "P" }, "geometry": { "type": "Polygon", "coordinates": [ [ [ -122.157478149708695, 37.444806159824388 ], [ -122.156932105435232, 37.444460978255869 ], [ -122.157248750593538, 37.444136852936687 ], [ -122.157744377014751, 37.444448821053435 ], [ -122.157879737811768, 37.444534095381727 ], [ -122.157666030698394, 37.444749503279283 ], [ -122.157584966957572, 37.444698401642498 ], [ -122.157478149708695, 37.444806159824388 ] ] ] } },
{ "type": "Feature", "properties": { "ZONE_TYPE": "Public Facility", "AREA_CALC": 33415.5, "SHAPE_Leng": 1102.3566344799999, "SHAPE_Area": 33415.925084900002, "has_CS": false, "Zone_Type_Abbr": "P" }, "geometry": { "type": "Polygon", "coordinates": [ [ [ -122.15851883781788, 37.447874945797132 ], [ -122.158417040677804, 37.447807272485704 ], [ -122.158704946869378, 37.44751508364461 ], [ -122.158594109166714, 37.447445258201896 ], [ -122.158792754324821, 37.447244867536959 ], [ -122.158458918276949, 37.447031537368041 ], [ -122.158564599955866, 37.446929920789337 ], [ -122.158648234363525, 37.44697875947417 ], [ -122.158899574917356, 37.447137136091769 ], [ -122.159006359550844, 37.447029377114895 ], [ -122.159276639586594, 37.447199681258141 ], [ -122.158574059266201, 37.447908721332489 ], [ -122.15851883781788, 37.447874945797132 ] ] ] } },
{ "type": "Feature", "properties": { "ZONE_TYPE": "Residential Single-Family", "AREA_CALC": 443418.5, "SHAPE_Leng": 3901.24663504, "SHAPE_Area": 443439.54018399998, "has_CS": false, "Zone_Type_Abbr": "R" }, "geometry": { "type": "Polygon", "coordinates": [ [ [ -122.164407637611916, 37.450240049321565 ], [ -122.16471733511419, 37.449927593744974 ], [ -122.164781851841639, 37.449868224524288 ], [ -122.165051686183304, 37.450032891239658 ], [ -122.16564971688355, 37.449429870047261 ], [ -122.165920020778088, 37.449600158861045 ], [ -122.16645394640372, 37.44906144056673 ], [ -122.166523064864535, 37.448993765271588 ], [ -122.166582120717479, 37.448932165470637 ], [ -122.166902485500188, 37.448608921767679 ], [ -122.166767316869979, 37.448523792776484 ], [ -122.166980902725157, 37.448308287864677 ], [ -122.167346223857592, 37.448538451931327 ], [ -122.167408844356871, 37.448590164958418 ], [ -122.167307220540962, 37.448822044900851 ], [ -122.1672803976018, 37.448887527420027 ], [ -122.167261814066904, 37.448954788131061 ], [ -122.167251593705117, 37.44902319353298 ], [ -122.167211522135119, 37.449274388769183 ], [ -122.167210445699894, 37.449301789976545 ], [ -122.167212332815609, 37.449329177926138 ], [ -122.167217245709679, 37.449356302099254 ], [ -122.167225077889341, 37.44938299998838 ], [ -122.167235823335147, 37.449409052684963 ], [ -122.167249375435347, 37.44943424180768 ], [ -122.167265626525875, 37.449458403062813 ], [ -122.167284469508303, 37.449481346914368 ], [ -122.167305761082915, 37.449502882538276 ], [ -122.167561806259627, 37.449651642046106 ], [ -122.167572496372117, 37.44965822038818 ], [ -122.167582443565948, 37.449665495104078 ], [ -122.167591578851642, 37.449673414002874 ], [ -122.167599831523262, 37.449681949250653 ], [ -122.167607131342592, 37.449690992799397 ], [ -122.16761340875378, 37.449700517699988 ], [ -122.167618660169552, 37.44971041405622 ], [ -122.167622851084744, 37.449720655322231 ], [ -122.167625910110644, 37.449731132564992 ], [ -122.167627837148345, 37.449741790812247 ], [ -122.167455280098395, 37.450451978369578 ], [ -122.16745004116602, 37.45047652690851 ], [ -122.167441965501823, 37.450500594848599 ], [ -122.167431117102097, 37.450523960484162 ], [ -122.167417596124523, 37.450546401595439 ], [ -122.16740153454711, 37.45056775408915 ], [ -122.167383068747839, 37.450587848402151 ], [ -122.167362329457291, 37.450606464583736 ], [ -122.167180005766397, 37.450793426354572 ], [ -122.167174450516697, 37.450799272994253 ], [ -122.167168266823197, 37.450804717609152 ], [ -122.167161487318708, 37.450809702959582 ], [ -122.167154216007248, 37.450814229370557 ], [ -122.167146483163577, 37.450818184662261 ], [ -122.167138325067214, 37.450821624194035 ], [ -122.167129808818729, 37.450824465002924 ], [ -122.16712103949196, 37.450826704695132 ], [ -122.167112048104102, 37.450828314892597 ], [ -122.167102905382293, 37.450829324330634 ], [ -122.167093714022201, 37.450829674774411 ], [ -122.167084507925196, 37.450829365742401 ], [ -122.167075356648155, 37.450828424184159 ], [ -122.167066363649155, 37.450826876567717 ], [ -122.167057562711491, 37.450824666538352 ], [ -122.167049058521201, 37.450821875520433 ], [ -122.167040852208444, 37.45081850349797 ], [ -122.167033081132374, 37.45081457645756 ], [ -122.167025745876941, 37.450810120526043 ], [ -122.167018951050196, 37.450805163056394 ], [ -122.166297510201659, 37.450347254966154 ], [ -122.166276957403738, 37.450338701389647 ], [ -122.166255506603974, 37.45033164484768 ], [ -122.166233334241056, 37.450326190979808 ], [ -122.166210646603616, 37.450322364794665 ], [ -122.166187582198134, 37.450320193164323 ], [ -122.166164418444666, 37.45031969738433 ], [ -122.16614125770873, 37.450320905741272 ], [ -122.166118340021711, 37.450323785087946 ], [ -122.166095838844029, 37.450328307728476 ], [ -122.166073960326528, 37.450334441898065 ], [ -122.166052873349315, 37.450342157262412 ], [ -122.165909074954385, 37.450382902518008 ], [ -122.165714357347966, 37.450457798743614 ], [ -122.165355643150534, 37.451195209559216 ], [ -122.165261361475558, 37.451495600427315 ], [ -122.165187098467612, 37.451448720583691 ], [ -122.164780639701533, 37.451192653043698 ], [ -122.164887422268507, 37.451084916679605 ], [ -122.164403652054162, 37.45077951199341 ], [ -122.164737651475193, 37.450452043733776 ], [ -122.164677907705652, 37.450410341465478 ], [ -122.164407637611916, 37.450240049321565 ] ] ] } },
{ "type": "Feature", "properties": { "ZONE_TYPE": "Residential Multi-Family", "AREA_CALC": 940309.6, "SHAPE_Leng": 6520.7322834799998, "SHAPE_Area": 940309.67683699995, "has_CS": false, "Zone_Type_Abbr": "R" }, "geometry": { "type": "Polygon", "coordinates": [ [ [ -122.159327945979143, 37.450846433276922 ], [ -122.159636043657741, 37.450536870901146 ], [ -122.159742998018189, 37.450600734779457 ], [ -122.16001809875992, 37.450327375319205 ], [ -122.160144258730611, 37.450408875988231 ], [ -122.160207287388886, 37.450446578666508 ], [ -122.160720832554262, 37.450770147565699 ], [ -122.160795254874714, 37.450815050685513 ], [ -122.161005399981207, 37.450598698192913 ], [ -122.161096587170334, 37.450656850436708 ], [ -122.16163714979588, 37.450997421828049 ], [ -122.161743936622543, 37.450889688321915 ], [ -122.161930648270172, 37.451008841103103 ], [ -122.162140026840802, 37.450787581311602 ], [ -122.161957543739604, 37.450674191689934 ], [ -122.161822412041246, 37.450589056522382 ], [ -122.162142804051072, 37.450265853796822 ], [ -122.162210762870458, 37.450193801451157 ], [ -122.161728989902272, 37.449886105555805 ], [ -122.16232632094659, 37.449298438392617 ], [ -122.163556678636297, 37.450074471836601 ], [ -122.163451315329667, 37.450179467934255 ], [ -122.163536002328925, 37.450233480159994 ], [ -122.163940965744629, 37.450489326162462 ], [ -122.164270360789317, 37.450154617517875 ], [ -122.164407637611916, 37.450240049321565 ], [ -122.164677907705652, 37.450410341465478 ], [ -122.164737651475193, 37.450452043733776 ], [ -122.164403652054162, 37.45077951199341 ], [ -122.164887422268507, 37.451084916679605 ], [ -122.164780639701533, 37.451192653043698 ], [ -122.165187098467612, 37.451448720583691 ], [ -122.165261361475558, 37.451495600427315 ], [ -122.165109919874894, 37.45201990508847 ], [ -122.164569637289205, 37.451674400489331 ], [ -122.164227279432112, 37.452016683556771 ], [ -122.163686697598777, 37.451676124120574 ], [ -122.163598262866032, 37.451622576955202 ], [ -122.162751530102028, 37.452495943577254 ], [ -122.161283746360638, 37.451574462895316 ], [ -122.160736305574304, 37.452127631238163 ], [ -122.160629514410829, 37.452235364734051 ], [ -122.160389210160815, 37.452477797735305 ], [ -122.15971350996314, 37.452052056023867 ], [ -122.159617118563872, 37.451993839304698 ], [ -122.16018504988476, 37.451427530737362 ], [ -122.160112041520563, 37.451384255538152 ], [ -122.159706648058801, 37.451128815295299 ], [ -122.159733336630055, 37.45110187573421 ], [ -122.159397149657892, 37.450889103058373 ], [ -122.159327945979143, 37.450846433276922 ] ] ] } },
{ "type": "Feature", "properties": { "ZONE_TYPE": "Residential Multi-Family", "AREA_CALC": 6859.6, "SHAPE_Leng": 337.50888763400002, "SHAPE_Area": 6859.7918377100004, "has_CS": false, "Zone_Type_Abbr": "R" }, "geometry": { "type": "Polygon", "coordinates": [ [ [ -122.161743936622543, 37.450889688321915 ], [ -122.161957543739604, 37.450674191689934 ], [ -122.162140026840802, 37.450787581311602 ], [ -122.161930648270172, 37.451008841103103 ], [ -122.161743936622543, 37.450889688321915 ] ] ] } },
{ "type": "Feature", "properties": { "ZONE_TYPE": "Residential Multi-Family", "AREA_CALC": 241171.6, "SHAPE_Leng": 3206.4075902499999, "SHAPE_Area": 241173.713693, "has_CS": false, "Zone_Type_Abbr": "R" }, "geometry": { "type": "Polygon", "coordinates": [ [ [ -122.159583220971925, 37.450020928848943 ], [ -122.160492387809029, 37.449114838690889 ], [ -122.160742321120878, 37.449271446110941 ], [ -122.160799724191449, 37.449211191143512 ], [ -122.16090435791611, 37.449107389258394 ], [ -122.160960271531906, 37.44913966961294 ], [ -122.161066215800489, 37.449028185165901 ], [ -122.160854787357124, 37.448894218029885 ], [ -122.160752756368737, 37.448831686889925 ], [ -122.161081736773923, 37.44851363931523 ], [ -122.161400332172875, 37.448713387662472 ], [ -122.161346106921485, 37.448766208958112 ], [ -122.161212287625816, 37.448900749966199 ], [ -122.161307228469582, 37.448960497207203 ], [ -122.161200408742999, 37.449068230828182 ], [ -122.161470701172334, 37.449238529892241 ], [ -122.161230408725814, 37.449480938545904 ], [ -122.161170833684707, 37.449541113616483 ], [ -122.161130203470691, 37.449517461502673 ], [ -122.161061689117247, 37.449584686105993 ], [ -122.160848081910174, 37.449800153197621 ], [ -122.161361625425158, 37.450123720210769 ], [ -122.161444016851135, 37.450173755143439 ], [ -122.161728989902272, 37.449886105555805 ], [ -122.162210762870458, 37.450193801451157 ], [ -122.162142804051072, 37.450265853796822 ], [ -122.161822412041246, 37.450589056522382 ], [ -122.161416982013463, 37.450333622666271 ], [ -122.161335831535922, 37.450282112896055 ], [ -122.161005399981207, 37.450598698192913 ], [ -122.160795254874714, 37.450815050685513 ], [ -122.160720832554262, 37.450770147565699 ], [ -122.160207287388886, 37.450446578666508 ], [ -122.160144258730611, 37.450408875988231 ], [ -122.16001809875992, 37.450327375319205 ], [ -122.159639723295498, 37.450088966805502 ], [ -122.159583220971925, 37.450020928848943 ] ] ] } },
{ "type": "Feature", "properties": { "ZONE_TYPE": "Residential Multi-Family", "AREA_CALC": 406563.4, "SHAPE_Leng": 3074.2114985799999, "SHAPE_Area": 406559.17031900003, "has_CS": false, "Zone_Type_Abbr": "R" }, "geometry": { "type": "Polygon", "coordinates": [ [ [ -122.163556678636297, 37.450074471836601 ], [ -122.164147542106505, 37.449470873339749 ], [ -122.163575855146391, 37.449112762905621 ], [ -122.163629215100968, 37.449032044228218 ], [ -122.164056407217629, 37.448601072477437 ], [ -122.164483943447166, 37.448168720766546 ], [ -122.164697152541137, 37.447954625903719 ], [ -122.164766634593633, 37.447887770192061 ], [ -122.164874363515182, 37.447953843512501 ], [ -122.164996112330698, 37.448030649502947 ], [ -122.165008514089635, 37.448038274426381 ], [ -122.166523064864535, 37.448993765271588 ], [ -122.16645394640372, 37.44906144056673 ], [ -122.165920020778088, 37.449600158861045 ], [ -122.16564971688355, 37.449429870047261 ], [ -122.165051686183304, 37.450032891239658 ], [ -122.164781851841639, 37.449868224524288 ], [ -122.16471733511419, 37.449927593744974 ], [ -122.164407637611916, 37.450240049321565 ], [ -122.164270360789317, 37.450154617517875 ], [ -122.163940965744629, 37.450489326162462 ], [ -122.163536002328925, 37.450233480159994 ], [ -122.163451315329667, 37.450179467934255 ], [ -122.163556678636297, 37.450074471836601 ] ] ] } },
{ "type": "Feature", "properties": { "ZONE_TYPE": "Residential Multi-Family", "AREA_CALC": 230456.9, "SHAPE_Leng": 2575.8409654900001, "SHAPE_Area": 230458.40811, "has_CS": false, "Zone_Type_Abbr": "R" }, "geometry": { "type": "Polygon", "coordinates": [ [ [ -122.161412701717197, 37.44872115130255 ], [ -122.161466414419436, 37.448666991727819 ], [ -122.161626607104637, 37.448505376972562 ], [ -122.161707712759721, 37.448556474406018 ], [ -122.161787808497991, 37.448475652926305 ], [ -122.161720226928978, 37.448433099477342 ], [ -122.161746913808997, 37.448406159452766 ], [ -122.161688802461882, 37.448369542436893 ], [ -122.161734730206064, 37.448323210889519 ], [ -122.161722547252324, 37.448240290253075 ], [ -122.161844291898305, 37.448117455950765 ], [ -122.161915622646603, 37.448045329861316 ], [ -122.162165997427948, 37.448204728956419 ], [ -122.162267693191552, 37.448267621402707 ], [ -122.162325160436183, 37.448210386496129 ], [ -122.162645541164011, 37.447887181421265 ], [ -122.162679331410658, 37.447908458794103 ], [ -122.163084717552181, 37.448163888835083 ], [ -122.162764339270907, 37.448487122113313 ], [ -122.162692502562649, 37.448553570170859 ], [ -122.16291946302853, 37.448694868796039 ], [ -122.16232632094659, 37.449298438392617 ], [ -122.161728989902272, 37.449886105555805 ], [ -122.161444016851135, 37.450173755143439 ], [ -122.161361625425158, 37.450123720210769 ], [ -122.160848081910174, 37.449800153197621 ], [ -122.161061689117247, 37.449584686105993 ], [ -122.161130203470691, 37.449517461502673 ], [ -122.161170833684707, 37.449541113616483 ], [ -122.161230408725814, 37.449480938545904 ], [ -122.161470701172334, 37.449238529892241 ], [ -122.161200408742999, 37.449068230828182 ], [ -122.161307228469582, 37.448960497207203 ], [ -122.161212287625816, 37.448900749966199 ], [ -122.161346106921485, 37.448766208958112 ], [ -122.161400332172875, 37.448713387662472 ], [ -122.161412701717197, 37.44872115130255 ] ] ] } },
{ "type": "Feature", "properties": { "ZONE_TYPE": "Public Facility", "AREA_CALC": 126772.3, "SHAPE_Leng": 1468.27044118, "SHAPE_Area": 126773.82274800001, "has_CS": false, "Zone_Type_Abbr": "P" }, "geometry": { "type": "Polygon", "coordinates": [ [ [ -122.16232632094659, 37.449298438392617 ], [ -122.16291946302853, 37.448694868796039 ], [ -122.163575855146391, 37.449112762905621 ], [ -122.164147542106505, 37.449470873339749 ], [ -122.163556678636297, 37.450074471836601 ], [ -122.16232632094659, 37.449298438392617 ] ] ] } },
{ "type": "Feature", "properties": { "ZONE_TYPE": "Residential Multi-Family", "AREA_CALC": 93262.6, "SHAPE_Leng": 1513.5620269200001, "SHAPE_Area": 93262.807927000002, "has_CS": false, "Zone_Type_Abbr": "R" }, "geometry": { "type": "Polygon", "coordinates": [ [ [ -122.162679331410658, 37.447908458794103 ], [ -122.162892540188892, 37.447692581979744 ], [ -122.163515016284308, 37.448085547305055 ], [ -122.163406531060005, 37.448194076241045 ], [ -122.164056407217629, 37.448601072477437 ], [ -122.163629215100968, 37.449032044228218 ], [ -122.163575855146391, 37.449112762905621 ], [ -122.16291946302853, 37.448694868796039 ], [ -122.162692502562649, 37.448553570170859 ], [ -122.162764339270907, 37.448487122113313 ], [ -122.163084717552181, 37.448163888835083 ], [ -122.162679331410658, 37.447908458794103 ] ] ] } },
{ "type": "Feature", "properties": { "ZONE_TYPE": "Residential Multi-Family", "AREA_CALC": 23902.7, "SHAPE_Leng": 678.71115595799995, "SHAPE_Area": 23903.674582799998, "has_CS": false, "Zone_Type_Abbr": "R" }, "geometry": { "type": "Polygon", "coordinates": [ [ [ -122.163835494999816, 37.447760855022906 ], [ -122.164050697012755, 37.447546431180541 ], [ -122.164643093983429, 37.447920562748742 ], [ -122.164666919193465, 37.447933766381844 ], [ -122.164697152541137, 37.447954625903719 ], [ -122.164483943447166, 37.448168720766546 ], [ -122.163835494999816, 37.447760855022906 ] ] ] } },
{ "type": "Feature", "properties": { "ZONE_TYPE": "Public Facility", "AREA_CALC": 23962.8, "SHAPE_Leng": 1014.21564656, "SHAPE_Area": 23961.860292400001, "has_CS": false, "Zone_Type_Abbr": "P" }, "geometry": { "type": "Polygon", "coordinates": [ [ [ -122.162165997427948, 37.448204728956419 ], [ -122.162437387585214, 37.447931059195255 ], [ -122.162348210660156, 37.447874856789923 ], [ -122.162561808043492, 37.447659387837014 ], [ -122.162160510247304, 37.44740790761746 ], [ -122.162275166458315, 37.447302616089743 ], [ -122.162371288082198, 37.447364323887996 ], [ -122.162892540188892, 37.447692581979744 ], [ -122.162679331410658, 37.447908458794103 ], [ -122.162645541164011, 37.447887181421265 ], [ -122.162325160436183, 37.448210386496129 ], [ -122.162267693191552, 37.448267621402707 ], [ -122.162165997427948, 37.448204728956419 ] ] ] } },
{ "type": "Feature", "properties": { "ZONE_TYPE": "Residential Multi-Family", "AREA_CALC": 34574.1, "SHAPE_Leng": 760.81893300499996, "SHAPE_Area": 34575.394914700002, "has_CS": false, "Zone_Type_Abbr": "R" }, "geometry": { "type": "Polygon", "coordinates": [ [ [ -122.162892540188892, 37.447692581979744 ], [ -122.163213271381323, 37.447369892109819 ], [ -122.163835494999816, 37.447760855022906 ], [ -122.163515016284308, 37.448085547305055 ], [ -122.162892540188892, 37.447692581979744 ] ] ] } },
{ "type": "Feature", "properties": { "ZONE_TYPE": "Residential Multi-Family", "AREA_CALC": 48115.7, "SHAPE_Leng": 881.09536939199995, "SHAPE_Area": 48114.482812800001, "has_CS": false, "Zone_Type_Abbr": "R" }, "geometry": { "type": "Polygon", "coordinates": [ [ [ -122.163515016284308, 37.448085547305055 ], [ -122.163835494999816, 37.447760855022906 ], [ -122.164483943447166, 37.448168720766546 ], [ -122.164056407217629, 37.448601072477437 ], [ -122.163406531060005, 37.448194076241045 ], [ -122.163515016284308, 37.448085547305055 ] ] ] } },
{ "type": "Feature", "properties": { "ZONE_TYPE": "Residential Multi-Family", "AREA_CALC": 6669.0, "SHAPE_Leng": 367.35554379500002, "SHAPE_Area": 6668.8312481499997, "has_CS": false, "Zone_Type_Abbr": "R" }, "geometry": { "type": "Polygon", "coordinates": [ [ [ -122.164874363515182, 37.447953843512501 ], [ -122.165159805511379, 37.447665024138765 ], [ -122.165294935721988, 37.447750155483774 ], [ -122.165008514089635, 37.448038274426381 ], [ -122.164996112330698, 37.448030649502947 ], [ -122.164874363515182, 37.447953843512501 ] ] ] } },
{ "type": "Feature", "properties": { "ZONE_TYPE": "Residential Multi-Family", "AREA_CALC": 24333.7, "SHAPE_Leng": 696.39667151799995, "SHAPE_Area": 24334.063789, "has_CS": false, "Zone_Type_Abbr": "R" }, "geometry": { "type": "Polygon", "coordinates": [ [ [ -122.166980902725157, 37.448308287864677 ], [ -122.16671063559329, 37.448138028022932 ], [ -122.166924220507909, 37.447922523207779 ], [ -122.16753375637613, 37.448305790302861 ], [ -122.167408844356871, 37.448590164958418 ], [ -122.167346223857592, 37.448538451931327 ], [ -122.166980902725157, 37.448308287864677 ] ] ] } },
{ "type": "Feature", "properties": { "ZONE_TYPE": "Commercial\/Residential", "AREA_CALC": 346510.2, "SHAPE_Leng": 3228.5977526800002, "SHAPE_Area": 346507.14174499997, "has_CS": false, "Zone_Type_Abbr": "C\/R" }, "geometry": { "type": "Polygon", "coordinates": [ [ [ -122.157643320079984, 37.449289461303216 ], [ -122.157709925996897, 37.449223062354299 ], [ -122.158126471418925, 37.448802893696651 ], [ -122.158495935892475, 37.449036212177596 ], [ -122.159201166156222, 37.448312549297704 ], [ -122.159663801902695, 37.448600392060115 ], [ -122.159719434726952, 37.448635589665756 ], [ -122.159784468612941, 37.448569871415543 ], [ -122.160024762843094, 37.448327466605505 ], [ -122.159957182922369, 37.448284884196362 ], [ -122.160037280886741, 37.448204091838058 ], [ -122.159988638852866, 37.448173437629059 ], [ -122.160148834809235, 37.44801182486836 ], [ -122.160198840307942, 37.447961371807793 ], [ -122.160232488943024, 37.447982513092697 ], [ -122.160451818511632, 37.448115628734918 ], [ -122.160520695822314, 37.448159209068052 ], [ -122.161081736773923, 37.44851363931523 ], [ -122.160752756368737, 37.448831686889925 ], [ -122.160854787357124, 37.448894218029885 ], [ -122.161066215800489, 37.449028185165901 ], [ -122.160960271531906, 37.44913966961294 ], [ -122.16090435791611, 37.449107389258394 ], [ -122.160799724191449, 37.449211191143512 ], [ -122.160742321120878, 37.449271446110941 ], [ -122.160492387809029, 37.449114838690889 ], [ -122.159583220971925, 37.450020928848943 ], [ -122.159530959861897, 37.449932916029034 ], [ -122.159190960765869, 37.449720417521611 ], [ -122.159166243903854, 37.449747713909709 ], [ -122.158761018450591, 37.449491553507713 ], [ -122.158520716365658, 37.449733955708659 ], [ -122.15845727282354, 37.44979844223284 ], [ -122.157643320079984, 37.449289461303216 ] ] ] } },
{ "type": "Feature", "properties": { "ZONE_TYPE": "Commercial", "AREA_CALC": 17175.9, "SHAPE_Leng": 524.54162702899998, "SHAPE_Area": 17175.907597500001, "has_CS": false, "Zone_Type_Abbr": "C" }, "geometry": { "type": "Polygon", "coordinates": [ [ [ -122.161626503324413, 37.447376106080227 ], [ -122.161761390760461, 37.447461355716072 ], [ -122.161965368138155, 37.447591938135133 ], [ -122.161675725840382, 37.447884544542951 ], [ -122.161334776018819, 37.447675608363205 ], [ -122.16162626508455, 37.447376219400439 ], [ -122.161626503324413, 37.447376106080227 ] ] ] } },
{ "type": "Feature", "properties": { "ZONE_TYPE": "Residential Multi-Family", "AREA_CALC": 34799.7, "SHAPE_Leng": 763.96782862800001, "SHAPE_Area": 34799.766042199997, "has_CS": false, "Zone_Type_Abbr": "R" }, "geometry": { "type": "Polygon", "coordinates": [ [ [ -122.161005399981207, 37.450598698192913 ], [ -122.161335831535922, 37.450282112896055 ], [ -122.161416982013463, 37.450333622666271 ], [ -122.161822412041246, 37.450589056522382 ], [ -122.161957543739604, 37.450674191689934 ], [ -122.161743936622543, 37.450889688321915 ], [ -122.16163714979588, 37.450997421828049 ], [ -122.161096587170334, 37.450656850436708 ], [ -122.161005399981207, 37.450598698192913 ] ] ] } },
{ "type": "Feature", "properties": { "ZONE_TYPE": "Residential Multi-Family", "AREA_CALC": 45015.4, "SHAPE_Leng": 910.83346796299998, "SHAPE_Area": 45014.421861800001, "has_CS": false, "Zone_Type_Abbr": "R" }, "geometry": { "type": "Polygon", "coordinates": [ [ [ -122.160389210160815, 37.452477797735305 ], [ -122.160791944525997, 37.452732532562798 ], [ -122.160956795998999, 37.452835405004066 ], [ -122.16122706761783, 37.453005705058352 ], [ -122.160986762226557, 37.453248112240324 ], [ -122.160915108325739, 37.45331837582588 ], [ -122.160077326118227, 37.452789283724499 ], [ -122.160148903747654, 37.452720203212266 ], [ -122.160389210160815, 37.452477797735305 ] ] ] } },
{ "type": "Feature", "properties": { "ZONE_TYPE": "Public Facility", "AREA_CALC": 28639.7, "SHAPE_Leng": 692.275038064, "SHAPE_Area": 28640.2772219, "has_CS": false, "Zone_Type_Abbr": "P" }, "geometry": { "type": "Polygon", "coordinates": [ [ [ -122.161081736773923, 37.44851363931523 ], [ -122.160520695822314, 37.448159209068052 ], [ -122.160814837302269, 37.447862613567843 ], [ -122.161268893215535, 37.448148703267861 ], [ -122.161378507436496, 37.448212966878813 ], [ -122.161081736773923, 37.44851363931523 ] ] ] } },
{ "type": "Feature", "properties": { "ZONE_TYPE": "Residential Single-Family", "AREA_CALC": 8814741.0, "SHAPE_Leng": 22541.664689500001, "SHAPE_Area": 8817595.5394800007, "has_CS": false, "Zone_Type_Abbr": "R" }, "geometry": { "type": "Polygon", "coordinates": [ [ [ -122.104395517069804, 37.417557324599073 ], [ -122.105208966532416, 37.417145952228886 ], [ -122.105520044949131, 37.417299365908185 ], [ -122.107400056961737, 37.418239557489287 ], [ -122.108946043112695, 37.419030806492657 ], [ -122.108864882019418, 37.419122483825056 ], [ -122.108554384734006, 37.41951767479523 ], [ -122.108546847591626, 37.419527502083653 ], [ -122.108544071424532, 37.419531330594367 ], [ -122.108541365291103, 37.419535158144804 ], [ -122.108538693119058, 37.419539041103988 ], [ -122.108536090961223, 37.419542922201998 ], [ -122.108533557179882, 37.419546830299723 ], [ -122.108531058997741, 37.419550764945278 ], [ -122.108528665319156, 37.419554725194089 ], [ -122.108526306129619, 37.419558712907182 ], [ -122.108523981429173, 37.4195627280846 ], [ -122.108521761232339, 37.419566768865202 ], [ -122.108519574922695, 37.419570809181174 ], [ -122.108517458119081, 37.41957487648137 ], [ -122.10851541193172, 37.419578969849439 ], [ -122.108513434101425, 37.419583089316248 ], [ -122.108511525194743, 37.419587208739301 ], [ -122.108509652469891, 37.419591381738307 ], [ -122.108507847539002, 37.419595554709005 ], [ -122.108506112622507, 37.419599725818564 ], [ -122.10850444608252, 37.419603923927873 ], [ -122.10850285017834, 37.419608149005953 ], [ -122.10850132202934, 37.419612372253923 ], [ -122.108499829499095, 37.41961662295077 ], [ -122.108498441492031, 37.419620900151756 ], [ -122.108497086223238, 37.419625176002697 ], [ -122.108495800988308, 37.419629450893503 ], [ -122.108494619146967, 37.419633752303952 ], [ -122.108493472322579, 37.419638053234337 ], [ -122.108492359987366, 37.419642381629089 ], [ -122.108491352136539, 37.41964673472615 ], [ -122.108490412626992, 37.419651060751448 ], [ -122.108489541474725, 37.419655412875606 ], [ -122.108488740336966, 37.41965976313864 ], [ -122.108487973707867, 37.419664141766987 ], [ -122.108487309851199, 37.419668518085146 ], [ -122.10848668101147, 37.419672893923241 ], [ -122.108486154983041, 37.419677269253 ], [ -122.108485664554081, 37.419681671130718 ], [ -122.108485243010108, 37.419686071162815 ], [ -122.108484890389974, 37.419690471151164 ], [ -122.108484640561727, 37.419694869730307 ], [ -122.108484425750518, 37.419699267829358 ], [ -122.108484279296718, 37.419703692027269 ], [ -122.10848420229452, 37.419708088237009 ], [ -122.10848419306717, 37.419712483517564 ], [ -122.108484254456457, 37.419716904865972 ], [ -122.108484383038174, 37.419721298257201 ], [ -122.108484582236542, 37.41972571771629 ], [ -122.108484848627299, 37.419730109218186 ], [ -122.108485185634748, 37.419734526787991 ], [ -122.108485589834686, 37.419738916400547 ], [ -122.108486029051775, 37.419743305533025 ], [ -122.108486571060908, 37.419747693256333 ], [ -122.108487181955212, 37.419752079133943 ], [ -122.108487861191065, 37.41975643793981 ], [ -122.108488576026559, 37.419760823293679 ], [ -122.108489393052281, 37.41976517930928 ], [ -122.108490245095169, 37.419769534844804 ], [ -122.108491199347753, 37.419773861943057 ], [ -122.108492188070372, 37.419778215604723 ], [ -122.108493246244805, 37.419782541278224 ], [ -122.108494371611869, 37.419786838994519 ], [ -122.108495566466175, 37.419791162794084 ], [ -122.108496864038415, 37.419795429311051 ], [ -122.108498196119598, 37.419799724193247 ], [ -122.108499562616188, 37.419803990666431 ], [ -122.108501031303035, 37.419808227801362 ], [ -122.108502570043711, 37.419812464877069 ], [ -122.108504141523056, 37.419816700602695 ], [ -122.108505816341776, 37.419820907875497 ], [ -122.108507525575888, 37.419825086739273 ], [ -122.108509302604602, 37.419829265574769 ], [ -122.108511149065862, 37.419833415521083 ], [ -122.108513062700396, 37.419837536609265 ], [ -122.108515046388789, 37.419841657638166 ], [ -122.10851709725047, 37.419845749808879 ], [ -122.10851918312953, 37.419849841499435 ], [ -122.108521337311586, 37.419853904316369 ], [ -122.108523558686343, 37.419857939175991 ], [ -122.108525849513114, 37.419861946047426 ], [ -122.108528208642809, 37.419865924045133 ], [ -122.10853060166032, 37.419869901578203 ], [ -122.108533098017361, 37.419873850658405 ], [ -122.108535627660245, 37.419877771345014 ], [ -122.108538190589044, 37.41988166363798 ], [ -122.108540856876758, 37.419885528379055 ], [ -122.108543557560495, 37.41988936381005 ], [ -122.108546325437175, 37.419893171283753 ], [ -122.108549163367769, 37.419896978698162 ], [ -122.108551007021674, 37.41989942541376 ], [ -122.108833267368212, 37.420335163460201 ], [ -122.108904838120509, 37.420448753424246 ], [ -122.109512795105402, 37.420195669517817 ], [ -122.109584988502519, 37.420295021484314 ], [ -122.109806084665763, 37.42056120909708 ], [ -122.10984194208892, 37.420542257808258 ], [ -122.11018428481384, 37.42095439677805 ], [ -122.11057469338671, 37.420748104680733 ], [ -122.110702339370675, 37.420683174601784 ], [ -122.111622654138031, 37.421780434637533 ], [ -122.111988758472108, 37.422234791420735 ], [ -122.112707341521045, 37.422923499489357 ], [ -122.112836275522227, 37.422854291246495 ], [ -122.11398223902961, 37.422250483951714 ], [ -122.114515706884333, 37.422892530925758 ], [ -122.114647113271573, 37.423050700253775 ], [ -122.113714766266853, 37.423543734806216 ], [ -122.114777978674809, 37.424186651273978 ], [ -122.118244578926564, 37.426418874121957 ], [ -122.115253741163968, 37.428386873938607 ], [ -122.115100041848947, 37.428416623156203 ], [ -122.111122655224236, 37.431007288622475 ], [ -122.110800023036802, 37.430693686274253 ], [ -122.111117118249823, 37.430372756677819 ], [ -122.108160787081957, 37.428507455141258 ], [ -122.107584708225389, 37.428427339722319 ], [ -122.107345827362465, 37.428398006848674 ], [ -122.105163338575863, 37.428100814511474 ], [ -122.105148584969967, 37.42674230970028 ], [ -122.105128095047306, 37.424611080376238 ], [ -122.10510307531203, 37.422145866853747 ], [ -122.1050924618077, 37.422039901201728 ], [ -122.105082867275101, 37.421899667010294 ], [ -122.104895065808805, 37.420684250302386 ], [ -122.104466904243495, 37.418004086927468 ], [ -122.104440006380301, 37.417835852911367 ], [ -122.104395517069804, 37.417557324599073 ] ], [ [ -122.110028189734891, 37.422510495104774 ], [ -122.109928564066365, 37.422354631528705 ], [ -122.109826300301876, 37.42219457383387 ], [ -122.109747922461878, 37.422068908888299 ], [ -122.109715303667713, 37.422020846600269 ], [ -122.109605507744007, 37.421843670121909 ], [ -122.109493243062616, 37.421673393657848 ], [ -122.109382213507601, 37.421499639539682 ], [ -122.109324185265692, 37.421408827582127 ], [ -122.109271183922729, 37.421325912357815 ], [ -122.109197324949733, 37.421208452692781 ], [ -122.109160155984227, 37.42115218505333 ], [ -122.10904916245066, 37.420978457176886 ], [ -122.108937635455291, 37.420803912818918 ], [ -122.108601324875934, 37.420942955434079 ], [ -122.108523421228824, 37.420976546920997 ], [ -122.108346243118021, 37.420684924138619 ], [ -122.108137227506475, 37.420771348496153 ], [ -122.108156598112743, 37.420885517393366 ], [ -122.10823782817431, 37.4212524289022 ], [ -122.108116493852833, 37.421301970070189 ], [ -122.108021900136237, 37.421342629180607 ], [ -122.107914496166771, 37.421386539568722 ], [ -122.1077102793177, 37.421072377898369 ], [ -122.107647786531089, 37.420978824487371 ], [ -122.105864115656516, 37.421700734981236 ], [ -122.106048692376433, 37.422008438453901 ], [ -122.10620808976887, 37.422261495141946 ], [ -122.106351371278748, 37.422481040358718 ], [ -122.106461276371334, 37.42271799126533 ], [ -122.106524206512077, 37.422943883204333 ], [ -122.106524632552336, 37.423165246288079 ], [ -122.10652776378349, 37.423416321834011 ], [ -122.10652700959362, 37.423720492490602 ], [ -122.106531706876765, 37.424031455639692 ], [ -122.110028189734891, 37.422510495104774 ] ], [ [ -122.107862000381218, 37.426054234842979 ], [ -122.108093771931621, 37.426713025031148 ], [ -122.108056710733152, 37.427197337562923 ], [ -122.108432709022878, 37.427520846198838 ], [ -122.109613055615441, 37.426912518668445 ], [ -122.110489199834589, 37.426459762674 ], [ -122.109948483037087, 37.425246586711523 ], [ -122.108544926889792, 37.4254339447874 ], [ -122.107856634994619, 37.42540874015971 ], [ -122.107862000381218, 37.426054234842979 ] ], [ [ -122.114152601763692, 37.426557176918038 ], [ -122.114476760541635, 37.426761616362135 ], [ -122.114540837976548, 37.426696979214398 ], [ -122.114568613528377, 37.426668964396065 ], [ -122.114574663043697, 37.426662041037943 ], [ -122.114577303118665, 37.426658296267838 ], [ -122.114579664587311, 37.426654418348875 ], [ -122.114581713539508, 37.42665040684647 ], [ -122.114583451788036, 37.426646345547375 ], [ -122.1145848769753, 37.426642177708416 ], [ -122.114585955834542, 37.426637932625766 ], [ -122.114586690684419, 37.426633665240814 ], [ -122.11458711426647, 37.426629374201788 ], [ -122.114587158819077, 37.426625061342349 ], [ -122.114586892688678, 37.426620751856888 ], [ -122.114586283153457, 37.426616447997965 ], [ -122.114585330253334, 37.426612203837216 ], [ -122.114584033968796, 37.426608018473601 ], [ -122.114582429359174, 37.42660389322711 ], [ -122.114580517574538, 37.426599881252784 ], [ -122.114578261899752, 37.426595956920941 ], [ -122.114575734089684, 37.426592146280271 ], [ -122.114572864688796, 37.426588477322476 ], [ -122.114569757628033, 37.426584948617439 ], [ -122.114566344620329, 37.426581589943197 ], [ -122.114562694012179, 37.42657842649411 ], [ -122.114558805218806, 37.426575431242192 ], [ -122.11455468166892, 37.426572658212187 ], [ -122.11455447197396, 37.426572524115116 ], [ -122.11433461870061, 37.42643389296996 ], [ -122.114325695623663, 37.426428961801754 ], [ -122.114321000051092, 37.426426856312858 ], [ -122.114316102502087, 37.426424973495664 ], [ -122.114311108076805, 37.426423365976142 ], [ -122.114305980605124, 37.426421981081084 ], [ -122.114300755127331, 37.426420871499246 ], [ -122.114295432792602, 37.426420038115964 ], [ -122.114290081926768, 37.426419452955258 ], [ -122.114289219315808, 37.426419381912567 ], [ -122.114152601763692, 37.426557176918038 ] ] ] } },
{ "type": "Feature", "properties": { "ZONE_TYPE": "Public Facility", "AREA_CALC": 218578.2, "SHAPE_Leng": 1903.02181767, "SHAPE_Area": 218580.40836, "has_CS": false, "Zone_Type_Abbr": "P" }, "geometry": { "type": "Polygon", "coordinates": [ [ [ -122.114121096059904, 37.431651863425316 ], [ -122.113080557003698, 37.430980472979059 ], [ -122.113138714705926, 37.430920616018035 ], [ -122.11422130363303, 37.429827281391503 ], [ -122.114273432296912, 37.42976901719031 ], [ -122.115323555851433, 37.430437876010686 ], [ -122.115272581236312, 37.430488982778101 ], [ -122.114121096059904, 37.431651863425316 ] ] ] } },
{ "type": "Feature", "properties": { "ZONE_TYPE": "Commercial", "AREA_CALC": 75101.0, "SHAPE_Leng": 1259.9247156900001, "SHAPE_Area": 75078.8542972, "has_CS": false, "Zone_Type_Abbr": "C" }, "geometry": { "type": "Polygon", "coordinates": [ [ [ -122.122185998548758, 37.429437151743542 ], [ -122.122627136903247, 37.429157134637634 ], [ -122.123521790073411, 37.429736407765269 ], [ -122.123796006251865, 37.429912204060507 ], [ -122.123733559410553, 37.429980339345555 ], [ -122.123663112169041, 37.430043310562219 ], [ -122.123585340005846, 37.430100532481681 ], [ -122.123500991364168, 37.430151500875311 ], [ -122.123463228961882, 37.430168394580086 ], [ -122.123427415547482, 37.430187816216012 ], [ -122.123393858190568, 37.430209595715418 ], [ -122.123362725108905, 37.430233621707472 ], [ -122.123334325065201, 37.430259697966569 ], [ -122.122932000599263, 37.430007496847232 ], [ -122.122988059171462, 37.429949669089076 ], [ -122.122239857146852, 37.429474616314344 ], [ -122.122185998548758, 37.429437151743542 ] ] ] } },
{ "type": "Feature", "properties": { "ZONE_TYPE": "Commercial", "AREA_CALC": 10867.0, "SHAPE_Leng": 454.07029585700002, "SHAPE_Area": 10866.888246, "has_CS": false, "Zone_Type_Abbr": "C" }, "geometry": { "type": "Polygon", "coordinates": [ [ [ -122.124661412512722, 37.431020480873094 ], [ -122.124911753574921, 37.430768670172789 ], [ -122.124998399302385, 37.430679240781885 ], [ -122.125185768022106, 37.43079731596805 ], [ -122.124846646076293, 37.431136965802686 ], [ -122.124661412512722, 37.431020480873094 ] ] ] } },
{ "type": "Feature", "properties": { "ZONE_TYPE": "Commercial", "AREA_CALC": 26935.5, "SHAPE_Leng": 667.74851425700001, "SHAPE_Area": 26933.3720469, "has_CS": false, "Zone_Type_Abbr": "C" }, "geometry": { "type": "Polygon", "coordinates": [ [ [ -122.12552835743729, 37.431018583160949 ], [ -122.125950470138861, 37.431278796933505 ], [ -122.125451140216057, 37.431643631853511 ], [ -122.125116766233702, 37.43143274332985 ], [ -122.12544353634928, 37.431103207691343 ], [ -122.12552835743729, 37.431018583160949 ] ] ] } },
{ "type": "Feature", "properties": { "ZONE_TYPE": "Residential Multi-Family", "AREA_CALC": 585018.2, "SHAPE_Leng": 3909.037648, "SHAPE_Area": 585043.86519399995, "has_CS": false, "Zone_Type_Abbr": "R" }, "geometry": { "type": "Polygon", "coordinates": [ [ [ -122.120520493249259, 37.430500953849602 ], [ -122.122185998548758, 37.429437151743542 ], [ -122.122239857146852, 37.429474616314344 ], [ -122.122988059171462, 37.429949669089076 ], [ -122.122932000599263, 37.430007496847232 ], [ -122.123334325065201, 37.430259697966569 ], [ -122.123362725108905, 37.430233621707472 ], [ -122.123393858190568, 37.430209595715418 ], [ -122.123427415547482, 37.430187816216012 ], [ -122.123463228961882, 37.430168394580086 ], [ -122.123500991364168, 37.430151500875311 ], [ -122.123585340005846, 37.430100532481681 ], [ -122.123663112169041, 37.430043310562219 ], [ -122.123733524388754, 37.429980339830166 ], [ -122.123796006251865, 37.429912204060507 ], [ -122.124998399302385, 37.430679240781885 ], [ -122.124911753574921, 37.430768670172789 ], [ -122.124661412512722, 37.431020480873094 ], [ -122.123805022073043, 37.431879414448247 ], [ -122.121915686852745, 37.430686373782741 ], [ -122.121145889455136, 37.431460806114295 ], [ -122.120154694926399, 37.430834447982278 ], [ -122.120067561401413, 37.430789036363677 ], [ -122.120520493249259, 37.430500953849602 ] ] ] } },
{ "type": "Feature", "properties": { "ZONE_TYPE": "Public Facility", "AREA_CALC": 169767.1, "SHAPE_Leng": 2218.1000642899999, "SHAPE_Area": 169767.76331499999, "has_CS": false, "Zone_Type_Abbr": "P" }, "geometry": { "type": "Polygon", "coordinates": [ [ [ -122.123805022073043, 37.431879414448247 ], [ -122.124661412512722, 37.431020480873094 ], [ -122.124846646076293, 37.431136965802686 ], [ -122.125185768022106, 37.43079731596805 ], [ -122.125239692766854, 37.4308313717316 ], [ -122.12552835743729, 37.431018583160949 ], [ -122.12544353634928, 37.431103207691343 ], [ -122.125116766233702, 37.43143274332985 ], [ -122.125451140216057, 37.431643631853511 ], [ -122.125950470138861, 37.431278796933505 ], [ -122.126108021661423, 37.431379896038344 ], [ -122.126022511561132, 37.431467689251399 ], [ -122.124691631821833, 37.432438573755796 ], [ -122.124609523195844, 37.432386805486971 ], [ -122.123805022073043, 37.431879414448247 ] ] ] } },
{ "type": "Feature", "properties": { "ZONE_TYPE": "Residential Multi-Family", "AREA_CALC": 78023.8, "SHAPE_Leng": 1437.575961, "SHAPE_Area": 78021.952047500003, "has_CS": false, "Zone_Type_Abbr": "R" }, "geometry": { "type": "Polygon", "coordinates": [ [ [ -122.122195251982205, 37.428910559624732 ], [ -122.122296259411414, 37.428816290689177 ], [ -122.122513892473208, 37.428596746111594 ], [ -122.122889733829012, 37.428833712338424 ], [ -122.122997220606436, 37.428894881739936 ], [ -122.122941929636497, 37.428919846477712 ], [ -122.123013494623066, 37.428966899710339 ], [ -122.123342607660462, 37.429174240375005 ], [ -122.123513638106857, 37.429002310205043 ], [ -122.12396990846166, 37.429289773847898 ], [ -122.123613418786462, 37.429649630280082 ], [ -122.123521790073411, 37.429736407765269 ], [ -122.122627136903247, 37.429157134637634 ], [ -122.122567720088483, 37.429120681649962 ], [ -122.122195251982205, 37.428910559624732 ] ] ] } },
{ "type": "Feature", "properties": { "ZONE_TYPE": "Commercial\/Residential", "AREA_CALC": 8496.4, "SHAPE_Leng": 423.93728965299999, "SHAPE_Area": 8496.7944331100007, "has_CS": false, "Zone_Type_Abbr": "C\/R" }, "geometry": { "type": "Polygon", "coordinates": [ [ [ -122.129121661895098, 37.432708921142613 ], [ -122.129282920987563, 37.432621364450831 ], [ -122.12970148612898, 37.432883701450756 ], [ -122.129539336498183, 37.432974677628977 ], [ -122.12920294961306, 37.43276231806194 ], [ -122.129121661895098, 37.432708921142613 ] ] ] } },
{ "type": "Feature", "properties": { "ZONE_TYPE": "Residential Multi-Family", "AREA_CALC": 374933.0, "SHAPE_Leng": 2517.4918960700002, "SHAPE_Area": 374877.18110799999, "has_CS": false, "Zone_Type_Abbr": "R" }, "geometry": { "type": "Polygon", "coordinates": [ [ [ -122.179364747467389, 37.434354331309038 ], [ -122.179493176636157, 37.434373149935809 ], [ -122.179623161914122, 37.434383073723289 ], [ -122.1797537720945, 37.434384006047615 ], [ -122.179883973373322, 37.434375961705548 ], [ -122.180012802602477, 37.434358981523189 ], [ -122.180139331286242, 37.434333189647361 ], [ -122.180262601124099, 37.434298791764618 ], [ -122.180400709494108, 37.434250280976563 ], [ -122.180543837763409, 37.434212054855934 ], [ -122.180690752885212, 37.434184459987634 ], [ -122.18084022047465, 37.434167733033931 ], [ -122.180991003087925, 37.434161974623869 ], [ -122.18114179436688, 37.434167286380159 ], [ -122.181291317483584, 37.434183575748662 ], [ -122.181438362805835, 37.434210723083467 ], [ -122.181565252014039, 37.434274280542063 ], [ -122.181685192593093, 37.43434593209664 ], [ -122.181797380762134, 37.434425164782951 ], [ -122.181901013980493, 37.434511471027953 ], [ -122.181995459454853, 37.434604253408708 ], [ -122.17983091793802, 37.436179701871048 ], [ -122.17883177199613, 37.435538947599916 ], [ -122.178915238791916, 37.435436393333838 ], [ -122.178988364671696, 37.435328932066163 ], [ -122.179050681471622, 37.435217203165436 ], [ -122.179101825171543, 37.435101953555012 ], [ -122.179364747467389, 37.434354331309038 ] ] ] } },
{ "type": "Feature", "properties": { "ZONE_TYPE": "Commercial\/Residential", "AREA_CALC": 3428892.8, "SHAPE_Leng": 8868.1431234899992, "SHAPE_Area": 3428685.6263299999, "has_CS": false, "Zone_Type_Abbr": "C\/R" }, "geometry": { "type": "Polygon", "coordinates": [ [ [ -122.170750563401157, 37.439923640304627 ], [ -122.170910733876909, 37.439575059312375 ], [ -122.171107605755168, 37.439228647367905 ], [ -122.17183171606186, 37.437770473671904 ], [ -122.172063194914386, 37.437822058510157 ], [ -122.173636968038053, 37.438199187671863 ], [ -122.176207623401993, 37.438820763683026 ], [ -122.176008600918905, 37.438976801199381 ], [ -122.17497275090949, 37.439747343427882 ], [ -122.174778101874026, 37.439920346523373 ], [ -122.174603379569504, 37.440106359591326 ], [ -122.174449930481288, 37.440303935992297 ], [ -122.174318925238637, 37.440511546878852 ], [ -122.174211432174445, 37.440727585549638 ], [ -122.174128237443767, 37.440950309632157 ], [ -122.174070061802297, 37.441178032648466 ], [ -122.173824905785736, 37.442438425327573 ], [ -122.173726276482597, 37.443102025647143 ], [ -122.173705189693678, 37.443375257762874 ], [ -122.17365379638899, 37.44364592734258 ], [ -122.173572461784289, 37.443911887859656 ], [ -122.173461898073128, 37.444171040989829 ], [ -122.173322883731146, 37.444421369454936 ], [ -122.173156616528814, 37.44466085178518 ], [ -122.172964292925371, 37.444887657573894 ], [ -122.172747525765701, 37.445099922533387 ], [ -122.172508001960168, 37.445296057988593 ], [ -122.171352739628745, 37.446316614870909 ], [ -122.16974476860716, 37.445106643012146 ], [ -122.169631137143739, 37.445004618767555 ], [ -122.169626077722484, 37.445000268511045 ], [ -122.169621530175647, 37.444995608166117 ], [ -122.169617491153559, 37.444990639582969 ], [ -122.169613998609066, 37.444985442429278 ], [ -122.16961108585582, 37.444979990096101 ], [ -122.169608789757035, 37.444974364069154 ], [ -122.16960707651377, 37.444968619802964 ], [ -122.169605980024571, 37.444962756815357 ], [ -122.16960557220105, 37.444956856994537 ], [ -122.169605750822342, 37.444950948831021 ], [ -122.169606583160146, 37.444945058404016 ], [ -122.169608073329172, 37.444939268566237 ], [ -122.169610150162455, 37.444933581231233 ], [ -122.169612817714068, 37.444928076548976 ], [ -122.16961611052767, 37.444922782866598 ], [ -122.169619958546107, 37.444917701180771 ], [ -122.169624295827205, 37.444912915340701 ], [ -122.169629190752588, 37.444908450508635 ], [ -122.169634508353127, 37.444904336542052 ], [ -122.169640247014129, 37.444900602302567 ], [ -122.169646409034911, 37.444897300027485 ], [ -122.169652856017223, 37.444894407353061 ], [ -122.169659622404055, 37.444891948121892 ], [ -122.169666606660286, 37.444889981455695 ], [ -122.169673807615766, 37.44488850556877 ], [ -122.169681124705136, 37.444887521891786 ], [ -122.169688521285323, 37.444887059784612 ], [ -122.169695928914223, 37.444887091382363 ], [ -122.169703313713711, 37.444887618068158 ], [ -122.169710606251968, 37.444888668767291 ], [ -122.16971777196531, 37.444890214231648 ], [ -122.169724742492335, 37.444892230199954 ], [ -122.169731482279602, 37.444894744214317 ], [ -122.169737921675193, 37.444897674354536 ], [ -122.169743991227179, 37.444901048644979 ], [ -122.169749692610807, 37.44490484092686 ], [ -122.169780748791226, 37.444934779738141 ], [ -122.169809051925526, 37.444966351048528 ], [ -122.169834528344907, 37.444999445059352 ], [ -122.16992468399097, 37.444959184108846 ], [ -122.169802744429475, 37.44478462367131 ], [ -122.169800101853028, 37.444778920567451 ], [ -122.169798110432197, 37.444773070314127 ], [ -122.16979680521537, 37.444767073313976 ], [ -122.169796117980553, 37.444761012547623 ], [ -122.16979615504269, 37.444754941476319 ], [ -122.169796845819761, 37.444748888140431 ], [ -122.16979819382162, 37.444742908365058 ], [ -122.16980023302645, 37.444737055739239 ], [ -122.169802862363809, 37.444731359638446 ], [ -122.169806149730491, 37.444725874070336 ], [ -122.169810029084488, 37.444720627911977 ], [ -122.169814466082158, 37.444715702760746 ], [ -122.169819461853336, 37.444711098600521 ], [ -122.169643807205617, 37.444579357160066 ], [ -122.169639412195011, 37.444583128159948 ], [ -122.169634632403032, 37.444586574791195 ], [ -122.169629499468186, 37.444589696603657 ], [ -122.16962404894393, 37.444592466055148 ], [ -122.169618349152159, 37.444594855137453 ], [ -122.169612400052586, 37.444596862048691 ], [ -122.169606269482415, 37.444598487626223 ], [ -122.169599991220068, 37.444599675514496 ], [ -122.169593634817346, 37.444600452661469 ], [ -122.169587200274293, 37.44460081906724 ], [ -122.169580798924883, 37.444601102990461 ], [ -122.169574353918364, 37.444601001816864 ], [ -122.169568003048781, 37.444600460414996 ], [ -122.169561676259519, 37.444599479781452 ], [ -122.169555513723481, 37.444598111093534 ], [ -122.169549478697945, 37.444596328738854 ], [ -122.169543676892829, 37.444594159151194 ], [ -122.169375100721069, 37.444529340435892 ], [ -122.169330182204419, 37.444603541433601 ], [ -122.16935091217762, 37.444612338872972 ], [ -122.169370605682175, 37.444622551530145 ], [ -122.169389088527694, 37.444634072837196 ], [ -122.169406290558229, 37.44464684881882 ], [ -122.169411454602226, 37.444651279606212 ], [ -122.169416074631044, 37.44465604887538 ], [ -122.169420184502712, 37.444661154342334 ], [ -122.169423715111066, 37.44466648794387 ], [ -122.169426630922644, 37.444672078122927 ], [ -122.169428930062566, 37.444677841093764 ], [ -122.169430578047695, 37.444683751211876 ], [ -122.169431573627975, 37.444689752620121 ], [ -122.169431880545289, 37.444695790860536 ], [ -122.169431534373103, 37.444701839292009 ], [ -122.169430530976598, 37.444707814160957 ], [ -122.169428871505758, 37.444713716352219 ], [ -122.169426554710569, 37.444719490008517 ], [ -122.169423612675075, 37.444725053564703 ], [ -122.169420080387155, 37.44473040472058 ], [ -122.169415956657431, 37.444735490321712 ], [ -122.169411309162754, 37.444740253530419 ], [ -122.169406136168348, 37.444744667335002 ], [ -122.169400473832653, 37.444748731221118 ], [ -122.169394423126349, 37.444752360841221 ], [ -122.169387982919517, 37.444755556211369 ], [ -122.169381222664256, 37.444758289307295 ], [ -122.169374175654355, 37.444760532619078 ], [ -122.169366910171803, 37.444762256336837 ], [ -122.169359461890096, 37.444763488791708 ], [ -122.169351932989727, 37.444764199691626 ], [ -122.169344356784606, 37.444764362427662 ], [ -122.169336769413249, 37.444763975584522 ], [ -122.16932927382085, 37.44476309357303 ], [ -122.169321903281215, 37.444761687982357 ], [ -122.169314728960941, 37.444759756899124 ], [ -122.169307784273883, 37.444757328686762 ], [ -122.169301104228239, 37.444754401946206 ], [ -122.169294827402439, 37.444751057617658 ], [ -122.169185981939407, 37.444687340161416 ], [ -122.167946478117145, 37.443750555247085 ], [ -122.16792668370735, 37.443737377011004 ], [ -122.16790834301446, 37.443722941653498 ], [ -122.167891560090879, 37.443707302670127 ], [ -122.167876477118398, 37.443690651800871 ], [ -122.167863163586162, 37.443673013292731 ], [ -122.167851761675195, 37.4436545788855 ], [ -122.167842307739434, 37.443635458010696 ], [ -122.167834908147995, 37.443615757302076 ], [ -122.167829566645338, 37.443595644331701 ], [ -122.167826388450194, 37.443575224848367 ], [ -122.167825075686679, 37.443553460386823 ], [ -122.167826207587211, 37.443531689121478 ], [ -122.167829755046995, 37.443510075485918 ], [ -122.167835652843877, 37.443488786229047 ], [ -122.167843905245505, 37.44346801234628 ], [ -122.167854410248069, 37.443447893171545 ], [ -122.167867104849634, 37.443428593619466 ], [ -122.167881888217067, 37.443410254809919 ], [ -122.167898660021393, 37.443393040385331 ], [ -122.167912145639477, 37.443402957590258 ], [ -122.169562675378046, 37.441972970977233 ], [ -122.170096439318982, 37.441509144564165 ], [ -122.170163181263106, 37.441458860754544 ], [ -122.17022452408662, 37.441404395531237 ], [ -122.170280061650672, 37.441346085426801 ], [ -122.170329424642233, 37.44128434665744 ], [ -122.170174277665339, 37.441171185517845 ], [ -122.170223181917365, 37.441095115079627 ], [ -122.170750563401157, 37.439923640304627 ] ] ] } },
{ "type": "Feature", "properties": { "ZONE_TYPE": null, "AREA_CALC": 62844.7, "SHAPE_Leng": 1996.76627248, "SHAPE_Area": 62845.449940500002, "has_CS": true, "Zone_Type_Abbr": "P" }, "geometry": { "type": "Polygon", "coordinates": [ [ [ -122.157643320079984, 37.449289461303216 ], [ -122.157512704917551, 37.449207223353248 ], [ -122.157568781699439, 37.449147703388505 ], [ -122.157895205330746, 37.448814703190223 ], [ -122.15762495649814, 37.448644395408749 ], [ -122.157503321363535, 37.448567772221423 ], [ -122.157610110060986, 37.448460014526788 ], [ -122.15732634198919, 37.448281216590402 ], [ -122.157347706024368, 37.448259653646851 ], [ -122.157631475815876, 37.44843847944459 ], [ -122.15802237213714, 37.448044163956297 ], [ -122.158225074773071, 37.448171886945097 ], [ -122.158427778103004, 37.448299609582563 ], [ -122.158656315517703, 37.448069047977135 ], [ -122.158724328990772, 37.448002546516662 ], [ -122.158808292927944, 37.44805374250808 ], [ -122.158740044064459, 37.448122060572295 ], [ -122.158511536909486, 37.448352402920307 ], [ -122.158542635590393, 37.448371988284961 ], [ -122.15834398675976, 37.448572378508985 ], [ -122.158350731025763, 37.448576622527987 ], [ -122.158147801471799, 37.448781331087289 ], [ -122.158517469294353, 37.449012917211597 ], [ -122.158495935892475, 37.449036212177596 ], [ -122.158126471418925, 37.448802893696651 ], [ -122.157709925996897, 37.449223062354299 ], [ -122.157643320079984, 37.449289461303216 ] ] ] } },
{ "type": "Feature", "properties": { "ZONE_TYPE": "Commercial", "AREA_CALC": 10370.4, "SHAPE_Leng": 426.55668135500002, "SHAPE_Area": 10369.857002700001, "has_CS": false, "Zone_Type_Abbr": "C" }, "geometry": { "type": "Polygon", "coordinates": [ [ [ -122.158225074773071, 37.448171886945097 ], [ -122.15851883781788, 37.447874945797132 ], [ -122.158574059266201, 37.447908721332489 ], [ -122.158724328990772, 37.448002546516662 ], [ -122.158656315517703, 37.448069047977135 ], [ -122.158427778103004, 37.448299609582563 ], [ -122.158225074773071, 37.448171886945097 ] ] ] } },
{ "type": "Feature", "properties": { "ZONE_TYPE": "Residential Multi-Family", "AREA_CALC": 310756.8, "SHAPE_Leng": 3720.8626363399999, "SHAPE_Area": 310756.437531, "has_CS": false, "Zone_Type_Abbr": "R" }, "geometry": { "type": "Polygon", "coordinates": [ [ [ -122.156144978466713, 37.449329264430062 ], [ -122.156755157700459, 37.448719607719887 ], [ -122.157028592164025, 37.448445509172537 ], [ -122.157112761627246, 37.448496676427816 ], [ -122.15751813190731, 37.448752125681352 ], [ -122.15762495649814, 37.448644395408749 ], [ -122.157895205330746, 37.448814703190223 ], [ -122.157568781699439, 37.449147703388505 ], [ -122.157512704917551, 37.449207223353248 ], [ -122.157643320079984, 37.449289461303216 ], [ -122.15845727282354, 37.44979844223284 ], [ -122.158520716365658, 37.449733955708659 ], [ -122.158761018450591, 37.449491553507713 ], [ -122.159166243903854, 37.449747713909709 ], [ -122.159190960765869, 37.449720417521611 ], [ -122.159530959861897, 37.449932916029034 ], [ -122.159583220971925, 37.450020928848943 ], [ -122.159639723295498, 37.450088966805502 ], [ -122.16001809875992, 37.450327375319205 ], [ -122.159742998018189, 37.450600734779457 ], [ -122.159636043657741, 37.450536870901146 ], [ -122.159327945979143, 37.450846433276922 ], [ -122.158968137646141, 37.450620259849963 ], [ -122.159290344177677, 37.45030835589499 ], [ -122.158823280173678, 37.450026287805777 ], [ -122.158435856845529, 37.450415969598751 ], [ -122.158409523132136, 37.450399997399025 ], [ -122.158414761549793, 37.450393852854539 ], [ -122.157640094286165, 37.449902556263119 ], [ -122.157431091605957, 37.450122594063963 ], [ -122.156915891765138, 37.44980123061962 ], [ -122.156144978466713, 37.449329264430062 ] ] ] } },
{ "type": "Feature", "properties": { "ZONE_TYPE": "Residential Multi-Family", "AREA_CALC": 8838.6, "SHAPE_Leng": 454.06963362300002, "SHAPE_Area": 8839.1806463800003, "has_CS": false, "Zone_Type_Abbr": "R" }, "geometry": { "type": "Polygon", "coordinates": [ [ [ -122.158303400258603, 37.450506812724377 ], [ -122.158409523132136, 37.450399997399025 ], [ -122.158889152597638, 37.450700129066988 ], [ -122.158787104443974, 37.450804222372412 ], [ -122.1587826203275, 37.450808652992428 ], [ -122.158303400258603, 37.450506812724377 ] ] ] } },
{ "type": "Feature", "properties": { "ZONE_TYPE": "Residential Multi-Family", "AREA_CALC": 22233.9, "SHAPE_Leng": 596.45443614700002, "SHAPE_Area": 22233.878305900002, "has_CS": false, "Zone_Type_Abbr": "R" }, "geometry": { "type": "Polygon", "coordinates": [ [ [ -122.1581208797122, 37.452064044769095 ], [ -122.15843745068949, 37.451744614954791 ], [ -122.158843206751413, 37.452000906069905 ], [ -122.158526131293002, 37.452319327548551 ], [ -122.1581208797122, 37.452064044769095 ] ] ] } },
{ "type": "Feature", "properties": { "ZONE_TYPE": "Residential Multi-Family", "AREA_CALC": 415295.5, "SHAPE_Leng": 4459.7770957499997, "SHAPE_Area": 415293.79529099999, "has_CS": false, "Zone_Type_Abbr": "R" }, "geometry": { "type": "Polygon", "coordinates": [ [ [ -122.154267494464563, 37.452252465193631 ], [ -122.154417027455054, 37.452101641512137 ], [ -122.154694725193409, 37.451821528102258 ], [ -122.154833486666604, 37.451907498884019 ], [ -122.154895563281599, 37.45184481896036 ], [ -122.154920997255317, 37.451859073412372 ], [ -122.155134979545551, 37.45164399699209 ], [ -122.154854738628913, 37.451461407801538 ], [ -122.154901393121776, 37.451391611288095 ], [ -122.155382031055495, 37.450906821255856 ], [ -122.155433658782869, 37.450853187801592 ], [ -122.155707750457552, 37.451016415221886 ], [ -122.155759112446816, 37.450969405632023 ], [ -122.155999426862991, 37.4507269811795 ], [ -122.155594017151884, 37.450471527198999 ], [ -122.15556732731153, 37.45049846582026 ], [ -122.155297077693859, 37.450328152701765 ], [ -122.155218573943287, 37.450283908414988 ], [ -122.155249108158173, 37.450254773490691 ], [ -122.155562238576152, 37.449933833674535 ], [ -122.156183447862304, 37.450323422702404 ], [ -122.15684032473952, 37.450739397040998 ], [ -122.157469639828776, 37.451127243734362 ], [ -122.157121369707369, 37.451477718938214 ], [ -122.157082918912778, 37.451516498176183 ], [ -122.156950696736956, 37.451433459455281 ], [ -122.156734278568649, 37.451651897302561 ], [ -122.156239242128095, 37.451335877849544 ], [ -122.155360142406494, 37.452240246267976 ], [ -122.155437974935836, 37.452289855817796 ], [ -122.155978524181833, 37.452630481151338 ], [ -122.155444463456618, 37.453169151219434 ], [ -122.155063811688507, 37.453554962367519 ], [ -122.154403635286684, 37.453152401975807 ], [ -122.154898085594027, 37.452648191383432 ], [ -122.154808037456291, 37.452593067088443 ], [ -122.154267494464563, 37.452252465193631 ] ] ] } },
{ "type": "Feature", "properties": { "ZONE_TYPE": "Residential Multi-Family", "AREA_CALC": 37128.5, "SHAPE_Leng": 809.70681230499997, "SHAPE_Area": 37128.115496899998, "has_CS": false, "Zone_Type_Abbr": "R" }, "geometry": { "type": "Polygon", "coordinates": [ [ [ -122.158499378751827, 37.451101985281241 ], [ -122.1587826203275, 37.450808652992428 ], [ -122.158787104443974, 37.450804222372412 ], [ -122.158968137646141, 37.450620259849963 ], [ -122.159327945979143, 37.450846433276922 ], [ -122.159397149657892, 37.450889103058373 ], [ -122.159105344659238, 37.451179975947255 ], [ -122.159173917951918, 37.451220621649959 ], [ -122.159115946720974, 37.451281735443892 ], [ -122.158987789336294, 37.451411001883912 ], [ -122.158499378751827, 37.451101985281241 ] ] ] } },
{ "type": "Feature", "properties": { "ZONE_TYPE": "Residential Multi-Family", "AREA_CALC": 124718.2, "SHAPE_Leng": 1582.4941328299999, "SHAPE_Area": 124719.52571, "has_CS": false, "Zone_Type_Abbr": "R" }, "geometry": { "type": "Polygon", "coordinates": [ [ [ -122.15684032473952, 37.450739397040998 ], [ -122.157265947099219, 37.45028987561497 ], [ -122.157489038785343, 37.450432502767669 ], [ -122.157496580552788, 37.450426133781178 ], [ -122.157547472342699, 37.450458816509332 ], [ -122.157594986786052, 37.450410871804273 ], [ -122.15795445376267, 37.450637384935511 ], [ -122.158033194484346, 37.450555788593775 ], [ -122.158064935714236, 37.450576326603382 ], [ -122.15813104126606, 37.450513724976659 ], [ -122.158173132708143, 37.450537990124573 ], [ -122.158242214249725, 37.450468259300948 ], [ -122.158303400258603, 37.450506812724377 ], [ -122.1587826203275, 37.450808652992428 ], [ -122.158499378751827, 37.451101985281241 ], [ -122.158094624235545, 37.451522977093617 ], [ -122.157469639828776, 37.451127243734362 ], [ -122.15684032473952, 37.450739397040998 ] ] ] } },
{ "type": "Feature", "properties": { "ZONE_TYPE": "Residential Multi-Family", "AREA_CALC": 60116.3, "SHAPE_Leng": 1046.9902441199999, "SHAPE_Area": 60116.501755700003, "has_CS": false, "Zone_Type_Abbr": "R" }, "geometry": { "type": "Polygon", "coordinates": [ [ [ -122.156183447862304, 37.450323422702404 ], [ -122.156446397410278, 37.450054692492209 ], [ -122.15658152313631, 37.450139833836019 ], [ -122.156915891765138, 37.44980123061962 ], [ -122.157431091605957, 37.450122594063963 ], [ -122.1572712673441, 37.450284306739483 ], [ -122.157265947099219, 37.45028987561497 ], [ -122.15684032473952, 37.450739397040998 ], [ -122.156183447862304, 37.450323422702404 ] ] ] } },
{ "type": "Feature", "properties": { "ZONE_TYPE": "Residential Multi-Family", "AREA_CALC": 72164.7, "SHAPE_Leng": 1120.2119383500001, "SHAPE_Area": 72165.867759300003, "has_CS": false, "Zone_Type_Abbr": "R" }, "geometry": { "type": "Polygon", "coordinates": [ [ [ -122.156183447862304, 37.450323422702404 ], [ -122.155562238576152, 37.449933833674535 ], [ -122.156144978466713, 37.449329264430062 ], [ -122.156915891765138, 37.44980123061962 ], [ -122.15658152313631, 37.450139833836019 ], [ -122.156446397410278, 37.450054692492209 ], [ -122.156183447862304, 37.450323422702404 ] ] ] } },
{ "type": "Feature", "properties": { "ZONE_TYPE": "Commercial", "AREA_CALC": 73212.5, "SHAPE_Leng": 1120.44206979, "SHAPE_Area": 73212.893371900005, "has_CS": false, "Zone_Type_Abbr": "C" }, "geometry": { "type": "Polygon", "coordinates": [ [ [ -122.156755157700459, 37.448719607719887 ], [ -122.156123468546951, 37.448335498524195 ], [ -122.156196454979721, 37.448269367282094 ], [ -122.156730475204768, 37.44773069358537 ], [ -122.156865666576252, 37.4478158606723 ], [ -122.156972421238635, 37.447708104931017 ], [ -122.157458134433867, 37.448014885605275 ], [ -122.157028592164025, 37.448445509172537 ], [ -122.156755157700459, 37.448719607719887 ] ] ] } },
{ "type": "Feature", "properties": { "ZONE_TYPE": "Residential Multi-Family", "AREA_CALC": 42465.0, "SHAPE_Leng": 927.30879337299996, "SHAPE_Area": 42464.212660199999, "has_CS": false, "Zone_Type_Abbr": "R" }, "geometry": { "type": "Polygon", "coordinates": [ [ [ -122.157265947099219, 37.45028987561497 ], [ -122.1572712673441, 37.450284306739483 ], [ -122.157431091605957, 37.450122594063963 ], [ -122.157640094286165, 37.449902556263119 ], [ -122.158414761549793, 37.450393852854539 ], [ -122.158303400258603, 37.450506812724377 ], [ -122.158242214249725, 37.450468259300948 ], [ -122.158173132708143, 37.450537990124573 ], [ -122.15813104126606, 37.450513724976659 ], [ -122.158064935714236, 37.450576326603382 ], [ -122.158033194484346, 37.450555788593775 ], [ -122.15795445376267, 37.450637384935511 ], [ -122.157594986786052, 37.450410871804273 ], [ -122.157547472342699, 37.450458816509332 ], [ -122.157496580552788, 37.450426133781178 ], [ -122.157489038785343, 37.450432502767669 ], [ -122.157265947099219, 37.45028987561497 ] ] ] } },
{ "type": "Feature", "properties": { "ZONE_TYPE": null, "AREA_CALC": 13809.8, "SHAPE_Leng": 503.00868032099999, "SHAPE_Area": 13809.0642324, "has_CS": false, "Zone_Type_Abbr": "P" }, "geometry": { "type": "Polygon", "coordinates": [ [ [ -122.159201166156222, 37.448312549297704 ], [ -122.159376013130355, 37.448137298915164 ], [ -122.159837196758957, 37.448428073322518 ], [ -122.159663801902695, 37.448600392060115 ], [ -122.159201166156222, 37.448312549297704 ] ] ] } },
{ "type": "Feature", "properties": { "ZONE_TYPE": "Public Facility", "AREA_CALC": 257526.2, "SHAPE_Leng": 2043.8547272000001, "SHAPE_Area": 257527.61558499999, "has_CS": false, "Zone_Type_Abbr": "P" }, "geometry": { "type": "Polygon", "coordinates": [ [ [ -122.149704679352979, 37.446226605485315 ], [ -122.149342632167262, 37.446009031265476 ], [ -122.150539192399521, 37.444801986576628 ], [ -122.151775379979213, 37.44557803197975 ], [ -122.151261986715781, 37.446104718509524 ], [ -122.150600739263595, 37.446802223873064 ], [ -122.150169657187035, 37.446529147152617 ], [ -122.149704679352979, 37.446226605485315 ] ] ] } },
{ "type": "Feature", "properties": { "ZONE_TYPE": "Residential Multi-Family", "AREA_CALC": 198387.0, "SHAPE_Leng": 2164.6894739899999, "SHAPE_Area": 198388.59539, "has_CS": false, "Zone_Type_Abbr": "R" }, "geometry": { "type": "Polygon", "coordinates": [ [ [ -122.151075041608919, 37.447103889213331 ], [ -122.151135689707857, 37.447040544619703 ], [ -122.151456112171161, 37.446717343947469 ], [ -122.151591226757105, 37.446802518085619 ], [ -122.15189028110872, 37.446500877220068 ], [ -122.151261986715781, 37.446104718509524 ], [ -122.151775379979213, 37.44557803197975 ], [ -122.152412157353339, 37.445974618236498 ], [ -122.153053966218266, 37.446370964433513 ], [ -122.151834789271348, 37.447589093710008 ], [ -122.151476342716009, 37.447360433666226 ], [ -122.151075041608919, 37.447103889213331 ] ] ] } },
{ "type": "Feature", "properties": { "ZONE_TYPE": "Residential Multi-Family", "AREA_CALC": 26369.9, "SHAPE_Leng": 651.28007617699996, "SHAPE_Area": 26369.485546100001, "has_CS": false, "Zone_Type_Abbr": "R" }, "geometry": { "type": "Polygon", "coordinates": [ [ [ -122.149704679352979, 37.446226605485315 ], [ -122.150169657187035, 37.446529147152617 ], [ -122.149851195192838, 37.446852427540307 ], [ -122.149378288037738, 37.44655436328334 ], [ -122.149704679352979, 37.446226605485315 ] ] ] } },
{ "type": "Feature", "properties": { "ZONE_TYPE": "Residential Multi-Family", "AREA_CALC": 186349.8, "SHAPE_Leng": 2033.8629711399999, "SHAPE_Area": 186350.89163200001, "has_CS": false, "Zone_Type_Abbr": "R" }, "geometry": { "type": "Polygon", "coordinates": [ [ [ -122.152412157353339, 37.445974618236498 ], [ -122.152627257353018, 37.44575752433181 ], [ -122.153214664119403, 37.445164990576011 ], [ -122.153349811800553, 37.4452501622225 ], [ -122.153731342041411, 37.444865113161477 ], [ -122.154847540046603, 37.445554449547494 ], [ -122.154778207310002, 37.445625225558125 ], [ -122.154457802197385, 37.445948408314372 ], [ -122.154225323205466, 37.446183275446572 ], [ -122.153608265097958, 37.445795513309221 ], [ -122.153053966218266, 37.446370964433513 ], [ -122.152412157353339, 37.445974618236498 ] ] ] } },
{ "type": "Feature", "properties": { "ZONE_TYPE": "Residential Multi-Family", "AREA_CALC": 146117.3, "SHAPE_Leng": 1663.59051565, "SHAPE_Area": 146118.285615, "has_CS": false, "Zone_Type_Abbr": "R" }, "geometry": { "type": "Polygon", "coordinates": [ [ [ -122.153053966218266, 37.446370964433513 ], [ -122.153608265097958, 37.445795513309221 ], [ -122.154225323205466, 37.446183275446572 ], [ -122.154457802197385, 37.445948408314372 ], [ -122.155079764169628, 37.44634260722254 ], [ -122.154274142755341, 37.44715437876178 ], [ -122.153657965190661, 37.446749244453237 ], [ -122.153053966218266, 37.446370964433513 ] ] ] } },
{ "type": "Feature", "properties": { "ZONE_TYPE": "Commercial", "AREA_CALC": 64070.9, "SHAPE_Leng": 1096.0399462400001, "SHAPE_Area": 64071.4590398, "has_CS": false, "Zone_Type_Abbr": "C" }, "geometry": { "type": "Polygon", "coordinates": [ [ [ -122.151261986715781, 37.446104718509524 ], [ -122.15189028110872, 37.446500877220068 ], [ -122.151591226757105, 37.446802518085619 ], [ -122.151456112171161, 37.446717343947469 ], [ -122.151135689707857, 37.447040544619703 ], [ -122.151075041608919, 37.447103889213331 ], [ -122.150600739263595, 37.446802223873064 ], [ -122.151261986715781, 37.446104718509524 ] ] ] } },
{ "type": "Feature", "properties": { "ZONE_TYPE": "Residential Single-Family", "AREA_CALC": 612239.3, "SHAPE_Leng": 3313.1229852699998, "SHAPE_Area": 612240.98576499999, "has_CS": false, "Zone_Type_Abbr": "R" }, "geometry": { "type": "Polygon", "coordinates": [ [ [ -122.134866937244013, 37.449906877820077 ], [ -122.135582676030637, 37.448792251292645 ], [ -122.138678164058149, 37.448788134869112 ], [ -122.13867637924811, 37.449350005153818 ], [ -122.13802729035622, 37.450347362980196 ], [ -122.137976041143631, 37.450326213200348 ], [ -122.137817459274601, 37.450570013503281 ], [ -122.138090786506027, 37.450683023959805 ], [ -122.137802004934898, 37.451118449958081 ], [ -122.134866937244013, 37.449906877820077 ] ] ] } },
{ "type": "Feature", "properties": { "ZONE_TYPE": "Residential Single-Family", "AREA_CALC": 8135.7, "SHAPE_Leng": 359.00582488800001, "SHAPE_Area": 8144.5194104700004, "has_CS": false, "Zone_Type_Abbr": "R" }, "geometry": { "type": "Polygon", "coordinates": [ [ [ -122.142376047022424, 37.452747022770254 ], [ -122.142378706660338, 37.452633073395269 ], [ -122.1423784606704, 37.452617227365927 ], [ -122.142378745537684, 37.452609833508774 ], [ -122.142379894495278, 37.452602511372802 ], [ -122.142381870805778, 37.452595286705687 ], [ -122.142384679683943, 37.452588242345271 ], [ -122.142388284471906, 37.452581407642889 ], [ -122.142392654777467, 37.452574891168247 ], [ -122.142398217624972, 37.452566215845152 ], [ -122.142402842547398, 37.452557195867932 ], [ -122.142406461860077, 37.452547888959614 ], [ -122.142409112360951, 37.452538374812619 ], [ -122.142410691313486, 37.452528710739102 ], [ -122.142411269477307, 37.452518978659811 ], [ -122.142724058385667, 37.452520699911389 ], [ -122.142722391476951, 37.452748549378974 ], [ -122.142376047022424, 37.452747022770254 ] ] ] } },
{ "type": "Feature", "properties": { "ZONE_TYPE": "Public Facility", "AREA_CALC": 301624.1, "SHAPE_Leng": 2257.34728808, "SHAPE_Area": 301623.90510899998, "has_CS": false, "Zone_Type_Abbr": "P" }, "geometry": { "type": "Polygon", "coordinates": [ [ [ -122.132962124414178, 37.449362787277366 ], [ -122.133277019544195, 37.448880642270524 ], [ -122.13333768745504, 37.44878761311459 ], [ -122.135582676030637, 37.448792251292645 ], [ -122.134866937244013, 37.449906877820077 ], [ -122.13441904160787, 37.450599147173762 ], [ -122.134299603507102, 37.450569990062299 ], [ -122.134098464194452, 37.450486841062741 ], [ -122.133951082350649, 37.450383632407572 ], [ -122.133786799280614, 37.450268545770051 ], [ -122.133683149381667, 37.450154702166984 ], [ -122.133561706733744, 37.450021356260351 ], [ -122.13346592273173, 37.449912676833314 ], [ -122.13333573874084, 37.449775003117914 ], [ -122.133174475523404, 37.449597876303187 ], [ -122.132962124414178, 37.449362787277366 ] ] ] } },
{ "type": "Feature", "properties": { "ZONE_TYPE": "Public Facility", "AREA_CALC": 465810.6, "SHAPE_Leng": 2859.7366771100001, "SHAPE_Area": 465811.85869299999, "has_CS": false, "Zone_Type_Abbr": "P" }, "geometry": { "type": "Polygon", "coordinates": [ [ [ -122.141382255335088, 37.448760239053243 ], [ -122.143198487647538, 37.448770259990106 ], [ -122.143196813474574, 37.451473950762264 ], [ -122.143075153007871, 37.451437939416017 ], [ -122.141374569296559, 37.450900820996544 ], [ -122.14138450614476, 37.448842146837954 ], [ -122.141382255335088, 37.448760239053243 ] ] ] } },
{ "type": "Feature", "properties": { "ZONE_TYPE": "Residential Multi-Family", "AREA_CALC": 10559.9, "SHAPE_Leng": 473.40384817299997, "SHAPE_Area": 10558.646832, "has_CS": false, "Zone_Type_Abbr": "R" }, "geometry": { "type": "Polygon", "coordinates": [ [ [ -122.155063811688507, 37.453554962367519 ], [ -122.155444463456618, 37.453169151219434 ], [ -122.155606604754595, 37.45327132851201 ], [ -122.155231482655978, 37.45364854671449 ], [ -122.155063811688507, 37.453554962367519 ] ] ] } },
{ "type": "Feature", "properties": { "ZONE_TYPE": "Residential Multi-Family", "AREA_CALC": 54647.2, "SHAPE_Leng": 935.06837547299995, "SHAPE_Area": 54647.960907300003, "has_CS": false, "Zone_Type_Abbr": "R" }, "geometry": { "type": "Polygon", "coordinates": [ [ [ -122.154267494464563, 37.452252465193631 ], [ -122.154808037456291, 37.452593067088443 ], [ -122.154898085594027, 37.452648191383432 ], [ -122.154403635286684, 37.453152401975807 ], [ -122.153766025408174, 37.452760370527713 ], [ -122.153840224279108, 37.452683373264378 ], [ -122.154267494464563, 37.452252465193631 ] ] ] } },
{ "type": "Feature", "properties": { "ZONE_TYPE": "Residential Multi-Family", "AREA_CALC": 22555.9, "SHAPE_Leng": 651.64745780299995, "SHAPE_Area": 22555.830559499998, "has_CS": false, "Zone_Type_Abbr": "R" }, "geometry": { "type": "Polygon", "coordinates": [ [ [ -122.151081759453803, 37.447759255994775 ], [ -122.151420026890477, 37.447972818496503 ], [ -122.151366672585524, 37.448026364530733 ], [ -122.151356562915382, 37.448036587658933 ], [ -122.151209265234428, 37.448190205855603 ], [ -122.15113839353765, 37.448145027824353 ], [ -122.150597899502117, 37.447804408012146 ], [ -122.150811529996602, 37.447588932513135 ], [ -122.151081759453803, 37.447759255994775 ] ] ] } },
{ "type": "Feature", "properties": { "ZONE_TYPE": "Residential Multi-Family", "AREA_CALC": 98861.6, "SHAPE_Leng": 1496.82386916, "SHAPE_Area": 98860.019868799995, "has_CS": false, "Zone_Type_Abbr": "R" }, "geometry": { "type": "Polygon", "coordinates": [ [ [ -122.152679891413186, 37.448766596492518 ], [ -122.152757282438571, 37.448815197413722 ], [ -122.153162674567469, 37.449070661208637 ], [ -122.153483096968671, 37.448747455054288 ], [ -122.153553355813401, 37.448671612873447 ], [ -122.154322809355975, 37.449156499096851 ], [ -122.153722612356489, 37.449773007239479 ], [ -122.15246542665129, 37.448981675295293 ], [ -122.152679891413186, 37.448766596492518 ] ] ] } },
{ "type": "Feature", "properties": { "ZONE_TYPE": "Residential Multi-Family", "AREA_CALC": 19534.2, "SHAPE_Leng": 560.04255863200001, "SHAPE_Area": 19533.301088, "has_CS": false, "Zone_Type_Abbr": "R" }, "geometry": { "type": "Polygon", "coordinates": [ [ [ -122.155207347987044, 37.449709611780385 ], [ -122.155562238576152, 37.449933833674535 ], [ -122.155249108158173, 37.450254773490691 ], [ -122.15489135107633, 37.450028749899502 ], [ -122.155131666432254, 37.449786328090553 ], [ -122.155207347987044, 37.449709611780385 ] ] ] } },
{ "type": "Feature", "properties": { "ZONE_TYPE": "Public Facility", "AREA_CALC": 27903.6, "SHAPE_Leng": 756.93022701100006, "SHAPE_Area": 27903.9995643, "has_CS": false, "Zone_Type_Abbr": "P" }, "geometry": { "type": "Polygon", "coordinates": [ [ [ -122.128116652297223, 37.43375033714949 ], [ -122.128421834348885, 37.433579230408093 ], [ -122.129152569921061, 37.434040971895143 ], [ -122.128852397013759, 37.434209621909375 ], [ -122.128116652297223, 37.43375033714949 ] ] ] } },
{ "type": "Feature", "properties": { "ZONE_TYPE": "Residential Multi-Family", "AREA_CALC": 156875.3, "SHAPE_Leng": 1872.3091676199999, "SHAPE_Area": 156873.32044700001, "has_CS": false, "Zone_Type_Abbr": "R" }, "geometry": { "type": "Polygon", "coordinates": [ [ [ -122.126659369940811, 37.434098495563411 ], [ -122.126742708911038, 37.434151234000574 ], [ -122.127052380808024, 37.4343469130404 ], [ -122.127262282319592, 37.434229237974677 ], [ -122.127819430680347, 37.433916937484419 ], [ -122.128116652297223, 37.43375033714949 ], [ -122.128852397013759, 37.434209621909375 ], [ -122.129022100951588, 37.434316207189539 ], [ -122.128947227829315, 37.434357927754924 ], [ -122.128288608597444, 37.434729023914365 ], [ -122.127735782377158, 37.435039151481803 ], [ -122.126524333323815, 37.434273640644513 ], [ -122.126439151258481, 37.434220130935515 ], [ -122.126659369940811, 37.434098495563411 ] ] ] } },
{ "type": "Feature", "properties": { "ZONE_TYPE": "Public Facility", "AREA_CALC": 58666976.5, "SHAPE_Leng": 42581.687246900001, "SHAPE_Area": 58667748.143200003, "has_CS": false, "Zone_Type_Abbr": "P" }, "geometry": { "type": "Polygon", "coordinates": [ [ [ -122.182605183481343, 37.333344857110212 ], [ -122.182602653879513, 37.333533441599634 ], [ -122.182703476607145, 37.333750099316028 ], [ -122.182857015456008, 37.333860435858206 ], [ -122.182971292817669, 37.334118487718406 ], [ -122.183083671370724, 37.334208181502198 ], [ -122.183111924713799, 37.334416321010131 ], [ -122.183313675020756, 37.334573074773928 ], [ -122.183281503948237, 37.334679677748248 ], [ -122.18322569409419, 37.334989176946259 ], [ -122.183347561262693, 37.335055605367913 ], [ -122.183402915923722, 37.335322963836717 ], [ -122.183621144272806, 37.335560459291564 ], [ -122.183773816281715, 37.335861140654032 ], [ -122.184021517441437, 37.335921035298924 ], [ -122.184228842878213, 37.336135583632725 ], [ -122.184298042819734, 37.336385135659107 ], [ -122.184472398665278, 37.33673942616312 ], [ -122.184666639556099, 37.336845000066432 ], [ -122.184806924998355, 37.337029334404711 ], [ -122.184899396588079, 37.337593704599094 ], [ -122.185458233117757, 37.337964331646802 ], [ -122.185519432661152, 37.338154829535299 ], [ -122.185792219944247, 37.338409802323881 ], [ -122.185794325460805, 37.338507672207633 ], [ -122.185660324966861, 37.338707405203536 ], [ -122.185816196113763, 37.338929614104835 ], [ -122.186027528192909, 37.339138196109523 ], [ -122.186037160809065, 37.339278452817389 ], [ -122.186394801546641, 37.339501795526139 ], [ -122.186680993112262, 37.339536353705121 ], [ -122.187037831366865, 37.33967372716414 ], [ -122.187274033332173, 37.339735648897815 ], [ -122.187502939613026, 37.339934499006134 ], [ -122.187784922454767, 37.340108575886291 ], [ -122.187874602553663, 37.340415763130437 ], [ -122.188316183725092, 37.340472416763099 ], [ -122.188569980128733, 37.340682443686596 ], [ -122.188829064526161, 37.340834076060091 ], [ -122.189060886173607, 37.340750690005585 ], [ -122.189162673954684, 37.341313110657829 ], [ -122.18932153656489, 37.341316973527917 ], [ -122.189675026929905, 37.341480648893423 ], [ -122.189817758635613, 37.341589648155804 ], [ -122.189990494260527, 37.341926896923894 ], [ -122.19015364977183, 37.342118916209792 ], [ -122.190378819883819, 37.342437882279903 ], [ -122.190575046198433, 37.342575392385889 ], [ -122.190789924743925, 37.342719224602234 ], [ -122.191060772617448, 37.342870215660589 ], [ -122.190969700370601, 37.342997805678117 ], [ -122.191085786166354, 37.343297385520209 ], [ -122.191256532964971, 37.343426279721271 ], [ -122.191288760205836, 37.343638618463025 ], [ -122.191572843942026, 37.343839108775406 ], [ -122.191859765700755, 37.343829144574869 ], [ -122.192166140868295, 37.344160010007371 ], [ -122.192450837766444, 37.344334256728047 ], [ -122.192604085784311, 37.344503040007247 ], [ -122.19287899405505, 37.344702204282697 ], [ -122.193022256996272, 37.344823554125725 ], [ -122.193376107490153, 37.344986827736065 ], [ -122.193678437609108, 37.345313326426869 ], [ -122.193710610758558, 37.345518358295742 ], [ -122.193920123461922, 37.345684320733113 ], [ -122.194238816984068, 37.345888590776191 ], [ -122.194314906099663, 37.346012228565861 ], [ -122.194829740606323, 37.346279586574028 ], [ -122.194867721757078, 37.346516014659507 ], [ -122.19508417640894, 37.346907341643522 ], [ -122.195274896538464, 37.346948396925058 ], [ -122.195394764195342, 37.347380209810076 ], [ -122.195599168669077, 37.347463204035442 ], [ -122.195794181019636, 37.347747875198174 ], [ -122.195757649279912, 37.347869515847357 ], [ -122.195944139331885, 37.348054487457496 ], [ -122.196241088500997, 37.348092987536106 ], [ -122.196175107811442, 37.348308696558668 ], [ -122.196160631679703, 37.348562226990161 ], [ -122.196113132980173, 37.348711549678221 ], [ -122.195888886319324, 37.348847470992446 ], [ -122.19581241586296, 37.349010426395218 ], [ -122.19595808281035, 37.349324955767081 ], [ -122.19591410858537, 37.349474969964504 ], [ -122.196098148214247, 37.349685220877177 ], [ -122.196083971546884, 37.350000442586577 ], [ -122.195920791177485, 37.350108862748897 ], [ -122.195871738880598, 37.350217114007044 ], [ -122.196003110755797, 37.350403541829536 ], [ -122.195960366702522, 37.350797217898148 ], [ -122.195875153376178, 37.350893439273776 ], [ -122.195868646123913, 37.350985719997972 ], [ -122.195982821991734, 37.351001208322259 ], [ -122.19618077442982, 37.35117843274648 ], [ -122.19615337545622, 37.35136748768106 ], [ -122.196346920801716, 37.351573342450337 ], [ -122.196240413357174, 37.351733436117136 ], [ -122.196348787074299, 37.351910060386579 ], [ -122.196525590779544, 37.352011994284624 ], [ -122.196752863604402, 37.352069521600335 ], [ -122.197051934808783, 37.352053765493679 ], [ -122.19722379206469, 37.352106022680708 ], [ -122.197174278386086, 37.352343853925781 ], [ -122.197312644836643, 37.352507654921695 ], [ -122.197214402100585, 37.352671090484137 ], [ -122.197250028422204, 37.35287758284074 ], [ -122.197406359850334, 37.352846146681117 ], [ -122.197517949360318, 37.352903672320743 ], [ -122.197812465934888, 37.35316272683265 ], [ -122.197789803035135, 37.353372205501728 ], [ -122.19787777427554, 37.35352445667003 ], [ -122.197872657747581, 37.353702063729358 ], [ -122.198063838181511, 37.353885151911896 ], [ -122.198083823663168, 37.354025641831363 ], [ -122.198012766553333, 37.354139157729001 ], [ -122.198078022182074, 37.354295665323008 ], [ -122.198217397693099, 37.354350754663187 ], [ -122.198383686982055, 37.354557413858316 ], [ -122.198537843237844, 37.354690493764757 ], [ -122.198889766951268, 37.354758901770481 ], [ -122.199045741272258, 37.354841712606941 ], [ -122.198854596899352, 37.354955486142565 ], [ -122.198759295554936, 37.355186152758918 ], [ -122.198961708756428, 37.355342403381741 ], [ -122.19926863572519, 37.355535238606826 ], [ -122.199534350970566, 37.355476036267042 ], [ -122.199865036015723, 37.355548429914649 ], [ -122.199972164281036, 37.355678783341652 ], [ -122.200226959504093, 37.355750546185398 ], [ -122.200011400738489, 37.355952823969375 ], [ -122.200116337787563, 37.356255963789813 ], [ -122.200237347475124, 37.356468468188694 ], [ -122.197060210609422, 37.357961612119865 ], [ -122.192830761734427, 37.36128357592284 ], [ -122.193431711513355, 37.363987834606007 ], [ -122.191631389688652, 37.364913935824362 ], [ -122.191213320556912, 37.364864067664811 ], [ -122.189794939487086, 37.365475821300173 ], [ -122.187851285262028, 37.366044961783459 ], [ -122.18758172951793, 37.36630793117908 ], [ -122.187461822506492, 37.366798305791029 ], [ -122.186226607143354, 37.366658514767991 ], [ -122.185806397254424, 37.366608603061231 ], [ -122.183804339924563, 37.365757620279439 ], [ -122.183622048237112, 37.365680111137891 ], [ -122.183303774662917, 37.366194728123801 ], [ -122.183073992322832, 37.366467086902176 ], [ -122.182086210259968, 37.366680414772205 ], [ -122.181717140169269, 37.366935979682658 ], [ -122.181554639793703, 37.367398116122068 ], [ -122.181330334047672, 37.36760998879987 ], [ -122.180858855628458, 37.367747199258531 ], [ -122.18038756265716, 37.367745934295961 ], [ -122.17993646428738, 37.367588189351601 ], [ -122.179313565719809, 37.367634223384243 ], [ -122.1784674890269, 37.367438892982356 ], [ -122.177869394612571, 37.368342369456869 ], [ -122.176551170708905, 37.36838539967767 ], [ -122.17612141394261, 37.368399400239717 ], [ -122.175042573438972, 37.369468312985632 ], [ -122.174356164110065, 37.370145615401981 ], [ -122.173956807253845, 37.370541296648206 ], [ -122.170320645012623, 37.370080856437284 ], [ -122.171942732791607, 37.365231670846661 ], [ -122.171960089352496, 37.365173765448368 ], [ -122.169764109900981, 37.364301715548798 ], [ -122.169136147908333, 37.364234156447253 ], [ -122.168769988267798, 37.363997531983486 ], [ -122.168833662923603, 37.363796101074563 ], [ -122.168833383264669, 37.36317516708727 ], [ -122.169169200789028, 37.362921215077115 ], [ -122.169721587163096, 37.362881429746722 ], [ -122.171700412151893, 37.363034277831069 ], [ -122.17196906338134, 37.362812040141868 ], [ -122.171632871470052, 37.362484458498535 ], [ -122.170152400389497, 37.362163515222683 ], [ -122.169988958442943, 37.361788995594658 ], [ -122.170034898762793, 37.361561117201369 ], [ -122.169800290034175, 37.361335861702884 ], [ -122.170080426193223, 37.36083306012538 ], [ -122.170943063112148, 37.360886996154157 ], [ -122.17116773845197, 37.360860498956548 ], [ -122.171629193960257, 37.361042330368527 ], [ -122.172005916669193, 37.361010093673073 ], [ -122.172663526991599, 37.361262437928701 ], [ -122.173034812090137, 37.361173304350203 ], [ -122.173385368922823, 37.360899350601187 ], [ -122.173421528740192, 37.360791458336415 ], [ -122.173690720968125, 37.360619998514899 ], [ -122.174310836383498, 37.36058123040057 ], [ -122.174505599623629, 37.36035647038679 ], [ -122.175157436361033, 37.359823405049028 ], [ -122.175624505836083, 37.358761230521885 ], [ -122.175332812239162, 37.358456756885495 ], [ -122.17465300024601, 37.358389199300447 ], [ -122.174201722294171, 37.358416906660324 ], [ -122.173763074742681, 37.358225063672208 ], [ -122.173621230731584, 37.357974839754917 ], [ -122.173768125212632, 37.357696403907035 ], [ -122.174155801217111, 37.357384422491442 ], [ -122.17394230039001, 37.357070698033361 ], [ -122.173612697062666, 37.356928938816075 ], [ -122.173126030459812, 37.356786674536202 ], [ -122.173135343470378, 37.356209965204016 ], [ -122.172903452943899, 37.356157979836162 ], [ -122.172216914976417, 37.356120913214511 ], [ -122.172104803653582, 37.355982557448755 ], [ -122.172360560342412, 37.355270069479225 ], [ -122.172971541836418, 37.354962185816241 ], [ -122.173369004447864, 37.354623669648177 ], [ -122.17379535067252, 37.354493230299653 ], [ -122.173612970229996, 37.353654373674125 ], [ -122.173125622881912, 37.353267204360108 ], [ -122.172695529134529, 37.353039498035642 ], [ -122.172895804794379, 37.352743462165215 ], [ -122.176247424376143, 37.352390811583383 ], [ -122.179553176399082, 37.342518692532956 ], [ -122.182605183481343, 37.333344857110212 ] ] ] } },
{ "type": "Feature", "properties": { "ZONE_TYPE": "Residential Single-Family", "AREA_CALC": 1650314.0, "SHAPE_Leng": 11255.058927599999, "SHAPE_Area": 1650444.59831, "has_CS": false, "Zone_Type_Abbr": "R" }, "geometry": { "type": "MultiPolygon", "coordinates": [ [ [ [ -122.163348682879942, 37.452853202603023 ], [ -122.163304247293254, 37.452857684957429 ], [ -122.162847251834307, 37.452888765686978 ], [ -122.162833831509218, 37.452889532582269 ], [ -122.162828155194418, 37.452889969874938 ], [ -122.162822480632116, 37.452890435079937 ], [ -122.162816807274623, 37.452890954339999 ], [ -122.162811169686819, 37.452891556905335 ], [ -122.162805533811309, 37.452892185581135 ], [ -122.162799898050693, 37.452892870129901 ], [ -122.162794263494803, 37.452893608733746 ], [ -122.162788665818482, 37.45289442972598 ], [ -122.162783068764583, 37.45289527864653 ], [ -122.162777471785319, 37.452896181638188 ], [ -122.162771912815685, 37.45289716700222 ], [ -122.162766353318261, 37.45289817940963 ], [ -122.162760795045557, 37.4528992467731 ], [ -122.162755273049967, 37.452900369497272 ], [ -122.162749786763669, 37.452901572823926 ], [ -122.162744301119744, 37.452902804979878 ], [ -122.162738816680459, 37.452904091190938 ], [ -122.162733368498152, 37.452905431861787 ], [ -122.162727955442733, 37.452906827008384 ], [ -122.16272254361202, 37.45290827711105 ], [ -122.162717167415735, 37.452909753744905 ], [ -122.162711793066563, 37.452911313263371 ], [ -122.162706487746533, 37.452912926777408 ], [ -122.162701149126391, 37.452914567799162 ], [ -122.16269588128786, 37.452916290729029 ], [ -122.162690614071565, 37.452918041587303 ], [ -122.162685383092054, 37.452919846004427 ], [ -122.162680187239346, 37.452921704897392 ], [ -122.162675027643502, 37.45292361825021 ], [ -122.162669868142203, 37.452925586575041 ], [ -122.162664779930026, 37.452927608863469 ], [ -122.162659691209939, 37.452929659096291 ], [ -122.16265463872665, 37.452931762888035 ], [ -122.162649621390187, 37.452933922056552 ], [ -122.162644640290395, 37.452936134783926 ], [ -122.162639695467604, 37.452938402872107 ], [ -122.162634785149024, 37.452940697507579 ], [ -122.162629909957204, 37.452943046618877 ], [ -122.162625071002068, 37.452945449289125 ], [ -122.162620267193788, 37.452947907336139 ], [ -122.162615499019807, 37.452950391914435 ], [ -122.162610765992568, 37.452952931869497 ], [ -122.162606069202141, 37.452955525383558 ], [ -122.162601441948169, 37.452958144948695 ], [ -122.162596814808694, 37.452960820386814 ], [ -122.16259225895827, 37.452963549788592 ], [ -122.162587737612085, 37.452966305737711 ], [ -122.162583252522651, 37.452969116146733 ], [ -122.162578801937471, 37.452971953103017 ], [ -122.162574421531332, 37.452974844939973 ], [ -122.162570076231788, 37.452977790351888 ], [ -122.162565767716714, 37.452980763180044 ], [ -122.16256149319824, 37.452983790500149 ], [ -122.162557288818576, 37.452986870899046 ], [ -122.162553119490994, 37.452989951702484 ], [ -122.162549020944851, 37.452993114414298 ], [ -122.162544957410518, 37.452996275728808 ], [ -122.162540929605228, 37.452999518546974 ], [ -122.162536969624114, 37.453002761305527 ], [ -122.162533047632138, 37.453006085535691 ], [ -122.162529159542046, 37.453009409285578 ], [ -122.162525340480869, 37.453012787031192 ], [ -122.162521592106387, 37.453016191712905 ], [ -122.162517878858566, 37.453019650870608 ], [ -122.162514201245045, 37.4530231365597 ], [ -122.162510593168065, 37.453026648299954 ], [ -122.162507054140107, 37.453030214936945 ], [ -122.162503550726328, 37.453033807204356 ], [ -122.162500116889319, 37.453037427324844 ], [ -122.16249671868664, 37.453041073976735 ], [ -122.162493389512903, 37.453044774624459 ], [ -122.162490131005754, 37.453048501307364 ], [ -122.162486906400602, 37.453052227510014 ], [ -122.162483751446757, 37.453056035637069 ], [ -122.162480666557229, 37.453059842771701 ], [ -122.162477617302116, 37.45306367643775 ], [ -122.162474637075931, 37.453067564099683 ], [ -122.162471725784044, 37.453071450785139 ], [ -122.162468850768988, 37.453075392831565 ], [ -122.162466044140388, 37.453079360044299 ], [ -122.162463307596312, 37.453083327165558 ], [ -122.162460641211268, 37.453087348266685 ], [ -122.162458008708114, 37.453091367986637 ], [ -122.162455480286397, 37.453095442107234 ], [ -122.16245298749908, 37.45309954275929 ], [ -122.162450529743879, 37.453103642915089 ], [ -122.162448175427613, 37.453107768641992 ], [ -122.162445855635809, 37.45311192181731 ], [ -122.162444400795053, 37.453114662266024 ], [ -122.16237923604352, 37.453250320176309 ], [ -122.162396535563701, 37.453299902909897 ], [ -122.162580259260451, 37.453825828970999 ], [ -122.162600091173843, 37.45388702390877 ], [ -122.162475951448855, 37.453851671415357 ], [ -122.161477039195674, 37.453567091258456 ], [ -122.161467574612274, 37.4535644783506 ], [ -122.161462411193952, 37.453563177998916 ], [ -122.161457248397809, 37.453561905575611 ], [ -122.161452052903314, 37.45356068768735 ], [ -122.161446858652923, 37.45355952565609 ], [ -122.161441631704093, 37.453558418159844 ], [ -122.161436370946802, 37.453557366115589 ], [ -122.161431112035615, 37.453556396955989 ], [ -122.16142581982399, 37.453555455303643 ], [ -122.161420527726435, 37.453554569524393 ], [ -122.161415202930357, 37.453553738280078 ], [ -122.161409879960274, 37.453552989019563 ], [ -122.161404557612272, 37.453552267687407 ], [ -122.161399203207793, 37.453551629719747 ], [ -122.161393849405343, 37.453551018779585 ], [ -122.161388462396218, 37.453550490319017 ], [ -122.161383076009187, 37.453549989786794 ], [ -122.161377691468061, 37.453549572139238 ], [ -122.161372308130908, 37.453549208546811 ], [ -122.161366926017649, 37.453548899910452 ], [ -122.161361511225863, 37.453548646710047 ], [ -122.161356096547948, 37.453548449382524 ], [ -122.161350684203981, 37.453548306094198 ], [ -122.161345273685853, 37.453548244789573 ], [ -122.16133986267964, 37.453548212330276 ], [ -122.161334454609261, 37.453548260937794 ], [ -122.161329047160834, 37.45354833747367 ], [ -122.161323640408042, 37.453548496009269 ], [ -122.161318236029302, 37.453548710385846 ], [ -122.161312831724189, 37.45354897883356 ], [ -122.161307429793027, 37.453549303122244 ], [ -122.161302062968161, 37.453549680986271 ], [ -122.16129666346454, 37.453550114286109 ], [ -122.161291299087225, 37.453550602062215 ], [ -122.161285935933662, 37.453551144794403 ], [ -122.161280574625806, 37.453551770411217 ], [ -122.161275213919751, 37.453552423055498 ], [ -122.16126989009193, 37.453553158088596 ], [ -122.16126456573582, 37.453553920165156 ], [ -122.161259244335369, 37.4535547642095 ], [ -122.161253958081218, 37.453555663630944 ], [ -122.161248673030641, 37.45355661710758 ], [ -122.161243423634474, 37.453557598016737 ], [ -122.1612381749337, 37.453558660925673 ], [ -122.161232962489223, 37.453559778294832 ], [ -122.16122775126837, 37.453560950620123 ], [ -122.16122254129121, 37.453562178802358 ], [ -122.161217367550208, 37.453563460543968 ], [ -122.16121222893527, 37.453564796761775 ], [ -122.161207125446467, 37.453566187455912 ], [ -122.161202024311351, 37.453567633090117 ], [ -122.161196958302298, 37.453569133200588 ], [ -122.161191893516772, 37.453570688267135 ], [ -122.161186863857367, 37.453572297809977 ], [ -122.161181870434021, 37.453573960912173 ], [ -122.161176912156805, 37.453575679391591 ], [ -122.161171989533827, 37.453577425303614 ], [ -122.161167068716153, 37.453579252298468 ], [ -122.161165872706761, 37.453579709013859 ], [ -122.160830321348371, 37.45366082114387 ], [ -122.160624616990262, 37.453708697290374 ], [ -122.160616807422457, 37.453710757989349 ], [ -122.160611742013643, 37.453712286003189 ], [ -122.160606747966455, 37.453713922053169 ], [ -122.160601824792579, 37.453715694984979 ], [ -122.160596940227862, 37.453717577317533 ], [ -122.160592160927379, 37.45371956720674 ], [ -122.160587452500124, 37.453721693977656 ], [ -122.160582816584565, 37.453723929669785 ], [ -122.160578286574932, 37.453726301748091 ], [ -122.160573827305086, 37.453728753934016 ], [ -122.160569508993902, 37.453731342911475 ], [ -122.160565261422548, 37.453734011996616 ], [ -122.160561120285465, 37.453736790424308 ], [ -122.160557118315083, 37.453739675929022 ], [ -122.160553187726293, 37.453742670371007 ], [ -122.16054939798272, 37.453745745731318 ], [ -122.160545747425928, 37.453748929069661 ], [ -122.160542201531641, 37.453752192937046 ], [ -122.160538796482626, 37.453755537722785 ], [ -122.160535496096117, 37.453758963037608 ], [ -122.160532369307361, 37.453762467906259 ], [ -122.16052934833121, 37.453766054188932 ], [ -122.160526500972935, 37.453769720926388 ], [ -122.16052526342186, 37.453771358803706 ], [ -122.160467498232592, 37.453855735880012 ], [ -122.160405157355839, 37.453985337123719 ], [ -122.160402422436718, 37.453994056234926 ], [ -122.1604012405774, 37.453998247343002 ], [ -122.160400197832217, 37.454002492357994 ], [ -122.160399259055254, 37.45400673590229 ], [ -122.160398423738059, 37.454011005920464 ], [ -122.160397691238884, 37.454015273582961 ], [ -122.160397063329626, 37.454019567703341 ], [ -122.160396539388657, 37.454023860353061 ], [ -122.160396152188568, 37.454028151068428 ], [ -122.1603958695584, 37.454032467340824 ], [ -122.160395689786512, 37.454036783059401 ], [ -122.160395613962876, 37.45404109640635 ], [ -122.160395674880291, 37.454045407819009 ], [ -122.160395805883368, 37.454049719141437 ], [ -122.160396073607473, 37.454054027628644 ], [ -122.160396445299966, 37.454058334645161 ], [ -122.160396919229228, 37.454062613179246 ], [ -122.160397497748562, 37.454066918171243 ], [ -122.16039821238742, 37.454071193300315 ], [ -122.160399030974745, 37.454075466057752 ], [ -122.160399146573525, 37.454075987122437 ], [ -122.160510946736409, 37.454453227838165 ], [ -122.16051150469211, 37.454459757298743 ], [ -122.160511257120049, 37.454464073976602 ], [ -122.160510455686961, 37.454468342614852 ], [ -122.160509171007419, 37.454472536079592 ], [ -122.160507365694869, 37.454476599926075 ], [ -122.160505075270649, 37.454480504813148 ], [ -122.160502366979131, 37.454484224555749 ], [ -122.160499172352544, 37.454487730382503 ], [ -122.160495625819536, 37.454490967220593 ], [ -122.160494610015945, 37.454491750319988 ], [ -122.160337914933237, 37.454583653188294 ], [ -122.160331021077965, 37.454586634563952 ], [ -122.160326063843911, 37.454588352991316 ], [ -122.160320962714849, 37.454589853559419 ], [ -122.160315787062416, 37.454591053277134 ], [ -122.160310501926475, 37.454592006711465 ], [ -122.160305175641724, 37.454592685859517 ], [ -122.160299775455286, 37.454593092085801 ], [ -122.160294368551689, 37.45459319650265 ], [ -122.160288955003864, 37.454593053181348 ], [ -122.160283569772005, 37.454592607555021 ], [ -122.160278249092357, 37.454591913183542 ], [ -122.160272989521744, 37.454590916944461 ], [ -122.160267793373379, 37.45458967197618 ], [ -122.160262727851645, 37.454588150292004 ], [ -122.160257795838447, 37.45458637978858 ], [ -122.160256753142988, 37.454585954748033 ], [ -122.159993520017267, 37.454470435476637 ], [ -122.159980155660165, 37.454466009398061 ], [ -122.159975089458513, 37.454464405701486 ], [ -122.159969991178428, 37.454462884468128 ], [ -122.159964858486973, 37.454461391658626 ], [ -122.15995969258708, 37.454459981328299 ], [ -122.159954528418808, 37.454458598009481 ], [ -122.159949329839236, 37.454457243114511 ], [ -122.159944098071122, 37.454455971599614 ], [ -122.159938868034658, 37.454454727096255 ], [ -122.159933604789643, 37.454453565072036 ], [ -122.159928342166239, 37.454452430976232 ], [ -122.159923045732853, 37.454451352331937 ], [ -122.159917751652529, 37.454450328627743 ], [ -122.159912423762165, 37.45444936037503 ], [ -122.159907096473376, 37.454448419149763 ], [ -122.159901737106011, 37.454447560387713 ], [ -122.159896377851524, 37.454446757498587 ], [ -122.159891020328686, 37.454445981620978 ], [ -122.159885628995767, 37.454445261194842 ], [ -122.159880238885734, 37.454444595724759 ], [ -122.159874816095723, 37.454443985690204 ], [ -122.159869428431506, 37.454443430132265 ], [ -122.15986400695715, 37.454442930025799 ], [ -122.159858552802746, 37.454442485354797 ], [ -122.159853134904282, 37.454442095144465 ], [ -122.159847683195608, 37.454441760385613 ], [ -122.159842232088351, 37.454441452654187 ], [ -122.159836783955456, 37.454441227791477 ], [ -122.159831335293845, 37.454441029972159 ], [ -122.159825888476448, 37.454440915037551 ], [ -122.15982044226044, 37.454440827130362 ], [ -122.159814963364298, 37.454440794658666 ], [ -122.159809519593878, 37.454440816663634 ], [ -122.159804042614496, 37.454440921147722 ], [ -122.159798602419656, 37.454441053048789 ], [ -122.159793162317428, 37.454441239921906 ], [ -122.159787688404904, 37.454441482246487 ], [ -122.159782251256814, 37.454441751087138 ], [ -122.159776814822749, 37.454442102828494 ], [ -122.159771379611328, 37.454442509525826 ], [ -122.159765945622595, 37.454442971179276 ], [ -122.159760512235124, 37.454443459860151 ], [ -122.159755115724749, 37.454444030930361 ], [ -122.159749718685475, 37.454444629044005 ], [ -122.159744324600283, 37.454445309125376 ], [ -122.159738931136374, 37.454446017135162 ], [ -122.159733572797975, 37.454446779621605 ], [ -122.159728180649168, 37.454447597559515 ], [ -122.159722859788999, 37.454448469462747 ], [ -122.15971750511838, 37.454449396817395 ], [ -122.159712186703288, 37.454450378632799 ], [ -122.159706903413706, 37.454451414924847 ], [ -122.159701620725286, 37.454452478244342 ], [ -122.159696339880796, 37.454453624448597 ], [ -122.159691094670421, 37.454454797184923 ], [ -122.159685849552446, 37.454456024893311 ], [ -122.159680640690013, 37.454457307062448 ], [ -122.159675433050126, 37.454458644187618 ], [ -122.159670261665681, 37.454460035773586 ], [ -122.159665125406605, 37.454461481836255 ], [ -122.159659989768684, 37.454462955827289 ], [ -122.159654889236137, 37.454464483394126 ], [ -122.159649791076134, 37.454466066802055 ], [ -122.159646335317333, 37.454467186297364 ], [ -122.159364822288666, 37.454576922030284 ], [ -122.15935795251869, 37.454579463218998 ], [ -122.15935292450304, 37.454581100595782 ], [ -122.159347892892129, 37.454582627174744 ], [ -122.15934275539594, 37.454584018266985 ], [ -122.15933758155181, 37.454585299925618 ], [ -122.159332369027155, 37.454586418111212 ], [ -122.159327085101438, 37.454587426457564 ], [ -122.159321797508312, 37.454588269934739 ], [ -122.159316473587367, 37.454589004879196 ], [ -122.159311110945993, 37.454589574548805 ], [ -122.159305710846681, 37.454590035701656 ], [ -122.159300308210192, 37.454590331969342 ], [ -122.159294903128952, 37.454590518324132 ], [ -122.159289493250398, 37.454590539825709 ], [ -122.159284082057169, 37.454590451398403 ], [ -122.159278701099851, 37.454590197622657 ], [ -122.159273283193627, 37.454589807385574 ], [ -122.159267930047577, 37.454589279249383 ], [ -122.159262575566856, 37.454588640283418 ], [ -122.15925725134224, 37.454587836869948 ], [ -122.159251957954822, 37.454586895135726 ], [ -122.159246732188961, 37.454585842498147 ], [ -122.159241536679247, 37.454584625413105 ], [ -122.159236372607921, 37.454583297035001 ], [ -122.159231309460125, 37.454581830246667 ], [ -122.159226278299755, 37.454580226022564 ], [ -122.159221312500904, 37.454578510927121 ], [ -122.159216412572533, 37.45457665701575 ], [ -122.159211614188891, 37.454574692622806 ], [ -122.159206881675715, 37.454572589413935 ], [ -122.159202249557225, 37.454570374838603 ], [ -122.159197683930415, 37.454568049375986 ], [ -122.159193219227205, 37.454565585503197 ], [ -122.159188889422865, 37.454563036812438 ], [ -122.15918462550907, 37.454560350206712 ], [ -122.159180498774361, 37.454557579651997 ], [ -122.159176472434339, 37.454554697730828 ], [ -122.159172580371987, 37.454551703063125 ], [ -122.159168790475647, 37.454548625842513 ], [ -122.159165137117157, 37.454545435843478 ], [ -122.159161618677501, 37.454542161927385 ], [ -122.15915820123368, 37.454538803672619 ], [ -122.159154954871923, 37.454535360989709 ], [ -122.159151844559076, 37.454531834373896 ], [ -122.159148869144985, 37.454528222940162 ], [ -122.159146065413978, 37.454524554106094 ], [ -122.15914339773191, 37.454520801339072 ], [ -122.159140866699801, 37.454516991666821 ], [ -122.159138506729576, 37.454513096665679 ], [ -122.159136282299244, 37.454509145676177 ], [ -122.159134229022939, 37.454505164330008 ], [ -122.159132347409582, 37.454501124682565 ], [ -122.159130637499246, 37.454497028535705 ], [ -122.159129098762833, 37.454492902933133 ], [ -122.159127695546204, 37.454488720441383 ], [ -122.15912650024768, 37.45448453410949 ], [ -122.15912544161904, 37.454480291773443 ], [ -122.159124554745333, 37.454476046108454 ], [ -122.159124553523085, 37.454475991152101 ], [ -122.159013876798369, 37.453876290330882 ], [ -122.158926473655981, 37.453625801544014 ], [ -122.158922654423264, 37.453618301608998 ], [ -122.158920533377781, 37.453614321217117 ], [ -122.158918377900918, 37.453610368348009 ], [ -122.158916120207707, 37.453606444860931 ], [ -122.158913794180577, 37.453602549375773 ], [ -122.158911433742119, 37.453598682314322 ], [ -122.158909005498799, 37.453594816211101 ], [ -122.158906507791571, 37.45359097812581 ], [ -122.158903977424174, 37.453587196376823 ], [ -122.158901343069246, 37.45358341519627 ], [ -122.158898675433079, 37.453579662423429 ], [ -122.158895939463122, 37.453575937652452 ], [ -122.158893170211925, 37.453572241289173 ], [ -122.158890297594326, 37.453568573422935 ], [ -122.158887391695501, 37.453564933964394 ], [ -122.158884451365367, 37.453561322028612 ], [ -122.158881408798919, 37.453557738573814 ], [ -122.158878331821185, 37.4535541835427 ], [ -122.15887518715077, 37.453550685343018 ], [ -122.158872008558106, 37.453547186721451 ], [ -122.158868762252666, 37.453543744030334 ], [ -122.158865481515932, 37.453540328861969 ], [ -122.158862098562963, 37.453536943075541 ], [ -122.158858716231322, 37.453533585217599 ], [ -122.158855230533277, 37.45353025585662 ], [ -122.158851712135089, 37.453526981030066 ], [ -122.158848160475756, 37.453523735512078 ], [ -122.158844539953606, 37.453520545039616 ], [ -122.158840885549267, 37.453517355947071 ], [ -122.15883716454222, 37.453514221868076 ], [ -122.158833407993896, 37.453511116228661 ], [ -122.158829584842877, 37.453508065602762 ], [ -122.158825727300638, 37.453505044301423 ], [ -122.158821802025699, 37.453502078029572 ], [ -122.158817843469507, 37.453499140165306 ], [ -122.158813850482076, 37.453496229823728 ], [ -122.158809790912045, 37.453493375396555 ], [ -122.1588056957806, 37.453490548508057 ], [ -122.15880153408655, 37.453487778434898 ], [ -122.158797372993789, 37.453485035389264 ], [ -122.158793144188309, 37.453482348273994 ], [ -122.158788847049038, 37.453479689160488 ], [ -122.158784551152095, 37.453477085904098 ], [ -122.158780187522396, 37.453474537677153 ], [ -122.158775790611472, 37.453472017857749 ], [ -122.158771359289332, 37.45346952646188 ], [ -122.158766894737852, 37.453467116644042 ], [ -122.158762396304184, 37.453464708206106 ], [ -122.158757830758745, 37.453462382726165 ], [ -122.158753265834591, 37.453460085174676 ], [ -122.158748634327765, 37.453457843537585 ], [ -122.158743967860445, 37.453455656466701 ], [ -122.158739303144529, 37.45345349730831 ], [ -122.158734570735817, 37.453451394981151 ], [ -122.158729804496772, 37.45344934720432 ], [ -122.158725004956452, 37.453447326934018 ], [ -122.158720205528326, 37.453445362536783 ], [ -122.158715339497391, 37.45344345315295 ], [ -122.15871043965609, 37.453441599220277 ], [ -122.158705542187093, 37.45343980112871 ], [ -122.158700610286772, 37.45343803055971 ], [ -122.158695644555991, 37.453436314540951 ], [ -122.158690646164942, 37.453434654858306 ], [ -122.158685613963485, 37.453433050626856 ], [ -122.158680584114236, 37.453431501335537 ], [ -122.158675519833608, 37.453429979566771 ], [ -122.158670421742556, 37.453428513249129 ], [ -122.158665291572049, 37.453427129394399 ], [ -122.158660162022755, 37.453425773468076 ], [ -122.158654998662954, 37.4534244729929 ], [ -122.158649837655375, 37.45342322745789 ], [ -122.158644607203783, 37.453422010841365 ], [ -122.15863941360773, 37.453420875713505 ], [ -122.158634152298731, 37.453419796515966 ], [ -122.158628926623365, 37.453418743850783 ], [ -122.158462919907393, 37.453389362563499 ], [ -122.158450426416266, 37.453386875121616 ], [ -122.15844443697334, 37.45338558630926 ], [ -122.158438445687992, 37.453384214611546 ], [ -122.158432453801964, 37.453382815885888 ], [ -122.158426527898513, 37.453381334217838 ], [ -122.158420601903615, 37.453379797577199 ], [ -122.158414675288142, 37.45337823300757 ], [ -122.158408815785307, 37.453376585479745 ], [ -122.158402955040927, 37.453374882094309 ], [ -122.158397126997627, 37.453373124174135 ], [ -122.158391332765419, 37.453371310802439 ], [ -122.158385572344343, 37.453369441979113 ], [ -122.158379843474151, 37.453367517736147 ], [ -122.158374114512654, 37.453365538520615 ], [ -122.158368452663893, 37.453363476346809 ], [ -122.158362790194602, 37.453361386244097 ], [ -122.158357194308863, 37.453359240226803 ], [ -122.158351598331805, 37.453357039236948 ], [ -122.158346070068347, 37.453354782316545 ], [ -122.158340539453476, 37.453352470455506 ], [ -122.158335077702318, 37.453350103548907 ], [ -122.158329649213115, 37.453347707333506 ], [ -122.158324253954262, 37.453345229539785 ], [ -122.158318891356558, 37.453342695409603 ], [ -122.15831356206084, 37.453340133772478 ], [ -122.158309242660053, 37.453337997656 ], [ -122.157908781027473, 37.453312449550218 ], [ -122.157895008592902, 37.453312891912176 ], [ -122.157889599936638, 37.453312913333264 ], [ -122.157884188308316, 37.453312851885109 ], [ -122.157878776608825, 37.453312736365305 ], [ -122.157873363067282, 37.453312537960286 ], [ -122.157867981606287, 37.453312257092165 ], [ -122.157862563270839, 37.453311893833572 ], [ -122.157857179276064, 37.453311448079972 ], [ -122.157851826832342, 37.453310946906861 ], [ -122.157846438664407, 37.453310364228329 ], [ -122.157841117589456, 37.453309697690912 ], [ -122.157835794672678, 37.453308948268301 ], [ -122.157830469934083, 37.453308116861379 ], [ -122.157825179026844, 37.453307230904052 ], [ -122.157819886257755, 37.453306261160499 ], [ -122.157814659491748, 37.453305209376026 ], [ -122.157809431993996, 37.45330407378939 ], [ -122.157804237197624, 37.453302883668279 ], [ -122.1577990744819, 37.453301611084065 ], [ -122.157793911054583, 37.453300255598734 ], [ -122.157788814210946, 37.453298844199161 ], [ -122.157783715545662, 37.453297350815305 ], [ -122.157778685103665, 37.453295773556711 ], [ -122.157773687343038, 37.453294140862695 ], [ -122.15776872166316, 37.453292425705627 ], [ -122.157763789794799, 37.453290655097241 ], [ -122.157758889987193, 37.453288801124835 ], [ -122.157754057292863, 37.453286864194595 ], [ -122.157749258410064, 37.453284871813068 ], [ -122.157744492208693, 37.453282823996147 ], [ -122.157739794250716, 37.453280693205457 ], [ -122.157735127223475, 37.453278479066761 ], [ -122.157730529640872, 37.4532762360097 ], [ -122.157725964159141, 37.453273911390532 ], [ -122.157721465770734, 37.453271502912649 ], [ -122.157717035076317, 37.453269037603725 ], [ -122.157712638213454, 37.453266517744495 ], [ -122.157708307934413, 37.45326394197113 ], [ -122.157704045898925, 37.45326128322403 ], [ -122.157699816015395, 37.453258596085313 ], [ -122.157695654355294, 37.453255825071949 ], [ -122.157691595461728, 37.453252998534701 ], [ -122.157687568099476, 37.453250115677221 ], [ -122.157685327228464, 37.453248471981944 ], [ -122.157674951399244, 37.453242081166039 ], [ -122.157670587821173, 37.453239532897776 ], [ -122.157666191582152, 37.453237040965419 ], [ -122.157661726479759, 37.453234604077757 ], [ -122.1576572280958, 37.45323219559743 ], [ -122.157652697010889, 37.453229841651108 ], [ -122.157648132134995, 37.453227544056588 ], [ -122.157643499545657, 37.453225302391772 ], [ -122.157638834255437, 37.453223115260997 ], [ -122.157634135174121, 37.45322098448203 ], [ -122.157629403411917, 37.453218909137966 ], [ -122.157624602786157, 37.453216888838668 ], [ -122.157619804531876, 37.45321492438044 ], [ -122.157614937943549, 37.453212987923251 ], [ -122.15761007317721, 37.453211133449891 ], [ -122.157605140697413, 37.453209334906148 ], [ -122.157600208328887, 37.453207592235501 ], [ -122.157595209356955, 37.453205904577565 ], [ -122.157590211606376, 37.453204271875741 ], [ -122.157585181174724, 37.453202694608819 ], [ -122.157580115821915, 37.453201173709644 ], [ -122.1575750188981, 37.453199707328459 ], [ -122.15756988816311, 37.453198296398142 ], [ -122.157564759249993, 37.453196967451653 ], [ -122.157559596545681, 37.453195694856902 ], [ -122.157554400539752, 37.453194449768375 ], [ -122.157549206355569, 37.453193286663698 ], [ -122.157543944457842, 37.45319217948861 ], [ -122.157538719434314, 37.453191154703546 ], [ -122.157533424946607, 37.453190157935353 ], [ -122.157528167333055, 37.453189243557205 ], [ -122.157522842005903, 37.45318838510866 ], [ -122.157517519030023, 37.453187581600183 ], [ -122.157512196125211, 37.453186832162913 ], [ -122.157506875062083, 37.453186165610326 ], [ -122.157501519587115, 37.453185527480862 ], [ -122.157496132031426, 37.453184971813975 ], [ -122.157490746297412, 37.453184498130845 ], [ -122.157485362314077, 37.453184052360129 ], [ -122.157479979022199, 37.453183688589235 ], [ -122.157474596971454, 37.453183380675334 ], [ -122.15746918108934, 37.45318312731127 ], [ -122.157463767558298, 37.453182928887387 ], [ -122.157458355868869, 37.453182813348221 ], [ -122.157452944250338, 37.453182751880171 ], [ -122.157447535002902, 37.453182746253198 ], [ -122.157442127576999, 37.453182822610025 ], [ -122.157436719621458, 37.453182926010264 ], [ -122.157431314637464, 37.453183112279298 ], [ -122.157425909744447, 37.453183353520338 ], [ -122.15742050780284, 37.453183676729303 ], [ -122.15741514100462, 37.453184055316477 ], [ -122.157409741504864, 37.453184488437607 ], [ -122.157404377128387, 37.453184976036091 ], [ -122.157399013972864, 37.453185518590651 ], [ -122.157393652658683, 37.453186144029978 ], [ -122.157388292545392, 37.453186823524497 ], [ -122.157382968705392, 37.453187558381366 ], [ -122.157377645556622, 37.453188375237985 ], [ -122.157372359791196, 37.453189246540099 ], [ -122.157367073496061, 37.453190144885632 ], [ -122.157361789042213, 37.453191126115932 ], [ -122.157356540311923, 37.453192188851339 ], [ -122.157351327234437, 37.453193279020489 ], [ -122.157349785222095, 37.453193630635106 ], [ -122.157010534536838, 37.453263466700925 ], [ -122.156993969369765, 37.45326688631458 ], [ -122.156987317194023, 37.453268381598036 ], [ -122.156980634066713, 37.453269959327834 ], [ -122.156974019964522, 37.45327159105635 ], [ -122.156967407683041, 37.453273304768615 ], [ -122.156960831054079, 37.453275045914623 ], [ -122.156954291278225, 37.45327686854975 ], [ -122.156947752212915, 37.453278774085462 ], [ -122.156941249380424, 37.453280733181678 ], [ -122.156934815593019, 37.453282747177639 ], [ -122.156928384135938, 37.453284815212754 ], [ -122.156921988421871, 37.453286965653945 ], [ -122.156915595058138, 37.453289171035124 ], [ -122.156909270719424, 37.453291430415213 ], [ -122.156902982633468, 37.453293744256769 ], [ -122.156896730290413, 37.453296140504406 ], [ -122.156890479147563, 37.453298590807137 ], [ -122.156884298159781, 37.453301095092804 ], [ -122.156878153424643, 37.453303653839953 ], [ -122.156872044432376, 37.45330629499324 ], [ -122.156866005595219, 37.453308990129486 ], [ -122.156859967357846, 37.453311712293164 ], [ -122.156854000496125, 37.453314543396068 ], [ -122.156848034234258, 37.453317401526462 ], [ -122.156842138147383, 37.45332031454074 ], [ -122.156836311065462, 37.45332328065308 ], [ -122.156830486954036, 37.453326329634159 ], [ -122.156824732377316, 37.453329404669581 ], [ -122.156819048575855, 37.453332561616669 ], [ -122.156813365994452, 37.453335773519861 ], [ -122.156807752947756, 37.453339011477446 ], [ -122.156802209546257, 37.453342331362627 ], [ -122.156796703507382, 37.453345704792596 ], [ -122.156791230860662, 37.453349105688311 ], [ -122.156785830119219, 37.453352588479788 ], [ -122.156780499512777, 37.453356124353448 ], [ -122.156775203428481, 37.453359687676944 ], [ -122.156769942466653, 37.453363305478028 ], [ -122.15676475341013, 37.453367005174897 ], [ -122.156759632738272, 37.453370730041264 ], [ -122.156754583371409, 37.453374509775735 ], [ -122.156749568506754, 37.453378316059187 ], [ -122.156744589384729, 37.453382204748863 ], [ -122.156739714830039, 37.453386118998594 ], [ -122.156734876547787, 37.453390088610917 ], [ -122.156730107270448, 37.453394111321415 ], [ -122.15672540814802, 37.453398188015107 ], [ -122.156720744657889, 37.453402291241829 ], [ -122.15671618524523, 37.453406448874162 ], [ -122.156711661464769, 37.453410633039525 ], [ -122.156707206709257, 37.45341487120406 ], [ -122.15670282323876, 37.453419163335894 ], [ -122.156698474270456, 37.453423482016717 ], [ -122.156694230509729, 37.453427855087227 ], [ -122.156690526714812, 37.453431752810374 ], [ -122.156682615480733, 37.453440132136741 ], [ -122.156679420209542, 37.453443665804464 ], [ -122.156676296223651, 37.453447253439535 ], [ -122.156673206139871, 37.453450840595977 ], [ -122.156670185081211, 37.453454481751727 ], [ -122.156667200785151, 37.453458149424755 ], [ -122.156664284913958, 37.453461844069281 ], [ -122.156661404075081, 37.453465538219284 ], [ -122.156658627293908, 37.453469285874142 ], [ -122.156655851112632, 37.453473060556654 ], [ -122.156653178388893, 37.453476861716275 ], [ -122.156650542427769, 37.45348068939316 ], [ -122.156647974891541, 37.453484544041601 ], [ -122.15664547689039, 37.453488424744791 ], [ -122.156643012791392, 37.453492304969394 ], [ -122.156640618847703, 37.453496239177397 ], [ -122.156638294988994, 37.453500173297392 ], [ -122.156636006232858, 37.453504160994235 ], [ -122.156633786411632, 37.453508147718139 ], [ -122.156631635015415, 37.453512161413627 ], [ -122.156629553664132, 37.453516173219278 ], [ -122.156627542488152, 37.453520239909274 ], [ -122.156625565194517, 37.45352430521978 ], [ -122.156623657455938, 37.453528397485954 ], [ -122.156621819272473, 37.453532516707817 ], [ -122.156620050003895, 37.453536634055808 ], [ -122.156618350290515, 37.453540778359482 ], [ -122.156616685609535, 37.453544922168668 ], [ -122.156615579483358, 37.453547849577191 ], [ -122.156575030187767, 37.453717245714323 ], [ -122.156558671159587, 37.453858748763082 ], [ -122.156557334735652, 37.453865304973327 ], [ -122.156556257250799, 37.45386952250405 ], [ -122.156554937326533, 37.453873716420148 ], [ -122.156553444408189, 37.453877857804116 ], [ -122.156551777985854, 37.453881974600506 ], [ -122.156549904046486, 37.453886011414596 ], [ -122.156547855982879, 37.453889995712515 ], [ -122.15654560102243, 37.453893927956734 ], [ -122.156543205840364, 37.453897807206275 ], [ -122.156540602561009, 37.453901580346646 ], [ -122.156537859040085, 37.453905299591398 ], [ -122.156534907401806, 37.45390891182609 ], [ -122.156532824587032, 37.453911331219125 ], [ -122.156527978654552, 37.453916536483661 ], [ -122.156524573418139, 37.453919881152927 ], [ -122.156520992816908, 37.453923117448596 ], [ -122.156517306446602, 37.453926274128307 ], [ -122.156513480874409, 37.453929321924043 ], [ -122.15650951499029, 37.453932261752719 ], [ -122.156505408194079, 37.453935066586489 ], [ -122.15650119498855, 37.453937762974746 ], [ -122.156496842621237, 37.453940352280746 ], [ -122.156492417727364, 37.453942831761857 ], [ -122.156487852431312, 37.453945148303426 ], [ -122.15648321577892, 37.453947356805891 ], [ -122.156478472097106, 37.453949428934095 ], [ -122.156473622516131, 37.453951364672029 ], [ -122.156468735481454, 37.45395319189241 ], [ -122.156463741947448, 37.453954855694761 ], [ -122.156458676417017, 37.453956382628398 ], [ -122.156453538309933, 37.453957746566559 ], [ -122.156448363859411, 37.453959001070231 ], [ -122.156443115662285, 37.453960090792371 ], [ -122.156437829921458, 37.453961017024696 ], [ -122.15643250783728, 37.453961833822468 ], [ -122.156427180361902, 37.453962458739142 ], [ -122.156421782620498, 37.453962973798845 ], [ -122.156416415140995, 37.45396332441176 ], [ -122.156411010097926, 37.453963510633777 ], [ -122.15640560088417, 37.453963559931076 ], [ -122.156400189119722, 37.453963443442213 ], [ -122.156394774334657, 37.453963190913626 ], [ -122.156389389771718, 37.45396277213635 ], [ -122.156384036070918, 37.453962215939988 ], [ -122.156383448843656, 37.453962141315749 ], [ -122.156108493917074, 37.453917318955753 ], [ -122.155624241224572, 37.453837760774356 ], [ -122.155586996319911, 37.453831638816204 ], [ -122.155562936204348, 37.453860683388392 ], [ -122.155231482655978, 37.45364854671449 ], [ -122.155606604754595, 37.45327132851201 ], [ -122.155444463456618, 37.453169151219434 ], [ -122.155978524181833, 37.452630481151338 ], [ -122.155437974935836, 37.452289855817796 ], [ -122.155360142406494, 37.452240246267976 ], [ -122.156239242128095, 37.451335877849544 ], [ -122.156734278568649, 37.451651897302561 ], [ -122.156950696736956, 37.451433459455281 ], [ -122.157082918912778, 37.451516498176183 ], [ -122.157121369707369, 37.451477718938214 ], [ -122.157469639828776, 37.451127243734362 ], [ -122.158094624235545, 37.451522977093617 ], [ -122.158499378751827, 37.451101985281241 ], [ -122.158987789336294, 37.451411001883912 ], [ -122.159115946720974, 37.451281735443892 ], [ -122.159173917951918, 37.451220621649959 ], [ -122.159105344659238, 37.451179975947255 ], [ -122.159397149657892, 37.450889103058373 ], [ -122.159733336630055, 37.45110187573421 ], [ -122.159706648058801, 37.451128815295299 ], [ -122.160112041520563, 37.451384255538152 ], [ -122.16018504988476, 37.451427530737362 ], [ -122.159617118563872, 37.451993839304698 ], [ -122.15971350996314, 37.452052056023867 ], [ -122.160389175657244, 37.452477771187198 ], [ -122.160389176880415, 37.452477826143479 ], [ -122.160148903747654, 37.452720203212266 ], [ -122.160077326118227, 37.452789283724499 ], [ -122.160915108325739, 37.45331837582588 ], [ -122.160986762226557, 37.453248112240324 ], [ -122.16122706761783, 37.453005705058352 ], [ -122.160956795998999, 37.452835405004066 ], [ -122.160791944525997, 37.452732532562798 ], [ -122.160389209559256, 37.45247777070761 ], [ -122.160389243969789, 37.452477742283428 ], [ -122.160629514410829, 37.452235364734051 ], [ -122.160736305574304, 37.452127631238163 ], [ -122.161283746360638, 37.451574462895316 ], [ -122.162751530102028, 37.452495943577254 ], [ -122.163598262866032, 37.451622576955202 ], [ -122.163686697598777, 37.451676124120574 ], [ -122.164227279432112, 37.452016683556771 ], [ -122.164569637289205, 37.451674400489331 ], [ -122.1651097456526, 37.452019797612664 ], [ -122.165034635937118, 37.452307060543561 ], [ -122.165032426931518, 37.452313080404636 ], [ -122.165030726486734, 37.452317169874213 ], [ -122.16502892260273, 37.452321233774882 ], [ -122.165026944571977, 37.452325244271002 ], [ -122.165024863102033, 37.452329229198213 ], [ -122.165022642557588, 37.452333162025759 ], [ -122.165020282898368, 37.45233704095174 ], [ -122.16501781866981, 37.452340894324813 ], [ -122.165015180821314, 37.452344667249633 ], [ -122.165012472812009, 37.452348386195943 ], [ -122.165009591826291, 37.452352053523491 ], [ -122.16500660500428, 37.452355638539942 ], [ -122.165003514139769, 37.452359170959745 ], [ -122.165000319212467, 37.452362649881941 ], [ -122.164996983457144, 37.452366048791824 ], [ -122.164993543015783, 37.45236936627547 ], [ -122.16498996347967, 37.452372630758468 ], [ -122.164986313179526, 37.452375814235268 ], [ -122.164982558193344, 37.452378916285788 ], [ -122.164978697411087, 37.452381937827006 ], [ -122.164974731339569, 37.452384850914335 ], [ -122.164970661205331, 37.452387710503956 ], [ -122.164966518553669, 37.452390461174744 ], [ -122.164962271839272, 37.452393158347832 ], [ -122.16495791923235, 37.452395720039327 ], [ -122.164953495334629, 37.452398227768185 ], [ -122.164949001159542, 37.452400625645247 ], [ -122.164944435617286, 37.452402915488307 ], [ -122.164939764279012, 37.452405124821958 ], [ -122.164937034389823, 37.452406344126786 ], [ -122.164930315669324, 37.452409406205426 ], [ -122.164925537814767, 37.452411452128416 ], [ -122.164920723078183, 37.452413415663244 ], [ -122.164915836954336, 37.452415270263145 ], [ -122.164910914475328, 37.452417015431159 ], [ -122.16490592185572, 37.452418707521467 ], [ -122.164900891730809, 37.452420289294963 ], [ -122.164895791368849, 37.452421763018414 ], [ -122.164890654124974, 37.452423154353689 ], [ -122.164885514427908, 37.452424435776152 ], [ -122.16488030394693, 37.45242563529132 ], [ -122.164875056000938, 37.452426726291606 ], [ -122.164869806731943, 37.452427707362986 ], [ -122.164864520581006, 37.452428606046219 ], [ -122.164859198095215, 37.452429396198447 ], [ -122.164853838124415, 37.452430076934803 ], [ -122.164848476303732, 37.452430674786065 ], [ -122.164843112030155, 37.452431162724501 ], [ -122.164837712024877, 37.452431569159586 ], [ -122.164832342845429, 37.452431837272492 ], [ -122.164826936804275, 37.452432023898069 ], [ -122.164821496141514, 37.452432128103339 ], [ -122.16481608519463, 37.45243209490333 ], [ -122.164810673548303, 37.452431979703093 ], [ -122.16480529335108, 37.45243175410922 ], [ -122.164799877402302, 37.452431446111078 ], [ -122.164794492299549, 37.452431000691618 ], [ -122.164789139249208, 37.452430471906212 ], [ -122.164783785499395, 37.452429861120599 ], [ -122.164778463198928, 37.45242913994133 ], [ -122.16477313846589, 37.452428309750189 ], [ -122.164767846292094, 37.4524273682485 ], [ -122.164762586190889, 37.45242634428179 ], [ -122.164757357539074, 37.452425209921479 ], [ -122.164752197101848, 37.452423991682267 ], [ -122.164747033081966, 37.452422663546358 ], [ -122.164741936186914, 37.452421253349506 ], [ -122.164736871851247, 37.452419731842113 ], [ -122.164731840698195, 37.45241812695275 ], [ -122.164726874916695, 37.452416412089896 ], [ -122.164721942337977, 37.452414614746033 ], [ -122.164717076843914, 37.452412733539418 ], [ -122.164712276701351, 37.452410741458436 ], [ -122.164707545396709, 37.45240869342723 ], [ -122.164702844918452, 37.452406507073917 ], [ -122.164698213298266, 37.452404265671333 ], [ -122.164694134548853, 37.45240218044718 ], [ -122.164239477856697, 37.452114079834544 ], [ -122.164230443822689, 37.452109126016865 ], [ -122.164225844910987, 37.452106829158616 ], [ -122.164221213399586, 37.452104641808575 ], [ -122.164216446493029, 37.452102567226568 ], [ -122.164211647513824, 37.452100575109036 ], [ -122.164206781525948, 37.452098720924909 ], [ -122.164201815681906, 37.452096951067531 ], [ -122.164196817861054, 37.452095318646847 ], [ -122.164191786857486, 37.452093769607522 ], [ -122.164186656073497, 37.452092358966283 ], [ -122.164181493839692, 37.452091058718032 ], [ -122.164176299026167, 37.452089868878822 ], [ -122.164171071632751, 37.452088789448602 ], [ -122.164165779490659, 37.452087847919735 ], [ -122.164160488067537, 37.45208698929153 ], [ -122.164155132498649, 37.452086295592323 ], [ -122.164149777648731, 37.452085684793801 ], [ -122.164144391971902, 37.452085212316817 ], [ -122.164139009856967, 37.452084848835241 ], [ -122.164133594654942, 37.452084623707229 ], [ -122.164128183014768, 37.452084507574604 ], [ -122.164122772716425, 37.452084502271248 ], [ -122.164117366602795, 37.452084633891843 ], [ -122.164111962941021, 37.45208487542476 ], [ -122.164106596235641, 37.452085253416975 ], [ -122.164101196950114, 37.452085741818209 ], [ -122.164095836901254, 37.452086367547679 ], [ -122.164090511452784, 37.452087074796211 ], [ -122.164085224713745, 37.452087946416668 ], [ -122.164079939803358, 37.452088900020925 ], [ -122.164074692999392, 37.452089990969363 ], [ -122.164069516450652, 37.452091190868877 ], [ -122.164064343463423, 37.452092499763772 ], [ -122.16405924135438, 37.452093945538323 ], [ -122.164054211760572, 37.452095500231877 ], [ -122.164049218520077, 37.452097164357156 ], [ -122.164044261009849, 37.452098909985544 ], [ -122.164039410539715, 37.45210079198101 ], [ -122.164034596422781, 37.452102783408115 ], [ -122.164031969269629, 37.452103946261708 ], [ -122.163826325752382, 37.452203689039088 ], [ -122.163794955903754, 37.452221549546373 ], [ -122.163782545019899, 37.452228949549472 ], [ -122.163770239420586, 37.452236458006148 ], [ -122.163758075890684, 37.452244102332465 ], [ -122.163746016495153, 37.452251854227484 ], [ -122.163734063534221, 37.452259715461068 ], [ -122.163722251492501, 37.452267711679532 ], [ -122.163710544112391, 37.452275788423094 ], [ -122.163698978781554, 37.452284000135606 ], [ -122.163687517625107, 37.452292321218835 ], [ -122.163676198517877, 37.452300777270992 ], [ -122.163665019104215, 37.452309313351932 ], [ -122.163653978896903, 37.452317958307205 ], [ -122.163643045084015, 37.452326710799483 ], [ -122.163632251587515, 37.452335571249243 ], [ -122.163621598407403, 37.452344539656451 ], [ -122.16361108554365, 37.452353616021227 ], [ -122.163607638933712, 37.452356659583778 ], [ -122.16360118094326, 37.452362189902182 ], [ -122.163597600121079, 37.452365399386451 ], [ -122.163594055556047, 37.452368663330311 ], [ -122.163590580020212, 37.452371981269401 ], [ -122.163587175170818, 37.452375326143951 ], [ -122.163583839330471, 37.452378724112748 ], [ -122.163580574176706, 37.452382149017033 ], [ -122.163577343020009, 37.452385628413026 ], [ -122.16357421818455, 37.452389161275676 ], [ -122.16357116115276, 37.452392693177259 ], [ -122.163568174902892, 37.452396306986607 ], [ -122.163565223664733, 37.452399919398488 ], [ -122.163562376507798, 37.452403586209954 ], [ -122.163559599490014, 37.452407306099772 ], [ -122.163556892535979, 37.452411024996501 ], [ -122.163554254611128, 37.452414797888437 ], [ -122.163551720144753, 37.452418597251459 ], [ -122.163549221332971, 37.452422424046482 ], [ -122.163546827692372, 37.452426303423323 ], [ -122.163544467953542, 37.452430182319638 ], [ -122.163542212275857, 37.452434114714734 ], [ -122.163540060564031, 37.452438045636242 ], [ -122.163537943979463, 37.452442031033549 ], [ -122.16353593198356, 37.452446042885917 ], [ -122.163533987791368, 37.452450053777277 ], [ -122.16353211486846, 37.452454117731016 ], [ -122.163530344801444, 37.452458181128094 ], [ -122.163528644873708, 37.452462297603553 ], [ -122.163527013899895, 37.452466414002963 ], [ -122.163525486871961, 37.452470528027902 ], [ -122.163524028893406, 37.452474696949068 ], [ -122.16352263982867, 37.452478863992347 ], [ -122.163521355352628, 37.452483057490696 ], [ -122.163520139810558, 37.452487250012105 ], [ -122.16351902772719, 37.452491469004592 ], [ -122.163517985180505, 37.452495714047771 ], [ -122.163517011567706, 37.452499958114025 ], [ -122.163516141900956, 37.452504199805844 ], [ -122.163515340680931, 37.452508469366173 ], [ -122.163514644029718, 37.452512764480772 ], [ -122.163514015689714, 37.452517030689755 ], [ -122.16351357579012, 37.452520470524462 ], [ -122.163492392362286, 37.452740164279327 ], [ -122.163490492646432, 37.452747691050618 ], [ -122.163489172509031, 37.452751857116446 ], [ -122.163487715632925, 37.452756025120117 ], [ -122.163486084650486, 37.452760141518844 ], [ -122.163484279541521, 37.45276420541164 ], [ -122.163482337071031, 37.452768243313713 ], [ -122.163480254883396, 37.452772200284791 ], [ -122.163477999192054, 37.452776132678508 ], [ -122.163475569901536, 37.452779985522639 ], [ -122.163473035418733, 37.452783784883806 ], [ -122.163470329069511, 37.452787531706988 ], [ -122.163467481873013, 37.452791197615156 ], [ -122.163464494979493, 37.452794783493182 ], [ -122.163461335089352, 37.452798316849211 ], [ -122.163458068781523, 37.452801741765988 ], [ -122.163454698411414, 37.45280511318375 ], [ -122.163451153819253, 37.452808377123233 ], [ -122.163447503432138, 37.452811560552064 ], [ -122.163443712725169, 37.452814636022033 ], [ -122.163439817333156, 37.452817630064445 ], [ -122.16343581614619, 37.452820543596104 ], [ -122.16343170906886, 37.452823321644786 ], [ -122.163427462274328, 37.452826018762281 ], [ -122.163423144094295, 37.452828606943967 ], [ -122.163418686724484, 37.452831087150749 ], [ -122.163414190761344, 37.452833458858215 ], [ -122.163409554965654, 37.452835693761195 ], [ -122.163404848427291, 37.45283784855787 ], [ -122.163400068148007, 37.452839839478457 ], [ -122.163395218216095, 37.452841748474839 ], [ -122.16339029627602, 37.452843520606713 ], [ -122.163385302970667, 37.452845184703662 ], [ -122.163380237677245, 37.452846712837058 ], [ -122.163375100375859, 37.452848104105968 ], [ -122.163369925591255, 37.452849385958501 ], [ -122.163364713850967, 37.452850531350983 ], [ -122.163359465134917, 37.452851539382536 ], [ -122.163354178935762, 37.45285243799772 ], [ -122.163348820146169, 37.452853173621591 ], [ -122.163348682879942, 37.452853202603023 ] ], [ [ -122.158843206751413, 37.452000906069905 ], [ -122.15843745068949, 37.451744614954791 ], [ -122.1581208797122, 37.452064044769095 ], [ -122.158526131293002, 37.452319327548551 ], [ -122.158843206751413, 37.452000906069905 ] ] ], [ [ [ -122.163304247293254, 37.452857684957429 ], [ -122.163304370330579, 37.452857676905474 ], [ -122.1633033731745, 37.452857773045764 ], [ -122.163304247293254, 37.452857684957429 ] ] ] ] } },
{ "type": "Feature", "properties": { "ZONE_TYPE": "Residential Multi-Family", "AREA_CALC": 107819.7, "SHAPE_Leng": 1816.0039971599999, "SHAPE_Area": 107819.24058699999, "has_CS": false, "Zone_Type_Abbr": "R" }, "geometry": { "type": "Polygon", "coordinates": [ [ [ -122.122637808471211, 37.411015880183228 ], [ -122.12291850091782, 37.410770574867662 ], [ -122.123442886789007, 37.411422761152501 ], [ -122.123444688490665, 37.41142482430724 ], [ -122.123545903943395, 37.411534451816337 ], [ -122.12393008902913, 37.41238981227464 ], [ -122.123892104382861, 37.412423025627163 ], [ -122.123528752154158, 37.412740703784451 ], [ -122.123395764457285, 37.412641294876998 ], [ -122.123520112779332, 37.412533516854218 ], [ -122.122808392584076, 37.411983112472377 ], [ -122.12294614958185, 37.411861690092785 ], [ -122.122826572057434, 37.411707376687779 ], [ -122.123122622069545, 37.411446145993281 ], [ -122.122637808471211, 37.411015880183228 ] ] ] } },
{ "type": "Feature", "properties": { "ZONE_TYPE": "Residential Multi-Family", "AREA_CALC": 36992.6, "SHAPE_Leng": 773.76355963499998, "SHAPE_Area": 36992.4477262, "has_CS": false, "Zone_Type_Abbr": "R" }, "geometry": { "type": "Polygon", "coordinates": [ [ [ -122.122219047541748, 37.411396839896177 ], [ -122.122637808471211, 37.411015880183228 ], [ -122.123122622069545, 37.411446145993281 ], [ -122.122826572057434, 37.411707376687779 ], [ -122.122727600731139, 37.411795986737992 ], [ -122.12258113823107, 37.411680144242347 ], [ -122.122219047541748, 37.411396839896177 ] ] ] } },
{ "type": "Feature", "properties": { "ZONE_TYPE": "Residential Single-Family", "AREA_CALC": 945679.1, "SHAPE_Leng": 6357.2348667300002, "SHAPE_Area": 945686.17146900005, "has_CS": false, "Zone_Type_Abbr": "R" }, "geometry": { "type": "Polygon", "coordinates": [ [ [ -122.117275795806023, 37.410654052057183 ], [ -122.117332593722125, 37.410594266388216 ], [ -122.117439322511132, 37.410412077673946 ], [ -122.117506454608147, 37.410244389953654 ], [ -122.117578547526662, 37.410043506483767 ], [ -122.117668004261617, 37.409974863885303 ], [ -122.117900965918608, 37.409803515608878 ], [ -122.118020880123666, 37.409419579705947 ], [ -122.118269165793166, 37.409199152482756 ], [ -122.118707097801988, 37.409719355936879 ], [ -122.118960601153475, 37.409495035945852 ], [ -122.119672570104697, 37.410408486614919 ], [ -122.119500706508788, 37.410557899616357 ], [ -122.119425811197218, 37.410613568961203 ], [ -122.120950815242907, 37.41251875057025 ], [ -122.12174957450047, 37.411805555933242 ], [ -122.122219047541748, 37.411396839896177 ], [ -122.12258113823107, 37.411680144242347 ], [ -122.122442550758279, 37.411802978146532 ], [ -122.122339022885029, 37.411894314834427 ], [ -122.121290916187291, 37.412829693502005 ], [ -122.121020689658167, 37.412629829821022 ], [ -122.120321870361806, 37.413253519328997 ], [ -122.120183253816307, 37.4130897702114 ], [ -122.119987948241217, 37.412854286696337 ], [ -122.11987397579081, 37.412716840970972 ], [ -122.11985574182728, 37.412695447660688 ], [ -122.119732883230341, 37.412545214775015 ], [ -122.119625990754855, 37.412418218741408 ], [ -122.119588321857591, 37.412372398954702 ], [ -122.119516396281654, 37.412285657139158 ], [ -122.119407587598729, 37.412154458024247 ], [ -122.119369400351331, 37.412106969989878 ], [ -122.119300052206654, 37.412024751652424 ], [ -122.119192483910325, 37.411895073577561 ], [ -122.119125786808098, 37.41181916391789 ], [ -122.11908851496645, 37.411767817730052 ], [ -122.118946129532489, 37.411887293293873 ], [ -122.118634559810559, 37.412164082941423 ], [ -122.119021767245187, 37.41248811666415 ], [ -122.11861902983658, 37.412846977008719 ], [ -122.118470605005797, 37.412753186417703 ], [ -122.118325121357273, 37.412661580138945 ], [ -122.117835641806323, 37.412351946341921 ], [ -122.117673322764517, 37.412249364094457 ], [ -122.117402690559857, 37.412081114709117 ], [ -122.117402805055349, 37.412078421239286 ], [ -122.117132323035037, 37.411907503418476 ], [ -122.116970040414969, 37.411804947656769 ], [ -122.116426841178708, 37.411463004176724 ], [ -122.116545034994076, 37.41140778464144 ], [ -122.116549413026817, 37.41134435357683 ], [ -122.116569320944436, 37.411139437853265 ], [ -122.116713971264019, 37.411044929732597 ], [ -122.116863220092043, 37.410946539653807 ], [ -122.116983043981364, 37.41084578106986 ], [ -122.117162829517369, 37.410780426817979 ], [ -122.117280230345713, 37.410656874768534 ], [ -122.117275795806023, 37.410654052057183 ] ] ] } },
{ "type": "Feature", "properties": { "ZONE_TYPE": "Residential Multi-Family", "AREA_CALC": 50187.6, "SHAPE_Leng": 1130.6851259299999, "SHAPE_Area": 50189.654135500001, "has_CS": false, "Zone_Type_Abbr": "R" }, "geometry": { "type": "Polygon", "coordinates": [ [ [ -122.160173915287317, 37.44118389316678 ], [ -122.15994185143424, 37.441425083763342 ], [ -122.158712706360461, 37.44065050864743 ], [ -122.158942140690158, 37.440410291310855 ], [ -122.160173915287317, 37.44118389316678 ] ] ] } },
{ "type": "Feature", "properties": { "ZONE_TYPE": "Residential Multi-Family", "AREA_CALC": 11171.2, "SHAPE_Leng": 423.43786131299998, "SHAPE_Area": 11171.910767900001, "has_CS": false, "Zone_Type_Abbr": "R" }, "geometry": { "type": "Polygon", "coordinates": [ [ [ -122.158589754425265, 37.440185604784951 ], [ -122.158352616389934, 37.440426452090136 ], [ -122.158081419438091, 37.440257120650287 ], [ -122.158319501362286, 37.440015298968653 ], [ -122.158589754425265, 37.440185604784951 ] ] ] } },
{ "type": "Feature", "properties": { "ZONE_TYPE": "Commercial\/Residential", "AREA_CALC": 13070.7, "SHAPE_Leng": 514.48128864099999, "SHAPE_Area": 13070.440144800001, "has_CS": false, "Zone_Type_Abbr": "C\/R" }, "geometry": { "type": "Polygon", "coordinates": [ [ [ -122.142629447204186, 37.428605869478417 ], [ -122.142116156545939, 37.428283291200266 ], [ -122.142173522659078, 37.428172887358784 ], [ -122.142269431527907, 37.428217473177689 ], [ -122.142303790237676, 37.428174470706807 ], [ -122.142691275634746, 37.428364926377469 ], [ -122.142732827749427, 37.428476582590115 ], [ -122.142629447204186, 37.428605869478417 ] ] ] } },
{ "type": "Feature", "properties": { "ZONE_TYPE": "Residential Single-Family", "AREA_CALC": 207157.3, "SHAPE_Leng": 1842.25166025, "SHAPE_Area": 207157.03925500001, "has_CS": false, "Zone_Type_Abbr": "R" }, "geometry": { "type": "Polygon", "coordinates": [ [ [ -122.121833252987841, 37.43249915587981 ], [ -122.120782204081792, 37.431826685578962 ], [ -122.121145889455136, 37.431460806114295 ], [ -122.121915686852745, 37.430686373782741 ], [ -122.122965712396237, 37.431350084772873 ], [ -122.121833252987841, 37.43249915587981 ] ] ] } },
{ "type": "Feature", "properties": { "ZONE_TYPE": "Commercial\/Manufacturing", "AREA_CALC": 75184.7, "SHAPE_Leng": 1443.20893716, "SHAPE_Area": 75474.953565599993, "has_CS": false, "Zone_Type_Abbr": "C" }, "geometry": { "type": "Polygon", "coordinates": [ [ [ -122.136561437240644, 37.425668435606887 ], [ -122.136916186791765, 37.425239204363713 ], [ -122.137572993838816, 37.425583892044614 ], [ -122.137637889056379, 37.425817981778174 ], [ -122.137729626706147, 37.426046285083466 ], [ -122.137847406232751, 37.426266863769669 ], [ -122.137990221996489, 37.426477807727856 ], [ -122.138156898537432, 37.426677348894678 ], [ -122.136561437240644, 37.425668435606887 ] ] ] } },
{ "type": "Feature", "properties": { "ZONE_TYPE": "Commercial\/Residential", "AREA_CALC": 33921.7, "SHAPE_Leng": 744.85929359299996, "SHAPE_Area": 33923.517189699996, "has_CS": false, "Zone_Type_Abbr": "C\/R" }, "geometry": { "type": "Polygon", "coordinates": [ [ [ -122.134890308398681, 37.424069619543815 ], [ -122.134431592935698, 37.423831428022183 ], [ -122.134838048841871, 37.423341161540122 ], [ -122.135294481122997, 37.423580535919754 ], [ -122.134890308398681, 37.424069619543815 ] ] ] } },
{ "type": "Feature", "properties": { "ZONE_TYPE": "Commercial\/Residential", "AREA_CALC": 66653.7, "SHAPE_Leng": 1144.97587103, "SHAPE_Area": 66652.027487600004, "has_CS": false, "Zone_Type_Abbr": "C\/R" }, "geometry": { "type": "Polygon", "coordinates": [ [ [ -122.124677326014037, 37.412074837669529 ], [ -122.124315610186088, 37.411641473282444 ], [ -122.124438939910476, 37.411485418252795 ], [ -122.12491729507758, 37.410784740431268 ], [ -122.125395005281092, 37.411040064533459 ], [ -122.125025953947585, 37.411604715732956 ], [ -122.124798009617137, 37.411914314697803 ], [ -122.124677326014037, 37.412074837669529 ] ] ] } },
{ "type": "Feature", "properties": { "ZONE_TYPE": "Commercial\/Residential", "AREA_CALC": 50604.0, "SHAPE_Leng": 942.2361935, "SHAPE_Area": 50603.9244674, "has_CS": false, "Zone_Type_Abbr": "C\/R" }, "geometry": { "type": "Polygon", "coordinates": [ [ [ -122.12291850091782, 37.410770574867662 ], [ -122.123343857797224, 37.410374991166776 ], [ -122.123857589747203, 37.411056577021142 ], [ -122.123444688490665, 37.41142482430724 ], [ -122.12291850091782, 37.410770574867662 ] ] ] } },
{ "type": "Feature", "properties": { "ZONE_TYPE": "Commercial\/Residential", "AREA_CALC": 166351.9, "SHAPE_Leng": 1806.6122666799999, "SHAPE_Area": 166353.08144099999, "has_CS": false, "Zone_Type_Abbr": "C\/R" }, "geometry": { "type": "Polygon", "coordinates": [ [ [ -122.124315610186088, 37.411641473282444 ], [ -122.123857589747203, 37.411056577021142 ], [ -122.123343857797224, 37.410374991166776 ], [ -122.123818890864868, 37.409781024826657 ], [ -122.124877158277812, 37.410239685171575 ], [ -122.124784450092832, 37.410261488762359 ], [ -122.124586588035783, 37.410551304768852 ], [ -122.124964582427594, 37.410715468679534 ], [ -122.12491729507758, 37.410784740431268 ], [ -122.124438939910476, 37.411485418252795 ], [ -122.124315610186088, 37.411641473282444 ] ] ] } },
{ "type": "Feature", "properties": { "ZONE_TYPE": "Commercial\/Residential", "AREA_CALC": 91417.0, "SHAPE_Leng": 1503.0362591200001, "SHAPE_Area": 91416.492943599995, "has_CS": false, "Zone_Type_Abbr": "C\/R" }, "geometry": { "type": "Polygon", "coordinates": [ [ [ -122.101594207468963, 37.418397491394217 ], [ -122.102490447924907, 37.418462961824432 ], [ -122.102248731268602, 37.419045905565675 ], [ -122.10143381541593, 37.4189893769462 ], [ -122.10134322656188, 37.419316253642862 ], [ -122.101029893903558, 37.419295341355948 ], [ -122.101333697990114, 37.418196378718292 ], [ -122.101517540179387, 37.41820463683586 ], [ -122.101517604365569, 37.418204416067042 ], [ -122.101639174657677, 37.418212453401651 ], [ -122.101594207468963, 37.418397491394217 ] ] ] } },
{ "type": "Feature", "properties": { "ZONE_TYPE": "Commercial\/Residential", "AREA_CALC": 210803.0, "SHAPE_Leng": 1950.8847430799999, "SHAPE_Area": 210805.32522100001, "has_CS": false, "Zone_Type_Abbr": "C\/R" }, "geometry": { "type": "Polygon", "coordinates": [ [ [ -122.102490447924907, 37.418462961824432 ], [ -122.101594207468963, 37.418397491394217 ], [ -122.101639174657677, 37.418212453401651 ], [ -122.101515328151592, 37.418204282219236 ], [ -122.101909175351238, 37.416564468462845 ], [ -122.10313142474476, 37.416888136489916 ], [ -122.102809764679591, 37.417692966930822 ], [ -122.102490447924907, 37.418462961824432 ] ] ] } },
{ "type": "Feature", "properties": { "ZONE_TYPE": null, "AREA_CALC": 60574.2, "SHAPE_Leng": 1054.6625977399999, "SHAPE_Area": 60574.197722999997, "has_CS": false, "Zone_Type_Abbr": "P" }, "geometry": { "type": "Polygon", "coordinates": [ [ [ -122.142946964963272, 37.423549856114406 ], [ -122.142649978582099, 37.423908444196172 ], [ -122.142462854817779, 37.424138505615062 ], [ -122.142282733415371, 37.424372204201696 ], [ -122.141783663972916, 37.424113840318419 ], [ -122.141971887538787, 37.423883599698932 ], [ -122.142458060578946, 37.423296268866778 ], [ -122.142946964963272, 37.423549856114406 ] ] ] } },
{ "type": "Feature", "properties": { "ZONE_TYPE": "Residential Multi-Family", "AREA_CALC": 64909.9, "SHAPE_Leng": 1195.0362323300001, "SHAPE_Area": 64909.252865900002, "has_CS": false, "Zone_Type_Abbr": "R" }, "geometry": { "type": "Polygon", "coordinates": [ [ [ -122.15994185143424, 37.441425083763342 ], [ -122.159639734253901, 37.441736926102159 ], [ -122.158414069194237, 37.440959385933155 ], [ -122.158712706360461, 37.44065050864743 ], [ -122.15994185143424, 37.441425083763342 ] ] ] } },
{ "type": "Feature", "properties": { "ZONE_TYPE": "Commercial\/Residential", "AREA_CALC": 97936.4, "SHAPE_Leng": 1474.1278109, "SHAPE_Area": 97934.661771600004, "has_CS": false, "Zone_Type_Abbr": "C\/R" }, "geometry": { "type": "Polygon", "coordinates": [ [ [ -122.102809764679591, 37.417692966930822 ], [ -122.103147245178903, 37.416842212364841 ], [ -122.103802595620166, 37.416996968186446 ], [ -122.104030803322487, 37.416706142070119 ], [ -122.104094641716131, 37.416595093053509 ], [ -122.104475966787334, 37.416783587033237 ], [ -122.103889697781327, 37.417574239523709 ], [ -122.102809764679591, 37.417692966930822 ] ] ] } },
{ "type": "Feature", "properties": { "ZONE_TYPE": "Residential Multi-Family", "AREA_CALC": 174239.1, "SHAPE_Leng": 1927.1555283299999, "SHAPE_Area": 174240.712397, "has_CS": false, "Zone_Type_Abbr": "R" }, "geometry": { "type": "Polygon", "coordinates": [ [ [ -122.104049824263996, 37.424023412482846 ], [ -122.104057896595634, 37.424799592506417 ], [ -122.101541043096461, 37.424591480706404 ], [ -122.101612821503792, 37.424039480885369 ], [ -122.104049824263996, 37.424023412482846 ] ] ] } },
{ "type": "Feature", "properties": { "ZONE_TYPE": "Mixed Use", "AREA_CALC": 373186.5, "SHAPE_Leng": 2811.2284653299998, "SHAPE_Area": 373186.56509400002, "has_CS": false, "Zone_Type_Abbr": "C\/R" }, "geometry": { "type": "Polygon", "coordinates": [ [ [ -122.1040444183391, 37.423501088161274 ], [ -122.104049824263996, 37.424023412482846 ], [ -122.101612821503792, 37.424039480885369 ], [ -122.10187284254053, 37.42203940316238 ], [ -122.101873490641793, 37.422035905772169 ], [ -122.101874518924916, 37.422032485200518 ], [ -122.101875894070176, 37.422029115767486 ], [ -122.101877615558635, 37.422025878588073 ], [ -122.101879718408341, 37.422022773184224 ], [ -122.101882099824095, 37.422019800959298 ], [ -122.101884829911455, 37.422017016830509 ], [ -122.101887838634099, 37.422014421754042 ], [ -122.101891094923516, 37.422012042288806 ], [ -122.101894596009558, 37.422009907311043 ], [ -122.101898344112897, 37.422008014987981 ], [ -122.101902269255206, 37.422006368978543 ], [ -122.101906338070052, 37.42200499407074 ], [ -122.101910551215013, 37.422003920896323 ], [ -122.101914874743571, 37.422003147215108 ], [ -122.101919238077897, 37.422002648757235 ], [ -122.101923676777773, 37.422002450270675 ], [ -122.101928087556473, 37.422002582905314 ], [ -122.102290251836806, 37.42202425449112 ], [ -122.103396448948956, 37.422091053425667 ], [ -122.103224337716782, 37.423432555035731 ], [ -122.103238016709355, 37.423434428264109 ], [ -122.1040444183391, 37.423501088161274 ] ] ] } },
{ "type": "Feature", "properties": { "ZONE_TYPE": "Commercial\/Manufacturing", "AREA_CALC": 4194935.0, "SHAPE_Leng": 16305.883735199999, "SHAPE_Area": 4194926.6180800004, "has_CS": false, "Zone_Type_Abbr": "C" }, "geometry": { "type": "Polygon", "coordinates": [ [ [ -122.100647732518709, 37.421801186537046 ], [ -122.101695001441882, 37.421874684783859 ], [ -122.101816737144475, 37.421100605083844 ], [ -122.102032694239952, 37.41975194256257 ], [ -122.102698030457347, 37.419793315663036 ], [ -122.102628364382554, 37.420548994718885 ], [ -122.104057297604882, 37.420634259694211 ], [ -122.104176545638623, 37.421344780610589 ], [ -122.104091062876165, 37.421338340530824 ], [ -122.104147095533321, 37.422019235432806 ], [ -122.1050924618077, 37.422039901201728 ], [ -122.105104614485271, 37.422164579033819 ], [ -122.105128095047306, 37.424611080376238 ], [ -122.105148584969967, 37.42674230970028 ], [ -122.105163338575863, 37.428100814511474 ], [ -122.105183665388481, 37.429092262932933 ], [ -122.105182121419247, 37.42933911710395 ], [ -122.105187068622286, 37.431493934552236 ], [ -122.103199009739583, 37.429599822320895 ], [ -122.102884720077171, 37.429239717155909 ], [ -122.102469908982513, 37.428723287754465 ], [ -122.102350201931316, 37.42853173523222 ], [ -122.10231399941074, 37.428318304840651 ], [ -122.102223058815142, 37.427793275402003 ], [ -122.102101333798373, 37.427037573613461 ], [ -122.102028937341004, 37.426723249745336 ], [ -122.101936396984755, 37.426482954965479 ], [ -122.101786305072821, 37.426136811440095 ], [ -122.101656109689898, 37.425820585399059 ], [ -122.101603473418933, 37.425674182283657 ], [ -122.1015595329376, 37.42550604249471 ], [ -122.101517439299613, 37.425271513199817 ], [ -122.101503581872933, 37.424982045319567 ], [ -122.101510977986237, 37.424869268376206 ], [ -122.101516956773807, 37.424817243469676 ], [ -122.101180962322232, 37.424723684045631 ], [ -122.101147735574514, 37.424990638177725 ], [ -122.101075541156689, 37.425443178889573 ], [ -122.101046728144738, 37.425578745556919 ], [ -122.100965465071511, 37.42573708471997 ], [ -122.100978905699009, 37.425764754677253 ], [ -122.101433906883926, 37.426177908417174 ], [ -122.100396741183772, 37.42690440199555 ], [ -122.099941741311298, 37.426491244255466 ], [ -122.099038278992936, 37.425633382735477 ], [ -122.098466413006861, 37.425119711694002 ], [ -122.097897376501436, 37.424641240779444 ], [ -122.097781414592646, 37.424546542241231 ], [ -122.097899233528025, 37.423582631000748 ], [ -122.098151124462333, 37.421713012960019 ], [ -122.100631141744259, 37.421861047911186 ], [ -122.100647732518709, 37.421801186537046 ] ], [ [ -122.104057896595634, 37.424799592506417 ], [ -122.10405108043328, 37.424144366900364 ], [ -122.104049824263996, 37.424023412482846 ], [ -122.104049193661467, 37.423962055737576 ], [ -122.1040444183391, 37.423501088161274 ], [ -122.103224337716782, 37.423432555035731 ], [ -122.103396448948956, 37.422091053425667 ], [ -122.102430987979218, 37.422032770135438 ], [ -122.102177001788135, 37.422017477558065 ], [ -122.101928087556473, 37.422002582905314 ], [ -122.101917931190371, 37.422002775645701 ], [ -122.101912609029426, 37.422003507988414 ], [ -122.101907434698774, 37.422004705133695 ], [ -122.101902405889007, 37.422006312139935 ], [ -122.101897627654637, 37.42200832757274 ], [ -122.10189313275454, 37.422010750984995 ], [ -122.101888991174931, 37.422013526448019 ], [ -122.10188523511404, 37.422016627387443 ], [ -122.101881931710793, 37.422020023147127 ], [ -122.101879048195002, 37.422023661003728 ], [ -122.101876686213089, 37.42202753866836 ], [ -122.101874844604737, 37.422031602084878 ], [ -122.101873522701354, 37.422035767451014 ], [ -122.10187284254053, 37.42203940316238 ], [ -122.101825458718409, 37.422404009241966 ], [ -122.101541043096461, 37.424591480706404 ], [ -122.104057896595634, 37.424799592506417 ] ] ] } },
{ "type": "Feature", "properties": { "ZONE_TYPE": "Mixed Use", "AREA_CALC": 189103.3, "SHAPE_Leng": 1940.67988582, "SHAPE_Area": 189102.429821, "has_CS": false, "Zone_Type_Abbr": "C\/R" }, "geometry": { "type": "Polygon", "coordinates": [ [ [ -122.123259129312444, 37.42009522958638 ], [ -122.122826225600733, 37.41982323508303 ], [ -122.123827635324758, 37.418811550363451 ], [ -122.12409464029885, 37.41854228712814 ], [ -122.125155037398144, 37.419209981668395 ], [ -122.125043963203098, 37.41932199959863 ], [ -122.125027760442379, 37.419311785385553 ], [ -122.124835501670688, 37.419505658228466 ], [ -122.124747714215815, 37.419450288337821 ], [ -122.124119781695399, 37.420082193188314 ], [ -122.123910218861269, 37.419947942602199 ], [ -122.12364175195998, 37.419972946405089 ], [ -122.123481052794801, 37.419871585038152 ], [ -122.123259129312444, 37.42009522958638 ] ] ] } },
{ "type": "Feature", "properties": { "ZONE_TYPE": "Residential Multi-Family", "AREA_CALC": 191110.6, "SHAPE_Leng": 1819.90998964, "SHAPE_Area": 191110.38906700001, "has_CS": false, "Zone_Type_Abbr": "R" }, "geometry": { "type": "Polygon", "coordinates": [ [ [ -122.10433438047464, 37.41230028077922 ], [ -122.105320138385281, 37.411205740158934 ], [ -122.105500863295106, 37.411007442393121 ], [ -122.1061926940326, 37.411465790615587 ], [ -122.10635704901857, 37.411567838838458 ], [ -122.10525431876718, 37.412884864097521 ], [ -122.10433438047464, 37.41230028077922 ] ] ] } },
{ "type": "Feature", "properties": { "ZONE_TYPE": "Residential Multi-Family", "AREA_CALC": 135361.7, "SHAPE_Leng": 1446.54637731, "SHAPE_Area": 135089.36950599999, "has_CS": false, "Zone_Type_Abbr": "R" }, "geometry": { "type": "Polygon", "coordinates": [ [ [ -122.108946043112695, 37.419030806492657 ], [ -122.109174577467726, 37.419147078563455 ], [ -122.109389970595004, 37.419278390358976 ], [ -122.109590650897019, 37.419423748761254 ], [ -122.10977515112738, 37.419582128584793 ], [ -122.109942207854374, 37.419752421642897 ], [ -122.110090621280079, 37.419933380991132 ], [ -122.109512795105402, 37.420195669517817 ], [ -122.108904838120509, 37.420448753424246 ], [ -122.108833267368212, 37.420335163460201 ], [ -122.108551007021674, 37.41989942541376 ], [ -122.108532170296201, 37.41987238000177 ], [ -122.108516271082891, 37.419844167813402 ], [ -122.10850348523104, 37.419814979295715 ], [ -122.108493884648183, 37.419785005419556 ], [ -122.108487544685033, 37.419754492081523 ], [ -122.108484468363372, 37.419723632097501 ], [ -122.108484765503277, 37.419692697926976 ], [ -122.108488338065698, 37.419661911708104 ], [ -122.108495225179908, 37.419631463958503 ], [ -122.108505361037459, 37.419601604311069 ], [ -122.108518682558739, 37.419572551720215 ], [ -122.108535057236011, 37.419544501759574 ], [ -122.108554384734006, 37.41951767479523 ], [ -122.108864882019418, 37.419122483825056 ], [ -122.108946043112695, 37.419030806492657 ] ] ] } },
{ "type": "Feature", "properties": { "ZONE_TYPE": "Residential Multi-Family", "AREA_CALC": 93874.0, "SHAPE_Leng": 1348.8243604199999, "SHAPE_Area": 93873.190917500004, "has_CS": false, "Zone_Type_Abbr": "R" }, "geometry": { "type": "Polygon", "coordinates": [ [ [ -122.111622654138031, 37.421780434637533 ], [ -122.112995315572647, 37.421062631677579 ], [ -122.113368334673893, 37.421511615353886 ], [ -122.111988758472108, 37.422234791420735 ], [ -122.111622654138031, 37.421780434637533 ] ] ] } },
{ "type": "Feature", "properties": { "ZONE_TYPE": "Residential Multi-Family", "AREA_CALC": 117014.6, "SHAPE_Leng": 1435.44339818, "SHAPE_Area": 116999.86967099999, "has_CS": false, "Zone_Type_Abbr": "R" }, "geometry": { "type": "Polygon", "coordinates": [ [ [ -122.1126378976777, 37.418797974673986 ], [ -122.112654392386403, 37.418579564460174 ], [ -122.113116524851748, 37.418340084093757 ], [ -122.114078087597036, 37.419503397332242 ], [ -122.11344933544683, 37.419835489464795 ], [ -122.113395822959717, 37.419861331919698 ], [ -122.112739947759223, 37.419085130202781 ], [ -122.112711869411868, 37.419048048732513 ], [ -122.112688023434842, 37.419009123799718 ], [ -122.112668620796768, 37.418968654409419 ], [ -122.112653806423879, 37.418926968411292 ], [ -122.11264369020526, 37.418884393234869 ], [ -122.112638384930719, 37.418841286008949 ], [ -122.1126378976777, 37.418797974673986 ] ] ] } },
{ "type": "Feature", "properties": { "ZONE_TYPE": "Residential Single-Family", "AREA_CALC": 159943.3, "SHAPE_Leng": 1732.6363392400001, "SHAPE_Area": 159957.12852599999, "has_CS": false, "Zone_Type_Abbr": "R" }, "geometry": { "type": "Polygon", "coordinates": [ [ [ -122.111545121586772, 37.419161154649224 ], [ -122.112654392386403, 37.418579564460174 ], [ -122.1126378976777, 37.418797974673986 ], [ -122.112638384930719, 37.418841286008949 ], [ -122.11264369020526, 37.418884393234869 ], [ -122.112653806423879, 37.418926968411292 ], [ -122.112668620796768, 37.418968654409419 ], [ -122.112688023434842, 37.419009123799718 ], [ -122.112711869411868, 37.419048048732513 ], [ -122.112739947759223, 37.419085130202781 ], [ -122.113395822959717, 37.419861331919698 ], [ -122.112517267814681, 37.420327191856423 ], [ -122.111635252844948, 37.419268143597577 ], [ -122.111545121586772, 37.419161154649224 ] ] ] } },
{ "type": "Feature", "properties": { "ZONE_TYPE": "Residential Multi-Family", "AREA_CALC": 61978.1, "SHAPE_Leng": 1049.3181245000001, "SHAPE_Area": 61977.9726792, "has_CS": false, "Zone_Type_Abbr": "R" }, "geometry": { "type": "Polygon", "coordinates": [ [ [ -122.109512795105402, 37.420195669517817 ], [ -122.110090621280079, 37.419933380991132 ], [ -122.110702339370675, 37.420683174601784 ], [ -122.11057469338671, 37.420748104680733 ], [ -122.11018428481384, 37.42095439677805 ], [ -122.10984194208892, 37.420542257808258 ], [ -122.109806084665763, 37.42056120909708 ], [ -122.109584988502519, 37.420295021484314 ], [ -122.109512795105402, 37.420195669517817 ] ] ] } },
{ "type": "Feature", "properties": { "ZONE_TYPE": "Residential Single-Family", "AREA_CALC": 800150.6, "SHAPE_Leng": 4118.6302408800002, "SHAPE_Area": 800150.77753900003, "has_CS": false, "Zone_Type_Abbr": "R" }, "geometry": { "type": "Polygon", "coordinates": [ [ [ -122.110028189734891, 37.422510495104774 ], [ -122.110061153099693, 37.422564924969627 ], [ -122.106531706876765, 37.424031455639692 ], [ -122.10652700959362, 37.423720492490602 ], [ -122.10652776378349, 37.423416321834011 ], [ -122.106524632552336, 37.423165246288079 ], [ -122.106524206512077, 37.422943883204333 ], [ -122.106461276371334, 37.42271799126533 ], [ -122.106351371278748, 37.422481040358718 ], [ -122.10620808976887, 37.422261495141946 ], [ -122.106048692376433, 37.422008438453901 ], [ -122.105864115656516, 37.421700734981236 ], [ -122.107647786531089, 37.420978824487371 ], [ -122.1077102793177, 37.421072377898369 ], [ -122.107914496166771, 37.421386539568722 ], [ -122.108021900136237, 37.421342629180607 ], [ -122.108116493852833, 37.421301970070189 ], [ -122.10823782817431, 37.4212524289022 ], [ -122.108156598112743, 37.420885517393366 ], [ -122.108137227506475, 37.420771348496153 ], [ -122.108346243118021, 37.420684924138619 ], [ -122.108523421228824, 37.420976546920997 ], [ -122.108601324875934, 37.420942955434079 ], [ -122.108937635455291, 37.420803912818918 ], [ -122.10904916245066, 37.420978457176886 ], [ -122.109160155984227, 37.42115218505333 ], [ -122.109197324949733, 37.421208452692781 ], [ -122.109271183922729, 37.421325912357815 ], [ -122.109324185265692, 37.421408827582127 ], [ -122.109382213507601, 37.421499639539682 ], [ -122.109493243062616, 37.421673393657848 ], [ -122.109605507744007, 37.421843670121909 ], [ -122.109715303667713, 37.422020846600269 ], [ -122.109747922461878, 37.422068908888299 ], [ -122.109826300301876, 37.42219457383387 ], [ -122.109928564066365, 37.422354631528705 ], [ -122.110028189734891, 37.422510495104774 ] ] ] } },
{ "type": "Feature", "properties": { "ZONE_TYPE": "Residential Single-Family", "AREA_CALC": 179540.2, "SHAPE_Leng": 2073.6941823500001, "SHAPE_Area": 179536.013087, "has_CS": false, "Zone_Type_Abbr": "R" }, "geometry": { "type": "Polygon", "coordinates": [ [ [ -122.111278347273313, 37.411216568569628 ], [ -122.111746205537642, 37.410743394023939 ], [ -122.113952913762404, 37.412136647265619 ], [ -122.113482487092753, 37.412610250777348 ], [ -122.111278347273313, 37.411216568569628 ] ] ] } },
{ "type": "Feature", "properties": { "ZONE_TYPE": "Commercial\/Manufacturing\/Residential", "AREA_CALC": 217899.7, "SHAPE_Leng": 2081.4359216799999, "SHAPE_Area": 217808.227098, "has_CS": false, "Zone_Type_Abbr": "C\/R" }, "geometry": { "type": "Polygon", "coordinates": [ [ [ -122.103383732713908, 37.413353761665064 ], [ -122.10433438047464, 37.41230028077922 ], [ -122.10525431876718, 37.412884864097521 ], [ -122.104594798752117, 37.413638342000439 ], [ -122.104210361653813, 37.414355421392777 ], [ -122.104005112216129, 37.414286370670936 ], [ -122.104002878156123, 37.414291400172168 ], [ -122.104000089904844, 37.414296245294942 ], [ -122.103996815232378, 37.414300905112611 ], [ -122.103993017323461, 37.414305296316947 ], [ -122.103988767375412, 37.414309419736782 ], [ -122.103984097543503, 37.414313246995306 ], [ -122.103979040531812, 37.414316722672126 ], [ -122.103973597450477, 37.414319845850756 ], [ -122.103967836637679, 37.414322589462024 ], [ -122.103961825773297, 37.414324895805031 ], [ -122.103955564366856, 37.41432679462595 ], [ -122.103949155713067, 37.414328255674178 ], [ -122.103942565926985, 37.414329279412925 ], [ -122.103935931116894, 37.414329837846488 ], [ -122.103929218488787, 37.414329929620834 ], [ -122.103922564182994, 37.414329580811895 ], [ -122.103915934863338, 37.414328764839411 ], [ -122.103909432185148, 37.414327480313588 ], [ -122.103903094002817, 37.414325753752891 ], [ -122.103896986447126, 37.414323613091703 ], [ -122.103726073878093, 37.414261123603055 ], [ -122.103562827423104, 37.4141867449936 ], [ -122.103408533048807, 37.41410106352383 ], [ -122.103264410203536, 37.414004778116833 ], [ -122.103706124868467, 37.413558610881253 ], [ -122.103383732713908, 37.413353761665064 ] ] ] } },
{ "type": "Feature", "properties": { "ZONE_TYPE": "Residential Single-Family", "AREA_CALC": 1786886.7, "SHAPE_Leng": 6400.2884274999997, "SHAPE_Area": 1786889.1220100001, "has_CS": false, "Zone_Type_Abbr": "R" }, "geometry": { "type": "Polygon", "coordinates": [ [ [ -122.104044764310387, 37.414649210354867 ], [ -122.104210361653813, 37.414355421392777 ], [ -122.104594798752117, 37.413638342000439 ], [ -122.10525431876718, 37.412884864097521 ], [ -122.10635704901857, 37.411567838838458 ], [ -122.10655976535574, 37.411696967066383 ], [ -122.106745862625829, 37.411484393569687 ], [ -122.106928746672637, 37.411284196705218 ], [ -122.107724109496715, 37.410398202551335 ], [ -122.107873636660102, 37.410240295921028 ], [ -122.107813681164885, 37.410200189636157 ], [ -122.107809045585952, 37.410197561283269 ], [ -122.107804711823661, 37.410194625990222 ], [ -122.107800682757826, 37.410191412555889 ], [ -122.10779702613543, 37.410187919150616 ], [ -122.107793743159519, 37.410184201632369 ], [ -122.107790904398641, 37.410180284267668 ], [ -122.107788473768935, 37.410176170254651 ], [ -122.107786488557281, 37.410171912253212 ], [ -122.107784982118872, 37.410167537743398 ], [ -122.107783922301621, 37.410163075103114 ], [ -122.107783377453728, 37.41015855043171 ], [ -122.107783313746324, 37.410154019165972 ], [ -122.107783732289406, 37.410149480389556 ], [ -122.107784601023823, 37.410145019254756 ], [ -122.107785985945981, 37.410140605117341 ], [ -122.107787821622068, 37.410136294748568 ], [ -122.107790143118862, 37.41013214264111 ], [ -122.107792847110375, 37.410128177247032 ], [ -122.107796001909861, 37.410124370594048 ], [ -122.107799540989305, 37.41012083354039 ], [ -122.107803464895824, 37.410117539042552 ], [ -122.108048752406873, 37.409845973270471 ], [ -122.109019035852839, 37.410452965443831 ], [ -122.109110720692172, 37.410514446771202 ], [ -122.10942216968418, 37.410711464754257 ], [ -122.108677681020367, 37.411458275561657 ], [ -122.110124653961705, 37.412373100667416 ], [ -122.109444316526108, 37.413057808048762 ], [ -122.109223039565222, 37.413280510374797 ], [ -122.109093710451504, 37.413410645975233 ], [ -122.108524653302979, 37.413983342255591 ], [ -122.108332155728007, 37.414177053115921 ], [ -122.106927245033745, 37.415590861446198 ], [ -122.105607714746483, 37.414756603432679 ], [ -122.104968979428065, 37.415540371015076 ], [ -122.104151160544518, 37.415021850870318 ], [ -122.104061963381142, 37.414949592053105 ], [ -122.103971473170901, 37.414878037563106 ], [ -122.104044764310387, 37.414649210354867 ] ] ] } },
{ "type": "Feature", "properties": { "ZONE_TYPE": "Residential Multi-Family", "AREA_CALC": 305231.4, "SHAPE_Leng": 3337.0093656099998, "SHAPE_Area": 305194.45724900003, "has_CS": false, "Zone_Type_Abbr": "R" }, "geometry": { "type": "Polygon", "coordinates": [ [ [ -122.101885506507131, 37.414550216022107 ], [ -122.101762683023011, 37.414395266359641 ], [ -122.101273374566688, 37.412026514724189 ], [ -122.103383732713908, 37.413353761665064 ], [ -122.103706124868467, 37.413558610881253 ], [ -122.103264410203536, 37.414004778116833 ], [ -122.103408533048807, 37.41410106352383 ], [ -122.103562827423104, 37.4141867449936 ], [ -122.103726073878093, 37.414261123603055 ], [ -122.103896986447126, 37.414323613091703 ], [ -122.103903094002817, 37.414325753752891 ], [ -122.103909432185148, 37.414327480313588 ], [ -122.103915934863338, 37.414328764839411 ], [ -122.103922564182994, 37.414329580811895 ], [ -122.103929218488787, 37.414329929620834 ], [ -122.103935931116894, 37.414329837846488 ], [ -122.103942565926985, 37.414329279412925 ], [ -122.103949155713067, 37.414328255674178 ], [ -122.103955564366856, 37.41432679462595 ], [ -122.103961825773297, 37.414324895805031 ], [ -122.103967836637679, 37.414322589462024 ], [ -122.103973597450477, 37.414319845850756 ], [ -122.103979040531812, 37.414316722672126 ], [ -122.103984097543503, 37.414313246995306 ], [ -122.103988767375412, 37.414309419736782 ], [ -122.103993017323461, 37.414305296316947 ], [ -122.103996815232378, 37.414300905112611 ], [ -122.104000089904844, 37.414296245294942 ], [ -122.104002878156123, 37.414291400172168 ], [ -122.104005112216129, 37.414286370670936 ], [ -122.104210361653813, 37.414355421392777 ], [ -122.104044764310387, 37.414649210354867 ], [ -122.10387346771536, 37.414570520043497 ], [ -122.103875636879991, 37.414562469709018 ], [ -122.103876942999392, 37.414554321227129 ], [ -122.103877351640037, 37.414546102104595 ], [ -122.103876864002558, 37.414537868199439 ], [ -122.103875449693405, 37.414529729873514 ], [ -122.103873177044619, 37.41452171232747 ], [ -122.103870012242083, 37.414513871897853 ], [ -122.103866027096345, 37.414506290513323 ], [ -122.103861221639818, 37.414499022245288 ], [ -122.10385563206809, 37.414492121572039 ], [ -122.103849293976694, 37.41448561504285 ], [ -122.103842276936476, 37.414479585518023 ], [ -122.103641201013019, 37.414409267693287 ], [ -122.103449411618669, 37.414323962718818 ], [ -122.103268681148947, 37.414224441277284 ], [ -122.10310071894834, 37.414111643444976 ], [ -122.102677617412795, 37.41384520970982 ], [ -122.101966100016227, 37.414478465996886 ], [ -122.101885506507131, 37.414550216022107 ] ] ] } },
{ "type": "Feature", "properties": { "ZONE_TYPE": "Commercial\/Residential", "AREA_CALC": 240529.7, "SHAPE_Leng": 2017.7742738899999, "SHAPE_Area": 240792.90097, "has_CS": false, "Zone_Type_Abbr": "C\/R" }, "geometry": { "type": "Polygon", "coordinates": [ [ [ -122.108730784854799, 37.418918472233329 ], [ -122.108806397582157, 37.418821845079449 ], [ -122.109149884034267, 37.418375575963395 ], [ -122.109918347206005, 37.417974098945898 ], [ -122.111020400547247, 37.419312818973772 ], [ -122.111095110809572, 37.419397852341646 ], [ -122.110090621280079, 37.419933380991132 ], [ -122.109942207854374, 37.419752421642897 ], [ -122.10977515112738, 37.419582128584793 ], [ -122.109590650897019, 37.419423748761254 ], [ -122.109389970595004, 37.419278390358976 ], [ -122.109174577467726, 37.419147078563455 ], [ -122.108946043112695, 37.419030806492657 ], [ -122.108730784854799, 37.418918472233329 ] ] ] } },
{ "type": "Feature", "properties": { "ZONE_TYPE": "Commercial\/Residential", "AREA_CALC": 269717.0, "SHAPE_Leng": 2636.5762306900001, "SHAPE_Area": 269715.936407, "has_CS": false, "Zone_Type_Abbr": "C\/R" }, "geometry": { "type": "Polygon", "coordinates": [ [ [ -122.102032694239952, 37.41975194256257 ], [ -122.101816737144475, 37.421100605083844 ], [ -122.101695001441882, 37.421874684783859 ], [ -122.100647732518709, 37.421801186537046 ], [ -122.100679384184033, 37.421685579699741 ], [ -122.101291763792176, 37.419476301573134 ], [ -122.10134322656188, 37.419316253642862 ], [ -122.10143381541593, 37.4189893769462 ], [ -122.102248731268602, 37.419045905565675 ], [ -122.102090411817258, 37.419427711303626 ], [ -122.102085955733671, 37.419451148361048 ], [ -122.102032694239952, 37.41975194256257 ] ] ] } },
{ "type": "Feature", "properties": { "ZONE_TYPE": "Public Facility", "AREA_CALC": 221360.5, "SHAPE_Leng": 2021.7278383299999, "SHAPE_Area": 221359.79175100001, "has_CS": false, "Zone_Type_Abbr": "P" }, "geometry": { "type": "Polygon", "coordinates": [ [ [ -122.104907018762148, 37.415616949191957 ], [ -122.104968979428065, 37.415540371015076 ], [ -122.105607714746483, 37.414756603432679 ], [ -122.106927245033745, 37.415590861446198 ], [ -122.107589625718305, 37.415971428935777 ], [ -122.106588525296985, 37.416471392312687 ], [ -122.106296851545167, 37.416313898309774 ], [ -122.104907018762148, 37.415616949191957 ] ] ] } },
{ "type": "Feature", "properties": { "ZONE_TYPE": "Public Facility", "AREA_CALC": 1532093.6, "SHAPE_Leng": 5398.7052873399998, "SHAPE_Area": 1532098.31813, "has_CS": false, "Zone_Type_Abbr": "P" }, "geometry": { "type": "Polygon", "coordinates": [ [ [ -122.105520044949131, 37.417299365908185 ], [ -122.105588398281668, 37.41721412952819 ], [ -122.105837930405926, 37.416896719971049 ], [ -122.105959550815214, 37.416742274755293 ], [ -122.106155723446193, 37.416493140736506 ], [ -122.106296851545167, 37.416313898309774 ], [ -122.106588525296985, 37.416471392312687 ], [ -122.107589625718305, 37.415971428935777 ], [ -122.106927245033745, 37.415590861446198 ], [ -122.108332155728007, 37.414177053115921 ], [ -122.110872848492349, 37.415784243683134 ], [ -122.111298753156149, 37.417118288839241 ], [ -122.110728988498167, 37.417419367972983 ], [ -122.1108051105805, 37.417510919433866 ], [ -122.110661622688085, 37.417586807715381 ], [ -122.110585500704346, 37.417495256161871 ], [ -122.110306790441072, 37.417647082572159 ], [ -122.109918347206005, 37.417974098945898 ], [ -122.109149884034267, 37.418375575963395 ], [ -122.108806397582157, 37.418821845079449 ], [ -122.108730784854799, 37.418918472233329 ], [ -122.107400056961737, 37.418239557489287 ], [ -122.105520044949131, 37.417299365908185 ] ] ] } },
{ "type": "Feature", "properties": { "ZONE_TYPE": null, "AREA_CALC": 37263.3, "SHAPE_Leng": 796.65704380399995, "SHAPE_Area": 37263.428309299998, "has_CS": false, "Zone_Type_Abbr": "P" }, "geometry": { "type": "Polygon", "coordinates": [ [ [ -122.103383111379188, 37.416205645760179 ], [ -122.103579832408982, 37.415813369281494 ], [ -122.104142373472058, 37.416095170301823 ], [ -122.104135726799925, 37.416111165558796 ], [ -122.104315670178934, 37.416201082493437 ], [ -122.104035058089863, 37.416557973513989 ], [ -122.104005545530612, 37.41654365321439 ], [ -122.103383111379188, 37.416205645760179 ] ] ] } },
{ "type": "Feature", "properties": { "ZONE_TYPE": "Residential Multi-Family", "AREA_CALC": 252228.8, "SHAPE_Leng": 2661.8797675300002, "SHAPE_Area": 252358.99948200001, "has_CS": false, "Zone_Type_Abbr": "R" }, "geometry": { "type": "Polygon", "coordinates": [ [ [ -122.101966100016227, 37.414478465996886 ], [ -122.102677617412795, 37.41384520970982 ], [ -122.10310071894834, 37.414111643444976 ], [ -122.103268681148947, 37.414224441277284 ], [ -122.103449411618669, 37.414323962718818 ], [ -122.103641201013019, 37.414409267693287 ], [ -122.103842276936476, 37.414479585518023 ], [ -122.103849293976694, 37.41448561504285 ], [ -122.10385563206809, 37.414492121572039 ], [ -122.103861221639818, 37.414499022245288 ], [ -122.103866027096345, 37.414506290513323 ], [ -122.103870012242083, 37.414513871897853 ], [ -122.103873177044619, 37.41452171232747 ], [ -122.103875449693405, 37.414529729873514 ], [ -122.103876864002558, 37.414537868199439 ], [ -122.103877351640037, 37.414546102104595 ], [ -122.103876942999392, 37.414554321227129 ], [ -122.103875636879991, 37.414562469709018 ], [ -122.10387346771536, 37.414570520043497 ], [ -122.104044764310387, 37.414649210354867 ], [ -122.103971473170901, 37.414878037563106 ], [ -122.104061963381142, 37.414949592053105 ], [ -122.104151160544518, 37.415021850870318 ], [ -122.104968979428065, 37.415540371015076 ], [ -122.104934666473611, 37.415581438587928 ], [ -122.104841437696606, 37.415536347200415 ], [ -122.104688735511459, 37.415728353957704 ], [ -122.104548429932294, 37.41590593487544 ], [ -122.104315670178934, 37.416201082493437 ], [ -122.104135726799925, 37.416111165558796 ], [ -122.104142373472058, 37.416095170301823 ], [ -122.103579832408982, 37.415813369281494 ], [ -122.103766111520017, 37.415358359368021 ], [ -122.101966100016227, 37.414478465996886 ] ] ] } },
{ "type": "Feature", "properties": { "ZONE_TYPE": "Residential Multi-Family", "AREA_CALC": 216797.4, "SHAPE_Leng": 1895.97354111, "SHAPE_Area": 216796.07393099999, "has_CS": false, "Zone_Type_Abbr": "R" }, "geometry": { "type": "Polygon", "coordinates": [ [ [ -122.104035058089863, 37.416557973513989 ], [ -122.104315670178934, 37.416201082493437 ], [ -122.104548429932294, 37.41590593487544 ], [ -122.104688735511459, 37.415728353957704 ], [ -122.104841437696606, 37.415536347200415 ], [ -122.104934666473611, 37.415581438587928 ], [ -122.104907018762148, 37.415616949191957 ], [ -122.106296851545167, 37.416313898309774 ], [ -122.106155723446193, 37.416493140736506 ], [ -122.105959550815214, 37.416742274755293 ], [ -122.105837930405926, 37.416896719971049 ], [ -122.105588004305091, 37.417210206589104 ], [ -122.105520044949131, 37.417299365908185 ], [ -122.10524845494183, 37.41716293756722 ], [ -122.104094641716131, 37.416595093053509 ], [ -122.104035058089863, 37.416557973513989 ] ] ] } },
{ "type": "Feature", "properties": { "ZONE_TYPE": "Residential Single-Family", "AREA_CALC": 8545.3, "SHAPE_Leng": 407.11681731300001, "SHAPE_Area": 8545.5952436099997, "has_CS": false, "Zone_Type_Abbr": "R" }, "geometry": { "type": "Polygon", "coordinates": [ [ [ -122.10875573777902, 37.425866349479492 ], [ -122.108869301111042, 37.426004031376479 ], [ -122.108490783416968, 37.426202572480335 ], [ -122.108431634044337, 37.426227638213099 ], [ -122.108370217438619, 37.426059630382753 ], [ -122.108432666653599, 37.426035837900102 ], [ -122.10875573777902, 37.425866349479492 ] ] ] } },
{ "type": "Feature", "properties": { "ZONE_TYPE": "Residential Single-Family", "AREA_CALC": 8008.3, "SHAPE_Leng": 362.01018588, "SHAPE_Area": 8007.4216064100001, "has_CS": false, "Zone_Type_Abbr": "R" }, "geometry": { "type": "Polygon", "coordinates": [ [ [ -122.114476760541635, 37.426761616362135 ], [ -122.114152601763692, 37.426557176918038 ], [ -122.114289219315808, 37.426419381912567 ], [ -122.114296228207223, 37.426420137119159 ], [ -122.114303143263058, 37.426421360438383 ], [ -122.114309930008261, 37.426423025308573 ], [ -122.114316519532309, 37.426425132677856 ], [ -122.114322842301064, 37.426427654664408 ], [ -122.11432889887908, 37.426430565125692 ], [ -122.11433461870061, 37.42643389296996 ], [ -122.11455447197396, 37.426572524115116 ], [ -122.114560170380997, 37.426576428110621 ], [ -122.114565395885364, 37.426580724327195 ], [ -122.114570146714073, 37.426585383049535 ], [ -122.11457435222168, 37.426590325042987 ], [ -122.114578012953785, 37.426595575533753 ], [ -122.114581092680808, 37.42660102687622 ], [ -122.114583557511992, 37.426606679536881 ], [ -122.114585405693916, 37.426612504701424 ], [ -122.114586601581522, 37.426618421752252 ], [ -122.114587143966219, 37.426624374831626 ], [ -122.114587031718102, 37.426630363955098 ], [ -122.114586265946357, 37.426636335936458 ], [ -122.11458487757956, 37.426642205637307 ], [ -122.114582797726158, 37.426647974906771 ], [ -122.114580129147626, 37.426653588258702 ], [ -122.114576870031073, 37.426658961906348 ], [ -122.114572985960393, 37.426664124260419 ], [ -122.114568613528377, 37.426668964396065 ], [ -122.114540837976548, 37.426696979214398 ], [ -122.114476760541635, 37.426761616362135 ] ] ] } },
{ "type": "Feature", "properties": { "ZONE_TYPE": "Residential Single-Family", "AREA_CALC": 216003.2, "SHAPE_Leng": 2344.2515147899999, "SHAPE_Area": 216002.121, "has_CS": false, "Zone_Type_Abbr": "R" }, "geometry": { "type": "Polygon", "coordinates": [ [ [ -122.108544926889792, 37.4254339447874 ], [ -122.108598176830839, 37.425675295103346 ], [ -122.10875573777902, 37.425866349479492 ], [ -122.108432666653599, 37.426035837900102 ], [ -122.108370217438619, 37.426059630382753 ], [ -122.108431634044337, 37.426227638213099 ], [ -122.108490783416968, 37.426202572480335 ], [ -122.108869301111042, 37.426004031376479 ], [ -122.109613055615441, 37.426912518668445 ], [ -122.108432709022878, 37.427520846198838 ], [ -122.108056710733152, 37.427197337562923 ], [ -122.108093771931621, 37.426713025031148 ], [ -122.107862000381218, 37.426054234842979 ], [ -122.107856634994619, 37.42540874015971 ], [ -122.108544926889792, 37.4254339447874 ] ] ] } },
{ "type": "Feature", "properties": { "ZONE_TYPE": "Public Facility", "AREA_CALC": 198790.1, "SHAPE_Leng": 1812.72794617, "SHAPE_Area": 198788.96072100001, "has_CS": false, "Zone_Type_Abbr": "P" }, "geometry": { "type": "Polygon", "coordinates": [ [ [ -122.108544926889792, 37.4254339447874 ], [ -122.109948483037087, 37.425246586711523 ], [ -122.110489199834589, 37.426459762674 ], [ -122.109613055615441, 37.426912518668445 ], [ -122.108869301111042, 37.426004031376479 ], [ -122.10875573777902, 37.425866349479492 ], [ -122.108598176830839, 37.425675295103346 ], [ -122.108544926889792, 37.4254339447874 ] ] ] } },
{ "type": "Feature", "properties": { "ZONE_TYPE": "Commercial\/Manufacturing\/Residential", "AREA_CALC": 1116204.6, "SHAPE_Leng": 4533.9460835600003, "SHAPE_Area": 1116187.4872399999, "has_CS": false, "Zone_Type_Abbr": "C\/R" }, "geometry": { "type": "Polygon", "coordinates": [ [ [ -122.100523505002769, 37.431642651261505 ], [ -122.100556895638192, 37.431420030619869 ], [ -122.100637697574911, 37.431072851184133 ], [ -122.100652620190857, 37.431013783155983 ], [ -122.10065381122449, 37.431005086566998 ], [ -122.100655970604663, 37.430996541688188 ], [ -122.100659062778021, 37.430988176941639 ], [ -122.100663125635663, 37.430980072918146 ], [ -122.100668091460449, 37.430972286415738 ], [ -122.100673925858629, 37.430964899912532 ], [ -122.100680563372705, 37.43095797017547 ], [ -122.100687968990641, 37.430951550852882 ], [ -122.100696075564926, 37.430945672600032 ], [ -122.100704814770779, 37.430940416555472 ], [ -122.100714085548944, 37.430935812936099 ], [ -122.100723887330219, 37.430931887884171 ], [ -122.100815535274862, 37.430902510332011 ], [ -122.100843610051029, 37.430896193834812 ], [ -122.100870884353682, 37.430887911022246 ], [ -122.100897119833121, 37.430877719218607 ], [ -122.100922109792265, 37.430865676217635 ], [ -122.100945649862624, 37.430851895655749 ], [ -122.100967536767172, 37.430836489352309 ], [ -122.100987600011663, 37.430819569580613 ], [ -122.101005670281253, 37.430801303570952 ], [ -122.101021647726625, 37.43078183057002 ], [ -122.101035329072687, 37.430761262397176 ], [ -122.101046684015003, 37.430739819359083 ], [ -122.101055576533923, 37.43071764029456 ], [ -122.101061909090447, 37.430694919391492 ], [ -122.101065685823471, 37.430671849450306 ], [ -122.101341025903707, 37.42968408534778 ], [ -122.101350432372797, 37.42965695526734 ], [ -122.101362852578632, 37.429630608653646 ], [ -122.101378153369652, 37.429605265413045 ], [ -122.101396200492687, 37.429581094098197 ], [ -122.101416859107019, 37.429558288503443 ], [ -122.101439997142947, 37.429537013546764 ], [ -122.101465411485279, 37.429517493693695 ], [ -122.101492863840747, 37.429499841240045 ], [ -122.101522219340922, 37.429484195908529 ], [ -122.101553169650373, 37.429470670951275 ], [ -122.101585513248082, 37.429459407000913 ], [ -122.101619317420273, 37.429450485147086 ], [ -122.101653967695583, 37.42944402372207 ], [ -122.101689222914359, 37.429440053954124 ], [ -122.101724807475492, 37.42943863457802 ], [ -122.101760378474836, 37.429439742337081 ], [ -122.101795693023789, 37.429443380547056 ], [ -122.101830440980166, 37.429449525504914 ], [ -122.101864382283537, 37.429458154353576 ], [ -122.101897202172239, 37.429469133507482 ], [ -122.101928659416615, 37.429482438323632 ], [ -122.101958511576001, 37.429497935130932 ], [ -122.101986512800607, 37.429515489403627 ], [ -122.102012385115884, 37.429534996794366 ], [ -122.10275313564415, 37.430182368755631 ], [ -122.102737385956772, 37.43019321441848 ], [ -122.103079492162877, 37.430502754025902 ], [ -122.103594089133296, 37.430943131823561 ], [ -122.103831473904677, 37.431178232058159 ], [ -122.104639902445356, 37.432001566480558 ], [ -122.104915921520387, 37.43228698102147 ], [ -122.103029078644028, 37.434003765821153 ], [ -122.102499617828443, 37.433836049514838 ], [ -122.102532743405803, 37.434084133253968 ], [ -122.101909581291608, 37.433094515858137 ], [ -122.101988878023732, 37.43304165498143 ], [ -122.100523505002769, 37.431642651261505 ] ] ] } },
{ "type": "Feature", "properties": { "ZONE_TYPE": "Commercial\/Manufacturing\/Residential", "AREA_CALC": 3160101.4, "SHAPE_Leng": 11363.9704762, "SHAPE_Area": 3160100.66726, "has_CS": false, "Zone_Type_Abbr": "C\/R" }, "geometry": { "type": "Polygon", "coordinates": [ [ [ -122.1111791297037, 37.435518263327722 ], [ -122.111999627249944, 37.436140064707544 ], [ -122.114331954339846, 37.437908544383589 ], [ -122.114014295169142, 37.438564194787979 ], [ -122.113263851826119, 37.439066999416269 ], [ -122.110977520950996, 37.436897291080832 ], [ -122.110782365293602, 37.436707030346376 ], [ -122.107727634078415, 37.433812856531979 ], [ -122.105934373494406, 37.432110734991433 ], [ -122.105361512609022, 37.431539343220777 ], [ -122.105563856973362, 37.431383024883779 ], [ -122.106047764866531, 37.43105911303001 ], [ -122.105510192658357, 37.430653039857766 ], [ -122.105341597161271, 37.43049188071182 ], [ -122.105331844397924, 37.429430105030924 ], [ -122.105488449208679, 37.429437494393277 ], [ -122.105483405501801, 37.429100577974225 ], [ -122.105183665388481, 37.429092262932933 ], [ -122.105163338575863, 37.428100814511474 ], [ -122.107345827362465, 37.428398006848674 ], [ -122.107584708225389, 37.428427339722319 ], [ -122.108160787081957, 37.428507455141258 ], [ -122.111117118249823, 37.430372756677819 ], [ -122.110800023036802, 37.430693686274253 ], [ -122.111122655224236, 37.431007288622475 ], [ -122.10942531569637, 37.43210191282764 ], [ -122.10940335247804, 37.43219357408082 ], [ -122.109321318485485, 37.432603158001506 ], [ -122.109045597700046, 37.433896397900547 ], [ -122.111178081621134, 37.43551756306622 ], [ -122.1111791297037, 37.435518263327722 ] ] ] } },
{ "type": "Feature", "properties": { "ZONE_TYPE": null, "AREA_CALC": 32928.0, "SHAPE_Leng": 758.11366488900001, "SHAPE_Area": 32926.667119899997, "has_CS": false, "Zone_Type_Abbr": "P" }, "geometry": { "type": "Polygon", "coordinates": [ [ [ -122.12696918769258, 37.43191848660809 ], [ -122.127538591491842, 37.43226831564256 ], [ -122.127194282683405, 37.432611587749527 ], [ -122.127140252410598, 37.432577561357753 ], [ -122.12697825985515, 37.432475206708631 ], [ -122.127007282106916, 37.432446017197123 ], [ -122.126601365102132, 37.432189757875911 ], [ -122.12696918769258, 37.43191848660809 ] ] ] } },
{ "type": "Feature", "properties": { "ZONE_TYPE": "Residential Multi-Family", "AREA_CALC": 197160.2, "SHAPE_Leng": 2126.5252740699998, "SHAPE_Area": 197157.46833100001, "has_CS": false, "Zone_Type_Abbr": "R" }, "geometry": { "type": "Polygon", "coordinates": [ [ [ -122.125499992394325, 37.43258650500993 ], [ -122.125941752693294, 37.432141847032277 ], [ -122.126187543480583, 37.431894600883098 ], [ -122.126067664833386, 37.431818388334925 ], [ -122.126282038639729, 37.431602727380564 ], [ -122.126344141881631, 37.431539403411847 ], [ -122.126914447547065, 37.431885046731047 ], [ -122.12696918769258, 37.43191848660809 ], [ -122.126601365102132, 37.432189757875911 ], [ -122.127007282106916, 37.432446017197123 ], [ -122.125892831902064, 37.433567490778529 ], [ -122.125553758644998, 37.433353207887158 ], [ -122.125460125208747, 37.433292755444477 ], [ -122.125391430075013, 37.433363450125057 ], [ -122.124981079737125, 37.433099692755064 ], [ -122.12504201170016, 37.433047345254977 ], [ -122.125428266155055, 37.432657213775869 ], [ -122.125499992394325, 37.43258650500993 ] ] ] } },
{ "type": "Feature", "properties": { "ZONE_TYPE": "Residential Multi-Family", "AREA_CALC": 55736.5, "SHAPE_Leng": 1049.5859083099999, "SHAPE_Area": 55736.868582399999, "has_CS": false, "Zone_Type_Abbr": "R" }, "geometry": { "type": "Polygon", "coordinates": [ [ [ -122.126839151624679, 37.432968990087154 ], [ -122.127700049964119, 37.433513182947792 ], [ -122.127017740829174, 37.433902043387505 ], [ -122.126924586602712, 37.433847847901603 ], [ -122.126598571943958, 37.43364184741408 ], [ -122.126729324202472, 37.433510410455227 ], [ -122.126709174401057, 37.433497779156816 ], [ -122.126837495418684, 37.433368627878053 ], [ -122.126594574870126, 37.433215121267033 ], [ -122.126839151624679, 37.432968990087154 ] ] ] } },
{ "type": "Feature", "properties": { "ZONE_TYPE": "Residential Multi-Family", "AREA_CALC": 10412.6, "SHAPE_Leng": 440.18268455999998, "SHAPE_Area": 10412.6113016, "has_CS": false, "Zone_Type_Abbr": "R" }, "geometry": { "type": "Polygon", "coordinates": [ [ [ -122.126865965006104, 37.43398084000107 ], [ -122.126952610380243, 37.434033560387952 ], [ -122.127262282319592, 37.434229237974677 ], [ -122.127052380808024, 37.4343469130404 ], [ -122.126742708911038, 37.434151234000574 ], [ -122.126659369940811, 37.434098495563411 ], [ -122.126865965006104, 37.43398084000107 ] ] ] } },
{ "type": "Feature", "properties": { "ZONE_TYPE": "Commercial\/Manufacturing", "AREA_CALC": 267107.0, "SHAPE_Leng": 3093.0098435499999, "SHAPE_Area": 267439.79521299998, "has_CS": false, "Zone_Type_Abbr": "C" }, "geometry": { "type": "Polygon", "coordinates": [ [ [ -122.125469166146033, 37.453207121223087 ], [ -122.124889154511294, 37.452954584137338 ], [ -122.125276426749153, 37.452843578171496 ], [ -122.125206589367963, 37.452688742850356 ], [ -122.125102837171255, 37.452718472571298 ], [ -122.1246503750979, 37.452525615815873 ], [ -122.124435279500062, 37.452533921644253 ], [ -122.124349948972139, 37.452344689639311 ], [ -122.124280005227959, 37.452189635372761 ], [ -122.124899770650401, 37.452011960397151 ], [ -122.124905600519014, 37.45202489934001 ], [ -122.125450238058249, 37.451868780886542 ], [ -122.125444409826315, 37.451855868982776 ], [ -122.125600513887704, 37.45181107578847 ], [ -122.125603314577035, 37.451809965471838 ], [ -122.125605972608284, 37.451808637237924 ], [ -122.12560849032873, 37.451807146928587 ], [ -122.125610830947977, 37.451805466214942 ], [ -122.125612961781385, 37.451803651424228 ], [ -122.125614917252278, 37.451801674142395 ], [ -122.125616593983679, 37.451799562837216 ], [ -122.125618061537821, 37.451797345383774 ], [ -122.125619286582008, 37.45179504837855 ], [ -122.125620234103991, 37.451792673207592 ], [ -122.125620904084116, 37.451790218970039 ], [ -122.125621297739585, 37.451787741523532 ], [ -122.125621450082733, 37.451785239481886 ], [ -122.125621292807992, 37.451782742629646 ], [ -122.125620859778024, 37.451780248695336 ], [ -122.1256201510799, 37.451777813552226 ], [ -122.125619168973799, 37.451775437169033 ], [ -122.125617947970284, 37.451773147004999 ], [ -122.125616453017727, 37.451770942644366 ], [ -122.125614718626636, 37.451768851546447 ], [ -122.125612780959059, 37.45176687321036 ], [ -122.125820983572609, 37.451923005500433 ], [ -122.125476757750064, 37.452021688996375 ], [ -122.125846187715013, 37.452840796398455 ], [ -122.126703658113527, 37.452594992999693 ], [ -122.126670567032647, 37.452521671162359 ], [ -122.127516785914338, 37.453050771405913 ], [ -122.127454686969884, 37.453116622565695 ], [ -122.12759416186816, 37.453200281129277 ], [ -122.127353592831852, 37.453422926722531 ], [ -122.127290532290928, 37.453466844166137 ], [ -122.127223069013326, 37.453506373380257 ], [ -122.127151714031598, 37.453541258541669 ], [ -122.127076910635381, 37.453571247470698 ], [ -122.126999203265186, 37.453596112721279 ], [ -122.126919142672932, 37.453615708770265 ], [ -122.12683734345822, 37.45362986307633 ], [ -122.12674865882363, 37.453641118059444 ], [ -122.126659116179312, 37.453646204428672 ], [ -122.126569335446575, 37.453645141529073 ], [ -122.126480007114381, 37.453637918891168 ], [ -122.1263917855958, 37.453624582422066 ], [ -122.126305328259662, 37.453605261801364 ], [ -122.126221292935, 37.453580056063451 ], [ -122.126140268707545, 37.45354917784676 ], [ -122.126062917535606, 37.453512864015359 ], [ -122.125469166146033, 37.453207121223087 ] ] ] } },
{ "type": "Feature", "properties": { "ZONE_TYPE": "Residential Multi-Family", "AREA_CALC": 11542.0, "SHAPE_Leng": 527.49206890599999, "SHAPE_Area": 11542.901029799999, "has_CS": false, "Zone_Type_Abbr": "R" }, "geometry": { "type": "Polygon", "coordinates": [ [ [ -122.125499992394325, 37.43258650500993 ], [ -122.125344601596439, 37.432500839777326 ], [ -122.125790145439183, 37.432046460966106 ], [ -122.125821641032957, 37.432065994336959 ], [ -122.125941752693294, 37.432141847032277 ], [ -122.125499992394325, 37.43258650500993 ] ] ] } },
{ "type": "Feature", "properties": { "ZONE_TYPE": "Residential Single-Family", "AREA_CALC": 7994.4, "SHAPE_Leng": 379.41436311199999, "SHAPE_Area": 7994.0051308299999, "has_CS": false, "Zone_Type_Abbr": "R" }, "geometry": { "type": "Polygon", "coordinates": [ [ [ -122.117048921129793, 37.434891146531825 ], [ -122.116690353508147, 37.434664965974285 ], [ -122.116824960034705, 37.434529284025572 ], [ -122.11714671642342, 37.434732211304201 ], [ -122.117103040293003, 37.434814999094549 ], [ -122.117048921129793, 37.434891146531825 ] ] ] } },
{ "type": "Feature", "properties": { "ZONE_TYPE": "Public Facility", "AREA_CALC": 319028.0, "SHAPE_Leng": 2403.6385738700001, "SHAPE_Area": 319025.38049200003, "has_CS": false, "Zone_Type_Abbr": "P" }, "geometry": { "type": "Polygon", "coordinates": [ [ [ -122.124251586611862, 37.439181691544846 ], [ -122.123394203947015, 37.440039122659279 ], [ -122.121249804276346, 37.438685390348432 ], [ -122.121165066519183, 37.438631732789716 ], [ -122.121176127115703, 37.438625509503495 ], [ -122.121144376614069, 37.438589580138014 ], [ -122.12111653907742, 37.438557716101798 ], [ -122.12225219890307, 37.437917137765083 ], [ -122.123630012539792, 37.438788590288212 ], [ -122.124182950326244, 37.439138306868259 ], [ -122.124251586611862, 37.439181691544846 ] ] ] } },
{ "type": "Feature", "properties": { "ZONE_TYPE": "Public Facility", "AREA_CALC": 209590.8, "SHAPE_Leng": 2522.9520850200001, "SHAPE_Area": 209590.12179, "has_CS": false, "Zone_Type_Abbr": "P" }, "geometry": { "type": "Polygon", "coordinates": [ [ [ -122.11798507084076, 37.434547300124606 ], [ -122.119073417037399, 37.4352330972484 ], [ -122.119342322501026, 37.434963764996525 ], [ -122.119415350340887, 37.435012969455997 ], [ -122.118910602269892, 37.435524423572076 ], [ -122.119456480122764, 37.435870056059152 ], [ -122.119373682313324, 37.435956406322532 ], [ -122.119494350778211, 37.436029346126318 ], [ -122.119635929419033, 37.436116638127643 ], [ -122.118916318587054, 37.436635726526376 ], [ -122.11877202698264, 37.436548883831804 ], [ -122.118496533387258, 37.436375098499866 ], [ -122.117836671272784, 37.435959614696195 ], [ -122.117897279533821, 37.435892002829988 ], [ -122.118268569310956, 37.435509903730392 ], [ -122.118147448766379, 37.435433480376631 ], [ -122.118198351690097, 37.435382180530056 ], [ -122.117558146522939, 37.434978373231118 ], [ -122.11798507084076, 37.434547300124606 ] ] ] } },
{ "type": "Feature", "properties": { "ZONE_TYPE": null, "AREA_CALC": 172018.2, "SHAPE_Leng": 1812.1430681, "SHAPE_Area": 172014.37796300001, "has_CS": false, "Zone_Type_Abbr": "P" }, "geometry": { "type": "Polygon", "coordinates": [ [ [ -122.119446475794575, 37.444048272693593 ], [ -122.119526115015589, 37.444098485410635 ], [ -122.121156534306039, 37.445126623258616 ], [ -122.120515101565147, 37.445773249598361 ], [ -122.120462704492184, 37.445816274510513 ], [ -122.118981922349136, 37.44453983333451 ], [ -122.119446475794575, 37.444048272693593 ] ] ] } },
{ "type": "Feature", "properties": { "ZONE_TYPE": "Residential Single-Family", "AREA_CALC": 366779.1, "SHAPE_Leng": 2721.9295828600002, "SHAPE_Area": 366754.57304400002, "has_CS": false, "Zone_Type_Abbr": "R" }, "geometry": { "type": "Polygon", "coordinates": [ [ [ -122.115256139796358, 37.409080288155671 ], [ -122.115508395961029, 37.408821877892827 ], [ -122.115875419305283, 37.408464674436772 ], [ -122.115932122315513, 37.408316248482237 ], [ -122.116476379747724, 37.408660486473693 ], [ -122.116468233828726, 37.40881228098889 ], [ -122.116999053739946, 37.40877436577086 ], [ -122.117153754968399, 37.408765749965994 ], [ -122.117598633634586, 37.408748876550582 ], [ -122.117631403978905, 37.408943781935889 ], [ -122.118043888472769, 37.408925787256514 ], [ -122.117947808123049, 37.409127221798393 ], [ -122.118020880123666, 37.409419579705947 ], [ -122.117900965918608, 37.409803515608878 ], [ -122.117668004261617, 37.409974863885303 ], [ -122.117578547526662, 37.410043506483767 ], [ -122.117506454608147, 37.410244389953654 ], [ -122.117439322511132, 37.410412077673946 ], [ -122.117332593722125, 37.410594266388216 ], [ -122.117275795806023, 37.410654052057183 ], [ -122.116462061685297, 37.410139626126018 ], [ -122.116468834924021, 37.410132803516809 ], [ -122.116333895021, 37.41004750487992 ], [ -122.115672812363172, 37.409629555431415 ], [ -122.115780823902782, 37.409520857139086 ], [ -122.115254651950195, 37.409188205965755 ], [ -122.115320943186958, 37.409121505403462 ], [ -122.115256139796358, 37.409080288155671 ] ] ] } },
{ "type": "Feature", "properties": { "ZONE_TYPE": "Residential Single-Family", "AREA_CALC": 981584.0, "SHAPE_Leng": 6151.7043646000002, "SHAPE_Area": 981586.84632600006, "has_CS": false, "Zone_Type_Abbr": "R" }, "geometry": { "type": "Polygon", "coordinates": [ [ [ -122.114346463720295, 37.406830241712761 ], [ -122.114319477152321, 37.406813170334324 ], [ -122.114565388195572, 37.40656564482105 ], [ -122.114414292275129, 37.406470127821045 ], [ -122.114876784264922, 37.406009044865002 ], [ -122.115065653682706, 37.406128461072733 ], [ -122.115365041855014, 37.40582712659814 ], [ -122.115814680324789, 37.4054455739765 ], [ -122.116202928709029, 37.4056910425371 ], [ -122.117093453931957, 37.406254046670966 ], [ -122.117476542069681, 37.405868433091172 ], [ -122.118136797370269, 37.406285860874448 ], [ -122.118673506366477, 37.406622035093058 ], [ -122.118804559749123, 37.406513949564022 ], [ -122.119425573054585, 37.406907492798574 ], [ -122.118991829377023, 37.407249889096235 ], [ -122.118597829108097, 37.407560916015882 ], [ -122.11843948707002, 37.407685831034897 ], [ -122.118192078955346, 37.407836888251431 ], [ -122.118009706483178, 37.407939774421038 ], [ -122.118080223344379, 37.407979263048922 ], [ -122.117842906033317, 37.408152704970867 ], [ -122.117712155161527, 37.408406780899632 ], [ -122.117750077934474, 37.408516902163633 ], [ -122.117819060971712, 37.408660381141381 ], [ -122.118043888472769, 37.408925787256514 ], [ -122.117631403978905, 37.408943781935889 ], [ -122.117598633634586, 37.408748876550582 ], [ -122.117153754968399, 37.408765749965994 ], [ -122.116999053739946, 37.40877436577086 ], [ -122.116468233828726, 37.40881228098889 ], [ -122.116476379747724, 37.408660486473693 ], [ -122.115932122315513, 37.408316248482237 ], [ -122.115875419305283, 37.408464674436772 ], [ -122.115508395961029, 37.408821877892827 ], [ -122.115048846721876, 37.408528329825224 ], [ -122.115306281960557, 37.408270562419304 ], [ -122.115171615251995, 37.408184983871145 ], [ -122.115682164772238, 37.407673710592185 ], [ -122.114346463720295, 37.406830241712761 ] ], [ [ -122.11648533779875, 37.408493765865899 ], [ -122.117014794966238, 37.408445512704709 ], [ -122.117012604821426, 37.408435050194797 ], [ -122.117011858092354, 37.40843077527046 ], [ -122.117011215269045, 37.408426498913855 ], [ -122.117010604613242, 37.408422195077762 ], [ -122.117010099577996, 37.408417916821804 ], [ -122.117009626690759, 37.408413610185463 ], [ -122.117009292740406, 37.408409302535098 ], [ -122.117008992672353, 37.408404994417708 ], [ -122.117008796490495, 37.408400683967081 ], [ -122.117008634210379, 37.408396373950346 ], [ -122.117008609718297, 37.408392062034295 ], [ -122.117008619088907, 37.408387748750222 ], [ -122.117008732384662, 37.408383434934791 ], [ -122.11700887954315, 37.408379119751409 ], [ -122.117009165638393, 37.408374803554054 ], [ -122.117009485072003, 37.408370513933178 ], [ -122.117009908955069, 37.408366195836507 ], [ -122.117010366176444, 37.408361904316287 ], [ -122.117010927303355, 37.408357611363847 ], [ -122.117011592335743, 37.40835331697906 ], [ -122.117012291855332, 37.408349050056167 ], [ -122.11701309526093, 37.408344780800036 ], [ -122.117013967035874, 37.408340538538759 ], [ -122.11701490711917, 37.408336268299792 ], [ -122.117015918396675, 37.408332051151604 ], [ -122.117017031884188, 37.408327806459582 ], [ -122.11701821430708, 37.408323614889468 ], [ -122.117019466753092, 37.408319422354076 ], [ -122.117020788092887, 37.408315228869 ], [ -122.117022177782488, 37.408311061477789 ], [ -122.117023671982452, 37.4083069205832 ], [ -122.117025201193897, 37.408302779206032 ], [ -122.117026833786284, 37.408298664340968 ], [ -122.117028535857855, 37.408294575554237 ], [ -122.117030306823068, 37.408290485817787 ], [ -122.11703214726748, 37.408286422159662 ], [ -122.117034057796033, 37.408282412508747 ], [ -122.117036035503361, 37.408278374895673 ], [ -122.117038119435833, 37.408274390791625 ], [ -122.117040236706458, 37.408270433264043 ], [ -122.11704242460506, 37.408266502700123 ], [ -122.117044715279476, 37.408262570719408 ], [ -122.117047042155818, 37.408258693212943 ], [ -122.117049472393461, 37.408254841317707 ], [ -122.117051936513064, 37.408250988955302 ], [ -122.117054505747902, 37.408247191018447 ], [ -122.117056108087212, 37.408244860950859 ], [ -122.117059122611238, 37.408237733240952 ], [ -122.117060685701503, 37.408233591396161 ], [ -122.117062144886191, 37.408229450983711 ], [ -122.11706350010418, 37.40822525703107 ], [ -122.117064752545986, 37.408221064495173 ], [ -122.117065866595084, 37.408216845929715 ], [ -122.117066911164784, 37.408212601285975 ], [ -122.117067782935123, 37.408208359024265 ], [ -122.117068586355529, 37.408204090668633 ], [ -122.117069250253849, 37.408199796299087 ], [ -122.117069811376112, 37.408195503346256 ], [ -122.117070269722433, 37.408191211810248 ], [ -122.117070590281102, 37.408186922173606 ], [ -122.117070806348963, 37.408182606941331 ], [ -122.1170708846292, 37.408178293608429 ], [ -122.117070895125622, 37.40817398030871 ], [ -122.117070732842421, 37.408169670292025 ], [ -122.11707050164604, 37.408165360324077 ], [ -122.117070132681732, 37.408161053156462 ], [ -122.117069660941524, 37.408156747405627 ], [ -122.117069051999422, 37.408152470582174 ], [ -122.117068339152155, 37.408148195191089 ], [ -122.117067523529045, 37.408143921216741 ], [ -122.117066604605753, 37.408139676603689 ], [ -122.117065549005076, 37.408135432973516 ], [ -122.117064390104204, 37.408131218704582 ], [ -122.11706309402112, 37.40812703426397 ], [ -122.117061730759431, 37.408122877785495 ], [ -122.117060228581011, 37.408118723221946 ], [ -122.117058624212461, 37.408114597103172 ], [ -122.117056882661714, 37.408110500812711 ], [ -122.117055073408011, 37.408106460428819 ], [ -122.117053126367139, 37.408102421944292 ], [ -122.117051076611787, 37.408098439849027 ], [ -122.117048925210241, 37.408094459154881 ], [ -122.117046670550323, 37.408090561893509 ], [ -122.117044314263737, 37.408086666934217 ], [ -122.117041855243258, 37.408082827463225 ], [ -122.117039292922755, 37.408079017353415 ], [ -122.117036629017335, 37.408075263617206 ], [ -122.117033863507402, 37.408071565353687 ], [ -122.1170309953025, 37.408067924380262 ], [ -122.117028023778303, 37.408064311867122 ], [ -122.11702495179847, 37.408060755711979 ], [ -122.117021810400871, 37.408057228450929 ], [ -122.117018568003857, 37.408053784591502 ], [ -122.117015222892505, 37.408050397121158 ], [ -122.117011811207647, 37.408047065541787 ], [ -122.117008296808507, 37.408043790351563 ], [ -122.117005942441281, 37.408041652709898 ], [ -122.116468779098923, 37.407718002929407 ], [ -122.116458050841146, 37.407713920520273 ], [ -122.116453057036253, 37.407712286061887 ], [ -122.116447962916581, 37.407710818806777 ], [ -122.116442804583912, 37.407709516455149 ], [ -122.116437614205452, 37.407708351527681 ], [ -122.116432358504056, 37.407707352420104 ], [ -122.116427036894393, 37.407706492104452 ], [ -122.116421684428886, 37.407705824169859 ], [ -122.116416336058307, 37.407705293161371 ], [ -122.116410956266122, 37.407704928406837 ], [ -122.116405546142602, 37.407704728088866 ], [ -122.116400138459852, 37.407704692657035 ], [ -122.116394735476689, 37.407704822080198 ], [ -122.116389335458763, 37.407705088445063 ], [ -122.116383938486251, 37.407705547624992 ], [ -122.116378614501784, 37.407706142781748 ], [ -122.116373293562646, 37.407706930753605 ], [ -122.116368011729449, 37.407707855169114 ], [ -122.116362765613914, 37.407708916074974 ], [ -122.116357593676341, 37.407710167914594 ], [ -122.116352458624803, 37.407711558030918 ], [ -122.116347429879383, 37.4077131097999 ], [ -122.116342439149392, 37.407714799829961 ], [ -122.116337554744931, 37.40771665241359 ], [ -122.116332743347726, 37.407718641875057 ], [ -122.116328071572781, 37.407720766395208 ], [ -122.116323472241334, 37.407723053935847 ], [ -122.116318979213816, 37.407725450859466 ], [ -122.116314591926539, 37.407727983308661 ], [ -122.116310345410383, 37.40773065170206 ], [ -122.116306239645752, 37.407733455138683 ], [ -122.116302239036159, 37.407736367072943 ], [ -122.116298414189473, 37.407739413568073 ], [ -122.1162980750873, 37.407739666071095 ], [ -122.116225172379387, 37.407799893053848 ], [ -122.116610661222552, 37.408044490924347 ], [ -122.116505210521282, 37.408152083218781 ], [ -122.11648533779875, 37.408493765865899 ] ] ] } },
{ "type": "Feature", "properties": { "ZONE_TYPE": "Residential Single-Family", "AREA_CALC": 1936689.7, "SHAPE_Leng": 7709.0456744100002, "SHAPE_Area": 1936687.06908, "has_CS": false, "Zone_Type_Abbr": "R" }, "geometry": { "type": "Polygon", "coordinates": [ [ [ -122.108332155728007, 37.414177053115921 ], [ -122.108524653302979, 37.413983342255591 ], [ -122.109093710451504, 37.413410645975233 ], [ -122.109223039565222, 37.413280510374797 ], [ -122.109444316526108, 37.413057808048762 ], [ -122.111475263237409, 37.414341776506767 ], [ -122.111421267106067, 37.414407289325368 ], [ -122.111711997031492, 37.414591071660958 ], [ -122.111821660360903, 37.414746410994312 ], [ -122.112096924390954, 37.414920433097542 ], [ -122.111814609458079, 37.415204547873898 ], [ -122.111959784146364, 37.415296331333096 ], [ -122.112681080131082, 37.414946960192204 ], [ -122.112896802747585, 37.415227690975186 ], [ -122.113059470841193, 37.415150437572272 ], [ -122.113309879563616, 37.415477580206506 ], [ -122.113692309000868, 37.415292593043908 ], [ -122.115199471704869, 37.416245287260416 ], [ -122.115369792486291, 37.416352954622518 ], [ -122.116058977930464, 37.416790543080531 ], [ -122.114980585985677, 37.417343668770556 ], [ -122.114418991433226, 37.417650944820444 ], [ -122.113116524851748, 37.418340084093757 ], [ -122.112654392386403, 37.418579564460174 ], [ -122.111545121586772, 37.419161154649224 ], [ -122.111095110809572, 37.419397852341646 ], [ -122.111020400547247, 37.419312818973772 ], [ -122.109918347206005, 37.417974098945898 ], [ -122.110306790441072, 37.417647082572159 ], [ -122.110585500704346, 37.417495256161871 ], [ -122.110661622688085, 37.417586807715381 ], [ -122.1108051105805, 37.417510919433866 ], [ -122.110728988498167, 37.417419367972983 ], [ -122.111298753156149, 37.417118288839241 ], [ -122.110872848492349, 37.415784243683134 ], [ -122.108332155728007, 37.414177053115921 ] ] ] } },
{ "type": "Feature", "properties": { "ZONE_TYPE": "Residential Single-Family", "AREA_CALC": 28863.9, "SHAPE_Leng": 702.17322756, "SHAPE_Area": 28862.859767599999, "has_CS": false, "Zone_Type_Abbr": "R" }, "geometry": { "type": "Polygon", "coordinates": [ [ [ -122.119271640477564, 37.414181904438422 ], [ -122.119574714861585, 37.413916438757497 ], [ -122.12015117112756, 37.414327788922733 ], [ -122.119867792833929, 37.414574112953083 ], [ -122.11963840865144, 37.414429910858182 ], [ -122.119315910456649, 37.414228759719229 ], [ -122.119271640477564, 37.414181904438422 ] ] ] } },
{ "type": "Feature", "properties": { "ZONE_TYPE": "Residential Single-Family", "AREA_CALC": 1992259.3, "SHAPE_Leng": 8237.6769095799991, "SHAPE_Area": 1992264.24811, "has_CS": false, "Zone_Type_Abbr": "R" }, "geometry": { "type": "Polygon", "coordinates": [ [ [ -122.109444316526108, 37.413057808048762 ], [ -122.110124653961705, 37.412373100667416 ], [ -122.108677681020367, 37.411458275561657 ], [ -122.10942216968418, 37.410711464754257 ], [ -122.109831342218754, 37.410301456274027 ], [ -122.110475711079573, 37.410707333865759 ], [ -122.110628493087091, 37.410805854538623 ], [ -122.111278347273313, 37.411216568569628 ], [ -122.113482487092753, 37.412610250777348 ], [ -122.114320307095596, 37.413140929128012 ], [ -122.114487429896229, 37.413242845155473 ], [ -122.115505562609442, 37.413887446366431 ], [ -122.115225628903019, 37.414206009582642 ], [ -122.11490761817447, 37.414359651828264 ], [ -122.114719943164687, 37.414514494039004 ], [ -122.114525230476033, 37.414675174346648 ], [ -122.115161998960133, 37.415077010352128 ], [ -122.115500876352385, 37.414735358881806 ], [ -122.116857349614591, 37.415589407531293 ], [ -122.116835709946614, 37.415607944289732 ], [ -122.117206651131156, 37.415842001522371 ], [ -122.116292591043631, 37.416659293829106 ], [ -122.116058977930464, 37.416790543080531 ], [ -122.115369792486291, 37.416352954622518 ], [ -122.115199471704869, 37.416245287260416 ], [ -122.113692309000868, 37.415292593043908 ], [ -122.113309879563616, 37.415477580206506 ], [ -122.113059470841193, 37.415150437572272 ], [ -122.112896802747585, 37.415227690975186 ], [ -122.112681080131082, 37.414946960192204 ], [ -122.111959784146364, 37.415296331333096 ], [ -122.111814609458079, 37.415204547873898 ], [ -122.112096924390954, 37.414920433097542 ], [ -122.111821660360903, 37.414746410994312 ], [ -122.111711962016813, 37.414591072141995 ], [ -122.111421267106067, 37.414407289325368 ], [ -122.111475263237409, 37.414341776506767 ], [ -122.109444316526108, 37.413057808048762 ] ] ] } },
{ "type": "Feature", "properties": { "ZONE_TYPE": "Residential Single-Family", "AREA_CALC": 430599.1, "SHAPE_Leng": 3009.3506245799999, "SHAPE_Area": 430599.37938599999, "has_CS": false, "Zone_Type_Abbr": "R" }, "geometry": { "type": "Polygon", "coordinates": [ [ [ -122.115505562609442, 37.413887446366431 ], [ -122.115546146029175, 37.413840464788777 ], [ -122.115955151819989, 37.413401211127244 ], [ -122.116172621676824, 37.413537948544167 ], [ -122.116443626550023, 37.413708998388401 ], [ -122.11811866564554, 37.414767623298061 ], [ -122.118292375193093, 37.414907625304188 ], [ -122.117206651131156, 37.415842001522371 ], [ -122.116835709946614, 37.415607944289732 ], [ -122.116857349614591, 37.415589407531293 ], [ -122.115500876352385, 37.414735358881806 ], [ -122.115161998960133, 37.415077010352128 ], [ -122.114525230476033, 37.414675174346648 ], [ -122.114719943164687, 37.414514494039004 ], [ -122.11490761817447, 37.414359651828264 ], [ -122.115225628903019, 37.414206009582642 ], [ -122.115505562609442, 37.413887446366431 ] ] ] } },
{ "type": "Feature", "properties": { "ZONE_TYPE": "Residential Multi-Family", "AREA_CALC": 163917.2, "SHAPE_Leng": 1931.0612930899999, "SHAPE_Area": 163914.788084, "has_CS": false, "Zone_Type_Abbr": "R" }, "geometry": { "type": "Polygon", "coordinates": [ [ [ -122.115505562609442, 37.413887446366431 ], [ -122.114487429896229, 37.413242845155473 ], [ -122.114320307095596, 37.413140929128012 ], [ -122.113482487092753, 37.412610250777348 ], [ -122.113952913762404, 37.412136647265619 ], [ -122.114704873020955, 37.412612852154325 ], [ -122.115025034155479, 37.412811960712403 ], [ -122.115955151819989, 37.413401211127244 ], [ -122.115546146029175, 37.413840464788777 ], [ -122.115505562609442, 37.413887446366431 ] ] ] } },
{ "type": "Feature", "properties": { "ZONE_TYPE": "Residential Multi-Family", "AREA_CALC": 21651.0, "SHAPE_Leng": 666.20339297400005, "SHAPE_Area": 21651.203724399998, "has_CS": false, "Zone_Type_Abbr": "R" }, "geometry": { "type": "Polygon", "coordinates": [ [ [ -122.117476542069681, 37.405868433091172 ], [ -122.117663198773968, 37.405680582682969 ], [ -122.118328079711006, 37.406092176997369 ], [ -122.118136797370269, 37.406285860874448 ], [ -122.117476542069681, 37.405868433091172 ] ] ] } },
{ "type": "Feature", "properties": { "ZONE_TYPE": "Residential Multi-Family", "AREA_CALC": 128758.5, "SHAPE_Leng": 1447.9073405300001, "SHAPE_Area": 128752.550881, "has_CS": false, "Zone_Type_Abbr": "R" }, "geometry": { "type": "Polygon", "coordinates": [ [ [ -122.116202928709029, 37.4056910425371 ], [ -122.11680792288756, 37.405082074503035 ], [ -122.116824690761035, 37.405067669269201 ], [ -122.116842964316419, 37.405054506765104 ], [ -122.11686268045122, 37.405042698707724 ], [ -122.11688363138596, 37.405032301131392 ], [ -122.116905615168648, 37.405023482640438 ], [ -122.116928528443466, 37.405016217622986 ], [ -122.116952166356285, 37.405010644983847 ], [ -122.116976322799545, 37.405006741428956 ], [ -122.117000826739442, 37.405004590423964 ], [ -122.117025472654092, 37.405004195703043 ], [ -122.117050052138296, 37.405005532201763 ], [ -122.117074394680316, 37.405008603172107 ], [ -122.117098291331089, 37.405013410593469 ], [ -122.11712157089292, 37.405019873915734 ], [ -122.11714402560429, 37.405027997805888 ], [ -122.117350977616653, 37.405130129235765 ], [ -122.117358054727958, 37.405132559529861 ], [ -122.117365361071833, 37.405134463965275 ], [ -122.117372862767311, 37.405135843009127 ], [ -122.117380492091769, 37.405136699397588 ], [ -122.117388177270627, 37.405137005281759 ], [ -122.11739588444253, 37.405136762029748 ], [ -122.117403512550553, 37.405135998071039 ], [ -122.117411024244717, 37.405134658046052 ], [ -122.117418386854354, 37.405132798279844 ], [ -122.117425498212683, 37.40513044811857 ], [ -122.117432322684891, 37.405127579215062 ], [ -122.117438792609633, 37.405124249278124 ], [ -122.117444840186295, 37.405120457440262 ], [ -122.117567893614279, 37.405030997889028 ], [ -122.117695914370529, 37.405140535474899 ], [ -122.117967865001049, 37.40537392269875 ], [ -122.117663198773968, 37.405680582682969 ], [ -122.117476542069681, 37.405868433091172 ], [ -122.117093453931957, 37.406254046670966 ], [ -122.116202928709029, 37.4056910425371 ] ] ] } },
{ "type": "Feature", "properties": { "ZONE_TYPE": "Commercial\/Residential", "AREA_CALC": 71298.6, "SHAPE_Leng": 1280.74257459, "SHAPE_Area": 71305.556003499994, "has_CS": false, "Zone_Type_Abbr": "C\/R" }, "geometry": { "type": "Polygon", "coordinates": [ [ [ -122.11680792288756, 37.405082074503035 ], [ -122.117553057625372, 37.40433204126964 ], [ -122.118335610859361, 37.405003735498099 ], [ -122.117967865001049, 37.40537392269875 ], [ -122.117695914370529, 37.405140535474899 ], [ -122.117567893614279, 37.405030997889028 ], [ -122.117444840186295, 37.405120457440262 ], [ -122.117439786786008, 37.405124042712266 ], [ -122.117434382349273, 37.405127276849335 ], [ -122.117428624516918, 37.405130103108171 ], [ -122.117422582785068, 37.405132548467733 ], [ -122.11741632485402, 37.4051345570211 ], [ -122.117409851348484, 37.405136157598172 ], [ -122.117403264939924, 37.40513729200746 ], [ -122.117396565123641, 37.405137989094349 ], [ -122.117389787414695, 37.405138219530699 ], [ -122.117383033475079, 37.40513798281588 ], [ -122.117376337790859, 37.405137306411731 ], [ -122.117369737006385, 37.405136160974521 ], [ -122.117363263368446, 37.405134574898128 ], [ -122.117356986877965, 37.40513254631616 ], [ -122.117350977616653, 37.405130129235765 ], [ -122.11714402560429, 37.405027997805888 ], [ -122.11712157089292, 37.405019873915734 ], [ -122.117098291331089, 37.405013410593469 ], [ -122.117074394680316, 37.405008603172107 ], [ -122.117050052138296, 37.405005532201763 ], [ -122.117025472654092, 37.405004195703043 ], [ -122.117000826739442, 37.405004590423964 ], [ -122.116976322799545, 37.405006741428956 ], [ -122.116952166356285, 37.405010644983847 ], [ -122.116928528443466, 37.405016217622986 ], [ -122.116905615168648, 37.405023482640438 ], [ -122.11688363138596, 37.405032301131392 ], [ -122.11686268045122, 37.405042698707724 ], [ -122.116842964316419, 37.405054506765104 ], [ -122.116824690761035, 37.405067669269201 ], [ -122.11680792288756, 37.405082074503035 ] ] ] } },
{ "type": "Feature", "properties": { "ZONE_TYPE": "Commercial\/Residential", "AREA_CALC": 208517.8, "SHAPE_Leng": 2397.40238851, "SHAPE_Area": 208490.499323, "has_CS": false, "Zone_Type_Abbr": "C\/R" }, "geometry": { "type": "Polygon", "coordinates": [ [ [ -122.118136797370269, 37.406285860874448 ], [ -122.118328079711006, 37.406092176997369 ], [ -122.118722641043618, 37.405696155181971 ], [ -122.118963832121153, 37.405543012421703 ], [ -122.119279239221584, 37.405828591168387 ], [ -122.119475722865047, 37.406022472510507 ], [ -122.119676141630151, 37.406232670454514 ], [ -122.119958925757658, 37.406552237050846 ], [ -122.120061125584755, 37.406377690101088 ], [ -122.120423182930978, 37.406770409072152 ], [ -122.119359685023582, 37.407706752801559 ], [ -122.119267844454868, 37.407590729941575 ], [ -122.118991829377023, 37.407249889096235 ], [ -122.119425573054585, 37.406907492798574 ], [ -122.118804559749123, 37.406513949564022 ], [ -122.118673506366477, 37.406622035093058 ], [ -122.118136797370269, 37.406285860874448 ] ] ] } },
{ "type": "Feature", "properties": { "ZONE_TYPE": "Commercial\/Residential", "AREA_CALC": 72949.2, "SHAPE_Leng": 1100.6760861600001, "SHAPE_Area": 72947.468102300001, "has_CS": false, "Zone_Type_Abbr": "C\/R" }, "geometry": { "type": "Polygon", "coordinates": [ [ [ -122.117663198773968, 37.405680582682969 ], [ -122.117967865001049, 37.40537392269875 ], [ -122.118335610859361, 37.405003735498099 ], [ -122.118963832121153, 37.405543012421703 ], [ -122.118722641043618, 37.405696155181971 ], [ -122.118328079711006, 37.406092176997369 ], [ -122.117663198773968, 37.405680582682969 ] ] ] } },
{ "type": "Feature", "properties": { "ZONE_TYPE": "Commercial\/Residential", "AREA_CALC": 224488.0, "SHAPE_Leng": 2083.9098631500001, "SHAPE_Area": 224487.11847799999, "has_CS": false, "Zone_Type_Abbr": "C\/R" }, "geometry": { "type": "Polygon", "coordinates": [ [ [ -122.119091122389307, 37.408166743399654 ], [ -122.119453558143562, 37.407810167641458 ], [ -122.119359685023582, 37.407706752801559 ], [ -122.120423182930978, 37.406770409072152 ], [ -122.121105054374411, 37.407625483174947 ], [ -122.120951817848223, 37.407760110039668 ], [ -122.119537518934052, 37.408994613858958 ], [ -122.119109481139077, 37.408468645279086 ], [ -122.119242044653504, 37.408352298769699 ], [ -122.119091122389307, 37.408166743399654 ] ] ] } },
{ "type": "Feature", "properties": { "ZONE_TYPE": "Commercial", "AREA_CALC": 216096.0, "SHAPE_Leng": 2083.62116264, "SHAPE_Area": 216094.02850300001, "has_CS": false, "Zone_Type_Abbr": "C" }, "geometry": { "type": "Polygon", "coordinates": [ [ [ -122.118269165793166, 37.409199152482756 ], [ -122.118020880123666, 37.409419579705947 ], [ -122.117947808123049, 37.409127221798393 ], [ -122.118043888472769, 37.408925787256514 ], [ -122.117819060971712, 37.408660381141381 ], [ -122.117750077934474, 37.408516902163633 ], [ -122.117712155161527, 37.408406780899632 ], [ -122.117842906033317, 37.408152704970867 ], [ -122.118080223344379, 37.407979263048922 ], [ -122.118009706483178, 37.407939774421038 ], [ -122.118192078955346, 37.407836888251431 ], [ -122.11843948707002, 37.407685831034897 ], [ -122.118597829108097, 37.407560916015882 ], [ -122.119091122389307, 37.408166743399654 ], [ -122.119242044653504, 37.408352298769699 ], [ -122.119109481139077, 37.408468645279086 ], [ -122.119461739815989, 37.408901524895469 ], [ -122.118699275303115, 37.409568220443688 ], [ -122.118631740256433, 37.409629803256244 ], [ -122.118269165793166, 37.409199152482756 ] ] ] } },
{ "type": "Feature", "properties": { "ZONE_TYPE": "Public Facility", "AREA_CALC": 217721.0, "SHAPE_Leng": 1923.1875117300001, "SHAPE_Area": 217734.94388000001, "has_CS": false, "Zone_Type_Abbr": "P" }, "geometry": { "type": "Polygon", "coordinates": [ [ [ -122.12106466406658, 37.415426828668174 ], [ -122.121132389490256, 37.415365901573502 ], [ -122.122122931517453, 37.414491312237097 ], [ -122.123464385892092, 37.415459048356311 ], [ -122.123346796523492, 37.415562749387902 ], [ -122.123286407416586, 37.415519085383139 ], [ -122.122520286094257, 37.416196569102645 ], [ -122.122451746244039, 37.41625327891817 ], [ -122.121609682865795, 37.415724968224929 ], [ -122.121504157577277, 37.415659650364333 ], [ -122.121392345139512, 37.41560136847724 ], [ -122.12127501181692, 37.415550497670871 ], [ -122.121199885447027, 37.415514865018139 ], [ -122.121129560968569, 37.415473507312548 ], [ -122.12106466406658, 37.415426828668174 ] ] ] } },
{ "type": "Feature", "properties": { "ZONE_TYPE": "Residential Multi-Family", "AREA_CALC": 32988.6, "SHAPE_Leng": 761.70149024600005, "SHAPE_Area": 32989.007127199999, "has_CS": false, "Zone_Type_Abbr": "R" }, "geometry": { "type": "Polygon", "coordinates": [ [ [ -122.123259129312444, 37.42009522958638 ], [ -122.123481052794801, 37.419871585038152 ], [ -122.12364175195998, 37.419972946405089 ], [ -122.123910218861269, 37.419947942602199 ], [ -122.124119781695399, 37.420082193188314 ], [ -122.124240627712936, 37.420156360995428 ], [ -122.124187212047303, 37.420210224576849 ], [ -122.123903103229452, 37.420500930853876 ], [ -122.123259129312444, 37.42009522958638 ] ] ] } },
{ "type": "Feature", "properties": { "ZONE_TYPE": "Commercial\/Residential", "AREA_CALC": 18750.0, "SHAPE_Leng": 550.00058225600003, "SHAPE_Area": 18749.976339299999, "has_CS": false, "Zone_Type_Abbr": "C\/R" }, "geometry": { "type": "Polygon", "coordinates": [ [ [ -122.123422507954842, 37.418555984700966 ], [ -122.123689514605758, 37.418286722367121 ], [ -122.12409464029885, 37.41854228712814 ], [ -122.123827635324758, 37.418811550363451 ], [ -122.123422507954842, 37.418555984700966 ] ] ] } },
{ "type": "Feature", "properties": { "ZONE_TYPE": "Residential Multi-Family", "AREA_CALC": 29766.8, "SHAPE_Leng": 727.563062188, "SHAPE_Area": 29766.563390800002, "has_CS": false, "Zone_Type_Abbr": "R" }, "geometry": { "type": "Polygon", "coordinates": [ [ [ -122.123422507954842, 37.418555984700966 ], [ -122.122787188403635, 37.418154556469361 ], [ -122.123029653210082, 37.417874784618789 ], [ -122.12316817961765, 37.417960849890108 ], [ -122.123689514605758, 37.418286722367121 ], [ -122.123422507954842, 37.418555984700966 ] ] ] } },
{ "type": "Feature", "properties": { "ZONE_TYPE": "Residential Multi-Family", "AREA_CALC": 8237.0, "SHAPE_Leng": 390.423992677, "SHAPE_Area": 8237.1669063299996, "has_CS": false, "Zone_Type_Abbr": "R" }, "geometry": { "type": "Polygon", "coordinates": [ [ [ -122.125125097361789, 37.415378618029315 ], [ -122.125238579841792, 37.415239867494172 ], [ -122.125625676590019, 37.415438212289025 ], [ -122.125506367773895, 37.415582977453383 ], [ -122.125125097361789, 37.415378618029315 ] ] ] } },
{ "type": "Feature", "properties": { "ZONE_TYPE": "Public Facility", "AREA_CALC": 94925.4, "SHAPE_Leng": 1270.59948274, "SHAPE_Area": 94926.711911899998, "has_CS": false, "Zone_Type_Abbr": "P" }, "geometry": { "type": "Polygon", "coordinates": [ [ [ -122.114647113271573, 37.423050700253775 ], [ -122.115334228744516, 37.423880108462143 ], [ -122.114777978674809, 37.424186651273978 ], [ -122.113714766266853, 37.423543734806216 ], [ -122.114647113271573, 37.423050700253775 ] ] ] } },
{ "type": "Feature", "properties": { "ZONE_TYPE": "Public Facility", "AREA_CALC": 2953961.3, "SHAPE_Leng": 9801.9433418699991, "SHAPE_Area": 2953774.3844699999, "has_CS": true, "Zone_Type_Abbr": "P" }, "geometry": { "type": "Polygon", "coordinates": [ [ [ -122.110090621280079, 37.419933380991132 ], [ -122.111095110809572, 37.419397852341646 ], [ -122.111545121586772, 37.419161154649224 ], [ -122.111635252844948, 37.419268143597577 ], [ -122.112517267814681, 37.420327191856423 ], [ -122.113395822959717, 37.419861331919698 ], [ -122.11344933544683, 37.419835489464795 ], [ -122.114078087597036, 37.419503397332242 ], [ -122.113116524851748, 37.418340084093757 ], [ -122.114418991433226, 37.417650944820444 ], [ -122.120197172682438, 37.421300056701675 ], [ -122.115912077089831, 37.423581807073781 ], [ -122.115090672106945, 37.422590126748005 ], [ -122.114515706884333, 37.422892530925758 ], [ -122.11398223902961, 37.422250483951714 ], [ -122.112836275522227, 37.422854291246495 ], [ -122.112707341521045, 37.422923499489357 ], [ -122.112501705920906, 37.422769534878078 ], [ -122.112312600844561, 37.422602679084811 ], [ -122.112141219784448, 37.422424043191896 ], [ -122.111988758472108, 37.422234791420735 ], [ -122.113368334673893, 37.421511615353886 ], [ -122.112995315572647, 37.421062631677579 ], [ -122.111622654138031, 37.421780434637533 ], [ -122.110702339370675, 37.420683174601784 ], [ -122.110090621280079, 37.419933380991132 ] ] ] } },
{ "type": "Feature", "properties": { "ZONE_TYPE": "Commercial\/Residential", "AREA_CALC": 19659.0, "SHAPE_Leng": 757.39148527299994, "SHAPE_Area": 19667.982170200001, "has_CS": false, "Zone_Type_Abbr": "C\/R" }, "geometry": { "type": "Polygon", "coordinates": [ [ [ -122.163931682981527, 37.44416436564881 ], [ -122.163985087079993, 37.444110483172651 ], [ -122.163714842008787, 37.443940217278879 ], [ -122.163821616242984, 37.443832453878976 ], [ -122.16384597099416, 37.443846254865676 ], [ -122.163871666418942, 37.443858389431981 ], [ -122.163898563925557, 37.443868775729506 ], [ -122.163926452550328, 37.443877279764777 ], [ -122.16395512615604, 37.44388393329838 ], [ -122.163984411628874, 37.443888627034326 ], [ -122.164014370147441, 37.443891114074916 ], [ -122.16404449064234, 37.443891538649488 ], [ -122.164074563354035, 37.443889820821056 ], [ -122.164104313314439, 37.443886048300669 ], [ -122.164133535359525, 37.443880195159096 ], [ -122.164161989529518, 37.443872347710382 ], [ -122.164189504674823, 37.44386253541817 ], [ -122.164215839706344, 37.443850844612967 ], [ -122.164240758055058, 37.4438373615614 ], [ -122.164264122019532, 37.4438221963619 ], [ -122.164285762867948, 37.443805436121743 ], [ -122.164305443034451, 37.443787274365796 ], [ -122.16444056526791, 37.443872407620773 ], [ -122.163906222112317, 37.444411452154348 ], [ -122.163771004759056, 37.444326732384361 ], [ -122.163824908938423, 37.44427210120147 ], [ -122.163931682981527, 37.44416436564881 ] ] ] } },
{ "type": "Feature", "properties": { "ZONE_TYPE": "Commercial\/Residential", "AREA_CALC": 20531.4, "SHAPE_Leng": 591.70104396299996, "SHAPE_Area": 20531.7622711, "has_CS": false, "Zone_Type_Abbr": "C\/R" }, "geometry": { "type": "Polygon", "coordinates": [ [ [ -122.163810864703905, 37.445340180414256 ], [ -122.16343703970044, 37.44510595089659 ], [ -122.163507840831926, 37.445034956875311 ], [ -122.163748111582066, 37.444792544376895 ], [ -122.16401836043903, 37.444962838111515 ], [ -122.164045080276665, 37.44493589706056 ], [ -122.164147778033211, 37.445000613011999 ], [ -122.163880787914238, 37.445269967343684 ], [ -122.163810864703905, 37.445340180414256 ] ] ] } },
{ "type": "Feature", "properties": { "ZONE_TYPE": "Residential Multi-Family", "AREA_CALC": 11510.7, "SHAPE_Leng": 560.91014949099997, "SHAPE_Area": 11511.1471294, "has_CS": false, "Zone_Type_Abbr": "R" }, "geometry": { "type": "Polygon", "coordinates": [ [ [ -122.153467341052334, 37.443892096454192 ], [ -122.15357662263564, 37.443781807310366 ], [ -122.153656793883201, 37.443833253182021 ], [ -122.153928063618238, 37.444004215085513 ], [ -122.154129700283562, 37.444131273235762 ], [ -122.154197239218419, 37.444173859491336 ], [ -122.154090449977346, 37.444281586203978 ], [ -122.153821241463007, 37.44411194201642 ], [ -122.153549970471147, 37.443940980784298 ], [ -122.153467341052334, 37.443892096454192 ] ] ] } },
{ "type": "Feature", "properties": { "ZONE_TYPE": "Commercial\/Residential", "AREA_CALC": 317313.6, "SHAPE_Leng": 2691.5602848, "SHAPE_Area": 317313.91619199998, "has_CS": false, "Zone_Type_Abbr": "C\/R" }, "geometry": { "type": "Polygon", "coordinates": [ [ [ -122.145932621834888, 37.425120512931066 ], [ -122.146706470477184, 37.424191344451927 ], [ -122.148486255922393, 37.42515577983017 ], [ -122.148354079593886, 37.425324839469305 ], [ -122.148448841601564, 37.425375204081703 ], [ -122.148778838009761, 37.425549802083324 ], [ -122.148636040291919, 37.4257214553596 ], [ -122.148994755425221, 37.425911223906503 ], [ -122.14874823753199, 37.426208605027533 ], [ -122.147953098148562, 37.425799062460939 ], [ -122.14760206686293, 37.4262223700864 ], [ -122.147501988104878, 37.426254182952945 ], [ -122.146770946380983, 37.425589921186251 ], [ -122.146350719691853, 37.42535461404794 ], [ -122.145932621834888, 37.425120512931066 ] ] ] } },
{ "type": "Feature", "properties": { "ZONE_TYPE": "Mixed Use", "AREA_CALC": 94294.0, "SHAPE_Leng": 1271.33255461, "SHAPE_Area": 94293.446580899996, "has_CS": false, "Zone_Type_Abbr": "C\/R" }, "geometry": { "type": "Polygon", "coordinates": [ [ [ -122.14840332495298, 37.427049135503985 ], [ -122.147922224515824, 37.426629851556754 ], [ -122.147502228641628, 37.426254124601968 ], [ -122.14760206686293, 37.4262223700864 ], [ -122.147953098148562, 37.425799062460939 ], [ -122.14874823753199, 37.426208605027533 ], [ -122.148978066143002, 37.426332830273012 ], [ -122.148839358413113, 37.426502504019453 ], [ -122.148650797163199, 37.426733997016363 ], [ -122.14840332495298, 37.427049135503985 ] ] ] } },
{ "type": "Feature", "properties": { "ZONE_TYPE": "Commercial", "AREA_CALC": 94208.0, "SHAPE_Leng": 1281.09999141, "SHAPE_Area": 94207.099823600001, "has_CS": false, "Zone_Type_Abbr": "C" }, "geometry": { "type": "Polygon", "coordinates": [ [ [ -122.118960601153475, 37.409495035945852 ], [ -122.119537518934052, 37.408994613858958 ], [ -122.120258868626067, 37.4098942792006 ], [ -122.119672570104697, 37.410408486614919 ], [ -122.118960601153475, 37.409495035945852 ] ] ] } },
{ "type": "Feature", "properties": { "ZONE_TYPE": "Commercial", "AREA_CALC": 13791.0, "SHAPE_Leng": 795.58294304599997, "SHAPE_Area": 13790.8937814, "has_CS": false, "Zone_Type_Abbr": "C" }, "geometry": { "type": "Polygon", "coordinates": [ [ [ -122.119537518934052, 37.408994613858958 ], [ -122.119074978859942, 37.409395833686418 ], [ -122.118960601153475, 37.409495035945852 ], [ -122.118707097801988, 37.409719355936879 ], [ -122.118631740256433, 37.409629803256244 ], [ -122.118699275303115, 37.409568220443688 ], [ -122.119461774221961, 37.408901496483203 ], [ -122.119537518934052, 37.408994613858958 ] ] ] } },
{ "type": "Feature", "properties": { "ZONE_TYPE": "Mixed Use", "AREA_CALC": 37226.3, "SHAPE_Leng": 940.69713265300004, "SHAPE_Area": 37225.556828399996, "has_CS": false, "Zone_Type_Abbr": "C\/R" }, "geometry": { "type": "Polygon", "coordinates": [ [ [ -122.142014599439889, 37.426418152801347 ], [ -122.1415140162254, 37.426160439658382 ], [ -122.141025865842039, 37.425893129338029 ], [ -122.141262387662792, 37.425608183600161 ], [ -122.141882436246092, 37.425932623105915 ], [ -122.141787431488169, 37.426048002754584 ], [ -122.142014130690612, 37.426166764474097 ], [ -122.142159537998182, 37.426242905482368 ], [ -122.142014599439889, 37.426418152801347 ] ] ] } },
{ "type": "Feature", "properties": { "ZONE_TYPE": "Residential Multi-Family", "AREA_CALC": 67130.4, "SHAPE_Leng": 1410.4117783900001, "SHAPE_Area": 67131.005222000007, "has_CS": false, "Zone_Type_Abbr": "R" }, "geometry": { "type": "Polygon", "coordinates": [ [ [ -122.142518621420379, 37.425805355628327 ], [ -122.142998006423781, 37.426056026429329 ], [ -122.142711134643505, 37.426405188613508 ], [ -122.143111804661203, 37.426612874017593 ], [ -122.142908676734308, 37.426887549927692 ], [ -122.142014599439889, 37.426418152801347 ], [ -122.142159047182105, 37.426242528438031 ], [ -122.14207528292782, 37.426198761220022 ], [ -122.141787431488169, 37.426048002754584 ], [ -122.141881933267484, 37.42593323395193 ], [ -122.142169783345494, 37.42608399310356 ], [ -122.142258578723073, 37.426129419249293 ], [ -122.14246814551997, 37.425870339805471 ], [ -122.142518621420379, 37.425805355628327 ] ] ] } },
{ "type": "Feature", "properties": { "ZONE_TYPE": "Residential Multi-Family", "AREA_CALC": 395924.2, "SHAPE_Leng": 3467.4043243299998, "SHAPE_Area": 395924.31998099998, "has_CS": false, "Zone_Type_Abbr": "R" }, "geometry": { "type": "Polygon", "coordinates": [ [ [ -122.140567666419884, 37.425642209341184 ], [ -122.140065475844651, 37.425351660986408 ], [ -122.140695235804145, 37.424545244753574 ], [ -122.140729564217665, 37.42449935838647 ], [ -122.140775955075171, 37.424521152380279 ], [ -122.141750326734325, 37.425033028219865 ], [ -122.141974578502726, 37.424754213212516 ], [ -122.142282733415371, 37.424372204201696 ], [ -122.14245905014522, 37.424142459293343 ], [ -122.142965777414076, 37.424404394534129 ], [ -122.14315480506059, 37.424174827440581 ], [ -122.14365307325177, 37.424434076364776 ], [ -122.143588091159842, 37.424520606626032 ], [ -122.144044548978769, 37.424757914865964 ], [ -122.14347726269888, 37.425446814302461 ], [ -122.14354941933199, 37.425484314815385 ], [ -122.143471895296315, 37.425578437596336 ], [ -122.143379276281436, 37.425690928338234 ], [ -122.143261178218722, 37.425828910468894 ], [ -122.143206615956814, 37.425803634261946 ], [ -122.142723035479278, 37.425556373743156 ], [ -122.142503492603964, 37.425823779876062 ], [ -122.14242014207575, 37.425780007115087 ], [ -122.141506906135746, 37.425301672283155 ], [ -122.141021821211481, 37.425890905856413 ], [ -122.140567666419884, 37.425642209341184 ] ] ] } },
{ "type": "Feature", "properties": { "ZONE_TYPE": "Commercial\/Residential", "AREA_CALC": 112175.0, "SHAPE_Leng": 1969.9624036, "SHAPE_Area": 112174.257461, "has_CS": false, "Zone_Type_Abbr": "C\/R" }, "geometry": { "type": "Polygon", "coordinates": [ [ [ -122.146082134844292, 37.427089467952761 ], [ -122.14579315225447, 37.426937910426524 ], [ -122.145687802002413, 37.42688381879465 ], [ -122.145752553116353, 37.426804047863158 ], [ -122.14533778455872, 37.426586845046465 ], [ -122.145511584995248, 37.426377540429144 ], [ -122.14593892398274, 37.426591544547534 ], [ -122.146459520656606, 37.42594303594521 ], [ -122.146048873827965, 37.425725174021139 ], [ -122.146350719691853, 37.42535461404794 ], [ -122.146770946380983, 37.425589921186251 ], [ -122.147103726583225, 37.425892324519147 ], [ -122.146985136768222, 37.426026471041936 ], [ -122.146783849925058, 37.426272999598822 ], [ -122.146766232848051, 37.42629563371927 ], [ -122.146742150579215, 37.426281330709152 ], [ -122.14634462598724, 37.426767723402214 ], [ -122.146262640237552, 37.426868750806868 ], [ -122.146082134844292, 37.427089467952761 ] ] ] } },
{ "type": "Feature", "properties": { "ZONE_TYPE": "Mixed Use", "AREA_CALC": 8149.4, "SHAPE_Leng": 392.09572441, "SHAPE_Area": 8149.63244106, "has_CS": false, "Zone_Type_Abbr": "C\/R" }, "geometry": { "type": "Polygon", "coordinates": [ [ [ -122.145658930849947, 37.426919384280232 ], [ -122.145687802002413, 37.42688381879465 ], [ -122.14579315225447, 37.426937910426524 ], [ -122.146081576900372, 37.427089173875984 ], [ -122.145969441970976, 37.427225645788781 ], [ -122.145680084379023, 37.427075851494948 ], [ -122.145576910322333, 37.427025135799425 ], [ -122.145658930849947, 37.426919384280232 ] ] ] } },
{ "type": "Feature", "properties": { "ZONE_TYPE": "Commercial\/Residential", "AREA_CALC": 7317.9, "SHAPE_Leng": 391.51247232200001, "SHAPE_Area": 7318.5980635699998, "has_CS": false, "Zone_Type_Abbr": "C\/R" }, "geometry": { "type": "Polygon", "coordinates": [ [ [ -122.145241569172214, 37.426700212305882 ], [ -122.145658930849947, 37.426919384280232 ], [ -122.145568304302316, 37.427036271035369 ], [ -122.145147991032829, 37.426817579907755 ], [ -122.145241569172214, 37.426700212305882 ] ] ] } },
{ "type": "Feature", "properties": { "ZONE_TYPE": "Commercial", "AREA_CALC": 434500.0, "SHAPE_Leng": 2671.0759225100001, "SHAPE_Area": 434499.41403099999, "has_CS": false, "Zone_Type_Abbr": "C" }, "geometry": { "type": "Polygon", "coordinates": [ [ [ -122.168747459739265, 37.442436071241623 ], [ -122.167238930766757, 37.441335352429419 ], [ -122.168145353813586, 37.439682083960101 ], [ -122.169846193868608, 37.4409304197493 ], [ -122.170174277665339, 37.441171185517845 ], [ -122.170101498325266, 37.441258034407291 ], [ -122.169977920129355, 37.441370163169466 ], [ -122.168747459739265, 37.442436071241623 ] ] ] } },
{ "type": "Feature", "properties": { "ZONE_TYPE": "Commercial", "AREA_CALC": 21713.0, "SHAPE_Leng": 611.00959853400002, "SHAPE_Area": 21712.963389199998, "has_CS": false, "Zone_Type_Abbr": "C" }, "geometry": { "type": "Polygon", "coordinates": [ [ [ -122.165578661790505, 37.444983281965918 ], [ -122.165308375400016, 37.444812992305032 ], [ -122.165057029072543, 37.444654629382391 ], [ -122.165297293565004, 37.444412213705661 ], [ -122.165818925646533, 37.444740865227601 ], [ -122.165578661790505, 37.444983281965918 ] ] ] } },
{ "type": "Feature", "properties": { "ZONE_TYPE": "Commercial\/Residential", "AREA_CALC": 179952.0, "SHAPE_Leng": 1652.10895579, "SHAPE_Area": 179921.95755, "has_CS": false, "Zone_Type_Abbr": "C\/R" }, "geometry": { "type": "Polygon", "coordinates": [ [ [ -122.126165285013997, 37.447601260077739 ], [ -122.126165402684194, 37.447631913715284 ], [ -122.126165459628439, 37.447642460587829 ], [ -122.126165726482895, 37.44764676913934 ], [ -122.126166439098853, 37.447651044478697 ], [ -122.126167634157639, 37.44765525816036 ], [ -122.126169273171428, 37.447659355744328 ], [ -122.126171358400256, 37.447663337199337 ], [ -122.126173887516345, 37.447667147584198 ], [ -122.126176791609225, 37.447670788754913 ], [ -122.126180105601861, 37.44767420345196 ], [ -122.12618379163473, 37.447677366064937 ], [ -122.126187783037778, 37.447680277517577 ], [ -122.12619207748304, 37.447682882868804 ], [ -122.126196641050797, 37.447685181687405 ], [ -122.126201472630711, 37.4476871748899 ], [ -122.126206470454619, 37.447688808913043 ], [ -122.126211631112881, 37.447690082902795 ], [ -122.126216921874544, 37.447690999115125 ], [ -122.126222274900186, 37.447691556687516 ], [ -122.126227687340617, 37.447691728623418 ], [ -122.126641579878608, 37.447690553181843 ], [ -122.126643824862555, 37.448360840236916 ], [ -122.126344477916291, 37.448650855046125 ], [ -122.126309552711092, 37.448682927895149 ], [ -122.126271368200193, 37.4487124909881 ], [ -122.126230127013514, 37.448739350459668 ], [ -122.126186169585722, 37.448763307831562 ], [ -122.126139836981352, 37.448784193455509 ], [ -122.126091437013841, 37.448801867883986 ], [ -122.126041309040104, 37.448816186726965 ], [ -122.125989830376568, 37.448827035709755 ], [ -122.125937379518575, 37.448834354614071 ], [ -122.12588433383209, 37.448838083237945 ], [ -122.124942671734104, 37.448835824243339 ], [ -122.124937379906768, 37.448352421109476 ], [ -122.124936274638344, 37.448314338131809 ], [ -122.124939236984076, 37.44827633492072 ], [ -122.124946271831931, 37.448238688076991 ], [ -122.124957316732349, 37.448201644492222 ], [ -122.124972239823038, 37.448165481758501 ], [ -122.12499101142572, 37.448130446313087 ], [ -122.125013432467796, 37.448096843713849 ], [ -122.125039368154233, 37.448064868682096 ], [ -122.125068652078369, 37.448034769547426 ], [ -122.125101014435018, 37.448006769936164 ], [ -122.125136251521639, 37.447981066424525 ], [ -122.125174126246861, 37.447957879482459 ], [ -122.12521433370371, 37.447937325979616 ], [ -122.125615621008308, 37.447751326507145 ], [ -122.125638044097485, 37.447741594774776 ], [ -122.125659331309237, 37.447730312483017 ], [ -122.125679242628181, 37.447717565867535 ], [ -122.125697679337748, 37.447703493278865 ], [ -122.125714502534649, 37.447688152516243 ], [ -122.125729543442873, 37.447671682900783 ], [ -122.12574266831669, 37.44765422326833 ], [ -122.12575384565217, 37.447635884002523 ], [ -122.125762939531498, 37.447616859843691 ], [ -122.125769851761447, 37.44759726119787 ], [ -122.126165285013997, 37.447601260077739 ] ] ] } },
{ "type": "Feature", "properties": { "ZONE_TYPE": "Commercial", "AREA_CALC": 36809.0, "SHAPE_Leng": 765.77890940400005, "SHAPE_Area": 36807.419909299999, "has_CS": false, "Zone_Type_Abbr": "C" }, "geometry": { "type": "Polygon", "coordinates": [ [ [ -122.14050277542762, 37.423932772135672 ], [ -122.140883126014998, 37.423474108384362 ], [ -122.141407322720525, 37.423749347427659 ], [ -122.141130147011111, 37.424100788114153 ], [ -122.141032429409861, 37.424208623285992 ], [ -122.14050277542762, 37.423932772135672 ] ] ] } },
{ "type": "Feature", "properties": { "ZONE_TYPE": "Commercial\/Residential", "AREA_CALC": 46508.0, "SHAPE_Leng": 960.20596278400001, "SHAPE_Area": 46506.762992600001, "has_CS": false, "Zone_Type_Abbr": "C\/R" }, "geometry": { "type": "Polygon", "coordinates": [ [ [ -122.160589710720458, 37.444280399584812 ], [ -122.159697982783896, 37.443720507069941 ], [ -122.160018625315374, 37.443397086245625 ], [ -122.160328434731809, 37.443591688539811 ], [ -122.160298109976111, 37.443622305291335 ], [ -122.160882120534737, 37.443985668374488 ], [ -122.160589710720458, 37.444280399584812 ] ] ] } },
{ "type": "Feature", "properties": { "ZONE_TYPE": "Commercial\/Residential", "AREA_CALC": 16741.0, "SHAPE_Leng": 517.60037452200004, "SHAPE_Area": 16740.022286799998, "has_CS": false, "Zone_Type_Abbr": "C\/R" }, "geometry": { "type": "Polygon", "coordinates": [ [ [ -122.160635299309504, 37.443335099791682 ], [ -122.16029449445621, 37.443114594506191 ], [ -122.160577026183518, 37.442835936175193 ], [ -122.160921817301684, 37.443052895649366 ], [ -122.160635299309504, 37.443335099791682 ] ] ] } },
{ "type": "Feature", "properties": { "ZONE_TYPE": "Public Facility", "AREA_CALC": 68210.0, "SHAPE_Leng": 1205.4720082399999, "SHAPE_Area": 68574.040961199993, "has_CS": false, "Zone_Type_Abbr": "P" }, "geometry": { "type": "Polygon", "coordinates": [ [ [ -122.174057118002949, 37.44431841109359 ], [ -122.173425699812952, 37.44424217952988 ], [ -122.173552029975184, 37.443967089923405 ], [ -122.173644754429702, 37.443683634030506 ], [ -122.173703000390816, 37.443394407249542 ], [ -122.173726276482597, 37.443102025647143 ], [ -122.174277731871356, 37.443143328929807 ], [ -122.174057118002949, 37.44431841109359 ] ] ] } },
{ "type": "Feature", "properties": { "ZONE_TYPE": "Residential Single-Family", "AREA_CALC": 316170.0, "SHAPE_Leng": 2400.45062831, "SHAPE_Area": 316195.33498, "has_CS": false, "Zone_Type_Abbr": "R" }, "geometry": { "type": "Polygon", "coordinates": [ [ [ -122.121212764072183, 37.428292192997233 ], [ -122.121801916990975, 37.428662569768612 ], [ -122.122197446359621, 37.428908523211987 ], [ -122.122566917399325, 37.42912019798964 ], [ -122.12262655946472, 37.4291574994988 ], [ -122.120514914578735, 37.430501030892636 ], [ -122.119709447966983, 37.430000849738967 ], [ -122.119736345388205, 37.429973696549844 ], [ -122.120138831824079, 37.429567564032212 ], [ -122.120021807774037, 37.429493805951495 ], [ -122.121125396978314, 37.42838017410925 ], [ -122.121212764072183, 37.428292192997233 ] ] ] } },
{ "type": "Feature", "properties": { "ZONE_TYPE": "Residential Single-Family", "AREA_CALC": 874954.0, "SHAPE_Leng": 4624.98795548, "SHAPE_Area": 874957.87027099996, "has_CS": false, "Zone_Type_Abbr": "R" }, "geometry": { "type": "Polygon", "coordinates": [ [ [ -122.118077354470088, 37.427640322045676 ], [ -122.118466034149719, 37.427887288905175 ], [ -122.119187775971639, 37.427158971065644 ], [ -122.119277378867039, 37.427070823562772 ], [ -122.121213438887466, 37.428291524894924 ], [ -122.120021807774037, 37.429493805951495 ], [ -122.120138831824079, 37.429567564032212 ], [ -122.119455097521978, 37.430257511491938 ], [ -122.119127806767281, 37.430051316354536 ], [ -122.119074852601941, 37.430104704231731 ], [ -122.1185492397628, 37.429773431820472 ], [ -122.118403692604161, 37.429920281336109 ], [ -122.118140170973348, 37.429754186982549 ], [ -122.117959135728015, 37.429640078717647 ], [ -122.117780698268149, 37.42952337945858 ], [ -122.117578048399821, 37.429395670296074 ], [ -122.117415686128155, 37.429294351387846 ], [ -122.117441795765586, 37.429267374509955 ], [ -122.117259610198388, 37.429152539360693 ], [ -122.11751568310379, 37.42889415538351 ], [ -122.117321661238392, 37.428771874659525 ], [ -122.117586261052054, 37.428504885456299 ], [ -122.117376035816704, 37.42837236255447 ], [ -122.117462155640297, 37.428285445980116 ], [ -122.116415257971155, 37.427623484033255 ], [ -122.117465913817284, 37.426931627565658 ], [ -122.118272852344504, 37.42743996184123 ], [ -122.118077354470088, 37.427640322045676 ] ] ] } },
{ "type": "Feature", "properties": { "ZONE_TYPE": "Commercial\/Residential", "AREA_CALC": 19316.0, "SHAPE_Leng": 700.07298929299998, "SHAPE_Area": 19315.8566121, "has_CS": false, "Zone_Type_Abbr": "C\/R" }, "geometry": { "type": "Polygon", "coordinates": [ [ [ -122.140906560381097, 37.427762153854232 ], [ -122.140822281567083, 37.427709109613787 ], [ -122.140942350222289, 37.427563328705638 ], [ -122.140487706768312, 37.427277225973093 ], [ -122.140632682162376, 37.427095552713382 ], [ -122.141206186948466, 37.427392491217297 ], [ -122.140906560381097, 37.427762153854232 ] ] ] } },
{ "type": "Feature", "properties": { "ZONE_TYPE": "Commercial\/Residential", "AREA_CALC": 7580.0, "SHAPE_Leng": 428.33081899899997, "SHAPE_Area": 7579.2517758200001, "has_CS": false, "Zone_Type_Abbr": "C\/R" }, "geometry": { "type": "Polygon", "coordinates": [ [ [ -122.144031769508103, 37.429765685453596 ], [ -122.143912596663569, 37.4296893710803 ], [ -122.144223898311964, 37.42930434639846 ], [ -122.144250116325708, 37.42931867497493 ], [ -122.144356027546564, 37.42937155154349 ], [ -122.144031769508103, 37.429765685453596 ] ] ] } },
{ "type": "Feature", "properties": { "ZONE_TYPE": "Commercial\/Residential", "AREA_CALC": 27899.0, "SHAPE_Leng": 682.487604089, "SHAPE_Area": 27899.206544500001, "has_CS": false, "Zone_Type_Abbr": "C\/R" }, "geometry": { "type": "Polygon", "coordinates": [ [ [ -122.147142710687348, 37.426631814612549 ], [ -122.146808076697553, 37.426320428016162 ], [ -122.146766232848051, 37.42629563371927 ], [ -122.147103726583225, 37.425892324519147 ], [ -122.147483219023613, 37.426237113586232 ], [ -122.147142710687348, 37.426631814612549 ] ] ] } },
{ "type": "Feature", "properties": { "ZONE_TYPE": "Residential Single-Family", "AREA_CALC": 131416.0, "SHAPE_Leng": 1591.42628859, "SHAPE_Area": 131415.646962, "has_CS": false, "Zone_Type_Abbr": "R" }, "geometry": { "type": "Polygon", "coordinates": [ [ [ -122.119277311148352, 37.427070879470591 ], [ -122.119183367911077, 37.427159031894895 ], [ -122.118466034149719, 37.427887288905175 ], [ -122.118074738084616, 37.427640358125636 ], [ -122.118273265813642, 37.427439956138777 ], [ -122.11752541195645, 37.426967286201872 ], [ -122.117465913817284, 37.426931627565658 ], [ -122.118244001487724, 37.426419238961572 ], [ -122.119277311148352, 37.427070879470591 ] ] ] } },
{ "type": "Feature", "properties": { "ZONE_TYPE": "Public Facility", "AREA_CALC": 10696093.0, "SHAPE_Leng": 86932.070936200005, "SHAPE_Area": 10696400.604499999, "has_CS": false, "Zone_Type_Abbr": "P" }, "geometry": { "type": "Polygon", "coordinates": [ [ [ -122.163304370330579, 37.452857676905474 ], [ -122.163304247293254, 37.452857684957429 ], [ -122.163348682879942, 37.452853202603023 ], [ -122.163492392362286, 37.452740164279327 ], [ -122.16351357579012, 37.452520470524462 ], [ -122.163514644029718, 37.452512764480772 ], [ -122.163515340680931, 37.452508469366173 ], [ -122.163516141900956, 37.452504199805844 ], [ -122.163517011567706, 37.452499958114025 ], [ -122.163517985180505, 37.452495714047771 ], [ -122.16351902772719, 37.452491469004592 ], [ -122.163520139810558, 37.452487250012105 ], [ -122.163521355352628, 37.452483057490696 ], [ -122.16352263982867, 37.452478863992347 ], [ -122.163524028893406, 37.452474696949068 ], [ -122.163525486871961, 37.452470528027902 ], [ -122.163527013899895, 37.452466414002963 ], [ -122.163528644873708, 37.452462297603553 ], [ -122.163530344801444, 37.452458181128094 ], [ -122.16353211486846, 37.452454117731016 ], [ -122.163533987791368, 37.452450053777277 ], [ -122.16353593198356, 37.452446042885917 ], [ -122.163537943979463, 37.452442031033549 ], [ -122.163540060564031, 37.452438045636242 ], [ -122.163542212275857, 37.452434114714734 ], [ -122.163544467953542, 37.452430182319638 ], [ -122.163546827692372, 37.452426303423323 ], [ -122.163549221332971, 37.452422424046482 ], [ -122.163551720144753, 37.452418597251459 ], [ -122.163554254611128, 37.452414797888437 ], [ -122.163556892535979, 37.452411024996501 ], [ -122.163559599490014, 37.452407306099772 ], [ -122.163562376507798, 37.452403586209954 ], [ -122.163565223664733, 37.452399919398488 ], [ -122.163568174902892, 37.452396306986607 ], [ -122.16357116115276, 37.452392693177259 ], [ -122.16357421818455, 37.452389161275676 ], [ -122.163577343020009, 37.452385628413026 ], [ -122.163580574176706, 37.452382149017033 ], [ -122.163583839330471, 37.452378724112748 ], [ -122.163587175170818, 37.452375326143951 ], [ -122.163590580020212, 37.452371981269401 ], [ -122.163594055556047, 37.452368663330311 ], [ -122.163597600121079, 37.452365399386451 ], [ -122.16360118094326, 37.452362189902182 ], [ -122.163604865203752, 37.452359005987965 ], [ -122.163607638933712, 37.452356659583778 ], [ -122.163826325752382, 37.452203689039088 ], [ -122.164031969269629, 37.452103946261708 ], [ -122.164039410539715, 37.45210079198101 ], [ -122.164044261009849, 37.452098909985544 ], [ -122.164049218520077, 37.452097164357156 ], [ -122.164054211760572, 37.452095500231877 ], [ -122.16405924135438, 37.452093945538323 ], [ -122.164064343463423, 37.452092499763772 ], [ -122.164069516450652, 37.452091190868877 ], [ -122.164074692999392, 37.452089990969363 ], [ -122.164079939803358, 37.452088900020925 ], [ -122.164085224713745, 37.452087946416668 ], [ -122.164090511452784, 37.452087074796211 ], [ -122.164095836901254, 37.452086367547679 ], [ -122.164101196950114, 37.452085741818209 ], [ -122.164106596235641, 37.452085253416975 ], [ -122.164111962941021, 37.45208487542476 ], [ -122.164117366602795, 37.452084633891843 ], [ -122.164122772716425, 37.452084502271248 ], [ -122.164128183014768, 37.452084507574604 ], [ -122.164133594654942, 37.452084623707229 ], [ -122.164139009856967, 37.452084848835241 ], [ -122.164144391971902, 37.452085212316817 ], [ -122.164149777648731, 37.452085684793801 ], [ -122.164155132498649, 37.452086295592323 ], [ -122.164160488067537, 37.45208698929153 ], [ -122.164165779490659, 37.452087847919735 ], [ -122.164171071632751, 37.452088789448602 ], [ -122.164176299026167, 37.452089868878822 ], [ -122.164181493839692, 37.452091058718032 ], [ -122.164186656073497, 37.452092358966283 ], [ -122.164191786857486, 37.452093769607522 ], [ -122.164196817861054, 37.452095318646847 ], [ -122.164201815681906, 37.452096951067531 ], [ -122.164206781525948, 37.452098720924909 ], [ -122.164211647513824, 37.452100575109036 ], [ -122.164216446493029, 37.452102567226568 ], [ -122.164221213399586, 37.452104641808575 ], [ -122.164225844910987, 37.452106829158616 ], [ -122.164230443822689, 37.452109126016865 ], [ -122.164234941748177, 37.452111507217857 ], [ -122.164239373172123, 37.452113998407739 ], [ -122.164239477856697, 37.452114079834544 ], [ -122.164694134548853, 37.45240218044718 ], [ -122.164702844918452, 37.452406507073917 ], [ -122.164707545396709, 37.45240869342723 ], [ -122.164712276701351, 37.452410741458436 ], [ -122.164717076843914, 37.452412733539418 ], [ -122.164721942337977, 37.452414614746033 ], [ -122.164726874916695, 37.452416412089896 ], [ -122.164731840698195, 37.45241812695275 ], [ -122.164736871851247, 37.452419731842113 ], [ -122.164741936186914, 37.452421253349506 ], [ -122.164747033081966, 37.452422663546358 ], [ -122.164752197101848, 37.452423991682267 ], [ -122.164757357539074, 37.452425209921479 ], [ -122.164762586190889, 37.45242634428179 ], [ -122.164767846292094, 37.4524273682485 ], [ -122.16477313846589, 37.452428309750189 ], [ -122.164778463198928, 37.45242913994133 ], [ -122.164783785499395, 37.452429861120599 ], [ -122.164789139249208, 37.452430471906212 ], [ -122.164794492299549, 37.452431000691618 ], [ -122.164799877402302, 37.452431446111078 ], [ -122.16480529335108, 37.45243175410922 ], [ -122.164810673548303, 37.452431979703093 ], [ -122.16481608519463, 37.45243209490333 ], [ -122.164821496141514, 37.452432128103339 ], [ -122.164826936804275, 37.452432023898069 ], [ -122.164832342845429, 37.452431837272492 ], [ -122.164837712024877, 37.452431569159586 ], [ -122.164843112030155, 37.452431162724501 ], [ -122.164848476303732, 37.452430674786065 ], [ -122.164853838124415, 37.452430076934803 ], [ -122.164859198095215, 37.452429396198447 ], [ -122.164864520581006, 37.452428606046219 ], [ -122.164869806731943, 37.452427707362986 ], [ -122.164875056000938, 37.452426726291606 ], [ -122.16488030394693, 37.45242563529132 ], [ -122.164885514427908, 37.452424435776152 ], [ -122.164890654124974, 37.452423154353689 ], [ -122.164895791368849, 37.452421763018414 ], [ -122.164900891730809, 37.452420289294963 ], [ -122.16490592185572, 37.452418707521467 ], [ -122.164910914475328, 37.452417015431159 ], [ -122.164915836954336, 37.452415270263145 ], [ -122.164920723078183, 37.452413415663244 ], [ -122.164925537814767, 37.452411452128416 ], [ -122.164930315669324, 37.452409406205426 ], [ -122.164935022759849, 37.452407279276066 ], [ -122.164937034389823, 37.452406344126786 ], [ -122.164944435617286, 37.452402915488307 ], [ -122.164949001159542, 37.452400625645247 ], [ -122.164953495334629, 37.452398227768185 ], [ -122.16495791923235, 37.452395720039327 ], [ -122.164962271839272, 37.452393158347832 ], [ -122.164966518553669, 37.452390461174744 ], [ -122.164970661205331, 37.452387710503956 ], [ -122.164974731339569, 37.452384850914335 ], [ -122.164978697411087, 37.452381937827006 ], [ -122.164982558193344, 37.452378916285788 ], [ -122.164986313179526, 37.452375814235268 ], [ -122.16498996347967, 37.452372630758468 ], [ -122.164993543015783, 37.45236936627547 ], [ -122.164996983457144, 37.452366048791824 ], [ -122.165000319212467, 37.452362649881941 ], [ -122.165003514139769, 37.452359170959745 ], [ -122.16500660500428, 37.452355638539942 ], [ -122.165009591826291, 37.452352053523491 ], [ -122.165012472812009, 37.452348386195943 ], [ -122.165015180821314, 37.452344667249633 ], [ -122.16501781866981, 37.452340894324813 ], [ -122.165020282898368, 37.45233704095174 ], [ -122.165022642557588, 37.452333162025759 ], [ -122.165024863102033, 37.452329229198213 ], [ -122.165026944571977, 37.452325244271002 ], [ -122.16502892260273, 37.452321233774882 ], [ -122.165030726486734, 37.452317169874213 ], [ -122.165032426931518, 37.452313080404636 ], [ -122.165033989411853, 37.452308937918438 ], [ -122.165034635937118, 37.452307060543561 ], [ -122.16510693791875, 37.452029835442296 ], [ -122.165232510400514, 37.451590722183781 ], [ -122.165340759163882, 37.451232228770792 ], [ -122.165373634918438, 37.451149190948037 ], [ -122.16571784059586, 37.450456403806811 ], [ -122.165907467703548, 37.450384985491766 ], [ -122.166084739238173, 37.450331129257705 ], [ -122.166291601528457, 37.450344921809787 ], [ -122.167038623625103, 37.450815898215389 ], [ -122.167046879179111, 37.450819956259245 ], [ -122.16705167928167, 37.450821948245078 ], [ -122.167056644504541, 37.450823690954408 ], [ -122.167061675481918, 37.450825239871101 ], [ -122.167066838302375, 37.450826567921403 ], [ -122.167072065649222, 37.450827647222773 ], [ -122.167077390917697, 37.450828505238285 ], [ -122.167082744571388, 37.450829115919412 ], [ -122.167088128344048, 37.450829506277671 ], [ -122.167093541631857, 37.45082964928546 ], [ -122.16709894887731, 37.450829572484054 ], [ -122.167104349982395, 37.450829220901134 ], [ -122.167109712294007, 37.450828650875373 ], [ -122.167115000740537, 37.450827861102503 ], [ -122.167120249769383, 37.450826824958256 ], [ -122.167125423843359, 37.450825570884803 ], [ -122.167130524578155, 37.450824070020587 ], [ -122.167135481405381, 37.450822351305405 ], [ -122.167140331110375, 37.450820442154217 ], [ -122.167145038543609, 37.450818287191353 ], [ -122.167149567682131, 37.450815943704669 ], [ -122.167153955756859, 37.450813408461705 ], [ -122.167158132765664, 37.45081068516042 ], [ -122.167162133699478, 37.450807771501424 ], [ -122.167165924151277, 37.450804695910826 ], [ -122.167168761205318, 37.450802155661812 ], [ -122.167378226189285, 37.45059472942787 ], [ -122.16738472690524, 37.450588044741316 ], [ -122.167387921645371, 37.450584565753715 ], [ -122.16739108301006, 37.450581060203909 ], [ -122.16739417368791, 37.450577527720775 ], [ -122.167397228106026, 37.450573940778938 ], [ -122.167400180196367, 37.450570327353248 ], [ -122.167403095521166, 37.450566687413527 ], [ -122.167405942439316, 37.450563021409259 ], [ -122.167408719800832, 37.45055932845559 ], [ -122.167411427001483, 37.450555581524902 ], [ -122.167414065289776, 37.450551836474297 ], [ -122.167416633397153, 37.450548036545726 ], [ -122.167419165848884, 37.450544209186205 ], [ -122.167421594883095, 37.45054035716074 ], [ -122.167423955490676, 37.450536478169866 ], [ -122.167426279916739, 37.450532598791689 ], [ -122.167428535332149, 37.450528666321425 ], [ -122.167430686179941, 37.450524708300335 ], [ -122.167432802482068, 37.450520721931341 ], [ -122.167434814840746, 37.450516737940148 ], [ -122.167436792069836, 37.450512699474302 ], [ -122.167438665335425, 37.450508662485362 ], [ -122.167440470194563, 37.450504599431937 ], [ -122.167442238872198, 37.45050053599131 ], [ -122.167443904618125, 37.450496419039204 ], [ -122.16744550032179, 37.450492303983381 ], [ -122.167447027598939, 37.450488161962149 ], [ -122.16744848594368, 37.450484020920165 ], [ -122.167449872997807, 37.450479825917249 ], [ -122.167451192853676, 37.450475658905241 ], [ -122.167452407537994, 37.450471439314825 ], [ -122.167453588925227, 37.450467247233746 ], [ -122.167454665120715, 37.450463001673263 ], [ -122.167455201990123, 37.450460823936766 ], [ -122.167540657130175, 37.450089659387018 ], [ -122.167623199905577, 37.449753201109019 ], [ -122.167624501609779, 37.449745188896557 ], [ -122.167624852737049, 37.449740871625963 ], [ -122.167624963169104, 37.449736557775125 ], [ -122.167624797855126, 37.449732246940975 ], [ -122.167624358569611, 37.449727967936923 ], [ -122.167623710755606, 37.449723664859377 ], [ -122.167622788444234, 37.449719420655647 ], [ -122.167621627172096, 37.449715206883354 ], [ -122.167620190272729, 37.449711052000865 ], [ -122.167618547183295, 37.449706927084186 ], [ -122.167616665251686, 37.449702888472139 ], [ -122.167614544478027, 37.449698936164751 ], [ -122.167612183087854, 37.449695041348484 ], [ -122.16760958345975, 37.44969125986448 ], [ -122.167606778890345, 37.44968756420338 ], [ -122.167603769983785, 37.449683981392845 ], [ -122.167600557850008, 37.449680510515883 ], [ -122.167597140873383, 37.449677180434108 ], [ -122.167593520689579, 37.44967396318679 ], [ -122.167589730673626, 37.449670885335976 ], [ -122.167585737548947, 37.449667975291916 ], [ -122.167581610148588, 37.449665177102901 ], [ -122.167579931870975, 37.449664130312009 ], [ -122.167384935682307, 37.44955065195353 ], [ -122.167283316548378, 37.449483725359379 ], [ -122.167275300476305, 37.449473483445466 ], [ -122.167272175252492, 37.449469297568285 ], [ -122.167269118960249, 37.449465110711834 ], [ -122.167266129241426, 37.449460867935933 ], [ -122.167263208980074, 37.449456597137051 ], [ -122.16726035702618, 37.449452297430355 ], [ -122.167257538369242, 37.449447970214329 ], [ -122.167254822544351, 37.449443641537528 ], [ -122.167252175532738, 37.449439256008269 ], [ -122.167249562442166, 37.44943487089823 ], [ -122.167247050955496, 37.449430429371247 ], [ -122.167244574479653, 37.449425986445625 ], [ -122.16724220025192, 37.449421515932514 ], [ -122.167239860430968, 37.449417016993145 ], [ -122.16723762281795, 37.449412488664407 ], [ -122.167235420235798, 37.449407959838034 ], [ -122.167233319881575, 37.449403402523238 ], [ -122.167231287834724, 37.449398816300665 ], [ -122.167229290214635, 37.449394202552796 ], [ -122.167227395426593, 37.449389587344179 ], [ -122.167225568945767, 37.449384943227749 ], [ -122.167223811416491, 37.449380299033074 ], [ -122.16722212219436, 37.449375625930628 ], [ -122.167220501279502, 37.449370923920384 ], [ -122.167218949316165, 37.449366221831966 ], [ -122.167218577661529, 37.449365018590939 ], [ -122.167215866521857, 37.449354728354052 ], [ -122.167214910337762, 37.449350484628539 ], [ -122.167214022460684, 37.449346211995262 ], [ -122.167213170218361, 37.449341965892089 ], [ -122.167212454104259, 37.449337690818957 ], [ -122.167211772416863, 37.449333388220538 ], [ -122.167211160264614, 37.4493291116707 ], [ -122.167210650340067, 37.449324806632447 ], [ -122.167210209950667, 37.449320527642762 ], [ -122.16720983788845, 37.449316220646196 ], [ -122.167209569767806, 37.449311911272048 ], [ -122.16720933556779, 37.449307602317191 ], [ -122.167209204179343, 37.449303291000739 ], [ -122.16720914287211, 37.449298979590054 ], [ -122.167209184396484, 37.449294666718629 ], [ -122.16720925980124, 37.449290352464757 ], [ -122.167209439187701, 37.449286037635076 ], [ -122.167209687505249, 37.449281721826218 ], [ -122.167210004733704, 37.449277404137291 ], [ -122.167210425417778, 37.449273112916295 ], [ -122.167210915032882, 37.449268820716121 ], [ -122.167211205086559, 37.449266372519176 ], [ -122.167260987114034, 37.448960980364639 ], [ -122.167292764152606, 37.448856586298589 ], [ -122.167529982488489, 37.448311117792315 ], [ -122.167654627339616, 37.448175134357278 ], [ -122.167985751727514, 37.447968312313222 ], [ -122.168178140159142, 37.44782507510007 ], [ -122.168570496446321, 37.447392301478544 ], [ -122.168638746590958, 37.447299804419643 ], [ -122.168842574147604, 37.446993430654103 ], [ -122.168948037869001, 37.446834945859024 ], [ -122.169008402847936, 37.446744263978573 ], [ -122.168926382988843, 37.446698623334036 ], [ -122.167764850955564, 37.445966854569697 ], [ -122.167687298631634, 37.445919089432692 ], [ -122.167447255593032, 37.446162083642022 ], [ -122.167159733406336, 37.445979407167975 ], [ -122.16739999533317, 37.445736987211937 ], [ -122.166521606745434, 37.445183576392289 ], [ -122.166451348203182, 37.445139882188137 ], [ -122.165915339302728, 37.445667368203523 ], [ -122.165629194780294, 37.445484476541246 ], [ -122.165564946335351, 37.445441438210104 ], [ -122.165848914912615, 37.445153544455636 ], [ -122.16578136904495, 37.445110991935771 ], [ -122.166021632653653, 37.444868574784884 ], [ -122.164305443034451, 37.443787274365796 ], [ -122.16429775906073, 37.443794965196098 ], [ -122.164294285085418, 37.443798283142193 ], [ -122.164290739827933, 37.443801547125332 ], [ -122.164287125548142, 37.443804757113462 ], [ -122.164283441136192, 37.443807914023509 ], [ -122.164279686024912, 37.443811043097341 ], [ -122.164275896336534, 37.443814091552639 ], [ -122.164272035948727, 37.443817112171757 ], [ -122.164268106051765, 37.443820107641351 ], [ -122.164264140407596, 37.443823020706567 ], [ -122.164260104611145, 37.443825879792776 ], [ -122.164255998662526, 37.443828684899948 ], [ -122.16425182316452, 37.443831463055758 ], [ -122.164247610809483, 37.443834159724119 ], [ -122.164243363953133, 37.44383682984531 ], [ -122.164239046321654, 37.44383941805885 ], [ -122.164234659160854, 37.443841980221883 ], [ -122.164230236252891, 37.443844459980532 ], [ -122.164225777090806, 37.44384688527942 ], [ -122.164221247796618, 37.443849257500155 ], [ -122.164216683358063, 37.443851574344109 ], [ -122.164212082665458, 37.443853836728309 ], [ -122.16420741121776, 37.443856018105706 ], [ -122.164202704645888, 37.443858145007233 ], [ -122.164197961819923, 37.443860217449014 ], [ -122.164193183889822, 37.443862236315866 ], [ -122.164188369685618, 37.443864199821945 ], [ -122.164183485836176, 37.443866081404295 ], [ -122.164178599650853, 37.443867908947034 ], [ -122.164173643313418, 37.443869682510666 ], [ -122.164168686256943, 37.443871373173096 ], [ -122.16416369296644, 37.443873010276633 ], [ -122.164158628880855, 37.443874564571452 ], [ -122.164153564212299, 37.443876092739281 ], [ -122.164148462043812, 37.443877510589978 ], [ -122.164143325374184, 37.443878901893484 ], [ -122.164138186875817, 37.443880211212722 ], [ -122.164133012630401, 37.443881438127477 ], [ -122.164127802131048, 37.443882610582328 ], [ -122.164122555397824, 37.443883729478301 ], [ -122.164117307925579, 37.443884764572068 ], [ -122.164112058117624, 37.443885745626304 ], [ -122.164106738684694, 37.443886645657585 ], [ -122.164101451903932, 37.44388748935075 ], [ -122.164096129396412, 37.443888251540244 ], [ -122.164090770634942, 37.443888959269927 ], [ -122.164085443942952, 37.443889584534659 ], [ -122.164080082106921, 37.443890154422597 ], [ -122.164074684564284, 37.44389064370781 ], [ -122.1640693196738, 37.443891076654928 ], [ -122.164063919056659, 37.443891428098368 ], [ -122.164058516083799, 37.443891724601322 ], [ -122.164053112392182, 37.443891938203073 ], [ -122.164047707474879, 37.443892096848238 ], [ -122.164042299599046, 37.44389217352515 ], [ -122.164036891024651, 37.443892168201842 ], [ -122.164031481224555, 37.443892107921897 ], [ -122.164026069048745, 37.44389199180052 ], [ -122.164020656174358, 37.443891793678873 ], [ -122.164015275369678, 37.443891513092325 ], [ -122.164009859441194, 37.443891178029823 ], [ -122.164004475562322, 37.443890759601508 ], [ -122.163999090477901, 37.443890287117611 ], [ -122.163993737443121, 37.443889731267859 ], [ -122.163988384312688, 37.443889120445526 ], [ -122.163984411628874, 37.443888627034326 ], [ -122.163974562798614, 37.443887283284454 ], [ -122.163969272562071, 37.443886451674757 ], [ -122.163963948331798, 37.443885565573112 ], [ -122.163958690692297, 37.443884624454647 ], [ -122.163953431184325, 37.443883599550055 ], [ -122.163948204369063, 37.443882520109227 ], [ -122.163942977458234, 37.443881385695846 ], [ -122.163937782617239, 37.443880168817614 ], [ -122.163932620428781, 37.443878895601308 ], [ -122.16392745816492, 37.443877568313354 ], [ -122.163922327423677, 37.443876184703377 ], [ -122.163917231012206, 37.443874718596518 ], [ -122.163912167273395, 37.443873197052525 ], [ -122.163907136227365, 37.44387162097231 ], [ -122.163902138963877, 37.443869988538054 ], [ -122.163897173770323, 37.443868273638934 ], [ -122.163892209084125, 37.443866530795013 ], [ -122.163887310365908, 37.443864705005652 ], [ -122.163882445450412, 37.443862823763233 ], [ -122.16387761320766, 37.443860887083666 ], [ -122.163872814767558, 37.443858894950942 ], [ -122.1638680490002, 37.443856847381191 ], [ -122.163863350310791, 37.443854715949108 ], [ -122.163858652148875, 37.443852557473086 ], [ -122.163854019955039, 37.443850316051744 ], [ -122.163849421036758, 37.443848046221007 ], [ -122.163844890969258, 37.443845721341503 ], [ -122.163840392931661, 37.443843312195447 ], [ -122.163835929339768, 37.443840876425774 ], [ -122.163831532298587, 37.443838383837566 ], [ -122.163827169060198, 37.4438358357963 ], [ -122.1638228378919, 37.443833205290311 ], [ -122.163821616242984, 37.443832453878976 ], [ -122.163618915816102, 37.443704740512146 ], [ -122.163609374024006, 37.443698612372252 ], [ -122.163605245973045, 37.443695814058117 ], [ -122.163601185622966, 37.443692959810505 ], [ -122.163597194726364, 37.44369007754198 ], [ -122.163593234750095, 37.443687111923943 ], [ -122.163589344227333, 37.443684118285013 ], [ -122.163585521405494, 37.443681068712621 ], [ -122.163581766284523, 37.443677963206781 ], [ -122.163578077714376, 37.443674800882519 ], [ -122.163574458617859, 37.443671611438383 ], [ -122.163570872174233, 37.443668365656428 ], [ -122.163567354054152, 37.443665091869597 ], [ -122.163563937532999, 37.443661761668864 ], [ -122.163560554814623, 37.443658376015229 ], [ -122.163557274317881, 37.443654961876256 ], [ -122.163554027603979, 37.44365149138347 ], [ -122.163550884241531, 37.443647992389366 ], [ -122.163547807450001, 37.443644437477914 ], [ -122.163544764556747, 37.443640882085852 ], [ -122.16354182491952, 37.443637243220174 ], [ -122.163538953078586, 37.443633603393494 ], [ -122.163536182816372, 37.443629906252006 ], [ -122.163533446377116, 37.443626154558537 ], [ -122.16353081389191, 37.443622401391522 ], [ -122.163528247977581, 37.443618592307182 ], [ -122.163525752119313, 37.44361478222978 ], [ -122.163523356709817, 37.4436109148536 ], [ -122.163520996875846, 37.443607020838101 ], [ -122.163518739243244, 37.443603097436515 ], [ -122.163516583812026, 37.443599144648715 ], [ -122.163514496704252, 37.443595163856259 ], [ -122.163512477899872, 37.443591154158206 ], [ -122.163510528041613, 37.443587144383997 ], [ -122.163508680891965, 37.443583077279044 ], [ -122.163506936586344, 37.443579009617608 ], [ -122.163506282567781, 37.443577507561933 ], [ -122.163502752782804, 37.443569097052837 ], [ -122.163501180132073, 37.4435649719845 ], [ -122.163499641359365, 37.443560845534748 ], [ -122.163498204205425, 37.443556663572153 ], [ -122.163496871607904, 37.443552507163751 ], [ -122.163495605581105, 37.443548294838109 ], [ -122.163494443508156, 37.443544081038986 ], [ -122.163493350361136, 37.443539866262846 ], [ -122.163492360565257, 37.4435356229856 ], [ -122.163491438545336, 37.443531377846448 ], [ -122.163490585998701, 37.443527105587513 ], [ -122.163489836255806, 37.443522830970274 ], [ -122.163489189336659, 37.443518554895533 ], [ -122.163488611343411, 37.443514277843867 ], [ -122.163488136681167, 37.443509971390128 ], [ -122.16348773096486, 37.443505664860318 ], [ -122.163487393044406, 37.443501357369598 ], [ -122.16348719408532, 37.443497047007995 ], [ -122.163487029044319, 37.443492737066826 ], [ -122.163487001854833, 37.443488425171779 ], [ -122.163487008543228, 37.443484111895323 ], [ -122.163487154233096, 37.44347979754987 ], [ -122.163487367718744, 37.443475482243436 ], [ -122.163487650732691, 37.443471192987751 ], [ -122.163488037077514, 37.443466874330028 ], [ -122.163488492970771, 37.443462582623901 ], [ -122.163489051687534, 37.443458289460409 ], [ -122.163489713247969, 37.443453995740335 ], [ -122.16349044544647, 37.44344972715411 ], [ -122.163491245460833, 37.443445458507846 ], [ -122.163492150031189, 37.443441215415788 ], [ -122.163493123527147, 37.443436971346806 ], [ -122.163494201579141, 37.443432752832045 ], [ -122.163495347446855, 37.443428534257244 ], [ -122.163496597870562, 37.443424341236678 ], [ -122.163497951117719, 37.443420146758648 ], [ -122.163499338885302, 37.443415979728762 ], [ -122.163500831208808, 37.443411838253105 ], [ -122.163502427485668, 37.443407695303968 ], [ -122.163504092783398, 37.443403606350181 ], [ -122.163505828116442, 37.443399515502428 ], [ -122.163507666915635, 37.443395452026778 ], [ -122.163509575242898, 37.44339141460182 ], [ -122.163511551968313, 37.443387403243577 ], [ -122.163513634399607, 37.443383418324423 ], [ -122.163515785228995, 37.443379459471956 ], [ -122.163518005606505, 37.443375527571106 ], [ -122.163520330559948, 37.443371622125355 ], [ -122.163522690616247, 37.443367770254497 ], [ -122.163525153495755, 37.443363916926131 ], [ -122.163527721553805, 37.443360117080545 ], [ -122.163530325261988, 37.443356344667009 ], [ -122.163533032396117, 37.443352597823655 ], [ -122.163535808550961, 37.443348904975586 ], [ -122.163538654781149, 37.443345212035375 ], [ -122.16354157174456, 37.443341599201204 ], [ -122.163544557653367, 37.443337986290871 ], [ -122.163547613185543, 37.443334454403534 ], [ -122.163550738772983, 37.443330921523092 ], [ -122.163553968408891, 37.443327442141396 ], [ -122.163557234297656, 37.443324017219425 ], [ -122.163560568584359, 37.443320618364076 ], [ -122.163562254476886, 37.443318974094879 ], [ -122.162751465397406, 37.442808115791166 ], [ -122.162664130439182, 37.442755487014651 ], [ -122.16258933592222, 37.442705948300286 ], [ -122.160989457245606, 37.441697833268144 ], [ -122.160535441656677, 37.441411742345352 ], [ -122.160265214739184, 37.441241440529531 ], [ -122.156009137781552, 37.438559277019046 ], [ -122.154711927202413, 37.43893195041457 ], [ -122.154382541370438, 37.438760217358265 ], [ -122.155129994393974, 37.43800606855558 ], [ -122.149887786577423, 37.434702266146957 ], [ -122.149085601733091, 37.434193446887939 ], [ -122.14659465997876, 37.432626746995361 ], [ -122.14208870741956, 37.429786108149528 ], [ -122.141984592750404, 37.429728754258903 ], [ -122.141519902451947, 37.430302019389153 ], [ -122.140196962048122, 37.429470909797686 ], [ -122.14012844752601, 37.42951304354569 ], [ -122.139874968876981, 37.429353146474746 ], [ -122.139278604357983, 37.428994414198804 ], [ -122.138586129264098, 37.42855969687993 ], [ -122.138663789123015, 37.428515239174686 ], [ -122.138732823453168, 37.428473263938443 ], [ -122.138865887760446, 37.428558234780986 ], [ -122.139015661671635, 37.428530486383849 ], [ -122.139063363961682, 37.428503697727841 ], [ -122.139063210486782, 37.428286586094416 ], [ -122.139113941300693, 37.42825810680629 ], [ -122.138847714052673, 37.427956537833531 ], [ -122.138754974585993, 37.427913470378797 ], [ -122.138651220100002, 37.427862811726698 ], [ -122.138769503084845, 37.427798640517231 ], [ -122.133354866295477, 37.424390001373958 ], [ -122.132146931108906, 37.423627219608292 ], [ -122.131336234288383, 37.423116506045027 ], [ -122.131279204313998, 37.423077359413888 ], [ -122.131091596998644, 37.422958995440744 ], [ -122.127659782565345, 37.420791162342667 ], [ -122.126553325277456, 37.42009325413764 ], [ -122.125155037398144, 37.419209981668395 ], [ -122.12409464029885, 37.41854228712814 ], [ -122.123689514605758, 37.418286722367121 ], [ -122.12316817961765, 37.417960849890108 ], [ -122.123029653210082, 37.417874784618789 ], [ -122.122914857625204, 37.417798305953475 ], [ -122.120986477166682, 37.416579067417551 ], [ -122.120396500376316, 37.416205815142959 ], [ -122.119977152562299, 37.415942797518035 ], [ -122.118472429259057, 37.414992437322255 ], [ -122.118292375193093, 37.414907625304188 ], [ -122.11811866564554, 37.414767623298061 ], [ -122.116443626550023, 37.413708998388401 ], [ -122.116172621676824, 37.413537948544167 ], [ -122.115955151819989, 37.413401211127244 ], [ -122.115025034155479, 37.412811960712403 ], [ -122.114710703411987, 37.412613348673474 ], [ -122.113952913762404, 37.412136647265619 ], [ -122.111746205537642, 37.410743394023939 ], [ -122.111181625092456, 37.410384195668051 ], [ -122.109809421696895, 37.409518158174563 ], [ -122.109802478075679, 37.409525120613893 ], [ -122.109555016004947, 37.409408066193997 ], [ -122.109566865853438, 37.409397054044113 ], [ -122.108933096599671, 37.409055632472871 ], [ -122.108927167002832, 37.409052143241496 ], [ -122.108922672834694, 37.409049731985313 ], [ -122.108918113290144, 37.409047432473265 ], [ -122.108913418380808, 37.409045299737436 ], [ -122.108908623044144, 37.409043277424132 ], [ -122.108903760654769, 37.409041393914087 ], [ -122.108898799569388, 37.409039648739977 ], [ -122.108893807045305, 37.409038069817868 ], [ -122.108888679664247, 37.409036628826534 ], [ -122.108883554125086, 37.409035325693402 ], [ -122.108878329909246, 37.409034161797244 ], [ -122.10887307421568, 37.409033162351093 ], [ -122.108867753181187, 37.409032328720684 ], [ -122.108862435117757, 37.409031632933036 ], [ -122.10885705169396, 37.409031102060155 ], [ -122.108851671241155, 37.409030709030063 ], [ -122.108846260459373, 37.409030481335414 ], [ -122.108840852629115, 37.409030390582636 ], [ -122.108835447805475, 37.40903049174419 ], [ -122.108830046499676, 37.409030703704978 ], [ -122.108824683192992, 37.409031106199031 ], [ -122.108819322857215, 37.409031646535816 ], [ -122.108813966094175, 37.409032352644331 ], [ -122.1088086817403, 37.409033220876971 ], [ -122.108803399774672, 37.409034199924349 ], [ -122.108798190839451, 37.409035369925718 ], [ -122.108793053769588, 37.409036676825011 ], [ -122.108787954663086, 37.409038120186054 ], [ -122.108782926874909, 37.409039727488555 ], [ -122.1087779720621, 37.409041470772578 ], [ -122.108773121867685, 37.40904335050547 ], [ -122.108771688053736, 37.409043919901578 ], [ -122.108731937038954, 37.409088030004305 ], [ -122.108718426180346, 37.409079479946939 ], [ -122.108615279024647, 37.40919384555415 ], [ -122.108035466030827, 37.409836623395364 ], [ -122.108048752406873, 37.409845973270471 ], [ -122.107803464895824, 37.410117539042552 ], [ -122.107796170052509, 37.410124204270971 ], [ -122.107793148309355, 37.410127789207372 ], [ -122.107790509060806, 37.410131560857153 ], [ -122.107788251123111, 37.410135464263313 ], [ -122.107786411259397, 37.410139527760421 ], [ -122.107784984878194, 37.410143695537037 ], [ -122.107783974164718, 37.410147911688739 ], [ -122.107783412493788, 37.410152204596571 ], [ -122.107783298662255, 37.41015651840253 ], [ -122.107783598224316, 37.410160827443939 ], [ -122.107784344442194, 37.410165102426504 ], [ -122.107785536714488, 37.410169315421193 ], [ -122.107787141142495, 37.410173413721729 ], [ -122.107789154920184, 37.410177424402669 ], [ -122.10779158023287, 37.410181291559496 ], [ -122.10779437977412, 37.410184961631487 ], [ -122.107797554126165, 37.410188461646662 ], [ -122.107801068222173, 37.410191737112335 ], [ -122.107804922062115, 37.410194788028527 ], [ -122.107809045585952, 37.410197561283269 ], [ -122.107813437625438, 37.4102000550903 ], [ -122.107813681164885, 37.410200189636157 ], [ -122.107873636660102, 37.410240295921028 ], [ -122.107724109496715, 37.410398202551335 ], [ -122.106928746672637, 37.411284196705218 ], [ -122.106745862625829, 37.411484393569687 ], [ -122.10655976535574, 37.411696967066383 ], [ -122.10635704901857, 37.411567838838458 ], [ -122.1061926940326, 37.411465790615587 ], [ -122.106429168730401, 37.411209896568742 ], [ -122.106751199340337, 37.410687701519961 ], [ -122.10681615874249, 37.410374768359596 ], [ -122.107123987017289, 37.409420328239328 ], [ -122.10695158273046, 37.409051424193663 ], [ -122.1078298916119, 37.408076721977203 ], [ -122.108837066587299, 37.408712574475096 ], [ -122.108887339773887, 37.408656563850997 ], [ -122.11246134698375, 37.410916205695344 ], [ -122.112675227238981, 37.41070096059682 ], [ -122.115638478640335, 37.412574369856344 ], [ -122.11827107805081, 37.414231914632481 ], [ -122.11865077495473, 37.414472823619938 ], [ -122.11881041765659, 37.414573985171991 ], [ -122.123307953458706, 37.417410723275928 ], [ -122.123411966978551, 37.417456997335179 ], [ -122.123525984647955, 37.417496155749959 ], [ -122.12745694743144, 37.419975490500669 ], [ -122.12888964389461, 37.420879079772604 ], [ -122.129550153587957, 37.421300590334226 ], [ -122.129577402330625, 37.421272496253032 ], [ -122.129910117515706, 37.421471994578653 ], [ -122.133325865791562, 37.423626718325778 ], [ -122.133460221017174, 37.423711567203654 ], [ -122.133812830234177, 37.4239330825677 ], [ -122.134056247721361, 37.423636518372973 ], [ -122.134890308398681, 37.424069619543815 ], [ -122.134804160523771, 37.424128998051835 ], [ -122.13457022913272, 37.424412027140214 ], [ -122.136561437240644, 37.425668435606887 ], [ -122.138156898537432, 37.426677348894678 ], [ -122.139598059033176, 37.427574868833929 ], [ -122.139624649002457, 37.427565460893611 ], [ -122.139603696605747, 37.427522654444452 ], [ -122.139614137425625, 37.427488365494497 ], [ -122.139645269756357, 37.427461505324125 ], [ -122.139674992800337, 37.427422193963068 ], [ -122.13966884612833, 37.427394866100798 ], [ -122.139701571865999, 37.426702139982538 ], [ -122.13983308574285, 37.426567765430057 ], [ -122.139888851445207, 37.426259116346216 ], [ -122.139862722499501, 37.425982266308459 ], [ -122.139626618791524, 37.425893023811007 ], [ -122.139656878901889, 37.425862549363956 ], [ -122.140065475844651, 37.425351660986408 ], [ -122.140567666419884, 37.425642209341184 ], [ -122.140454018485642, 37.425852808560506 ], [ -122.140434205672875, 37.425883795936336 ], [ -122.140425129230891, 37.425898645823807 ], [ -122.140416330246453, 37.425913574742268 ], [ -122.140407739790191, 37.425928582754388 ], [ -122.140399356732445, 37.425943669875913 ], [ -122.140391217242595, 37.42595883650241 ], [ -122.140383321320755, 37.425974082633985 ], [ -122.140375666687888, 37.425989407401396 ], [ -122.140368221713373, 37.42600481124672 ], [ -122.140361053067721, 37.426020294139292 ], [ -122.140354092356802, 37.426035829097948 ], [ -122.140347374600708, 37.426051415633104 ], [ -122.140340899857975, 37.426067107816309 ], [ -122.140334666366257, 37.426082825464945 ], [ -122.140328676404039, 37.426098620817136 ], [ -122.140322893267395, 37.426114469152289 ], [ -122.140317388086231, 37.426130367673636 ], [ -122.140312124750793, 37.426146318688453 ], [ -122.14030710383544, 37.426162348323651 ], [ -122.140302324132506, 37.426178401622671 ], [ -122.140297820681624, 37.426194478996891 ], [ -122.140293526890844, 37.426210635449593 ], [ -122.140291719855625, 37.426217775726727 ], [ -122.14024107459008, 37.42641145158445 ], [ -122.140199638121643, 37.426588490409657 ], [ -122.140298007127313, 37.426597855852428 ], [ -122.140331600174989, 37.426576399863208 ], [ -122.140412259381748, 37.426627764727854 ], [ -122.140217696718565, 37.426875726033607 ], [ -122.14028762450576, 37.427012394976565 ], [ -122.140273569412841, 37.427516918489637 ], [ -122.140114550095589, 37.427694309493077 ], [ -122.140290434169259, 37.427870480552208 ], [ -122.14209560250336, 37.429005320901162 ], [ -122.142418983419063, 37.429207964904066 ], [ -122.142556852591866, 37.429288771104133 ], [ -122.142424792217341, 37.429446834604434 ], [ -122.143203055897061, 37.429935870535182 ], [ -122.143217448513454, 37.429918419009077 ], [ -122.144439181653695, 37.430691004033648 ], [ -122.144575126832365, 37.430776531969983 ], [ -122.145796436943101, 37.431545813429295 ], [ -122.145905872776424, 37.431616164064359 ], [ -122.145839344554034, 37.431696756587954 ], [ -122.145920566317216, 37.431748247772326 ], [ -122.146283498387106, 37.431308517519703 ], [ -122.14637602554383, 37.431346280318444 ], [ -122.146562016379761, 37.431370561703709 ], [ -122.14658054094177, 37.431371840121926 ], [ -122.146590405255779, 37.431372388421664 ], [ -122.146600266014829, 37.431372826823285 ], [ -122.146610124964994, 37.431373183239764 ], [ -122.146620016512088, 37.431373429250854 ], [ -122.146629871208106, 37.431373592867239 ], [ -122.146639758500967, 37.431373646078299 ], [ -122.146649643984816, 37.431373617304175 ], [ -122.146659492020945, 37.431373479107563 ], [ -122.1466693732702, 37.431373258434306 ], [ -122.146679252093932, 37.4313729278471 ], [ -122.146689094066332, 37.431372514865245 ], [ -122.146698968635334, 37.431371991478024 ], [ -122.146708806372871, 37.431371386597107 ], [ -122.146718642814406, 37.431370671786397 ], [ -122.146728476297014, 37.431369874105449 ], [ -122.146738273481233, 37.431368967887124 ], [ -122.146748067706355, 37.431367978798562 ], [ -122.14675786063539, 37.431366879780228 ], [ -122.146767617862466, 37.431365699252389 ], [ -122.146777372130302, 37.43136443585427 ], [ -122.146780222525706, 37.431364038974316 ], [ -122.147117392822253, 37.431299287224512 ], [ -122.147347651289337, 37.431309762235216 ], [ -122.147914034401325, 37.431607482429804 ], [ -122.148385720071431, 37.432227557938603 ], [ -122.14757121868476, 37.432621006360193 ], [ -122.14723751115875, 37.432574461345574 ], [ -122.147876594562007, 37.432977163825768 ], [ -122.147897958076058, 37.432955602561435 ], [ -122.149156094577975, 37.433748367925268 ], [ -122.149190262129267, 37.433713908656166 ], [ -122.149345575577698, 37.433811767773726 ], [ -122.149335972339159, 37.433821461845532 ], [ -122.149957226787407, 37.43421289364877 ], [ -122.149966829995591, 37.434203199526387 ], [ -122.150122144350888, 37.434301057628602 ], [ -122.150087978688532, 37.434335544179469 ], [ -122.151513708144606, 37.435233853011816 ], [ -122.151492380027136, 37.4352554135369 ], [ -122.151764813880931, 37.435423012071425 ], [ -122.153384676167235, 37.433795580549379 ], [ -122.154132362084567, 37.433028853130565 ], [ -122.154712273848986, 37.432375214398014 ], [ -122.154820570065255, 37.432497846549339 ], [ -122.160014523635084, 37.437009754718083 ], [ -122.160336868913916, 37.437058345912419 ], [ -122.160570082621931, 37.436968519287063 ], [ -122.160706884006956, 37.437159249959237 ], [ -122.160681146428473, 37.437171398379625 ], [ -122.160671026825725, 37.437176431539946 ], [ -122.160660944672756, 37.437181573215547 ], [ -122.160650933282938, 37.437186796799978 ], [ -122.160641027153034, 37.437192128841396 ], [ -122.160631192896091, 37.437197541874873 ], [ -122.160621462769171, 37.437203063381304 ], [ -122.160611804535264, 37.437208666780641 ], [ -122.160602217645945, 37.437214378215806 ], [ -122.160592735414866, 37.437220171080348 ], [ -122.160583357821992, 37.437226044473285 ], [ -122.160574052723618, 37.437232026787044 ], [ -122.160564817258461, 37.437238091025776 ], [ -122.16055572207793, 37.437244263226113 ], [ -122.160546698770261, 37.437250516418601 ], [ -122.160537745075843, 37.437256850635279 ], [ -122.160536456894718, 37.437257775478407 ], [ -122.160526969760966, 37.437263348512026 ], [ -122.160522758263582, 37.437266072976712 ], [ -122.160518722678461, 37.437268931935684 ], [ -122.160514758459072, 37.437271899832076 ], [ -122.160510967799041, 37.437274947282418 ], [ -122.160507283529711, 37.437278103174521 ], [ -122.160503739546229, 37.437281367028902 ], [ -122.160500334718677, 37.437284738861514 ], [ -122.160497104600438, 37.437288191133042 ], [ -122.160493979121526, 37.437291723933797 ], [ -122.16049102833189, 37.437295336272534 ], [ -122.16048825112172, 37.437299029066295 ], [ -122.160485612974455, 37.437302774865913 ], [ -122.160483115113067, 37.437306628627887 ], [ -122.160480825214577, 37.43731053351965 ], [ -122.160478674399101, 37.437314492318301 ], [ -122.160476696541707, 37.437318503643311 ], [ -122.160474892752205, 37.437322566577741 ], [ -122.160473261940837, 37.437326682939506 ], [ -122.160471803466095, 37.437330823898954 ], [ -122.16047055297453, 37.437335016889236 ], [ -122.160469442675847, 37.437339262869493 ], [ -122.160468538007564, 37.437343505940213 ], [ -122.160467805676078, 37.437347773608643 ], [ -122.160467281856228, 37.437352066264147 ], [ -122.160466895348193, 37.43735638401305 ], [ -122.160466715620572, 37.437360699737305 ], [ -122.160466742633275, 37.43736501163503 ], [ -122.160466907486338, 37.437369321582423 ], [ -122.160467279119857, 37.437373629505196 ], [ -122.160467856892396, 37.437377906573715 ], [ -122.160468571375432, 37.437382181707868 ], [ -122.16046949312738, 37.437386425971823 ], [ -122.160470586614949, 37.437390667805751 ], [ -122.160471884530381, 37.437394852674693 ], [ -122.160473320794608, 37.437399007648537 ], [ -122.160474962596609, 37.437403104740447 ], [ -122.160476775512777, 37.437407171473723 ], [ -122.160478759563162, 37.437411208749211 ], [ -122.160480914654727, 37.437415161594593 ], [ -122.16048324025914, 37.437419057053567 ], [ -122.160485702461145, 37.437422894704774 ], [ -122.160488369619571, 37.437426648347163 ], [ -122.160491173375618, 37.437430344181813 ], [ -122.160494113147934, 37.43743395608184 ], [ -122.160497222811586, 37.43743748266678 ], [ -122.160500503516545, 37.437440924821537 ], [ -122.160503885212677, 37.437444283537246 ], [ -122.160504166387, 37.437444526489642 ], [ -122.163632332695045, 37.440187325005908 ], [ -122.1652324918592, 37.441292749637796 ], [ -122.165484092856417, 37.441254651305954 ], [ -122.165582989575228, 37.44112455608925 ], [ -122.165774802337395, 37.441169052475054 ], [ -122.165732046406433, 37.441582489471251 ], [ -122.165731369151302, 37.441592250160447 ], [ -122.165731258641969, 37.441596564913091 ], [ -122.165731286583934, 37.44160090473688 ], [ -122.165731451750418, 37.441605214675477 ], [ -122.165731754764835, 37.441609522657558 ], [ -122.16573215999702, 37.441613802152531 ], [ -122.165732704830617, 37.441618107603475 ], [ -122.165733350731912, 37.441622383682507 ], [ -122.165734135591052, 37.441626656887976 ], [ -122.165735056585191, 37.441630902026176 ], [ -122.165736116537218, 37.441635144290807 ], [ -122.165737278707013, 37.441639358068372 ], [ -122.165738543094676, 37.441643543358786 ], [ -122.165739979733928, 37.441647698266891 ], [ -122.165741519194469, 37.441651851715548 ], [ -122.165743160249363, 37.441655948748483 ], [ -122.165744939658907, 37.44166001588016 ], [ -122.165746821286291, 37.441664054524743 ], [ -122.165748840158628, 37.441668064184988 ], [ -122.165750961228767, 37.441672044457178 ], [ -122.165753218920258, 37.441675967816437 ], [ -122.165755579336121, 37.44167983474393 ], [ -122.165758041969994, 37.441683673184215 ], [ -122.165760641828669, 37.44168748173923 ], [ -122.165763343808365, 37.441691206834761 ], [ -122.165766147985877, 37.441694902542189 ], [ -122.165769053757955, 37.441698541833802 ], [ -122.165772062274499, 37.441702125594517 ], [ -122.165775206789078, 37.441705624513617 ], [ -122.165778418474545, 37.441709094541686 ], [ -122.165780640003689, 37.441711398040788 ], [ -122.166794036859343, 37.442738575182034 ], [ -122.167567792822524, 37.443457898685516 ], [ -122.168747459739265, 37.442436071241623 ], [ -122.169919387847926, 37.441420879793675 ], [ -122.170040711742431, 37.441315787374236 ], [ -122.170101498325266, 37.441258034407291 ], [ -122.170174277665339, 37.441171185517845 ], [ -122.170329424642233, 37.44128434665744 ], [ -122.170313710409587, 37.441305639687648 ], [ -122.170306947278419, 37.441314388455879 ], [ -122.170300045068075, 37.441323084229417 ], [ -122.170293037070309, 37.441331699498086 ], [ -122.170285857226276, 37.44134026223832 ], [ -122.170278570444765, 37.441348743588811 ], [ -122.170271145734048, 37.441357172829299 ], [ -122.170263581318736, 37.441365521146317 ], [ -122.170255912225628, 37.441373788041375 ], [ -122.170248103448117, 37.44138197491381 ], [ -122.170240188883128, 37.441390081281249 ], [ -122.170232134613499, 37.44139810672516 ], [ -122.170223941284547, 37.441406080074998 ], [ -122.170215642652664, 37.441413944074093 ], [ -122.170207239968036, 37.441421754579707 ], [ -122.170198695863988, 37.441429458050969 ], [ -122.170190047082158, 37.441437080100073 ], [ -122.170181260350631, 37.441444649137949 ], [ -122.170172401103287, 37.441452109259643 ], [ -122.170163401566398, 37.441459462330791 ], [ -122.170154262929827, 37.441466761505787 ], [ -122.170145054037192, 37.441473951732348 ], [ -122.170135704330121, 37.441481061952075 ], [ -122.170126284366987, 37.441488063223325 ], [ -122.170116724719364, 37.441494984471575 ], [ -122.170107092535744, 37.441501795902511 ], [ -122.170097322422663, 37.441508555222939 ], [ -122.170096439318982, 37.441509144564165 ], [ -122.169562675378046, 37.441972970977233 ], [ -122.167912145639477, 37.443402957590258 ], [ -122.167898660021393, 37.443393040385331 ], [ -122.167890333891179, 37.443401262382913 ], [ -122.167887069327904, 37.443404687409405 ], [ -122.167883873788512, 37.44340816642854 ], [ -122.167880748402993, 37.443411699424374 ], [ -122.16787772757479, 37.443415257970415 ], [ -122.167874743002614, 37.443418870974902 ], [ -122.16787186074805, 37.443422510462668 ], [ -122.167869049777309, 37.443426203911088 ], [ -122.167866342858247, 37.443429950854394 ], [ -122.167863704864587, 37.443433696818168 ], [ -122.167861137024886, 37.443437496758591 ], [ -122.167858639318879, 37.443441349774808 ], [ -122.167856245586279, 37.443445202214555 ], [ -122.167853954775481, 37.44344910816536 ], [ -122.167851734624278, 37.443453040148171 ], [ -122.16784958402279, 37.443456999080055 ], [ -122.167847536848797, 37.443460983578326 ], [ -122.16784556095871, 37.443465022037238 ], [ -122.167843686762069, 37.443469059050933 ], [ -122.167841883225023, 37.443473122096734 ], [ -122.167840183135667, 37.443477211609824 ], [ -122.16783858709816, 37.443481354617923 ], [ -122.167837060511914, 37.443485469602777 ], [ -122.167835637957467, 37.443489637181692 ], [ -122.16783428382297, 37.443493831725746 ], [ -122.167833034771775, 37.443498024776467 ], [ -122.167831888038435, 37.443502244310586 ], [ -122.167830811340451, 37.443506461948168 ], [ -122.167829838090299, 37.443510706053118 ], [ -122.167828933765733, 37.443514949178542 ], [ -122.167828167916895, 37.443519218273572 ], [ -122.167827471577652, 37.443523512515817 ], [ -122.16782684418429, 37.443527806679462 ], [ -122.167826354642273, 37.443532098884091 ], [ -122.16782593402597, 37.443536390109216 ], [ -122.167825582939528, 37.443540707382525 ], [ -122.167825367970494, 37.443544995685201 ], [ -122.16782522368139, 37.443549310920872 ], [ -122.167825182195841, 37.443553623794415 ], [ -122.167825244663902, 37.443557935190654 ], [ -122.167825375552098, 37.443562273552075 ], [ -122.167825609789716, 37.443566583408511 ], [ -122.167825946226813, 37.443570863875138 ], [ -122.16782635332379, 37.443575170373826 ], [ -122.167826897142476, 37.443579474929592 ], [ -122.16782750928283, 37.443583751478123 ], [ -122.167828190349098, 37.443588027047213 ], [ -122.167829009266939, 37.443592300657194 ], [ -122.167829896486452, 37.443596545359128 ], [ -122.16783085265196, 37.443600789982433 ], [ -122.167831946649059, 37.443605031745776 ], [ -122.167833108967884, 37.443609245501996 ], [ -122.16783437350648, 37.443613430769219 ], [ -122.167835708080773, 37.443617614139946 ], [ -122.167837143744919, 37.44362176903779 ], [ -122.167838684492835, 37.443625922442273 ], [ -122.167840291808332, 37.44363001992695 ], [ -122.167842001947818, 37.443634115950431 ], [ -122.167843781539077, 37.443638183950618 ], [ -122.167845663934159, 37.443642249588585 ], [ -122.167847647944853, 37.443646259709908 ], [ -122.16784970138724, 37.44365024090704 ], [ -122.167851855899414, 37.443654192730321 ], [ -122.167854080487771, 37.443658144458901 ], [ -122.16785640667166, 37.44366203976994 ], [ -122.167858801157308, 37.443665906172782 ], [ -122.167861265074677, 37.44366974365137 ], [ -122.16786382947781, 37.443673525629364 ], [ -122.167866497835035, 37.44367730613002 ], [ -122.167869233889803, 37.443681030694698 ], [ -122.167872037622132, 37.443684698422672 ], [ -122.167874910300782, 37.44368836607196 ], [ -122.167877883970789, 37.443691950275898 ], [ -122.167880927676762, 37.443695532583277 ], [ -122.167884071848462, 37.443699058489081 ], [ -122.16788724983995, 37.443702529841616 ], [ -122.167890531161248, 37.443705971788106 ], [ -122.167893880180245, 37.443709357798717 ], [ -122.167897295766892, 37.443712687889438 ], [ -122.167900780785388, 37.443715989055868 ], [ -122.167904367419681, 37.443719234705576 ], [ -122.167907986723705, 37.443722424917105 ], [ -122.167911709357497, 37.443725585722561 ], [ -122.167915465186823, 37.443728664046141 ], [ -122.167919322086092, 37.443731712995749 ], [ -122.167923213914989, 37.443734706475091 ], [ -122.167927171707333, 37.443737617006803 ], [ -122.167931197801636, 37.443740498630262 ], [ -122.167935291613745, 37.443743325218676 ], [ -122.167939453103401, 37.443746094970152 ], [ -122.167943682310806, 37.443748809686525 ], [ -122.167946478117145, 37.443750555247085 ], [ -122.169185981939407, 37.444687340161416 ], [ -122.169294827402439, 37.444751057617658 ], [ -122.169300929511877, 37.444754322421225 ], [ -122.169305628393033, 37.444756452734559 ], [ -122.169310493503517, 37.444758333752134 ], [ -122.169315492699724, 37.44475999386853 ], [ -122.169320622451593, 37.444761376357832 ], [ -122.169325849505839, 37.444762510531653 ], [ -122.169331140468927, 37.444763368927539 ], [ -122.169336493101085, 37.444763952478446 ], [ -122.169341909116824, 37.444764287295143 ], [ -122.169347285106113, 37.444764348713377 ], [ -122.169352689955531, 37.444764133950919 ], [ -122.169358087546925, 37.444763645323931 ], [ -122.169363410667884, 37.444762909923547 ], [ -122.169368659863778, 37.44476190160681 ], [ -122.169373832854504, 37.444760619505097 ], [ -122.169378897496344, 37.444759092013044 ], [ -122.169383818115818, 37.444757290799423 ], [ -122.169388597112842, 37.444755272606258 ], [ -122.169393197704096, 37.444753010019319 ], [ -122.169397620494323, 37.444750530066308 ], [ -122.169401831564883, 37.444747832328495 ], [ -122.169405832106179, 37.444744919492535 ], [ -122.169409586504145, 37.444741816397737 ], [ -122.169413095949253, 37.44473852573082 ], [ -122.16941632597748, 37.444735073215853 ], [ -122.169419277759161, 37.444731460638657 ], [ -122.169421949619036, 37.444727714158184 ], [ -122.169424343837164, 37.444723834643099 ], [ -122.169426389831656, 37.444719850133765 ], [ -122.169428124890771, 37.444715760099861 ], [ -122.169429547359485, 37.444711591601077 ], [ -122.169430623984496, 37.444707373949214 ], [ -122.169431389753868, 37.444703104844152 ], [ -122.169431809679651, 37.444698786585981 ], [ -122.169431886081213, 37.444694472313074 ], [ -122.169431616739018, 37.444690163859391 ], [ -122.169431004497639, 37.444685887319558 ], [ -122.169430083275714, 37.44468164311229 ], [ -122.169428783601177, 37.444677458360871 ], [ -122.169427209469532, 37.444673333388351 ], [ -122.169425258640288, 37.444669295784188 ], [ -122.169423035693427, 37.444665371998205 ], [ -122.169420504450684, 37.444661561643755 ], [ -122.169417665577171, 37.444657894451375 ], [ -122.169414555170846, 37.444654367203817 ], [ -122.169411137738678, 37.444651010145883 ], [ -122.169407518325329, 37.444647819980943 ], [ -122.169406290558229, 37.44464684881882 ], [ -122.169399381112456, 37.444641398357014 ], [ -122.169395457013323, 37.444638432420597 ], [ -122.169391430814088, 37.444635550847565 ], [ -122.169387335767908, 37.44463272432624 ], [ -122.169383140881465, 37.444629982136107 ], [ -122.1693789128215, 37.444627323329001 ], [ -122.16937458141156, 37.444624693027961 ], [ -122.169370218562818, 37.444622173121509 ], [ -122.169365787997094, 37.444619708250627 ], [ -122.169361256481253, 37.44461732862792 ], [ -122.169356691146859, 37.444615003558596 ], [ -122.169352058740586, 37.444612762354403 ], [ -122.169347394270559, 37.444610603616063 ], [ -122.169342661578483, 37.44460852785793 ], [ -122.169337862944388, 37.444606535948772 ], [ -122.169332997238328, 37.444604627904702 ], [ -122.169330182204419, 37.444603541433601 ], [ -122.169375100721069, 37.444529340435892 ], [ -122.169543676892829, 37.444594159151194 ], [ -122.16955082897752, 37.444596612336625 ], [ -122.16955595872254, 37.444597994815652 ], [ -122.169561185768899, 37.444599128979007 ], [ -122.169566476743256, 37.444599988265232 ], [ -122.169571829970366, 37.44460059883307 ], [ -122.169577211451937, 37.444600906192541 ], [ -122.169582621328033, 37.444600967117793 ], [ -122.169588026164931, 37.444600752344478 ], [ -122.16959342436796, 37.444600291635254 ], [ -122.16959874800007, 37.444599529180422 ], [ -122.169603996031199, 37.444598519968352 ], [ -122.169609170136454, 37.444597237840149 ], [ -122.169614234762449, 37.444595710337943 ], [ -122.169619155365439, 37.444593909114424 ], [ -122.169623933215732, 37.444591890927747 ], [ -122.169628533789734, 37.444589628331549 ], [ -122.169632956562467, 37.444587148369628 ], [ -122.169637168765362, 37.444584451508163 ], [ -122.169641168138639, 37.444581537779328 ], [ -122.169643807205617, 37.444579357160066 ], [ -122.169819461853336, 37.444711098600521 ], [ -122.169814837134723, 37.444715312665245 ], [ -122.16981160660076, 37.44471879223493 ], [ -122.16980865536361, 37.444722377778213 ], [ -122.169805984128246, 37.444726151295221 ], [ -122.169803624958249, 37.444730030319676 ], [ -122.169801542825297, 37.444734015350001 ], [ -122.169799808311282, 37.444738078345743 ], [ -122.169798385842583, 37.444742245948042 ], [ -122.169797309862915, 37.444746491531866 ], [ -122.16979654411405, 37.444750760639323 ], [ -122.169796157502617, 37.444755051388817 ], [ -122.169796081101893, 37.444759364761012 ], [ -122.16979635046539, 37.444763673213856 ], [ -122.169796928829896, 37.444767950234016 ], [ -122.169797885122279, 37.444772194840958 ], [ -122.16979915039569, 37.444776407114325 ], [ -122.169800758448517, 37.444780531599491 ], [ -122.169802673667704, 37.444784542668074 ], [ -122.169802744429475, 37.44478462367131 ], [ -122.16992468399097, 37.444959184108846 ], [ -122.169834528344907, 37.444999445059352 ], [ -122.169793657518667, 37.44494813854724 ], [ -122.169749692610807, 37.44490484092686 ], [ -122.16974099030972, 37.444899333981844 ], [ -122.169736459349707, 37.444896980500367 ], [ -122.169731760447334, 37.444894850204292 ], [ -122.169726895317339, 37.444892969204254 ], [ -122.169721897858096, 37.444891337017893 ], [ -122.169716768089785, 37.444889954546149 ], [ -122.169711540495612, 37.444888847433475 ], [ -122.169706250649199, 37.444887989038676 ], [ -122.169700862371926, 37.444887378975316 ], [ -122.169695480849029, 37.444887070720597 ], [ -122.169690069822167, 37.444887009816647 ], [ -122.169684666094767, 37.444887224578551 ], [ -122.169679303020132, 37.44488774066685 ], [ -122.169673979873167, 37.444888475180683 ], [ -122.169668697399004, 37.444889511921858 ], [ -122.169663558302915, 37.444890793554308 ], [ -122.169658493657963, 37.44489232105861 ], [ -122.1696535730362, 37.444894122283742 ], [ -122.169648794037471, 37.444896140487693 ], [ -122.169644194575071, 37.444898403068542 ], [ -122.169639771279321, 37.44490091097547 ], [ -122.169635560188567, 37.444903607820891 ], [ -122.169631559667934, 37.444906521565564 ], [ -122.169627805250727, 37.444909623766513 ], [ -122.169624329725735, 37.444912914858456 ], [ -122.169621099679262, 37.444916366478168 ], [ -122.169618115151593, 37.444919980427464 ], [ -122.169615442769611, 37.444923753956139 ], [ -122.169613083583457, 37.4449276329767 ], [ -122.169611036463294, 37.44493161750529 ], [ -122.169609301934301, 37.444935680498126 ], [ -122.169607879451192, 37.44493984809808 ], [ -122.169606802327891, 37.444944093696151 ], [ -122.169606036566108, 37.444948362802315 ], [ -122.169605616044151, 37.444952654033344 ], [ -122.169605574660707, 37.444956966907043 ], [ -122.169605808985423, 37.444961275858567 ], [ -122.169606421239081, 37.444965552397385 ], [ -122.169607377523178, 37.44496979700579 ], [ -122.169608643919105, 37.444974009265067 ], [ -122.169610251965679, 37.444978133752791 ], [ -122.169612167179679, 37.444982144824429 ], [ -122.1696143918807, 37.444986095618361 ], [ -122.169616923144417, 37.444989905968448 ], [ -122.169619762040298, 37.444993573155998 ], [ -122.169622906369014, 37.444997099915774 ], [ -122.169626288798057, 37.445000457465774 ], [ -122.169629909367856, 37.445003647607827 ], [ -122.169631137143739, 37.445004618767555 ], [ -122.16974476860716, 37.445106643012146 ], [ -122.171220552837454, 37.446213922701574 ], [ -122.171490494903722, 37.446415628161482 ], [ -122.171906492639025, 37.44672845250669 ], [ -122.171756878789125, 37.446816780749252 ], [ -122.1715017868584, 37.446967318284841 ], [ -122.171352343708492, 37.446998673629665 ], [ -122.171298711319707, 37.447009930143757 ], [ -122.171239650465992, 37.447017226514788 ], [ -122.171208801105138, 37.447018132615582 ], [ -122.171181175653942, 37.447015312265151 ], [ -122.171140957789802, 37.447005611135417 ], [ -122.171087378129258, 37.446986925931803 ], [ -122.171002693973747, 37.446950032134012 ], [ -122.170987436482349, 37.446945635170472 ], [ -122.170944442841019, 37.446938116569086 ], [ -122.170926712974548, 37.446937187502208 ], [ -122.170886942984993, 37.446939758883701 ], [ -122.17085238841149, 37.44694752987963 ], [ -122.170774981168819, 37.446975578889287 ], [ -122.170705998708257, 37.44699370186575 ], [ -122.170659212620961, 37.447006014177042 ], [ -122.170578311918788, 37.447035047336456 ], [ -122.170519870530057, 37.447077686251873 ], [ -122.170477983614504, 37.447121161957895 ], [ -122.170439840331312, 37.447167110455162 ], [ -122.170382708064849, 37.447232888132447 ], [ -122.170335087539357, 37.447284932070495 ], [ -122.170297605588075, 37.44731584615122 ], [ -122.170258220695061, 37.447341788294466 ], [ -122.170195437438167, 37.447379791729645 ], [ -122.170140696262806, 37.447410814380838 ], [ -122.170066789204512, 37.447436752940575 ], [ -122.170048283974324, 37.447447344111119 ], [ -122.17002634850904, 37.447463203889583 ], [ -122.169992892619518, 37.447478512926992 ], [ -122.169975397634815, 37.447483486895635 ], [ -122.169961100623951, 37.447486602127114 ], [ -122.169954037280689, 37.447489641469694 ], [ -122.169941136175225, 37.447495126843123 ], [ -122.169924991480428, 37.447497251795944 ], [ -122.169725065949194, 37.447563741370253 ], [ -122.16969520594796, 37.44756729786905 ], [ -122.169664322441221, 37.447568204046163 ], [ -122.169638696515449, 37.447567003196482 ], [ -122.16959239054782, 37.447563870537657 ], [ -122.169569950951157, 37.447561855615284 ], [ -122.169554961123012, 37.447558662277409 ], [ -122.169539041533909, 37.447549329610943 ], [ -122.169518760244557, 37.447536020669808 ], [ -122.169510322918725, 37.447528476808422 ], [ -122.169500972204702, 37.44752168763381 ], [ -122.169489797797084, 37.447516545674219 ], [ -122.169476394789754, 37.447510362975486 ], [ -122.16944089841823, 37.44749298609824 ], [ -122.169418756494238, 37.447479621595953 ], [ -122.169403502481529, 37.447464620754566 ], [ -122.169395245135533, 37.447452844051192 ], [ -122.169387736190558, 37.447439051512809 ], [ -122.169381564769651, 37.447423454654995 ], [ -122.169382324980205, 37.447405094330264 ], [ -122.169389675047142, 37.447353238773005 ], [ -122.16940429761749, 37.447318501872623 ], [ -122.16941132520823, 37.447283050196511 ], [ -122.169411224966254, 37.447229267481752 ], [ -122.169413375627073, 37.447208387425626 ], [ -122.169411936158099, 37.447188712883445 ], [ -122.169401968372753, 37.447160507140794 ], [ -122.169392595512221, 37.447138884376429 ], [ -122.169356101438709, 37.447093832927969 ], [ -122.169309056641524, 37.447057666047705 ], [ -122.169264724715916, 37.447044233209667 ], [ -122.169247483591619, 37.447042060479461 ], [ -122.169189681138661, 37.447034779791785 ], [ -122.169125821508175, 37.447033929727468 ], [ -122.16908215739447, 37.447050345270924 ], [ -122.169034321086997, 37.447077367876354 ], [ -122.168997427382521, 37.447100692203165 ], [ -122.168982345875918, 37.447114970929832 ], [ -122.16896383857997, 37.447143966442525 ], [ -122.168954148705424, 37.447152783773774 ], [ -122.168947921808837, 37.447157844288348 ], [ -122.168932920111985, 37.447189536830585 ], [ -122.168923943684078, 37.447211804467408 ], [ -122.168903935360845, 37.447264554645159 ], [ -122.168881652396536, 37.447312640062933 ], [ -122.168860815262661, 37.447360731953779 ], [ -122.168844314120633, 37.44740700483009 ], [ -122.168836692493684, 37.447425159905478 ], [ -122.168825295081405, 37.447439304216303 ], [ -122.168813945066447, 37.447454051661879 ], [ -122.168788988100104, 37.447481188634391 ], [ -122.168763191224159, 37.447503118643965 ], [ -122.168736748619267, 37.44752857344357 ], [ -122.168716837402329, 37.447553331564876 ], [ -122.168691509105429, 37.447596213403969 ], [ -122.168666194280192, 37.447639698855234 ], [ -122.168624175218625, 37.447688092750965 ], [ -122.168564990162295, 37.447753046153679 ], [ -122.168521380857158, 37.447795034297123 ], [ -122.168442794357333, 37.447873640987396 ], [ -122.168382912230967, 37.447939786587796 ], [ -122.168334335462404, 37.44798766797873 ], [ -122.168287578133373, 37.448019811816977 ], [ -122.168248739885314, 37.448047145977306 ], [ -122.16818033729669, 37.448091272586943 ], [ -122.168127810777051, 37.44812580545166 ], [ -122.168073723693482, 37.448156872794371 ], [ -122.168047809100543, 37.448173557476466 ], [ -122.168029161530328, 37.448190138874779 ], [ -122.168016273354297, 37.448200814809681 ], [ -122.16800106329282, 37.448206277806442 ], [ -122.167977083752319, 37.448212442201772 ], [ -122.167956673004625, 37.448213309039453 ], [ -122.167943528767509, 37.448214099644588 ], [ -122.167923135175883, 37.448217301263718 ], [ -122.167904288090895, 37.448223392706787 ], [ -122.167884898989698, 37.448237649588101 ], [ -122.167872799685838, 37.448251254038453 ], [ -122.167860660478482, 37.448263073760572 ], [ -122.167845594541987, 37.448274934169881 ], [ -122.16784137685751, 37.44828199919764 ], [ -122.167837275786226, 37.448294280565072 ], [ -122.167833387714509, 37.448317657287561 ], [ -122.167821176609223, 37.448358622206726 ], [ -122.167799447007994, 37.448399145608001 ], [ -122.167790318940703, 37.448416168468498 ], [ -122.167759727818137, 37.448453329204057 ], [ -122.167690032613493, 37.448569111841941 ], [ -122.167651708123131, 37.448651815949724 ], [ -122.167630883840957, 37.448700484191356 ], [ -122.167609074952765, 37.448737520102398 ], [ -122.167597814717425, 37.448756303560536 ], [ -122.167558716400137, 37.448836711535101 ], [ -122.16753927222706, 37.448882448345756 ], [ -122.167523957809706, 37.448947932335365 ], [ -122.167517182119056, 37.449003955787759 ], [ -122.167505823482216, 37.449019856767165 ], [ -122.167489980823888, 37.449029393131482 ], [ -122.16747477594069, 37.449036614240576 ], [ -122.167467578119087, 37.449041385660152 ], [ -122.167466235423731, 37.449046046859856 ], [ -122.167466574217428, 37.44906120487682 ], [ -122.16747103239922, 37.449097263771876 ], [ -122.167478261407481, 37.449126305245585 ], [ -122.167499109119817, 37.449177293221268 ], [ -122.167523589689509, 37.449225895450482 ], [ -122.167558434702812, 37.449281931385272 ], [ -122.167576361884088, 37.449314776260174 ], [ -122.167601461066099, 37.449344828224689 ], [ -122.167611676087134, 37.449359434067048 ], [ -122.167660222904075, 37.449411895764328 ], [ -122.167712718089504, 37.449466830130802 ], [ -122.167773030658211, 37.449532365156713 ], [ -122.167795691633671, 37.449568934118517 ], [ -122.167814240814721, 37.449609570979888 ], [ -122.167833681204115, 37.449651542480957 ], [ -122.167845017813278, 37.449707060743449 ], [ -122.167848326501698, 37.449742558285308 ], [ -122.167849843189174, 37.449773439167288 ], [ -122.167846780556076, 37.449824437908312 ], [ -122.167838639002198, 37.449874876172011 ], [ -122.167823014589459, 37.449928058601657 ], [ -122.16780321825506, 37.44998267285051 ], [ -122.167775097731408, 37.45003941146679 ], [ -122.167733879574257, 37.450114464886646 ], [ -122.167707640341462, 37.450164446529932 ], [ -122.167700891707256, 37.450200086975663 ], [ -122.167700162280298, 37.450243003866476 ], [ -122.167702507665723, 37.45030939049331 ], [ -122.167702890256578, 37.450365037372123 ], [ -122.167708212697008, 37.450432012544077 ], [ -122.167712480826935, 37.450510430918087 ], [ -122.167708937515016, 37.450539983217858 ], [ -122.167693921656024, 37.450601891487949 ], [ -122.167652481665101, 37.450665521602971 ], [ -122.167632101773378, 37.450693993746945 ], [ -122.167564065884676, 37.450754650107136 ], [ -122.167484130328887, 37.450825529360813 ], [ -122.167451306956252, 37.45086154022178 ], [ -122.167370272484064, 37.450941829199913 ], [ -122.167319785246065, 37.450976773382799 ], [ -122.167251028985362, 37.451005218890884 ], [ -122.167176536473249, 37.451019021897572 ], [ -122.167075819597201, 37.451026495946159 ], [ -122.167008485408815, 37.451021408787312 ], [ -122.16696848339366, 37.45099983693526 ], [ -122.166937180096809, 37.450972812687191 ], [ -122.166913115533077, 37.450949009283292 ], [ -122.166887588399959, 37.450935280523119 ], [ -122.166857122768164, 37.45092565930328 ], [ -122.166773726700413, 37.450918795824094 ], [ -122.166678365410419, 37.4509007019088 ], [ -122.166577675928139, 37.450889358819843 ], [ -122.16654228097677, 37.450885823074103 ], [ -122.166518501200159, 37.450874761333054 ], [ -122.16648518692817, 37.450851775895778 ], [ -122.166456830876982, 37.450823995019 ], [ -122.166433762559109, 37.450806220875791 ], [ -122.166397211096651, 37.450787951435103 ], [ -122.166384306155805, 37.450774729182683 ], [ -122.166346937534001, 37.450738396700174 ], [ -122.166336953480013, 37.450706344589982 ], [ -122.166322135210592, 37.450683069482793 ], [ -122.166289831825395, 37.450666771924382 ], [ -122.166265135930161, 37.450651684825964 ], [ -122.166228609344813, 37.450616000037563 ], [ -122.166170657773847, 37.450580590541755 ], [ -122.166098593870345, 37.450553457969136 ], [ -122.166045653901932, 37.450554209438934 ], [ -122.165993103334557, 37.450572398237924 ], [ -122.165934360606727, 37.450614133345184 ], [ -122.165872690723631, 37.450676044755113 ], [ -122.165835161413739, 37.450708083633153 ], [ -122.165815108979388, 37.450751302676586 ], [ -122.165797074051511, 37.450809243153039 ], [ -122.16575767990534, 37.450888940012511 ], [ -122.16568343657471, 37.451008027552099 ], [ -122.165610242843883, 37.451137126083168 ], [ -122.165557435915673, 37.451236461269332 ], [ -122.165525226224887, 37.451299958717719 ], [ -122.165485480513468, 37.451422566968184 ], [ -122.165475505445841, 37.451464983267435 ], [ -122.165456883218596, 37.451553752421475 ], [ -122.165449542678019, 37.451587642859188 ], [ -122.165435727410312, 37.451637090794144 ], [ -122.165430853414705, 37.451668804061164 ], [ -122.165423611035578, 37.451705522896226 ], [ -122.165418260694679, 37.451743698272608 ], [ -122.165405258376566, 37.451814120192189 ], [ -122.165391904751431, 37.451854881136676 ], [ -122.165365736560673, 37.451946779087471 ], [ -122.165350040798856, 37.45206325037632 ], [ -122.16533456815101, 37.452161917840343 ], [ -122.16532703639723, 37.452225834715925 ], [ -122.165324544118647, 37.452253091957417 ], [ -122.165317760533711, 37.452353614286594 ], [ -122.165311513592528, 37.452407130116654 ], [ -122.165310968528118, 37.452438315131118 ], [ -122.165311672581666, 37.452485249052096 ], [ -122.165303831719839, 37.452522964991537 ], [ -122.165281783193123, 37.452591044123707 ], [ -122.165269304941333, 37.452615476263944 ], [ -122.165267265771476, 37.452635282197626 ], [ -122.165253390772094, 37.45267432019876 ], [ -122.165238807134031, 37.452715593333302 ], [ -122.165215353276722, 37.452776274547666 ], [ -122.1651625685639, 37.452902913994016 ], [ -122.16513460405416, 37.452949814828109 ], [ -122.165108639030407, 37.45298136045156 ], [ -122.16507748372797, 37.453001085558903 ], [ -122.165043094288507, 37.453016406372363 ], [ -122.165002461752564, 37.453029866422895 ], [ -122.164951160785577, 37.453039301592334 ], [ -122.164951157709226, 37.453039163751228 ], [ -122.164896769469692, 37.453039935220879 ], [ -122.164846701933641, 37.453036662944861 ], [ -122.164791514951602, 37.453029451983696 ], [ -122.16473600760645, 37.453006313992795 ], [ -122.164680109246262, 37.452967222036705 ], [ -122.164593765436777, 37.452908591968573 ], [ -122.16455770199093, 37.452861252887622 ], [ -122.16450576471405, 37.452774226223248 ], [ -122.164448354463872, 37.452667307288486 ], [ -122.164370253507528, 37.45252879068871 ], [ -122.164318317810825, 37.452441763923069 ], [ -122.164287516143943, 37.452406299264631 ], [ -122.164256803321493, 37.452374815774874 ], [ -122.164221362723026, 37.452355375457884 ], [ -122.164171082379838, 37.452344112206994 ], [ -122.164115931630334, 37.452336928359735 ], [ -122.164055839779962, 37.452333796973896 ], [ -122.163995926707159, 37.452338629697259 ], [ -122.163946304336889, 37.45235529265269 ], [ -122.163901907700748, 37.452383857653615 ], [ -122.163857634253759, 37.45241637629055 ], [ -122.16378897812649, 37.452477204101804 ], [ -122.163730575825198, 37.452549835638898 ], [ -122.163696648435064, 37.452598194982315 ], [ -122.16368255405213, 37.452638279494089 ], [ -122.16368834821894, 37.452674098767723 ], [ -122.163699405451396, 37.452721820488534 ], [ -122.163731274408519, 37.45280514861696 ], [ -122.163768404767595, 37.4529003512679 ], [ -122.163807387078649, 37.452965861710325 ], [ -122.163824674355055, 37.453011763889492 ], [ -122.163830984029588, 37.453050570561281 ], [ -122.163819050395304, 37.453082466729263 ], [ -122.163767847663664, 37.453136508851891 ], [ -122.163719717721563, 37.453166033307319 ], [ -122.163662465072392, 37.453191347731888 ], [ -122.1635977545088, 37.453206658086067 ], [ -122.163543634658822, 37.453211765337599 ], [ -122.163514638429675, 37.453207836074199 ], [ -122.163432963412021, 37.453191715633913 ], [ -122.163387517036782, 37.453179366974027 ], [ -122.163309743730892, 37.453154346707372 ], [ -122.163118295739622, 37.453098165609639 ], [ -122.163018601119376, 37.453085157031019 ], [ -122.16293907330703, 37.453083399910632 ], [ -122.162871906668826, 37.453095229051151 ], [ -122.162771968377712, 37.453125350086957 ], [ -122.162708274822734, 37.453153886078603 ], [ -122.162673865045733, 37.453183737543114 ], [ -122.162660618628365, 37.453240291186773 ], [ -122.162674307305068, 37.453413865353198 ], [ -122.162743888160747, 37.453539702987477 ], [ -122.162855501734384, 37.453700957363303 ], [ -122.162862368646984, 37.453744700207224 ], [ -122.162855665906349, 37.453796464075992 ], [ -122.162842655605417, 37.453829528933312 ], [ -122.162819356924331, 37.453861722976939 ], [ -122.162624866949514, 37.454015391485243 ], [ -122.162513883854359, 37.454043223751242 ], [ -122.162449711663967, 37.454044132653515 ], [ -122.162384149578557, 37.45403055807941 ], [ -122.162308958238995, 37.454016267297177 ], [ -122.162216532792343, 37.45399708454562 ], [ -122.162074578246688, 37.453963248300283 ], [ -122.161962461369669, 37.453949480159125 ], [ -122.161881893739491, 37.453933562848718 ], [ -122.161771338354598, 37.45391721839718 ], [ -122.161626237232767, 37.453885980182605 ], [ -122.161474570408117, 37.453841485148935 ], [ -122.16137404010415, 37.453809560746379 ], [ -122.161243833020762, 37.453775584267248 ], [ -122.161155014363331, 37.453762091229947 ], [ -122.161114093929299, 37.453762670338591 ], [ -122.161071947215049, 37.453768540649527 ], [ -122.1610127636946, 37.453779898861171 ], [ -122.160964332020953, 37.453800609025812 ], [ -122.160915395411635, 37.453818798429751 ], [ -122.160834545174396, 37.453850542926546 ], [ -122.160748413423292, 37.453888075744942 ], [ -122.160680974354634, 37.453938748583262 ], [ -122.160652923002758, 37.453997379636945 ], [ -122.16064627249483, 37.454059278490483 ], [ -122.160642229855767, 37.454117568965025 ], [ -122.160645190457487, 37.454170075546251 ], [ -122.160661629789502, 37.454247634234029 ], [ -122.160670207867625, 37.454315690967917 ], [ -122.160683894445171, 37.454370187964741 ], [ -122.16070430543617, 37.454446591883915 ], [ -122.160709054035621, 37.454500500677462 ], [ -122.160705622223787, 37.454546010607828 ], [ -122.160693158133796, 37.454586648433022 ], [ -122.160673832921375, 37.454617824227576 ], [ -122.160654694189105, 37.454637268174267 ], [ -122.160636259997929, 37.454649615060148 ], [ -122.160608184351588, 37.454668471679177 ], [ -122.160578304316189, 37.454685238686004 ], [ -122.160546522926325, 37.454697032688252 ], [ -122.160516387687551, 37.454703859374106 ], [ -122.160429565856703, 37.454722832337595 ], [ -122.160309609735521, 37.454733044662603 ], [ -122.160210285960716, 37.454730576154155 ], [ -122.160126477506424, 37.454723932729038 ], [ -122.160052323213606, 37.45471292244509 ], [ -122.159995779144751, 37.454703586243944 ], [ -122.159988897596662, 37.454702448009513 ], [ -122.159865543454131, 37.45468076106188 ], [ -122.159790264186412, 37.454676496732887 ], [ -122.159732540738332, 37.454682284910213 ], [ -122.159640128960206, 37.454689991940249 ], [ -122.159557450526933, 37.454695418214044 ], [ -122.159485746707972, 37.454706238001464 ], [ -122.159286609917658, 37.454755228314276 ], [ -122.159229186935974, 37.454763703899111 ], [ -122.159183184010956, 37.454768172582725 ], [ -122.159129329980004, 37.454765115398381 ], [ -122.159074356965718, 37.454755152739622 ], [ -122.159026929665288, 37.454738984039615 ], [ -122.15899388331809, 37.454721816301053 ], [ -122.158953796017641, 37.454690189976176 ], [ -122.158912627125218, 37.454651710829637 ], [ -122.158892809774258, 37.454625153878553 ], [ -122.158870876204745, 37.454588682919834 ], [ -122.158854202597979, 37.454529942708184 ], [ -122.158842548484373, 37.454438169930263 ], [ -122.15883298302019, 37.454396909094868 ], [ -122.15881962813954, 37.454357268108531 ], [ -122.158810685964738, 37.45430067164439 ], [ -122.158806856229944, 37.454258588055595 ], [ -122.158801080067207, 37.454214225786309 ], [ -122.158795001478168, 37.454071006340364 ], [ -122.158779719012514, 37.453879599676867 ], [ -122.158769769430478, 37.453825736385376 ], [ -122.158752314824284, 37.453764398203411 ], [ -122.158698626646597, 37.453661847092924 ], [ -122.158675799411725, 37.453627009098263 ], [ -122.15866458232739, 37.453618378140931 ], [ -122.158656169208271, 37.453611903800066 ], [ -122.158639572299109, 37.453607744046522 ], [ -122.158628500597274, 37.453605702455746 ], [ -122.15859538435403, 37.453603973266667 ], [ -122.158554085408497, 37.453604556832424 ], [ -122.158501811317123, 37.453607492600632 ], [ -122.158435760377571, 37.453610623901916 ], [ -122.158364149161002, 37.453611635681852 ], [ -122.158338004970631, 37.453616647171195 ], [ -122.158314777832217, 37.453621122680012 ], [ -122.158237899337593, 37.453633196307848 ], [ -122.158172043671257, 37.453645114167706 ], [ -122.158122525834941, 37.453648011730394 ], [ -122.158086787107436, 37.453650713726439 ], [ -122.1580426968208, 37.453651336542627 ], [ -122.1580068593249, 37.453649645627117 ], [ -122.15795183116191, 37.453652620052083 ], [ -122.157910399503606, 37.453648810081987 ], [ -122.157888242367591, 37.45364253071628 ], [ -122.157846664261527, 37.453632130467859 ], [ -122.157830067372956, 37.453627969698957 ], [ -122.157796804686214, 37.453619650028635 ], [ -122.157771843591135, 37.453611212201061 ], [ -122.157755114039787, 37.453602658111997 ], [ -122.157724412375117, 37.453585511884654 ], [ -122.157693646991817, 37.45356397136603 ], [ -122.157660335522152, 37.453553454304327 ], [ -122.157646348497849, 37.453542664327685 ], [ -122.157637934365596, 37.453536190830675 ], [ -122.157618303266048, 37.453521085374753 ], [ -122.157595965835853, 37.453508215275427 ], [ -122.157582076457928, 37.453501819095578 ], [ -122.157554422878007, 37.453497814428594 ], [ -122.157532217013951, 37.453489338543783 ], [ -122.157482275463266, 37.453474688124551 ], [ -122.157454655821283, 37.453470683856267 ], [ -122.157349782138482, 37.453463374339719 ], [ -122.157303118255143, 37.453470625542352 ], [ -122.157253795699376, 37.453482309447232 ], [ -122.157215348959966, 37.453487220419092 ], [ -122.157152199590868, 37.45349690145494 ], [ -122.1571028919018, 37.453510783127975 ], [ -122.157075613832518, 37.453522155736387 ], [ -122.15705110578584, 37.453535686373918 ], [ -122.157029291462109, 37.453544784696987 ], [ -122.157007587352652, 37.453560473783583 ], [ -122.156991200599009, 37.453567297436678 ], [ -122.156977749270737, 37.453580671972453 ], [ -122.156967020332274, 37.453594008977049 ], [ -122.156967361876113, 37.453609385943203 ], [ -122.156964898375648, 37.45362260626743 ], [ -122.156965337531673, 37.453642377939488 ], [ -122.156990836413001, 37.45367498049859 ], [ -122.157064448385157, 37.453764038502605 ], [ -122.157087371379291, 37.453803270630985 ], [ -122.157102271771251, 37.453853602621017 ], [ -122.157111607921919, 37.453903161524067 ], [ -122.157116849404943, 37.453929759625083 ], [ -122.157120440996835, 37.453981267828205 ], [ -122.157123643095645, 37.454054070724055 ], [ -122.157113389338434, 37.454101269262658 ], [ -122.157102549890269, 37.454122050900438 ], [ -122.157088284953574, 37.454134476247575 ], [ -122.157075539994949, 37.454142402041256 ], [ -122.157053095930095, 37.454151097404939 ], [ -122.157007314402009, 37.454163994700323 ], [ -122.156921448567942, 37.454190340559983 ], [ -122.156829762481948, 37.454209022643838 ], [ -122.15670861252778, 37.454246140136256 ], [ -122.156539078935864, 37.454307782648939 ], [ -122.156438103916841, 37.454322503139061 ], [ -122.156318812740679, 37.454320752913134 ], [ -122.156275287477939, 37.45430804455777 ], [ -122.156191866476888, 37.45425205904737 ], [ -122.156077729812992, 37.454176756917363 ], [ -122.15608114649531, 37.454108695594527 ], [ -122.156066232407895, 37.454076355355205 ], [ -122.15601844459448, 37.454067168578774 ], [ -122.155829850286537, 37.454072631042607 ], [ -122.155784396766592, 37.454073931019209 ], [ -122.155658431012426, 37.454075707876846 ], [ -122.155642687086853, 37.454083593804668 ], [ -122.15561075598788, 37.45409956476383 ], [ -122.155550643165611, 37.454146724707243 ], [ -122.155530331550509, 37.454178573222734 ], [ -122.155518482766112, 37.454229996426818 ], [ -122.155519182976875, 37.45426154858464 ], [ -122.155539277502911, 37.454275796211554 ], [ -122.155540996270744, 37.454283407887281 ], [ -122.155543553507954, 37.454328750240762 ], [ -122.155489340377116, 37.454419722874611 ], [ -122.155440249900749, 37.454504002975661 ], [ -122.15541973267753, 37.454554559798098 ], [ -122.155413275423555, 37.454651753095213 ], [ -122.155397434359728, 37.45477325177594 ], [ -122.155414125989466, 37.454857784697211 ], [ -122.155457208867062, 37.454906483861777 ], [ -122.155565014616428, 37.454975942351922 ], [ -122.15565201070801, 37.454997404954817 ], [ -122.155738486770943, 37.455054364317633 ], [ -122.155860817549552, 37.455165040682061 ], [ -122.155920423925508, 37.45523320154043 ], [ -122.155959531148085, 37.455326291437814 ], [ -122.155970580539574, 37.455406508704314 ], [ -122.155960414573585, 37.45550424911751 ], [ -122.155937951233852, 37.455550906027341 ], [ -122.155876656682295, 37.455627171913207 ], [ -122.155808779045856, 37.455687791968899 ], [ -122.155643546384084, 37.455758657577832 ], [ -122.155599426051367, 37.455775046478045 ], [ -122.155512295198804, 37.455801903874864 ], [ -122.155458288551429, 37.455818433056244 ], [ -122.155385620286694, 37.45582931889011 ], [ -122.15507281894412, 37.455819913426424 ], [ -122.15496112393518, 37.455798826556382 ], [ -122.154746939528877, 37.455780146030818 ], [ -122.154634125922144, 37.455763002075109 ], [ -122.154534323233364, 37.455776248019035 ], [ -122.154484189596275, 37.455799616380773 ], [ -122.154411111026235, 37.455847975016304 ], [ -122.154366056961365, 37.455878193893 ], [ -122.154302862804911, 37.4559263861114 ], [ -122.154244674252652, 37.455976512933333 ], [ -122.154211591271718, 37.456008952136081 ], [ -122.154204712150204, 37.456015724310554 ], [ -122.154192672866131, 37.456027513217883 ], [ -122.15409514039014, 37.456143212784525 ], [ -122.15405560095094, 37.456207662721319 ], [ -122.154035841859496, 37.456238073858358 ], [ -122.154023117606116, 37.45625160361498 ], [ -122.154007304252829, 37.456264187374629 ], [ -122.153978181731674, 37.456290281188075 ], [ -122.153959376365336, 37.45630930656047 ], [ -122.153886592244092, 37.456378784963405 ], [ -122.153861588595575, 37.456396442204934 ], [ -122.153813327965992, 37.456425030698497 ], [ -122.153778958724047, 37.456439854007755 ], [ -122.153723212087755, 37.456494505353028 ], [ -122.153719633078936, 37.456497824447602 ], [ -122.153540097928527, 37.456652668195339 ], [ -122.153401202906764, 37.456772465413785 ], [ -122.153321458676345, 37.456806194241558 ], [ -122.153232371337637, 37.456867743236927 ], [ -122.153138228395989, 37.456923429826304 ], [ -122.153026920184274, 37.456988258370373 ], [ -122.152938556259542, 37.457054466092579 ], [ -122.152897437285347, 37.457099023022053 ], [ -122.152864668708702, 37.457130138936563 ], [ -122.152851943473721, 37.457170120750568 ], [ -122.152855467782544, 37.457245198298551 ], [ -122.152843887540129, 37.457282417114875 ], [ -122.152812839352364, 37.457363172406623 ], [ -122.15280209245239, 37.457436473654582 ], [ -122.152754128967814, 37.457565620297018 ], [ -122.152744447646043, 37.457630994853545 ], [ -122.152709162360253, 37.457716507752181 ], [ -122.15268627495702, 37.457745727137791 ], [ -122.152651738037719, 37.457760826430906 ], [ -122.152611867934567, 37.457777786986561 ], [ -122.152578495881372, 37.457784794158457 ], [ -122.152550760103708, 37.457786476057372 ], [ -122.152513143082487, 37.457787005629626 ], [ -122.152425553501246, 37.457782387143709 ], [ -122.152397716740055, 37.457779510330006 ], [ -122.152360796835836, 37.457774152380416 ], [ -122.152336197937601, 37.45777122907306 ], [ -122.152299264053028, 37.457765239556252 ], [ -122.152259904939626, 37.457758623581377 ], [ -122.152241823317766, 37.45775431889453 ], [ -122.152226200178191, 37.457750610444435 ], [ -122.152209722326702, 37.45774562349682 ], [ -122.152194056009648, 37.457739965442386 ], [ -122.152180015658288, 37.457732993974695 ], [ -122.152163451433495, 37.457724106919549 ], [ -122.152142662739379, 37.457708083197645 ], [ -122.152114320620498, 37.457682386806333 ], [ -122.152072295450338, 37.457614498409527 ], [ -122.152056099047428, 37.457547537914301 ], [ -122.152051570316814, 37.457490878901943 ], [ -122.152047998389506, 37.457440057046703 ], [ -122.152037188505574, 37.457358021982621 ], [ -122.152031915583166, 37.457342439556712 ], [ -122.152019132434759, 37.457319133157661 ], [ -122.151993856791208, 37.457285592751049 ], [ -122.151942043797007, 37.45723479012176 ], [ -122.151854317523899, 37.457149278271068 ], [ -122.151830106739311, 37.457128083774414 ], [ -122.151791942711213, 37.457103843986609 ], [ -122.151765565873447, 37.457093776495419 ], [ -122.151749987813474, 37.45709204549479 ], [ -122.151727926479523, 37.457091697147099 ], [ -122.151701791705932, 37.457094042137733 ], [ -122.151681450797128, 37.457098229670642 ], [ -122.151644942045721, 37.457109840814233 ], [ -122.151618316682629, 37.457125872080432 ], [ -122.151572157189136, 37.457146738283527 ], [ -122.151547011938902, 37.457154920841056 ], [ -122.151502607858291, 37.457180322415489 ], [ -122.151436411819788, 37.457219078206791 ], [ -122.151342725691848, 37.457270609557469 ], [ -122.151298118536403, 37.457286894616026 ], [ -122.151269716025624, 37.457295781715558 ], [ -122.151228223069481, 37.457304852951822 ], [ -122.151182659653273, 37.457315272857564 ], [ -122.151150084632533, 37.457320949950322 ], [ -122.151103579583037, 37.457326164192565 ], [ -122.151068458043412, 37.457327317885827 ], [ -122.151018583926827, 37.45732670092238 ], [ -122.150984980966172, 37.457323272233417 ], [ -122.150933339118225, 37.457317461219176 ], [ -122.150861966648918, 37.457306077050319 ], [ -122.150595178541451, 37.457257005595174 ], [ -122.150489131705257, 37.457231110921896 ], [ -122.150338207388117, 37.457198402260417 ], [ -122.150275705554179, 37.457192358828799 ], [ -122.150240226808677, 37.457189780901793 ], [ -122.150256177796521, 37.457116489669879 ], [ -122.150309953374816, 37.45693367134011 ], [ -122.150433001913797, 37.457003798877707 ], [ -122.150450400476927, 37.457008361274788 ], [ -122.150459102542939, 37.457010793835671 ], [ -122.150467738017156, 37.457013282305738 ], [ -122.150476374773831, 37.457015879802903 ], [ -122.150484945556613, 37.4570185611379 ], [ -122.15049351704377, 37.457021325373262 ], [ -122.150501986884976, 37.457024145109486 ], [ -122.150510460288928, 37.457027074742044 ], [ -122.150518865458821, 37.457030088244267 ], [ -122.150527236811158, 37.4570331571949 ], [ -122.150535542767855, 37.457036336110299 ], [ -122.150543814926834, 37.457039571375049 ], [ -122.150552021690316, 37.457042916604529 ], [ -122.150560194656109, 37.457046318183401 ], [ -122.150568299368146, 37.457049802731113 ], [ -122.150576373120941, 37.457053369723248 ], [ -122.150584378639905, 37.457057020585147 ], [ -122.150592317547435, 37.457060726455452 ], [ -122.150600188839093, 37.457064544124258 ], [ -122.150608027443397, 37.457068417225663 ], [ -122.150615798924122, 37.45707237328007 ], [ -122.150623502683288, 37.457076385259796 ], [ -122.150629604963669, 37.457079650129948 ], [ -122.150638273863052, 37.45708364853693 ], [ -122.150643073418308, 37.457085669137264 ], [ -122.1506479061741, 37.457087606359643 ], [ -122.15065277100021, 37.457089460220033 ], [ -122.150657738005208, 37.457091231534896 ], [ -122.150662736462479, 37.457092891559078 ], [ -122.150667767010049, 37.457094469122133 ], [ -122.15067283129018, 37.457095936263642 ], [ -122.150677961544702, 37.457097319566309 ], [ -122.150683123291373, 37.457098593380117 ], [ -122.150688353272784, 37.457099783323301 ], [ -122.150693580290124, 37.457100890397108 ], [ -122.15069883992966, 37.457101887966111 ], [ -122.150704131041337, 37.45710277514533 ], [ -122.150709455353308, 37.457103578946601 ], [ -122.1507147772531, 37.457104273735723 ], [ -122.150720165639399, 37.457104856741431 ], [ -122.150725518307368, 37.457105358239538 ], [ -122.150730902447322, 37.457105749347818 ], [ -122.150736318677318, 37.457106057994935 ], [ -122.150741732475069, 37.457106256729013 ], [ -122.150741905386397, 37.457106254297372 ], [ -122.151213368036764, 37.457106985174569 ], [ -122.151223821062317, 37.457105986493843 ], [ -122.151229182111578, 37.457105334308778 ], [ -122.151234506291814, 37.457104599731267 ], [ -122.151239793536433, 37.457103728689894 ], [ -122.151245078966141, 37.45710277566414 ], [ -122.151250326908496, 37.457101712317318 ], [ -122.151255538533405, 37.457100540435356 ], [ -122.151260714439218, 37.457099287045921 ], [ -122.151265852857591, 37.45709792333539 ], [ -122.151270919924144, 37.457096451582636 ], [ -122.151275985155735, 37.457094896944533 ], [ -122.151280979015652, 37.457093233363281 ], [ -122.151285902121941, 37.457091488767475 ], [ -122.151287064942224, 37.457091059657543 ], [ -122.151641333202832, 37.456943732811538 ], [ -122.151885448244514, 37.456938402486209 ], [ -122.152139921263682, 37.457014864339577 ], [ -122.15223886943572, 37.457028277521516 ], [ -122.152634120292944, 37.456965605873094 ], [ -122.152980775678444, 37.45680917991217 ], [ -122.152989716945285, 37.456805262630134 ], [ -122.152994319375765, 37.456803027715893 ], [ -122.152998849833381, 37.456800656831739 ], [ -122.153003273882675, 37.456798177498847 ], [ -122.153007627688112, 37.456795589207942 ], [ -122.153011840650024, 37.456792919989375 ], [ -122.153015982769105, 37.456790114785058 ], [ -122.153019984064628, 37.456787229554038 ], [ -122.153023881192226, 37.45678423494158 ], [ -122.153027671400281, 37.45678115982497 ], [ -122.153029497542192, 37.456779596652233 ], [ -122.153378156640159, 37.456422920473265 ], [ -122.153673381424767, 37.45614915529675 ], [ -122.153907600488481, 37.455898086944906 ], [ -122.154138157120457, 37.455736727949201 ], [ -122.154703308638744, 37.455438059614309 ], [ -122.154750244998951, 37.455416576489121 ], [ -122.154793823563878, 37.455400635333355 ], [ -122.154892020052529, 37.45536469511292 ], [ -122.155293660159458, 37.455217731817925 ], [ -122.155300659553234, 37.455214859200659 ], [ -122.155305331972556, 37.45521267817972 ], [ -122.155309897362898, 37.455210360783418 ], [ -122.155314356894266, 37.455207908797718 ], [ -122.155318675473268, 37.455205320013917 ], [ -122.155322853159959, 37.455202597134701 ], [ -122.155326924327937, 37.455199709935691 ], [ -122.155330820789629, 37.455196744091779 ], [ -122.155334576298955, 37.455193641449746 ], [ -122.155338157012636, 37.455190405190557 ], [ -122.155341597993427, 37.455187087089747 ], [ -122.155344863048413, 37.455183635387691 ], [ -122.15534795561743, 37.45518010320707 ], [ -122.155350871710283, 37.455176463568037 ], [ -122.155353615337191, 37.455172744351415 ], [ -122.155356148564721, 37.45516891725353 ], [ -122.155358508815951, 37.455165038522672 ], [ -122.155360661567826, 37.455161080708343 ], [ -122.155362605139928, 37.455157069969175 ], [ -122.155364375116065, 37.455152979668334 ], [ -122.15536593766231, 37.455148864355493 ], [ -122.155367291579239, 37.45514466997507 ], [ -122.15536840418315, 37.455140451961618 ], [ -122.155369343260517, 37.455136208457937 ], [ -122.155370076058276, 37.455131940827201 ], [ -122.155370566393046, 37.455127648678491 ], [ -122.155370849298095, 37.45512333151764 ], [ -122.155370899362339, 37.455122480073307 ], [ -122.155332497472841, 37.455000564888103 ], [ -122.155247272576972, 37.454883459135203 ], [ -122.155242070044366, 37.454875758698066 ], [ -122.155239574232667, 37.454871948447845 ], [ -122.155237180041354, 37.454868081791005 ], [ -122.155234819133767, 37.454864186727363 ], [ -122.155232527162752, 37.454860290691542 ], [ -122.155230304059046, 37.454856339612228 ], [ -122.155228148741813, 37.454852386675789 ], [ -122.155226061761496, 37.454848405739462 ], [ -122.15522404309813, 37.454844395902363 ], [ -122.155222093391231, 37.454840385994039 ], [ -122.15522021200124, 37.454836347184916 ], [ -122.155218365024993, 37.454832279953123 ], [ -122.155216620288712, 37.454828184243375 ], [ -122.155214944488904, 37.454824087561526 ], [ -122.155213336495592, 37.454819989923507 ], [ -122.155211763446331, 37.45481583681913 ], [ -122.155210293856413, 37.454811710193155 ], [ -122.155208890833464, 37.454807526753768 ], [ -122.155207557897086, 37.454803343227219 ], [ -122.155206293877256, 37.454799157827622 ], [ -122.155205063160906, 37.454794944922256 ], [ -122.155203935304115, 37.454790731467611 ], [ -122.155202876874185, 37.454786488195374 ], [ -122.155201888000377, 37.454782271879637 ], [ -122.155201233231693, 37.454779204396068 ], [ -122.155174589609203, 37.454558291715557 ], [ -122.15517398092706, 37.454549454963363 ], [ -122.155173816341801, 37.454545145014293 ], [ -122.15517378900914, 37.454540805192387 ], [ -122.155173831232148, 37.454536492327051 ], [ -122.155174010796898, 37.454532204561247 ], [ -122.155174259828129, 37.454527888779673 ], [ -122.155174611678305, 37.454523570647041 ], [ -122.155175103150412, 37.454519278482969 ], [ -122.155175662428363, 37.454514985362735 ], [ -122.155176325164973, 37.454510718721025 ], [ -122.155177126903695, 37.454506450119183 ], [ -122.155177996428293, 37.45450217966026 ], [ -122.155178970541527, 37.454497935663923 ], [ -122.155180048113351, 37.454493718146047 ], [ -122.155180878476514, 37.454490739667285 ], [ -122.155338928765502, 37.454127378740793 ], [ -122.155484656142491, 37.453949357649606 ], [ -122.155509044402635, 37.453925775181538 ], [ -122.155586996319911, 37.453831638816204 ], [ -122.156108493917074, 37.453917318955753 ], [ -122.156383448843656, 37.453962141315749 ], [ -122.156532824587032, 37.453911331219125 ], [ -122.156537859040085, 37.453905299591398 ], [ -122.156540602561009, 37.453901580346646 ], [ -122.156543205840364, 37.453897807206275 ], [ -122.15654560102243, 37.453893927956734 ], [ -122.156547855982879, 37.453889995712515 ], [ -122.156549904046486, 37.453886011414596 ], [ -122.156551777985854, 37.453881974600506 ], [ -122.156553444408189, 37.453877857804116 ], [ -122.156554937326533, 37.453873716420148 ], [ -122.156556257250799, 37.45386952250405 ], [ -122.156557334735652, 37.453865304973327 ], [ -122.15655827372936, 37.453861061459747 ], [ -122.156558671159587, 37.453858748763082 ], [ -122.156575030187767, 37.453717245714323 ], [ -122.156615579483358, 37.453547849577191 ], [ -122.156690526714812, 37.453431752810374 ], [ -122.156698474270456, 37.453423482016717 ], [ -122.15670282323876, 37.453419163335894 ], [ -122.156707206709257, 37.45341487120406 ], [ -122.156711661464769, 37.453410633039525 ], [ -122.15671618524523, 37.453406448874162 ], [ -122.156720744657889, 37.453402291241829 ], [ -122.15672540814802, 37.453398188015107 ], [ -122.156730107270448, 37.453394111321415 ], [ -122.156734876547787, 37.453390088610917 ], [ -122.156739714830039, 37.453386118998594 ], [ -122.156744589384729, 37.453382204748863 ], [ -122.156749568506754, 37.453378316059187 ], [ -122.156754583371409, 37.453374509775735 ], [ -122.156759632738272, 37.453370730041264 ], [ -122.15676475341013, 37.453367005174897 ], [ -122.156769942466653, 37.453363305478028 ], [ -122.156775203428481, 37.453359687676944 ], [ -122.156780499512777, 37.453356124353448 ], [ -122.156785830119219, 37.453352588479788 ], [ -122.156791230860662, 37.453349105688311 ], [ -122.156796703507382, 37.453345704792596 ], [ -122.156802209546257, 37.453342331362627 ], [ -122.156807752947756, 37.453339011477446 ], [ -122.156813365994452, 37.453335773519861 ], [ -122.156819048575855, 37.453332561616669 ], [ -122.156824732377316, 37.453329404669581 ], [ -122.156830486954036, 37.453326329634159 ], [ -122.156836311065462, 37.45332328065308 ], [ -122.156842138147383, 37.45332031454074 ], [ -122.156848034234258, 37.453317401526462 ], [ -122.156854000496125, 37.453314543396068 ], [ -122.156859967357846, 37.453311712293164 ], [ -122.156866005595219, 37.453308990129486 ], [ -122.156872044432376, 37.45330629499324 ], [ -122.156878153424643, 37.453303653839953 ], [ -122.156884298159781, 37.453301095092804 ], [ -122.156890479147563, 37.453298590807137 ], [ -122.156896730290413, 37.453296140504406 ], [ -122.156902982633468, 37.453293744256769 ], [ -122.156909270719424, 37.453291430415213 ], [ -122.156915595058138, 37.453289171035124 ], [ -122.156921988421871, 37.453286965653945 ], [ -122.156928384135938, 37.453284815212754 ], [ -122.156934815593019, 37.453282747177639 ], [ -122.156941249380424, 37.453280733181678 ], [ -122.156947752212915, 37.453278774085462 ], [ -122.156954291278225, 37.45327686854975 ], [ -122.156960831054079, 37.453275045914623 ], [ -122.156967407683041, 37.453273304768615 ], [ -122.156974019964522, 37.45327159105635 ], [ -122.156980634066713, 37.453269959327834 ], [ -122.156987317194023, 37.453268381598036 ], [ -122.156993969369765, 37.45326688631458 ], [ -122.157000690590735, 37.453265445930832 ], [ -122.157007413632442, 37.453264087530769 ], [ -122.157010534536838, 37.453263466700925 ], [ -122.157349785222095, 37.453193630635106 ], [ -122.157685327228464, 37.453248471981944 ], [ -122.157691595461728, 37.453252998534701 ], [ -122.157695654355294, 37.453255825071949 ], [ -122.157699816015395, 37.453258596085313 ], [ -122.157704045898925, 37.45326128322403 ], [ -122.157708307934413, 37.45326394197113 ], [ -122.157712638213454, 37.453266517744495 ], [ -122.157717035076317, 37.453269037603725 ], [ -122.157721465770734, 37.453271502912649 ], [ -122.157725964159141, 37.453273911390532 ], [ -122.157730529640872, 37.4532762360097 ], [ -122.157735127223475, 37.453278479066761 ], [ -122.157739794250716, 37.453280693205457 ], [ -122.157744492208693, 37.453282823996147 ], [ -122.157749258410064, 37.453284871813068 ], [ -122.157754057292863, 37.453286864194595 ], [ -122.157758889987193, 37.453288801124835 ], [ -122.157763789794799, 37.453290655097241 ], [ -122.15776872166316, 37.453292425705627 ], [ -122.157773687343038, 37.453294140862695 ], [ -122.157778685103665, 37.453295773556711 ], [ -122.157783715545662, 37.453297350815305 ], [ -122.157788814210946, 37.453298844199161 ], [ -122.157793911054583, 37.453300255598734 ], [ -122.1577990744819, 37.453301611084065 ], [ -122.157804237197624, 37.453302883668279 ], [ -122.157809431993996, 37.45330407378939 ], [ -122.157814659491748, 37.453305209376026 ], [ -122.157819886257755, 37.453306261160499 ], [ -122.157825179026844, 37.453307230904052 ], [ -122.157830469934083, 37.453308116861379 ], [ -122.157835794672678, 37.453308948268301 ], [ -122.157841117589456, 37.453309697690912 ], [ -122.157846438664407, 37.453310364228329 ], [ -122.157851826832342, 37.453310946906861 ], [ -122.157857179276064, 37.453311448079972 ], [ -122.157862563270839, 37.453311893833572 ], [ -122.157867981606287, 37.453312257092165 ], [ -122.157873363067282, 37.453312537960286 ], [ -122.157878776608825, 37.453312736365305 ], [ -122.157884188308316, 37.453312851885109 ], [ -122.157889599936638, 37.453312913333264 ], [ -122.157895008592902, 37.453312891912176 ], [ -122.157900415936524, 37.453312760562191 ], [ -122.157905821529354, 37.453312601299281 ], [ -122.157908781027473, 37.453312449550218 ], [ -122.158309242660053, 37.453337997656 ], [ -122.158462919907393, 37.453389362563499 ], [ -122.158628891590809, 37.453418744345832 ], [ -122.158926473655981, 37.453625801544014 ], [ -122.159013876798369, 37.453876290330882 ], [ -122.159124553523085, 37.454475991152101 ], [ -122.159364822288666, 37.454576922030284 ], [ -122.159646335317333, 37.454467186297364 ], [ -122.159993520017267, 37.454470435476637 ], [ -122.160256753142988, 37.454585954748033 ], [ -122.160262727851645, 37.454588150292004 ], [ -122.160267793373379, 37.45458967197618 ], [ -122.160272989521744, 37.454590916944461 ], [ -122.160278249092357, 37.454591913183542 ], [ -122.160283569772005, 37.454592607555021 ], [ -122.160288955003864, 37.454593053181348 ], [ -122.160294368551689, 37.45459319650265 ], [ -122.160299775455286, 37.454593092085801 ], [ -122.160305175641724, 37.454592685859517 ], [ -122.160310501926475, 37.454592006711465 ], [ -122.160315787062416, 37.454591053277134 ], [ -122.160320962714849, 37.454589853559419 ], [ -122.160326063843911, 37.454588352991316 ], [ -122.160331021077965, 37.454586634563952 ], [ -122.160335800949454, 37.454584616740931 ], [ -122.160337914933237, 37.454583653188294 ], [ -122.160494610015945, 37.454491750319988 ], [ -122.160500586490897, 37.45448625492849 ], [ -122.160503572972971, 37.454482641197743 ], [ -122.160506106554664, 37.454478842818091 ], [ -122.160508188305869, 37.454474857070785 ], [ -122.160509785607275, 37.454470742094514 ], [ -122.160510862255691, 37.454466496599096 ], [ -122.160511421847858, 37.454462231382074 ], [ -122.160511463742267, 37.454457917613865 ], [ -122.160511024235305, 37.45445361155712 ], [ -122.160510946736409, 37.454453227838165 ], [ -122.160399146573525, 37.454075987122437 ], [ -122.160397497748562, 37.454066918171243 ], [ -122.160396919229228, 37.454062613179246 ], [ -122.160396445299966, 37.454058334645161 ], [ -122.160396073607473, 37.454054027628644 ], [ -122.160395805883368, 37.454049719141437 ], [ -122.160395674880291, 37.454045407819009 ], [ -122.160395613962876, 37.45404109640635 ], [ -122.160395689786512, 37.454036783059401 ], [ -122.1603958695584, 37.454032467340824 ], [ -122.160396152188568, 37.454028151068428 ], [ -122.160396539388657, 37.454023860353061 ], [ -122.160397063329626, 37.454019567703341 ], [ -122.160397691238884, 37.454015273582961 ], [ -122.160398423738059, 37.454011005920464 ], [ -122.160399259055254, 37.45400673590229 ], [ -122.160400197832217, 37.454002492357994 ], [ -122.1604012405774, 37.453998247343002 ], [ -122.160402422436718, 37.453994056234926 ], [ -122.160403672589737, 37.453989835322169 ], [ -122.160405060726688, 37.453985668332315 ], [ -122.160405157355839, 37.453985337123719 ], [ -122.160467498232592, 37.453855735880012 ], [ -122.16052526342186, 37.453771358803706 ], [ -122.16052934833121, 37.453766054188932 ], [ -122.160532369307361, 37.453762467906259 ], [ -122.160535496096117, 37.453758963037608 ], [ -122.160538796482626, 37.453755537722785 ], [ -122.160542201531641, 37.453752192937046 ], [ -122.160545747425928, 37.453748929069661 ], [ -122.16054939798272, 37.453745745731318 ], [ -122.160553187726293, 37.453742670371007 ], [ -122.160557118315083, 37.453739675929022 ], [ -122.160561120285465, 37.453736790424308 ], [ -122.160565261422548, 37.453734011996616 ], [ -122.160569508993902, 37.453731342911475 ], [ -122.160573827305086, 37.453728753934016 ], [ -122.160578286574932, 37.453726301748091 ], [ -122.160582816584565, 37.453723929669785 ], [ -122.160587452500124, 37.453721693977656 ], [ -122.160592160927379, 37.45371956720674 ], [ -122.160596940227862, 37.453717577317533 ], [ -122.160601824792579, 37.453715694984979 ], [ -122.160606747966455, 37.453713922053169 ], [ -122.160611742013643, 37.453712286003189 ], [ -122.160616807422457, 37.453710757989349 ], [ -122.160621944834759, 37.453709366841295 ], [ -122.160624616990262, 37.453708697290374 ], [ -122.160830321348371, 37.45366082114387 ], [ -122.161165872706761, 37.453579709013859 ], [ -122.161477039195674, 37.453567091258456 ], [ -122.162475951448855, 37.453851671415357 ], [ -122.162600091173843, 37.45388702390877 ], [ -122.162580259260451, 37.453825828970999 ], [ -122.162396535563701, 37.453299902909897 ], [ -122.16237923604352, 37.453250320176309 ], [ -122.162444400795053, 37.453114662266024 ], [ -122.162847251834307, 37.452888765686978 ], [ -122.163304247293254, 37.452857684957429 ], [ -122.1633033731745, 37.452857773045764 ], [ -122.163304370330579, 37.452857676905474 ] ], [ [ -122.166228201620527, 37.443197648689647 ], [ -122.165339591168561, 37.44263679362453 ], [ -122.165337684866515, 37.442647094450891 ], [ -122.165336711485764, 37.442651338535441 ], [ -122.16533559963159, 37.442655556647452 ], [ -122.165334418872447, 37.442659776638415 ], [ -122.165333065118929, 37.442663943209254 ], [ -122.165331642460416, 37.442668111659032 ], [ -122.165330116355847, 37.442672253639181 ], [ -122.165328450044584, 37.442676342635174 ], [ -122.165326680910624, 37.442680433090125 ], [ -122.165324807727302, 37.442684470047823 ], [ -122.165322829967991, 37.442688480551944 ], [ -122.165320748802728, 37.442692466388273 ], [ -122.165318563041325, 37.442696424870149 ], [ -122.165316239353118, 37.442700331236566 ], [ -122.165314142941, 37.44270368464084 ], [ -122.165280754552072, 37.44276055242706 ], [ -122.165214482126146, 37.442849035261638 ], [ -122.165206755859231, 37.442856341938814 ], [ -122.165203421668238, 37.442859740841051 ], [ -122.165200156478591, 37.442863192836654 ], [ -122.165196995864662, 37.442866671285806 ], [ -122.165193906025507, 37.442870231641834 ], [ -122.165190920215224, 37.44287384459426 ], [ -122.165188038980759, 37.442877484000256 ], [ -122.165185261795301, 37.442881176903541 ], [ -122.165182589788813, 37.442884923288162 ], [ -122.165179986803892, 37.442888723667096 ], [ -122.165177523402178, 37.4428925491017 ], [ -122.165175129022018, 37.442896428530666 ], [ -122.165172839217703, 37.442900334413267 ], [ -122.165170688469914, 37.442904292395276 ], [ -122.165168607270388, 37.442908277327959 ], [ -122.165166629516861, 37.442912288730284 ], [ -122.165164790840009, 37.442916353133036 ], [ -122.165163021068082, 37.442920415656864 ], [ -122.165161390393024, 37.442924532081975 ], [ -122.165159829246178, 37.442928674556853 ], [ -122.16515840655282, 37.442932842103538 ], [ -122.165157086702266, 37.442937009092226 ], [ -122.165155905908463, 37.442941228180381 ], [ -122.165154795189821, 37.442945447175482 ], [ -122.165153821794746, 37.442949691258413 ], [ -122.165152951825689, 37.442953960910138 ], [ -122.165152185809376, 37.442958229086969 ], [ -122.165151557663563, 37.442962496208786 ], [ -122.165151034073759, 37.442966788883425 ], [ -122.165150612780039, 37.442971107142853 ], [ -122.165150295965873, 37.442975396883682 ], [ -122.165150116475488, 37.442979711712319 ], [ -122.16515003982812, 37.442984025982994 ], [ -122.165150102141112, 37.442988337380889 ], [ -122.165150232249488, 37.442992647816816 ], [ -122.165150501358454, 37.442996957181791 ], [ -122.165150873270292, 37.443001264186989 ], [ -122.165151381902831, 37.443005569252279 ], [ -122.165151995015108, 37.443009845798962 ], [ -122.165152709820447, 37.44301412090276 ], [ -122.165153528578799, 37.443018394531649 ], [ -122.165154484584662, 37.443022639176945 ], [ -122.165155543920235, 37.44302685441869 ], [ -122.16515670605888, 37.443031067300616 ], [ -122.165158004938405, 37.443035279143636 ], [ -122.165159372646812, 37.443039435036347 ], [ -122.165160878206066, 37.443043588973133 ], [ -122.165162485985277, 37.443047714423329 ], [ -122.165164230368745, 37.443051782060344 ], [ -122.165166043697823, 37.443055849620343 ], [ -122.165167994254432, 37.443059887295782 ], [ -122.165170012510089, 37.443063869036955 ], [ -122.165172168616621, 37.443067848822189 ], [ -122.165174426319979, 37.443071772192191 ], [ -122.165176751722385, 37.443075639627885 ], [ -122.165179214995803, 37.443079506008509 ], [ -122.165181780352569, 37.443083287128324 ], [ -122.165184413525111, 37.44308706818709 ], [ -122.165187183828749, 37.443090764388892 ], [ -122.165190021324847, 37.443094432601029 ], [ -122.16519296154776, 37.44309804438182 ], [ -122.165196003970678, 37.443101626775004 ], [ -122.165199148517232, 37.44310512570916 ], [ -122.165202395283885, 37.443108596156605 ], [ -122.165205709729619, 37.443112009768733 ], [ -122.16520912692225, 37.443115367850417 ], [ -122.165212610060721, 37.443118642085174 ], [ -122.165216196529272, 37.443121886916188 ], [ -122.165219850113857, 37.443125049686103 ], [ -122.165223606405121, 37.443128155123659 ], [ -122.165227429265613, 37.443131204642803 ], [ -122.165231354852892, 37.443134197730565 ], [ -122.165235347536097, 37.443137107856188 ], [ -122.165239406788558, 37.443139962063448 ], [ -122.165243534246699, 37.443142732391607 ], [ -122.165247763321872, 37.443145447205254 ], [ -122.165252024445124, 37.443148078652861 ], [ -122.165256389425139, 37.443150653652957 ], [ -122.165258867077412, 37.443152074849678 ], [ -122.165579381649977, 37.443356536610928 ], [ -122.165586006597422, 37.443360096088767 ], [ -122.165590872652984, 37.443361977244685 ], [ -122.165596002863282, 37.443363387825499 ], [ -122.165601260506833, 37.443364329771633 ], [ -122.165606644356657, 37.443364748126683 ], [ -122.165612051666116, 37.443364698421412 ], [ -122.165617413432528, 37.443364127562575 ], [ -122.165622660847333, 37.443363092401633 ], [ -122.165627724847667, 37.44336153714265 ], [ -122.165632504460234, 37.443359546129948 ], [ -122.165636998048697, 37.443357147324114 ], [ -122.165641068288366, 37.443354315637968 ], [ -122.165644753770479, 37.443351159570128 ], [ -122.165646000110883, 37.443349877486 ], [ -122.165652601875877, 37.44334470277721 ], [ -122.165656990185553, 37.443342195517346 ], [ -122.165661732938119, 37.443340123016561 ], [ -122.165666725556648, 37.443338458821543 ], [ -122.165671935993828, 37.443337286298316 ], [ -122.16567725967289, 37.443336578993595 ], [ -122.16568266442944, 37.443336364400089 ], [ -122.165688079118311, 37.443336645330042 ], [ -122.165693401382484, 37.443337393496257 ], [ -122.165698562939951, 37.443338638706599 ], [ -122.165703527009754, 37.443340353545544 ], [ -122.1657082257193, 37.443342484904072 ], [ -122.165709410424085, 37.443343099836611 ], [ -122.165939583547754, 37.443488356414349 ], [ -122.166228201620527, 37.443197648689647 ] ], [ [ -122.161770928075683, 37.441140881754627 ], [ -122.164264256691169, 37.44271467718459 ], [ -122.16456820216267, 37.442247652905905 ], [ -122.16457817004293, 37.442245121521367 ], [ -122.164583272091633, 37.442243703651819 ], [ -122.164588336640605, 37.442242175465232 ], [ -122.164593364956133, 37.442240593719895 ], [ -122.164598358051833, 37.442238902526462 ], [ -122.164603279243636, 37.442237129441523 ], [ -122.164608163578862, 37.442235274869162 ], [ -122.164613013297213, 37.442233337876488 ], [ -122.164617791131704, 37.442231319893217 ], [ -122.164622498192131, 37.44222922000246 ], [ -122.164626317739447, 37.442227463443437 ], [ -122.164678735207076, 37.442192767818526 ], [ -122.16480561962895, 37.442067825048547 ], [ -122.16353738665525, 37.440652318231535 ], [ -122.163204866143317, 37.440307214676238 ], [ -122.163130920272835, 37.440204485806895 ], [ -122.16289732063143, 37.440000625435907 ], [ -122.162714603697168, 37.440133719192005 ], [ -122.162562070562373, 37.4401759298906 ], [ -122.162548473874438, 37.440164063446048 ], [ -122.162467637249904, 37.440186441971001 ], [ -122.162642949843701, 37.440339432078751 ], [ -122.162022962836048, 37.440520635911973 ], [ -122.161455338401851, 37.440687938390703 ], [ -122.161426533508219, 37.440757348068523 ], [ -122.161770928075683, 37.441140881754627 ] ], [ [ -122.158658261920834, 37.439699976194582 ], [ -122.159122990540013, 37.439991471446042 ], [ -122.160376422289744, 37.439643925690191 ], [ -122.160212417146212, 37.43926657164932 ], [ -122.160386088638603, 37.43921914793097 ], [ -122.16055178634754, 37.439596697686667 ], [ -122.161980539261833, 37.439202181783848 ], [ -122.161674045294134, 37.438934662652478 ], [ -122.161200378418116, 37.438520353053683 ], [ -122.159989671154349, 37.437476692223271 ], [ -122.159927803180409, 37.437461250987155 ], [ -122.156616878182632, 37.438417749757299 ], [ -122.158658261920834, 37.439699976194582 ] ] ] } },
{ "type": "Feature", "properties": { "ZONE_TYPE": "Residential Single-Family", "AREA_CALC": 83602988.0, "SHAPE_Leng": 133345.62407300001, "SHAPE_Area": 78684059.032299995, "has_CS": false, "Zone_Type_Abbr": "R" }, "geometry": { "type": "Polygon", "coordinates": [ [ [ -122.116752148449606, 37.434602677057264 ], [ -122.1111791297037, 37.435518263327722 ], [ -122.111495123980276, 37.435252340313276 ], [ -122.11167878874744, 37.435266382046194 ], [ -122.113593799108614, 37.434020292837765 ], [ -122.113790772109994, 37.433862990469841 ], [ -122.11264587108748, 37.433140757866809 ], [ -122.114056955200695, 37.43171858830997 ], [ -122.114121096059904, 37.431651863425316 ], [ -122.115168246775411, 37.432319062414308 ], [ -122.115237382496389, 37.432247598142915 ], [ -122.116378114670084, 37.43109754531352 ], [ -122.116676461255636, 37.431285880399159 ], [ -122.116799868744693, 37.431384001625716 ], [ -122.117433045396453, 37.431782992612817 ], [ -122.117592092158176, 37.431603957554849 ], [ -122.118680177322545, 37.430502951450066 ], [ -122.119127806767281, 37.430051316354536 ], [ -122.119291451584147, 37.430154372587069 ], [ -122.119455097521978, 37.430257511491938 ], [ -122.119709447966983, 37.430000849738967 ], [ -122.120419415711865, 37.43044309931576 ], [ -122.120520493249259, 37.430500953849602 ], [ -122.120067561401413, 37.430789036363677 ], [ -122.120154694926399, 37.430834447982278 ], [ -122.121145889455136, 37.431460806114295 ], [ -122.120782204081792, 37.431826685578962 ], [ -122.121833252987841, 37.43249915587981 ], [ -122.122965712396237, 37.431350084772873 ], [ -122.123778432833603, 37.431860554340446 ], [ -122.124609523195844, 37.432386805486971 ], [ -122.124691631821833, 37.432438573755796 ], [ -122.126022511561132, 37.431467689251399 ], [ -122.126108021661423, 37.431379896038344 ], [ -122.126202919136475, 37.431280325522494 ], [ -122.126825792557696, 37.430826808511597 ], [ -122.126767349417463, 37.430792513303629 ], [ -122.126527256377159, 37.430638720513869 ], [ -122.126364301607538, 37.430536213490434 ], [ -122.125602932172583, 37.430055705650545 ], [ -122.125086801012202, 37.4305771512457 ], [ -122.124995067360828, 37.43067807841166 ], [ -122.123796006251865, 37.429912204060507 ], [ -122.123521790073411, 37.429736407765269 ], [ -122.123613418786462, 37.429649630280082 ], [ -122.12396990846166, 37.429289773847898 ], [ -122.123513638106857, 37.429002310205043 ], [ -122.123342607660462, 37.429174240375005 ], [ -122.123013494623066, 37.428966899710339 ], [ -122.122941929636497, 37.428919846477712 ], [ -122.122997220606436, 37.428894881739936 ], [ -122.122889733829012, 37.428833712338424 ], [ -122.122513892473208, 37.428596746111594 ], [ -122.122296259411414, 37.428816290689177 ], [ -122.122195251982205, 37.428910559624732 ], [ -122.118275222442335, 37.426439025022574 ], [ -122.11826272386395, 37.426431286654321 ], [ -122.114777978674809, 37.424186651273978 ], [ -122.115334228744516, 37.423880108462143 ], [ -122.114647113271573, 37.423050700253775 ], [ -122.114515706884333, 37.422892530925758 ], [ -122.115090672106945, 37.422590126748005 ], [ -122.115912077089831, 37.423581807073781 ], [ -122.120197172682438, 37.421300056701675 ], [ -122.114418991433226, 37.417650944820444 ], [ -122.114980585985677, 37.417343668770556 ], [ -122.116058977930464, 37.416790543080531 ], [ -122.116292591043631, 37.416659293829106 ], [ -122.117206651131156, 37.415842001522371 ], [ -122.118292375193093, 37.414907625304188 ], [ -122.118472429259057, 37.414992437322255 ], [ -122.119977152562299, 37.415942797518035 ], [ -122.120396500376316, 37.416205815142959 ], [ -122.120986477166682, 37.416579067417551 ], [ -122.122914857625204, 37.417798305953475 ], [ -122.123029653210082, 37.417874784618789 ], [ -122.122787188403635, 37.418154556469361 ], [ -122.123422507954842, 37.418555984700966 ], [ -122.123827635324758, 37.418811550363451 ], [ -122.122826225600733, 37.41982323508303 ], [ -122.123258844738885, 37.420094821673963 ], [ -122.123260416632363, 37.420095816482615 ], [ -122.123903103229452, 37.420500930853876 ], [ -122.124187212047303, 37.420210224576849 ], [ -122.125544692453033, 37.421066523329735 ], [ -122.1255978630155, 37.421012524640446 ], [ -122.125864633979859, 37.420741887247694 ], [ -122.125993032082377, 37.420613998909516 ], [ -122.12601982356847, 37.420629696962713 ], [ -122.126286827659143, 37.420360400828308 ], [ -122.127230714713917, 37.420958218531972 ], [ -122.127394195977885, 37.421058931561873 ], [ -122.130218025294397, 37.422842445437375 ], [ -122.130350381680401, 37.42292592421267 ], [ -122.130827804835207, 37.423196777975413 ], [ -122.130879609731494, 37.423264729633196 ], [ -122.129756978812253, 37.423859150260128 ], [ -122.131246069424307, 37.424802664816269 ], [ -122.131408218101626, 37.424904792317342 ], [ -122.131583881821982, 37.425015438195601 ], [ -122.131676106978915, 37.425188170064565 ], [ -122.132135527962845, 37.425477563514043 ], [ -122.132226567064365, 37.425531399413259 ], [ -122.132714800401089, 37.425038986473098 ], [ -122.133072302160812, 37.424678016641472 ], [ -122.133143469814058, 37.424725700115857 ], [ -122.133832590519845, 37.425159781688656 ], [ -122.134832514363282, 37.425789639858834 ], [ -122.134994670072473, 37.425891761495926 ], [ -122.136237833370728, 37.426674789044313 ], [ -122.138064262770726, 37.427825161234971 ], [ -122.138099477097271, 37.427805386546716 ], [ -122.138317556674949, 37.428052418030191 ], [ -122.138377816115195, 37.428123791986934 ], [ -122.138314887467843, 37.428156754432564 ], [ -122.138108239965632, 37.428267344333328 ], [ -122.138164841334117, 37.42833995094631 ], [ -122.138382922670417, 37.428586981397906 ], [ -122.138242127264817, 37.428666024567512 ], [ -122.138420542995235, 37.428868148378918 ], [ -122.138445798994255, 37.428854418238267 ], [ -122.139043628206252, 37.429231401641118 ], [ -122.139100816040909, 37.429178549210292 ], [ -122.139935433918268, 37.429706456958243 ], [ -122.14012844752601, 37.42951304354569 ], [ -122.140196962048122, 37.429470909797686 ], [ -122.141519902451947, 37.430302019389153 ], [ -122.141818357483842, 37.430505013778131 ], [ -122.14188245610103, 37.430443795631049 ], [ -122.142266905405947, 37.430055994560561 ], [ -122.142604604295059, 37.430268875476166 ], [ -122.142766713281731, 37.430371070190162 ], [ -122.143104450659095, 37.430583977100959 ], [ -122.142960295957266, 37.430729409805167 ], [ -122.143095370176454, 37.430814566812721 ], [ -122.143335627549718, 37.43057219632167 ], [ -122.143943553057809, 37.430955413318337 ], [ -122.144105665369153, 37.43105760617766 ], [ -122.144510930826073, 37.431313073165548 ], [ -122.144297328730843, 37.431528537461261 ], [ -122.143892062239715, 37.431273042711865 ], [ -122.143817806877877, 37.431229693181479 ], [ -122.143612133927178, 37.431434580331334 ], [ -122.143287377109161, 37.431756612587144 ], [ -122.143358135517659, 37.431811685643254 ], [ -122.14362829083484, 37.431982026486054 ], [ -122.143307931651677, 37.432305206573581 ], [ -122.143239565697755, 37.432371319308615 ], [ -122.143376163049993, 37.432462882997342 ], [ -122.143443044142373, 37.432390362680756 ], [ -122.143763403105979, 37.43206718222639 ], [ -122.143870188030419, 37.431959436898637 ], [ -122.144208033627706, 37.432172064369823 ], [ -122.144421506047195, 37.431956876961145 ], [ -122.144759220279511, 37.432169778674847 ], [ -122.144845780635549, 37.432224354494728 ], [ -122.144631448490173, 37.432441175995685 ], [ -122.145113041866423, 37.432742899832853 ], [ -122.144616709438438, 37.433243141882471 ], [ -122.144886314214773, 37.433414696156866 ], [ -122.145383237857374, 37.432913209121118 ], [ -122.145862211054649, 37.433214526909808 ], [ -122.146079552784812, 37.433001507283137 ], [ -122.147244934990312, 37.433736233319998 ], [ -122.14740723989398, 37.433838885867075 ], [ -122.148485014103997, 37.434517475225704 ], [ -122.148654243796599, 37.434624642986485 ], [ -122.149730841262354, 37.435303512583623 ], [ -122.149799722144735, 37.435346494235894 ], [ -122.149892970326519, 37.435405669486883 ], [ -122.150433406367867, 37.43574629237353 ], [ -122.150219688458989, 37.435962565735331 ], [ -122.15035680242022, 37.436044142374797 ], [ -122.150760248496425, 37.436302360833103 ], [ -122.150851894514233, 37.436354416723823 ], [ -122.151050151651461, 37.436141545497676 ], [ -122.151135944786049, 37.436189068435958 ], [ -122.15154126164461, 37.436444538092196 ], [ -122.151811486837914, 37.436614832517613 ], [ -122.152216807723121, 37.436870272805031 ], [ -122.152286060401451, 37.436914346369733 ], [ -122.152229171792925, 37.436968161716784 ], [ -122.152325536822786, 37.437026330514037 ], [ -122.152865995085833, 37.437366914229081 ], [ -122.152919367903081, 37.43731306518238 ], [ -122.153054500428141, 37.43739821019188 ], [ -122.154027305256491, 37.438011259815127 ], [ -122.154297541265777, 37.438181575540163 ], [ -122.154702879170713, 37.438437007211768 ], [ -122.154382541370438, 37.438760217358265 ], [ -122.154711927202413, 37.43893195041457 ], [ -122.156009137781552, 37.438559277019046 ], [ -122.157076455479469, 37.439231921297555 ], [ -122.156834384613973, 37.439474097770038 ], [ -122.157443854584784, 37.439866098059433 ], [ -122.15686458203578, 37.440464774893968 ], [ -122.154146134645288, 37.44320677060049 ], [ -122.152009362658049, 37.445364107951995 ], [ -122.152086773216695, 37.445416884284548 ], [ -122.152627257353018, 37.44575752433181 ], [ -122.152412157353339, 37.445974618236498 ], [ -122.151775379979213, 37.44557803197975 ], [ -122.150539192399521, 37.444801986576628 ], [ -122.149342632167262, 37.446009031265476 ], [ -122.149704679352979, 37.446226605485315 ], [ -122.149378288037738, 37.44655436328334 ], [ -122.149851195192838, 37.446852427540307 ], [ -122.150169657187035, 37.446529147152617 ], [ -122.150600739263595, 37.446802223873064 ], [ -122.151075041608919, 37.447103889213331 ], [ -122.151476342716009, 37.447360433666226 ], [ -122.151081759453803, 37.447759255994775 ], [ -122.150811529996602, 37.447588932513135 ], [ -122.150597899502117, 37.447804408012146 ], [ -122.15113839353765, 37.448145027824353 ], [ -122.151209265234428, 37.448190205855603 ], [ -122.151356562915382, 37.448036587658933 ], [ -122.151366672585524, 37.448026364530733 ], [ -122.151866116147403, 37.448341105533856 ], [ -122.151919531968161, 37.44828722946616 ], [ -122.152054649327482, 37.44837237603268 ], [ -122.152189766483716, 37.448457550387744 ], [ -122.152595154726313, 37.448713016149732 ], [ -122.152679891413186, 37.448766596492518 ], [ -122.15246542665129, 37.448981675295293 ], [ -122.153722612356489, 37.449773007239479 ], [ -122.154322809355975, 37.449156499096851 ], [ -122.155207347987044, 37.449709611780385 ], [ -122.155131666432254, 37.449786328090553 ], [ -122.15489135107633, 37.450028749899502 ], [ -122.155249108158173, 37.450254773490691 ], [ -122.155218573943287, 37.450283908414988 ], [ -122.155297077693859, 37.450328152701765 ], [ -122.15556732731153, 37.45049846582026 ], [ -122.155594017151884, 37.450471527198999 ], [ -122.155999426862991, 37.4507269811795 ], [ -122.155759112446816, 37.450969405632023 ], [ -122.155707750457552, 37.451016415221886 ], [ -122.155433658782869, 37.450853187801592 ], [ -122.155382031055495, 37.450906821255856 ], [ -122.154901393121776, 37.451391611288095 ], [ -122.154854738628913, 37.451461407801538 ], [ -122.155134979545551, 37.45164399699209 ], [ -122.154920997255317, 37.451859073412372 ], [ -122.154895563281599, 37.45184481896036 ], [ -122.154833486666604, 37.451907498884019 ], [ -122.154694725193409, 37.451821528102258 ], [ -122.154417027455054, 37.452101641512137 ], [ -122.153876489169505, 37.451761008974032 ], [ -122.153794265206002, 37.451704401139132 ], [ -122.151920579671142, 37.453617205633428 ], [ -122.15151814676021, 37.453872917028882 ], [ -122.15158334868066, 37.453932567817212 ], [ -122.151738938206492, 37.45408445122937 ], [ -122.151773466123927, 37.454157747026464 ], [ -122.15184859626936, 37.454317161973734 ], [ -122.151872676880316, 37.454354317735046 ], [ -122.152069655947471, 37.454469140154629 ], [ -122.151693960501134, 37.45484803009029 ], [ -122.151644120625633, 37.454918886618117 ], [ -122.151599154030492, 37.454813023012932 ], [ -122.151480226242484, 37.45486350831596 ], [ -122.150690329765112, 37.455048002013918 ], [ -122.150689327558908, 37.455063453750086 ], [ -122.150346364438676, 37.455064237974966 ], [ -122.150292726710859, 37.4549977207569 ], [ -122.15028631629329, 37.455000805587737 ], [ -122.150281502732312, 37.455002795533552 ], [ -122.150276580976055, 37.455004595944892 ], [ -122.150271549768718, 37.455006150063447 ], [ -122.150266411456371, 37.455007512829738 ], [ -122.150261199364209, 37.455008657640242 ], [ -122.150255913472321, 37.455009583594119 ], [ -122.150250553163048, 37.455010262762613 ], [ -122.150245188628432, 37.455010750934797 ], [ -122.150239784689944, 37.455010990928159 ], [ -122.150234375908397, 37.455011011996504 ], [ -122.150228960536012, 37.455010786227156 ], [ -122.150223575334181, 37.455010340139346 ], [ -122.15021825482394, 37.455009701185197 ], [ -122.150212928215296, 37.455008786547786 ], [ -122.150207701351732, 37.455007679452407 ], [ -122.150202572445309, 37.455006350184448 ], [ -122.150197508230733, 37.455004828050122 ], [ -122.150192576428879, 37.455003057123847 ], [ -122.150187743819941, 37.455001119882397 ], [ -122.150183079255044, 37.454998960384287 ], [ -122.150178513285269, 37.454996607543237 ], [ -122.150174149860675, 37.454994058996682 ], [ -122.150169954585564, 37.454991344066762 ], [ -122.150165927952429, 37.454988433907992 ], [ -122.150162139003257, 37.454985383424535 ], [ -122.150158519313862, 37.454982165640907 ], [ -122.150155136158432, 37.454978806647574 ], [ -122.150151957913806, 37.454975307790285 ], [ -122.150149017951065, 37.454971695636125 ], [ -122.150146350705569, 37.454967942664808 ], [ -122.150143922871877, 37.454964076380712 ], [ -122.150141732787802, 37.454960123843428 ], [ -122.150139818384375, 37.4549561133582 ], [ -122.150138176145902, 37.454951988198637 ], [ -122.15013684349131, 37.454947804614577 ], [ -122.150135750931824, 37.454943589717907 ], [ -122.150134932902901, 37.454939315988312 ], [ -122.150134424523216, 37.454935037905599 ], [ -122.150134157388564, 37.454930729395279 ], [ -122.150134147548457, 37.454928751388742 ], [ -122.149792595372006, 37.454930943480228 ], [ -122.149787447057165, 37.454300826674249 ], [ -122.146917245473432, 37.454303665450269 ], [ -122.143383233311368, 37.454324630024651 ], [ -122.142999498857748, 37.454291902654695 ], [ -122.137793020673968, 37.452627020758513 ], [ -122.137424167324255, 37.453188573233724 ], [ -122.137312635707659, 37.453147827497915 ], [ -122.136700914067944, 37.452895020920444 ], [ -122.136726946826386, 37.452855048249276 ], [ -122.136575219418404, 37.452719078877784 ], [ -122.136124789453106, 37.452840259897691 ], [ -122.135958486846008, 37.452876996626067 ], [ -122.135578342766479, 37.452983955408492 ], [ -122.135435383764175, 37.452884808109694 ], [ -122.134341191840448, 37.453254752003936 ], [ -122.133467544497563, 37.453187446168968 ], [ -122.13336794863902, 37.452969384889506 ], [ -122.132933636017967, 37.452849620884678 ], [ -122.132923436578778, 37.452865337354417 ], [ -122.132605187880813, 37.452733794572715 ], [ -122.132448437523124, 37.452676532341584 ], [ -122.132078523592639, 37.452523648871868 ], [ -122.132086456817845, 37.452511452541387 ], [ -122.131718700106589, 37.452359444571009 ], [ -122.131643992545534, 37.45232757571528 ], [ -122.131573831287838, 37.452423152886283 ], [ -122.13114484179512, 37.452247217539885 ], [ -122.130887499713893, 37.452642937068099 ], [ -122.130695878896219, 37.452777805701629 ], [ -122.130396497350404, 37.453238164635366 ], [ -122.130200255146676, 37.453245257545298 ], [ -122.130032930305205, 37.453137596871564 ], [ -122.129774219602581, 37.452971130788526 ], [ -122.129461484785026, 37.452773138508583 ], [ -122.129080054995541, 37.452091083884845 ], [ -122.12892215562141, 37.452036195896426 ], [ -122.128763214659784, 37.451980964375217 ], [ -122.12855782072306, 37.45190956616414 ], [ -122.128352254229739, 37.451838115920481 ], [ -122.128247167071535, 37.451801859374974 ], [ -122.127939279563108, 37.451988192559377 ], [ -122.127961254326806, 37.452327318079554 ], [ -122.127817782553379, 37.452308321619419 ], [ -122.127789171539291, 37.452339290761266 ], [ -122.127538856214628, 37.452189294536495 ], [ -122.127214390398095, 37.451972752813006 ], [ -122.127028611821686, 37.451835430201079 ], [ -122.126853080627043, 37.451695548249717 ], [ -122.126655601136406, 37.451527155211444 ], [ -122.125854086114799, 37.450845995557366 ], [ -122.125524375942305, 37.450565382548568 ], [ -122.125341313342972, 37.450408488898262 ], [ -122.125311099581452, 37.450380120218611 ], [ -122.125298882695617, 37.450368148409403 ], [ -122.125286835726826, 37.45035603726356 ], [ -122.125274993754033, 37.45034384036736 ], [ -122.12526332115705, 37.450331531178129 ], [ -122.125251852358673, 37.450319081281997 ], [ -122.125240553544415, 37.450306547021796 ], [ -122.125229458548304, 37.450293872955712 ], [ -122.12521856856759, 37.450281114040621 ], [ -122.125207883582476, 37.450268269375513 ], [ -122.125197368494511, 37.450255284473258 ], [ -122.125187057291697, 37.450242214737685 ], [ -122.125176951103953, 37.450229060153269 ], [ -122.125167049322812, 37.450215792791198 ], [ -122.12515738695987, 37.450202411265586 ], [ -122.125147895188874, 37.450188973305103 ], [ -122.125138606694321, 37.450175422582831 ], [ -122.125129524344473, 37.450161786996269 ], [ -122.125120645859639, 37.450148065675833 ], [ -122.125112007400887, 37.450134258120926 ], [ -122.12510357395665, 37.450120365717531 ], [ -122.125095345526745, 37.450106388465706 ], [ -122.12508732096147, 37.450092325480227 ], [ -122.125079537049956, 37.450078205090186 ], [ -122.125071958132892, 37.450063998950888 ], [ -122.125064583080203, 37.450049707078065 ], [ -122.125057448680934, 37.450035357800786 ], [ -122.125050519864516, 37.450020949802266 ], [ -122.125043829962976, 37.45000645648625 ], [ -122.125037708281184, 37.449992724928507 ], [ -122.124965547565694, 37.449757959870752 ], [ -122.124948814176037, 37.449532289263132 ], [ -122.124943818848649, 37.448964416973837 ], [ -122.124942671734104, 37.448835824243339 ], [ -122.12588433383209, 37.448838083237945 ], [ -122.126344477916291, 37.448650855046125 ], [ -122.126643824862555, 37.448360840236916 ], [ -122.126639231146797, 37.446977608253505 ], [ -122.126633471637518, 37.44696944748965 ], [ -122.126630498099161, 37.446965835229769 ], [ -122.126627390248188, 37.446962335679125 ], [ -122.126624043477307, 37.446958920547729 ], [ -122.126620560723168, 37.446955645184808 ], [ -122.126616907998198, 37.4469524541867 ], [ -122.126613086520322, 37.446949403411153 ], [ -122.126609094550531, 37.446946464944915 ], [ -122.126604968297073, 37.446943692358239 ], [ -122.126600707731157, 37.446941032480751 ], [ -122.126596311162245, 37.446938511470577 ], [ -122.126591781439714, 37.446936156324306 ], [ -122.126587150783223, 37.446933941361692 ], [ -122.126582385843065, 37.44693189227867 ], [ -122.12657752105963, 37.446929981561766 ], [ -122.12657259094145, 37.446928236670054 ], [ -122.126567560478563, 37.44692665898986 ], [ -122.126562431350848, 37.446925273731502 ], [ -122.126557236299092, 37.44692402727042 ], [ -122.12655201153153, 37.446922973176875 ], [ -122.126546719709822, 37.446922057896209 ], [ -122.126541364881419, 37.446921363381648 ], [ -122.126536013038617, 37.446920805808105 ], [ -122.126530630349833, 37.44692044061776 ], [ -122.126525216834651, 37.446920268711452 ], [ -122.126519808024256, 37.446920260758397 ], [ -122.126514402827809, 37.446920418576106 ], [ -122.126509000665351, 37.44692076740624 ], [ -122.126503637146428, 37.446921281521647 ], [ -122.126498277810995, 37.446921987534779 ], [ -122.126492992738065, 37.446922885375635 ], [ -122.126487743400531, 37.446923918802483 ], [ -122.126482568325429, 37.446925144057111 ], [ -122.126477430763714, 37.4469265346127 ], [ -122.126474041998705, 37.446927570192308 ], [ -122.126419605910044, 37.446941756963177 ], [ -122.12639597696554, 37.446948319812755 ], [ -122.126372456227273, 37.446955128087339 ], [ -122.126349044235866, 37.446962154743368 ], [ -122.126325774350065, 37.446969426354791 ], [ -122.126302578721891, 37.446976889789681 ], [ -122.126279491908008, 37.446984626578633 ], [ -122.126256547131163, 37.446992553350825 ], [ -122.126233745000121, 37.447000698035104 ], [ -122.126211016044337, 37.447009088630153 ], [ -122.126188464763672, 37.447017696652161 ], [ -122.126166021619753, 37.447026495127339 ], [ -122.12614372172969, 37.447035539443803 ], [ -122.126121563335033, 37.447044800787474 ], [ -122.126099547604781, 37.447054280944641 ], [ -122.126077675020895, 37.447063950169081 ], [ -122.126055977870962, 37.447073837753173 ], [ -122.126034389446048, 37.447083942818871 ], [ -122.126012978695272, 37.447094265312089 ], [ -122.125991743899391, 37.447104778220783 ], [ -122.125970651727997, 37.447115508141628 ], [ -122.125949736119964, 37.447126456406927 ], [ -122.12592899755731, 37.44713759327044 ], [ -122.125908399919425, 37.447148921035073 ], [ -122.125888014984753, 37.447160465742499 ], [ -122.125867770955082, 37.44717220045036 ], [ -122.125847737909552, 37.447184125088981 ], [ -122.125827882517612, 37.447196266255133 ], [ -122.125808202490859, 37.447208570809622 ], [ -122.125788698987492, 37.447221091907508 ], [ -122.12578326512957, 37.447224655728292 ], [ -122.125778061451101, 37.447229341960892 ], [ -122.125774583884336, 37.447232631753558 ], [ -122.125771212063341, 37.447236002090584 ], [ -122.125767946007812, 37.447239453873046 ], [ -122.125764783959454, 37.447242958286765 ], [ -122.125761690319152, 37.447246489690045 ], [ -122.125758737454504, 37.447250101152576 ], [ -122.125755888636363, 37.447253767048331 ], [ -122.125753144955496, 37.447257485559675 ], [ -122.125750505301468, 37.447261257603337 ], [ -122.125747970823994, 37.447265084064504 ], [ -122.125745573645077, 37.447268934758661 ], [ -122.125743246612828, 37.447272840355552 ], [ -122.125741059767364, 37.447276798983914 ], [ -122.125739010240167, 37.447280782746176 ], [ -122.125737065261319, 37.447284792096241 ], [ -122.125735224329063, 37.44728885587957 ], [ -122.125733521845092, 37.447292944781154 ], [ -122.12573192279919, 37.447297060187189 ], [ -122.125730463920533, 37.447301227723742 ], [ -122.125729106761042, 37.44730539475249 ], [ -122.125727889768783, 37.447309613911784 ], [ -122.125726775606182, 37.44731383164671 ], [ -122.125725801041526, 37.447318075385198 ], [ -122.125724963206352, 37.447322317229784 ], [ -122.125724229398301, 37.447326612606702 ], [ -122.125723633449795, 37.447330906074029 ], [ -122.125723141460867, 37.447335198101385 ], [ -122.12572278733154, 37.447339488219143 ], [ -122.125722571650698, 37.44734380345524 ], [ -122.125722492719163, 37.447348117698368 ], [ -122.12572251772761, 37.447352429600535 ], [ -122.1257226805958, 37.447356739593161 ], [ -122.125722947443265, 37.447361049046691 ], [ -122.1257233510009, 37.447365355705394 ], [ -122.125723892418151, 37.447369660454527 ], [ -122.125724571106218, 37.447373936266182 ], [ -122.125725353165137, 37.447378183609985 ], [ -122.125726273672839, 37.447382456072063 ], [ -122.125727295812865, 37.447386672153129 ], [ -122.125728454663061, 37.447390885439276 ], [ -122.125729752522687, 37.447395097701182 ], [ -122.125731152014794, 37.447399253582006 ], [ -122.125732689907764, 37.447403380509662 ], [ -122.125734329481077, 37.447407505127664 ], [ -122.125736106866398, 37.44741157376469 ], [ -122.125737986473098, 37.44741561304847 ], [ -122.12574000335087, 37.447419623394786 ], [ -122.125740686930328, 37.447420959419723 ], [ -122.125444029175767, 37.447075364274774 ], [ -122.125295025331681, 37.447099238636461 ], [ -122.125089786379021, 37.447118039060157 ], [ -122.124844102177846, 37.447121083709632 ], [ -122.124630514265363, 37.447120359934289 ], [ -122.124416926945429, 37.447119662798158 ], [ -122.124194768469451, 37.447116117131863 ], [ -122.123870701573026, 37.447139637364749 ], [ -122.123634118196662, 37.447187272059544 ], [ -122.123413541721234, 37.447250150379496 ], [ -122.123090124917596, 37.447343127626816 ], [ -122.122898653465569, 37.447236229867379 ], [ -122.122873282472412, 37.447180133060982 ], [ -122.122722940605627, 37.44708557691024 ], [ -122.122611861884096, 37.446643410879254 ], [ -122.122608823806075, 37.446552834426164 ], [ -122.122632967835784, 37.446478060532485 ], [ -122.122656620175007, 37.446439304518556 ], [ -122.123180153958486, 37.445899118347754 ], [ -122.122740207042611, 37.44563169655013 ], [ -122.122216511238463, 37.445297747855129 ], [ -122.122364484457094, 37.445144213295862 ], [ -122.121611727747236, 37.444667734588805 ], [ -122.122306272545742, 37.443967545685439 ], [ -122.122522063353685, 37.443749977615148 ], [ -122.12089165417845, 37.442721857741617 ], [ -122.120803367235268, 37.442669953067799 ], [ -122.120853491609807, 37.442622316360989 ], [ -122.123394203947015, 37.440039122659279 ], [ -122.124251586611862, 37.439181691544846 ], [ -122.122254364787196, 37.437918509192791 ], [ -122.122234196054464, 37.437927275512891 ], [ -122.12111653907742, 37.438557716101798 ], [ -122.121175610767054, 37.438625516636527 ], [ -122.121165281055738, 37.438632087602933 ], [ -122.120769996907939, 37.438856417723507 ], [ -122.120369907381814, 37.439078422840971 ], [ -122.119937460373066, 37.439320760918505 ], [ -122.119963699807769, 37.439407556563133 ], [ -122.119367328391007, 37.439742966470263 ], [ -122.11930260929438, 37.439668842637545 ], [ -122.119007878490578, 37.439833133516025 ], [ -122.117801051672529, 37.439073649737104 ], [ -122.117658939044176, 37.439154197047102 ], [ -122.117576603705245, 37.439096878282093 ], [ -122.116482826860121, 37.438407241296694 ], [ -122.116355081216867, 37.438322502731673 ], [ -122.116025323882667, 37.438545996170362 ], [ -122.115710285731595, 37.438757337888617 ], [ -122.115566905553948, 37.438857402069722 ], [ -122.115431443418288, 37.438758319791596 ], [ -122.11521357301126, 37.43858249800919 ], [ -122.114331954339846, 37.437908544383589 ], [ -122.111999627249944, 37.436140064707544 ], [ -122.1111791297037, 37.435518263327722 ], [ -122.118740915908447, 37.436529258557862 ], [ -122.11877202698264, 37.436548883831804 ], [ -122.118916318587054, 37.436635726526376 ], [ -122.119013421193117, 37.436565682047338 ], [ -122.119635929419033, 37.436116638127643 ], [ -122.119494350778211, 37.436029346126318 ], [ -122.119373682313324, 37.435956406322532 ], [ -122.119456480122764, 37.435870056059152 ], [ -122.118910602269892, 37.435524423572076 ], [ -122.119415350340887, 37.435012969455997 ], [ -122.119342322501026, 37.434963764996525 ], [ -122.119073417037399, 37.4352330972484 ], [ -122.11798507084076, 37.434547300124606 ], [ -122.117062299219171, 37.43467897091822 ], [ -122.116902228247653, 37.434578016143952 ], [ -122.116824960034705, 37.434529284025572 ], [ -122.116752148449606, 37.434602677057264 ] ], [ [ -122.14237883076099, 37.452608980678711 ], [ -122.1423784606704, 37.452617227365927 ], [ -122.142378706660338, 37.452633073395269 ], [ -122.142376047022424, 37.452747022770254 ], [ -122.142722391476951, 37.452748549378974 ], [ -122.142724058385667, 37.452520699911389 ], [ -122.142411269477307, 37.452518978659811 ], [ -122.142392654777467, 37.452574891168247 ], [ -122.142391617086659, 37.45257627912283 ], [ -122.142389081537175, 37.452580078028781 ], [ -122.142386825870105, 37.452584010001367 ], [ -122.142384777085965, 37.452587994052536 ], [ -122.142383041491371, 37.452592083668222 ], [ -122.142381581714218, 37.452596224397944 ], [ -122.14238036559729, 37.452600444628985 ], [ -122.142379459715244, 37.452604687555159 ], [ -122.14237883076099, 37.452608980678711 ] ], [ [ -122.142475294345246, 37.439699153941262 ], [ -122.142949541631793, 37.439221234097161 ], [ -122.142814417316245, 37.439136076564026 ], [ -122.142341227781202, 37.439613542171173 ], [ -122.142475294345246, 37.439699153941262 ] ], [ [ -122.143785219017289, 37.438600905672224 ], [ -122.143515090143609, 37.438429739960561 ], [ -122.143134843007715, 37.438812898397742 ], [ -122.143269932058004, 37.438898055153587 ], [ -122.143163135722588, 37.439005771950995 ], [ -122.143298225174163, 37.439090929573929 ], [ -122.143785219017289, 37.438600905672224 ] ], [ [ -122.143739419595022, 37.437406957530371 ], [ -122.143116350771962, 37.437015764423506 ], [ -122.142902761627028, 37.437231198587895 ], [ -122.143529019198709, 37.437626385571839 ], [ -122.143739419595022, 37.437406957530371 ] ], [ [ -122.133112114782804, 37.431913252943062 ], [ -122.134006987836614, 37.431410258283513 ], [ -122.133513931611745, 37.430849865790144 ], [ -122.133306358421592, 37.430970761557148 ], [ -122.133362744437804, 37.431038401491918 ], [ -122.133571032797079, 37.431274314696317 ], [ -122.133182339057811, 37.431492553484318 ], [ -122.133317405832869, 37.431577776682154 ], [ -122.132923727831937, 37.431799764468678 ], [ -122.133112114782804, 37.431913252943062 ] ], [ [ -122.131384974232972, 37.425338297138666 ], [ -122.129423278611696, 37.424075623686946 ], [ -122.129284128240712, 37.424124307776552 ], [ -122.129100466458183, 37.424238738806281 ], [ -122.128601367551695, 37.424724968958245 ], [ -122.130680474499172, 37.426059778044973 ], [ -122.131384974232972, 37.425338297138666 ] ], [ [ -122.143198487647538, 37.448770259990106 ], [ -122.141382255335088, 37.448760239053243 ], [ -122.14138450614476, 37.448842146837954 ], [ -122.141374569296559, 37.450900820996544 ], [ -122.143075153007871, 37.451437939416017 ], [ -122.143196813474574, 37.451473950762264 ], [ -122.143198487647538, 37.448770259990106 ] ], [ [ -122.129157777281108, 37.441784851525064 ], [ -122.129104382989595, 37.441838689761674 ], [ -122.128486350150197, 37.441448998064843 ], [ -122.128282319047997, 37.441654728424766 ], [ -122.12737112986008, 37.442573488753276 ], [ -122.128394442254063, 37.443218708686565 ], [ -122.128031192096628, 37.44358498876624 ], [ -122.127386874233011, 37.444231912757147 ], [ -122.128449746672047, 37.444908116949378 ], [ -122.129206217707264, 37.444143685211891 ], [ -122.129934798927579, 37.443409026592619 ], [ -122.13025307331867, 37.443088111741773 ], [ -122.130104472699884, 37.442994420386576 ], [ -122.130318113549762, 37.44277898169625 ], [ -122.130151002671056, 37.442673736380591 ], [ -122.130249021073695, 37.442574695319571 ], [ -122.130695388188187, 37.442121880538522 ], [ -122.129945602916152, 37.44165953270597 ], [ -122.129512380946423, 37.442095927850339 ], [ -122.129239496531767, 37.441923862159939 ], [ -122.129292855759417, 37.441870024348439 ], [ -122.129157777281108, 37.441784851525064 ] ], [ [ -122.135582676030637, 37.448792251292645 ], [ -122.13333768745504, 37.44878761311459 ], [ -122.133277019544195, 37.448880642270524 ], [ -122.132962124414178, 37.449362787277366 ], [ -122.133174475523404, 37.449597876303187 ], [ -122.13333573874084, 37.449775003117914 ], [ -122.13346592273173, 37.449912676833314 ], [ -122.133561706733744, 37.450021356260351 ], [ -122.133683149381667, 37.450154702166984 ], [ -122.133786799280614, 37.450268545770051 ], [ -122.133951082350649, 37.450383632407572 ], [ -122.134098464194452, 37.450486841062741 ], [ -122.134299603507102, 37.450569990062299 ], [ -122.13441904160787, 37.450599147173762 ], [ -122.134866937244013, 37.449906877820077 ], [ -122.137802004934898, 37.451118449958081 ], [ -122.138090786506027, 37.450683023959805 ], [ -122.137817459274601, 37.450570013503281 ], [ -122.137976041143631, 37.450326213200348 ], [ -122.13802729035622, 37.450347362980196 ], [ -122.13867637924811, 37.449350005153818 ], [ -122.138678164058149, 37.448788134869112 ], [ -122.135582676030637, 37.448792251292645 ] ], [ [ -122.136284871461342, 37.437786647453166 ], [ -122.134731085930341, 37.436818520110506 ], [ -122.134669459647498, 37.436890907994815 ], [ -122.131151133896068, 37.44043899467426 ], [ -122.13114870315151, 37.44044754302297 ], [ -122.130646982658291, 37.440947414661451 ], [ -122.131745961869143, 37.441640283092291 ], [ -122.132115686846049, 37.441873625390997 ], [ -122.132190485347394, 37.441921177099005 ], [ -122.136284871461342, 37.437786647453166 ] ], [ [ -122.126978270160606, 37.432475212874166 ], [ -122.127140252410598, 37.432577561357753 ], [ -122.127194282683405, 37.432611587749527 ], [ -122.126839151624679, 37.432968990087154 ], [ -122.126594574870126, 37.433215121267033 ], [ -122.126837495418684, 37.433368627878053 ], [ -122.126709174401057, 37.433497779156816 ], [ -122.126729324202472, 37.433510410455227 ], [ -122.126598571943958, 37.43364184741408 ], [ -122.126924586602712, 37.433847847901603 ], [ -122.127017740829174, 37.433902043387505 ], [ -122.127696645913161, 37.433515043384887 ], [ -122.127778829851096, 37.433470585281064 ], [ -122.127862619834588, 37.433523426617121 ], [ -122.127911515447607, 37.433554172347186 ], [ -122.128045539142434, 37.433705395791179 ], [ -122.128116652297223, 37.43375033714949 ], [ -122.127819430680347, 37.433916937484419 ], [ -122.127262282319592, 37.434229237974677 ], [ -122.126952610380243, 37.434033560387952 ], [ -122.126865965006104, 37.43398084000107 ], [ -122.126659369940811, 37.434098495563411 ], [ -122.126439151258481, 37.434220130935515 ], [ -122.126524333323815, 37.434273640644513 ], [ -122.127735782377158, 37.435039151481803 ], [ -122.128288608597444, 37.434729023914365 ], [ -122.128947227829315, 37.434357927754924 ], [ -122.129984446462302, 37.435011949136808 ], [ -122.130062713621925, 37.435059371921241 ], [ -122.130344471813657, 37.434776320021548 ], [ -122.1307714627645, 37.434343770023986 ], [ -122.129934256351035, 37.433773943698526 ], [ -122.129966353341032, 37.433682164548053 ], [ -122.130495747149965, 37.433385152454392 ], [ -122.130177917163778, 37.433185173546796 ], [ -122.130108661861215, 37.433143366334271 ], [ -122.130273877160917, 37.43305083635839 ], [ -122.129449461473016, 37.432527993530947 ], [ -122.129703707931739, 37.432381350832003 ], [ -122.12988628306401, 37.432274708061847 ], [ -122.129407181104256, 37.431972064334715 ], [ -122.128743778152497, 37.431553229068093 ], [ -122.128861580239032, 37.431434797084272 ], [ -122.130136848384751, 37.430147867459333 ], [ -122.130194084480692, 37.430090596595093 ], [ -122.128745043635874, 37.429190296807889 ], [ -122.128698591602287, 37.429246181728779 ], [ -122.127580100187657, 37.430390583205735 ], [ -122.128081395025106, 37.43070715535768 ], [ -122.127937448980887, 37.430852401380236 ], [ -122.126914447547065, 37.431885046731047 ], [ -122.126344141881631, 37.431539403411847 ], [ -122.126282038639729, 37.431602727380564 ], [ -122.126067664833386, 37.431818388334925 ], [ -122.126187543480583, 37.431894600883098 ], [ -122.125941752693294, 37.432141847032277 ], [ -122.125821641032957, 37.432065994336959 ], [ -122.125790145439183, 37.432046460966106 ], [ -122.125344601596439, 37.432500839777326 ], [ -122.125499992394325, 37.43258650500993 ], [ -122.125428266155055, 37.432657213775869 ], [ -122.12504201170016, 37.433047345254977 ], [ -122.124981079737125, 37.433099692755064 ], [ -122.125391430075013, 37.433363450125057 ], [ -122.125460125208747, 37.433292755444477 ], [ -122.125553758644998, 37.433353207887158 ], [ -122.125892831902064, 37.433567490778529 ], [ -122.126978270160606, 37.432475212874166 ] ], [ [ -122.146847515631336, 37.444452335084911 ], [ -122.143165523681461, 37.44212547784884 ], [ -122.145819680349135, 37.441376872548581 ], [ -122.146762070892478, 37.440468718893158 ], [ -122.147460392186986, 37.440908280585184 ], [ -122.152358104505112, 37.443994465299859 ], [ -122.152420150914097, 37.443929095105865 ], [ -122.152740554432697, 37.443605889948913 ], [ -122.153488177162174, 37.442851778344 ], [ -122.153616327624619, 37.442722489909841 ], [ -122.154363932652458, 37.441968372675895 ], [ -122.15422879033693, 37.441883228302459 ], [ -122.154549212283996, 37.441560018565127 ], [ -122.154625854690153, 37.441475707073948 ], [ -122.152894507411673, 37.440415964867512 ], [ -122.154092787518394, 37.439204544867671 ], [ -122.153758180859526, 37.439002392225539 ], [ -122.150362432686819, 37.436850053421587 ], [ -122.147886213194639, 37.435287622730677 ], [ -122.146630701586588, 37.434497334717477 ], [ -122.145432969182991, 37.435713697559912 ], [ -122.144673300525696, 37.435224661892171 ], [ -122.144190236551879, 37.434924083217595 ], [ -122.142027529708059, 37.433564801972118 ], [ -122.139931816048488, 37.432242425037252 ], [ -122.137817963743828, 37.434831405306298 ], [ -122.139640920666679, 37.435970348656056 ], [ -122.141768419806965, 37.43733936877431 ], [ -122.142994248907073, 37.436132622238965 ], [ -122.145486096796901, 37.437702682627645 ], [ -122.144286159685407, 37.438897253342446 ], [ -122.143061122313071, 37.44010823194872 ], [ -122.141887773232583, 37.441318473972551 ], [ -122.143165523681461, 37.44212547784884 ], [ -122.139797990369516, 37.443094182545479 ], [ -122.137297208969329, 37.443821447111752 ], [ -122.137330748899529, 37.443932173298627 ], [ -122.137390610633034, 37.444173282466366 ], [ -122.137436907740124, 37.444359836346607 ], [ -122.137440116152803, 37.444549957246799 ], [ -122.137443324064833, 37.444740106088581 ], [ -122.137412841321449, 37.444928774766311 ], [ -122.137384907010357, 37.445101723331717 ], [ -122.137429622084895, 37.445249128471211 ], [ -122.13747430230714, 37.445396534080736 ], [ -122.137608441610567, 37.44550404245993 ], [ -122.137742580190306, 37.445611551601608 ], [ -122.137555831394181, 37.445874423157065 ], [ -122.137601390653785, 37.445893867191408 ], [ -122.137795491522908, 37.445620674219676 ], [ -122.138167258644884, 37.445684762145916 ], [ -122.138993990051077, 37.445685662739322 ], [ -122.139648454416701, 37.445686190387242 ], [ -122.139750121994865, 37.445684605076281 ], [ -122.139750918663538, 37.445148706583701 ], [ -122.139854272441298, 37.445148635968557 ], [ -122.140545114815097, 37.445150820358414 ], [ -122.140544018423654, 37.445115043465144 ], [ -122.140543683142894, 37.444867911871448 ], [ -122.140578137501393, 37.444868034961658 ], [ -122.140580336587689, 37.444509014992065 ], [ -122.144909077496152, 37.444527947434018 ], [ -122.14490519118273, 37.445018923295471 ], [ -122.146248876787965, 37.445021866304813 ], [ -122.146359668213591, 37.44502160362206 ], [ -122.146369049137789, 37.444951810682404 ], [ -122.146847515631336, 37.444452335084911 ] ] ] } },
{ "type": "Feature", "properties": { "ZONE_TYPE": null, "AREA_CALC": 249716.8, "SHAPE_Leng": 2160.4641936500002, "SHAPE_Area": 247074.717909, "has_CS": false, "Zone_Type_Abbr": "P" }, "geometry": { "type": "Polygon", "coordinates": [ [ [ -122.117185002151714, 37.449212601231928 ], [ -122.118315175747725, 37.450355898466462 ], [ -122.118409152703876, 37.450447364102189 ], [ -122.118206038713268, 37.450575723360188 ], [ -122.117315179894419, 37.451139434513877 ], [ -122.115881879450754, 37.449680979315204 ], [ -122.115971846213583, 37.449630435158433 ], [ -122.116328744318949, 37.449405799357699 ], [ -122.116546466557537, 37.449625681088911 ], [ -122.117190543303622, 37.449220271597213 ], [ -122.117185002151714, 37.449212601231928 ] ] ] } },
{ "type": "Feature", "properties": { "ZONE_TYPE": "Commercial", "AREA_CALC": 60824.7, "SHAPE_Leng": 1045.77760216, "SHAPE_Area": 61176.199840900001, "has_CS": false, "Zone_Type_Abbr": "C" }, "geometry": { "type": "Polygon", "coordinates": [ [ [ -122.125820983572609, 37.451923005500433 ], [ -122.12593537762244, 37.452006986354576 ], [ -122.126664844950682, 37.452508921863732 ], [ -122.126703658113527, 37.452594992999693 ], [ -122.125846187715013, 37.452840796398455 ], [ -122.125476757750064, 37.452021688996375 ], [ -122.125820983572609, 37.451923005500433 ] ] ] } },
{ "type": "Feature", "properties": { "ZONE_TYPE": "Commercial\/Manufacturing", "AREA_CALC": 56578.4, "SHAPE_Leng": 996.78475918499998, "SHAPE_Area": 56578.258171200003, "has_CS": false, "Zone_Type_Abbr": "C" }, "geometry": { "type": "Polygon", "coordinates": [ [ [ -122.124036693288545, 37.450572488986033 ], [ -122.124816198850482, 37.451163182094724 ], [ -122.123931483733728, 37.451416765705453 ], [ -122.123606356233907, 37.450695843801995 ], [ -122.124036693288545, 37.450572488986033 ] ] ] } },
{ "type": "Feature", "properties": { "ZONE_TYPE": "Commercial\/Manufacturing\/Residential", "AREA_CALC": 1374034.0, "SHAPE_Leng": 7407.80677655, "SHAPE_Area": 1376671.34727, "has_CS": false, "Zone_Type_Abbr": "C\/R" }, "geometry": { "type": "Polygon", "coordinates": [ [ [ -122.112224375602793, 37.452595619352138 ], [ -122.112907387665913, 37.452165718423693 ], [ -122.112482520252115, 37.451709671695205 ], [ -122.111929944559577, 37.451137619556825 ], [ -122.11193609802325, 37.450223270624015 ], [ -122.113828495879957, 37.450223745170369 ], [ -122.113986453276439, 37.449678436652277 ], [ -122.114239760157531, 37.449446057528306 ], [ -122.114804883287178, 37.449242982250617 ], [ -122.115292929215457, 37.449249863039178 ], [ -122.115575850627891, 37.449254099678079 ], [ -122.116592703696824, 37.448614473130881 ], [ -122.117190543303622, 37.449220271597213 ], [ -122.116546466557537, 37.449625681088911 ], [ -122.116328744318949, 37.449405799357699 ], [ -122.115881879450754, 37.449680979315204 ], [ -122.117315179894419, 37.451139434513877 ], [ -122.117135336299285, 37.451251072982998 ], [ -122.113454300471531, 37.453571324093765 ], [ -122.112705037798293, 37.452977174277329 ], [ -122.112224375602793, 37.452595619352138 ] ], [ [ -122.116585860927145, 37.451445319332571 ], [ -122.115748305046182, 37.45110492361129 ], [ -122.115257494718392, 37.450972495953771 ], [ -122.114820296046503, 37.451244379926344 ], [ -122.115620746690823, 37.452052753201407 ], [ -122.116585860927145, 37.451445319332571 ] ] ] } },
{ "type": "Feature", "properties": { "ZONE_TYPE": "Commercial", "AREA_CALC": 48569.8, "SHAPE_Leng": 880.88637823500005, "SHAPE_Area": 48570.531249799998, "has_CS": false, "Zone_Type_Abbr": "C" }, "geometry": { "type": "Polygon", "coordinates": [ [ [ -122.112224375602793, 37.452595619352138 ], [ -122.112170283274111, 37.452552686629033 ], [ -122.111925936341649, 37.452084242429528 ], [ -122.111928146249127, 37.452057402319298 ], [ -122.112420315991969, 37.451750493500583 ], [ -122.112482520252115, 37.451709671695205 ], [ -122.112907387665913, 37.452165718423693 ], [ -122.11286114179623, 37.452195690625345 ], [ -122.112224375602793, 37.452595619352138 ] ] ] } },
{ "type": "Feature", "properties": { "ZONE_TYPE": "Public Facility", "AREA_CALC": 318759.9, "SHAPE_Leng": 3541.4976242799999, "SHAPE_Area": 318775.36011200002, "has_CS": false, "Zone_Type_Abbr": "P" }, "geometry": { "type": "Polygon", "coordinates": [ [ [ -122.123616150657853, 37.452271474919648 ], [ -122.122443945685973, 37.450956059039903 ], [ -122.123965400456257, 37.450519966609576 ], [ -122.124036693288545, 37.450572488986033 ], [ -122.123606356233907, 37.450695843801995 ], [ -122.123931483733728, 37.451416765705453 ], [ -122.124816198850482, 37.451163182094724 ], [ -122.125612780959059, 37.45176687321036 ], [ -122.125614718626636, 37.451768851546447 ], [ -122.125616453017727, 37.451770942644366 ], [ -122.125617947970284, 37.451773147004999 ], [ -122.125619168973799, 37.451775437169033 ], [ -122.1256201510799, 37.451777813552226 ], [ -122.125620859778024, 37.451780248695336 ], [ -122.125621292807992, 37.451782742629646 ], [ -122.125621450082733, 37.451785239481886 ], [ -122.125621297739585, 37.451787741523532 ], [ -122.125620904084116, 37.451790218970039 ], [ -122.125620234103991, 37.451792673207592 ], [ -122.125619286582008, 37.45179504837855 ], [ -122.125618061537821, 37.451797345383774 ], [ -122.125616593983679, 37.451799562837216 ], [ -122.125614917252278, 37.451801674142395 ], [ -122.125612961781385, 37.451803651424228 ], [ -122.125610830947977, 37.451805466214942 ], [ -122.12560849032873, 37.451807146928587 ], [ -122.125605972608284, 37.451808637237924 ], [ -122.125603314577035, 37.451809965471838 ], [ -122.125600513887704, 37.45181107578847 ], [ -122.125444409826315, 37.451855868982776 ], [ -122.125450238058249, 37.451868780886542 ], [ -122.124905600519014, 37.45202489934001 ], [ -122.124899770650401, 37.452011960397151 ], [ -122.124280005227959, 37.452189635372761 ], [ -122.124349948972139, 37.452344689639311 ], [ -122.124435279500062, 37.452533921644253 ], [ -122.1246503750979, 37.452525615815873 ], [ -122.125102837171255, 37.452718472571298 ], [ -122.125206589367963, 37.452688742850356 ], [ -122.125276426749153, 37.452843578171496 ], [ -122.124889154511294, 37.452954584137338 ], [ -122.124734245456636, 37.452889787300236 ], [ -122.124669740180948, 37.452867414767773 ], [ -122.124603155546424, 37.452849273280016 ], [ -122.124534911591624, 37.452835548975585 ], [ -122.124465524316307, 37.452826318521737 ], [ -122.124395408494735, 37.452821630248323 ], [ -122.123867803540691, 37.45255135996721 ], [ -122.123616150657853, 37.452271474919648 ] ] ] } },
{ "type": "Feature", "properties": { "ZONE_TYPE": "Commercial", "AREA_CALC": 134118.6, "SHAPE_Leng": 1485.05636901, "SHAPE_Area": 134119.80946700001, "has_CS": false, "Zone_Type_Abbr": "C" }, "geometry": { "type": "Polygon", "coordinates": [ [ [ -122.118073969872725, 37.449312531578762 ], [ -122.119180666382661, 37.448687603062069 ], [ -122.119267104837363, 37.448641307299745 ], [ -122.119578068570391, 37.449424817156981 ], [ -122.119668219758893, 37.449674883640924 ], [ -122.119006468294288, 37.450068766554786 ], [ -122.118889455264565, 37.450143062330383 ], [ -122.118073969872725, 37.449312531578762 ] ] ] } },
{ "type": "Feature", "properties": { "ZONE_TYPE": null, "AREA_CALC": 106931.4, "SHAPE_Leng": 1566.62668263, "SHAPE_Area": 106929.785854, "has_CS": false, "Zone_Type_Abbr": "P" }, "geometry": { "type": "Polygon", "coordinates": [ [ [ -122.117185002151714, 37.449212601231928 ], [ -122.117238287349025, 37.449191265606615 ], [ -122.117558382572128, 37.448791856002408 ], [ -122.118073969872725, 37.449312531578762 ], [ -122.118889455264565, 37.450143062330383 ], [ -122.118409152703876, 37.450447364102189 ], [ -122.118315175747725, 37.450355898466462 ], [ -122.117185002151714, 37.449212601231928 ] ] ] } },
{ "type": "Feature", "properties": { "ZONE_TYPE": "Commercial\/Manufacturing\/Residential", "AREA_CALC": 790878.9, "SHAPE_Leng": 4387.5523900500002, "SHAPE_Area": 790657.71187500004, "has_CS": false, "Zone_Type_Abbr": "C\/R" }, "geometry": { "type": "Polygon", "coordinates": [ [ [ -122.119053335490818, 37.450193020091021 ], [ -122.119507178051009, 37.449901661472637 ], [ -122.119553960546597, 37.449879151036896 ], [ -122.119562797600537, 37.449875183677584 ], [ -122.119572027449735, 37.449871814701716 ], [ -122.119581615145918, 37.449869100465833 ], [ -122.119591425671572, 37.449867069868887 ], [ -122.119601420542779, 37.449865668468647 ], [ -122.119611535997478, 37.449864979154192 ], [ -122.119621699146421, 37.449864976796484 ], [ -122.119631809377552, 37.449865660981445 ], [ -122.119641796668006, 37.449867034477762 ], [ -122.11965162536103, 37.449869068939101 ], [ -122.119661193229888, 37.449871793713363 ], [ -122.11967043067321, 37.449875126850735 ], [ -122.119679302679515, 37.449879069735509 ], [ -122.119687704155638, 37.449883623818096 ], [ -122.119695567216809, 37.449888734161 ], [ -122.119824673339181, 37.449962051283414 ], [ -122.119847548605478, 37.449973080794557 ], [ -122.119871525441738, 37.449982418866007 ], [ -122.119896496429917, 37.449990012006396 ], [ -122.119922186338655, 37.449995782905553 ], [ -122.119948456695198, 37.449999705537145 ], [ -122.119975030574921, 37.450001728749555 ], [ -122.120001768374649, 37.450001826532173 ], [ -122.120028363328402, 37.450000031056263 ], [ -122.120087037154576, 37.449987300119822 ], [ -122.120646723868816, 37.449761252241473 ], [ -122.120708480116832, 37.449744523060176 ], [ -122.120771846497973, 37.449732083855707 ], [ -122.120836307311976, 37.449724078729595 ], [ -122.120901417375862, 37.449720515630531 ], [ -122.120966658583271, 37.44972142784777 ], [ -122.121031549008762, 37.449726849073201 ], [ -122.121095606637596, 37.449736704856896 ], [ -122.121158345482471, 37.449750946038492 ], [ -122.121219351768303, 37.449769413415851 ], [ -122.121278105056035, 37.449792033072697 ], [ -122.121334186944068, 37.4498185890969 ], [ -122.121447354839461, 37.449887730365795 ], [ -122.121523873662753, 37.449933562725427 ], [ -122.121604392660515, 37.449974751758567 ], [ -122.121688527437328, 37.450011138749375 ], [ -122.121836028106202, 37.45004618329353 ], [ -122.121962658431372, 37.450100607094996 ], [ -122.12209454612065, 37.45014644266093 ], [ -122.122230718913414, 37.450183373571669 ], [ -122.122370310850002, 37.450211137816453 ], [ -122.122512281984186, 37.450229529865304 ], [ -122.122655702090015, 37.450238451721525 ], [ -122.123354172349465, 37.450242390724092 ], [ -122.123418920317022, 37.450249131065242 ], [ -122.123482761387677, 37.450260115052679 ], [ -122.123545212939035, 37.450275292588159 ], [ -122.12360589060772, 37.450294505873593 ], [ -122.123664380635446, 37.450317648886603 ], [ -122.123720231461164, 37.450344592697213 ], [ -122.123773128634937, 37.450375119964107 ], [ -122.123822687700894, 37.450409017018288 ], [ -122.123868560362482, 37.45044606969104 ], [ -122.123965400456257, 37.450519966609576 ], [ -122.122443945685973, 37.450956059039903 ], [ -122.123616150657853, 37.452271474919648 ], [ -122.119612004445599, 37.451700565018818 ], [ -122.119098408877178, 37.450318781729521 ], [ -122.119053335490818, 37.450193020091021 ] ] ] } },
{ "type": "Feature", "properties": { "ZONE_TYPE": "Commercial\/Manufacturing\/Residential", "AREA_CALC": 180867.3, "SHAPE_Leng": 1914.16136102, "SHAPE_Area": 180868.38261, "has_CS": false, "Zone_Type_Abbr": "C\/R" }, "geometry": { "type": "Polygon", "coordinates": [ [ [ -122.117135336299285, 37.451251072982998 ], [ -122.117315179894419, 37.451139434513877 ], [ -122.118206038713268, 37.450575723360188 ], [ -122.118801724893203, 37.450645904597124 ], [ -122.118961872110361, 37.45054285867829 ], [ -122.119390563087478, 37.451698950377619 ], [ -122.118427058497176, 37.451795277096807 ], [ -122.118179774743979, 37.451423492694786 ], [ -122.117982924568082, 37.451403929641288 ], [ -122.117543332008168, 37.45166673760766 ], [ -122.117135336299285, 37.451251072982998 ] ] ] } },
{ "type": "Feature", "properties": { "ZONE_TYPE": "Residential Multi-Family", "AREA_CALC": 30804.0, "SHAPE_Leng": 702.67898646100002, "SHAPE_Area": 30803.436021199999, "has_CS": false, "Zone_Type_Abbr": "R" }, "geometry": { "type": "Polygon", "coordinates": [ [ [ -122.158435856845529, 37.450415969598751 ], [ -122.158823280173678, 37.450026287805777 ], [ -122.159290344177677, 37.45030835589499 ], [ -122.158889152597638, 37.450700129066988 ], [ -122.158435856845529, 37.450415969598751 ] ] ] } },
{ "type": "Feature", "properties": { "ZONE_TYPE": "Residential Single-Family", "AREA_CALC": 1194125.0, "SHAPE_Leng": 4480.3950419700004, "SHAPE_Area": 1194127.9744599999, "has_CS": false, "Zone_Type_Abbr": "R" }, "geometry": { "type": "Polygon", "coordinates": [ [ [ -122.121249804276346, 37.438685390348432 ], [ -122.123394203947015, 37.440039122659279 ], [ -122.122257594276093, 37.441194790110188 ], [ -122.120853491609807, 37.442622316360989 ], [ -122.120775532416303, 37.442573290758411 ], [ -122.118200651279039, 37.440949220935217 ], [ -122.117712579396752, 37.440562132339402 ], [ -122.119303986620537, 37.439668823632893 ], [ -122.119367328391007, 37.439742966470263 ], [ -122.119963538198547, 37.439408025616089 ], [ -122.119937846627408, 37.439321112462359 ], [ -122.121165066519183, 37.438631732789716 ], [ -122.121249804276346, 37.438685390348432 ] ] ] } },
{ "type": "Feature", "properties": { "ZONE_TYPE": "Commercial\/Residential", "AREA_CALC": 1224788.0, "SHAPE_Leng": 10929.3724736, "SHAPE_Area": 1224951.5551700001, "has_CS": false, "Zone_Type_Abbr": "C\/R" }, "geometry": { "type": "Polygon", "coordinates": [ [ [ -122.158517469294353, 37.449012917211597 ], [ -122.158147801471799, 37.448781331087289 ], [ -122.158350731025763, 37.448576622527987 ], [ -122.15834398675976, 37.448572378508985 ], [ -122.158542635590393, 37.448371988284961 ], [ -122.158511536909486, 37.448352402920307 ], [ -122.158740044064459, 37.448122060572295 ], [ -122.158808292927944, 37.44805374250808 ], [ -122.158724328990772, 37.448002546516662 ], [ -122.158574059266201, 37.447908721332489 ], [ -122.159276639586594, 37.447199681258141 ], [ -122.159688851511461, 37.446783825273236 ], [ -122.159783092928933, 37.446691488659582 ], [ -122.159506624995899, 37.446521794978814 ], [ -122.159576642855043, 37.446454083162038 ], [ -122.159839372690513, 37.446189028541845 ], [ -122.160151827675762, 37.446385901093549 ], [ -122.160222799365926, 37.446311610093474 ], [ -122.160453482657786, 37.446078899300083 ], [ -122.160615615407451, 37.44618106973077 ], [ -122.161087658404696, 37.445704864323083 ], [ -122.160925491034646, 37.445602695937346 ], [ -122.160661805313751, 37.445871007351514 ], [ -122.160621996663977, 37.445842425572195 ], [ -122.160704149024369, 37.445759626379086 ], [ -122.160544945991404, 37.445654420816417 ], [ -122.160459864661519, 37.445740256048637 ], [ -122.160002447516348, 37.44545094137812 ], [ -122.160340347595223, 37.445106976916129 ], [ -122.160941410023611, 37.444502480219803 ], [ -122.160589710720458, 37.444280399584812 ], [ -122.160882120534737, 37.443985668374488 ], [ -122.160298109976111, 37.443622305291335 ], [ -122.160328434731809, 37.443591688539811 ], [ -122.160098731251921, 37.443446935364555 ], [ -122.160018625315374, 37.443397086245625 ], [ -122.16029449445621, 37.443114594506191 ], [ -122.160635299309504, 37.443335099791682 ], [ -122.1609504715111, 37.443024636498706 ], [ -122.161510003558689, 37.443376393769157 ], [ -122.161664937726982, 37.443222023188369 ], [ -122.161803728468072, 37.443083784594755 ], [ -122.162138621749676, 37.443296980280209 ], [ -122.162670101573113, 37.442759082953543 ], [ -122.163152519065946, 37.443063606691211 ], [ -122.162625646019919, 37.443601029093628 ], [ -122.162490828020196, 37.44351553349707 ], [ -122.162156472111775, 37.443850801743515 ], [ -122.162187809853194, 37.443870300740507 ], [ -122.162301130314162, 37.443864547476622 ], [ -122.162611993020846, 37.444056601942648 ], [ -122.162699116667085, 37.444050230787617 ], [ -122.162939551044147, 37.443804383997971 ], [ -122.162959467764153, 37.443816902546729 ], [ -122.163120916084807, 37.443653509449632 ], [ -122.163227725287044, 37.443545774035897 ], [ -122.163254307031011, 37.443518834214714 ], [ -122.163186832466153, 37.443476253092854 ], [ -122.163425771181196, 37.443232980466966 ], [ -122.163562254476886, 37.443318974094879 ], [ -122.163553968408891, 37.443327442141396 ], [ -122.163550738772983, 37.443330921523092 ], [ -122.163547613185543, 37.443334454403534 ], [ -122.163544557653367, 37.443337986290871 ], [ -122.16354157174456, 37.443341599201204 ], [ -122.163538654781149, 37.443345212035375 ], [ -122.163535808550961, 37.443348904975586 ], [ -122.163533032396117, 37.443352597823655 ], [ -122.163530325261988, 37.443356344667009 ], [ -122.163527721553805, 37.443360117080545 ], [ -122.163525153495755, 37.443363916926131 ], [ -122.163522690616247, 37.443367770254497 ], [ -122.163520330559948, 37.443371622125355 ], [ -122.163518005606505, 37.443375527571106 ], [ -122.163515785228995, 37.443379459471956 ], [ -122.163513634399607, 37.443383418324423 ], [ -122.163511551968313, 37.443387403243577 ], [ -122.163509575242898, 37.44339141460182 ], [ -122.163507666915635, 37.443395452026778 ], [ -122.163505828116442, 37.443399515502428 ], [ -122.163504092783398, 37.443403606350181 ], [ -122.163502427485668, 37.443407695303968 ], [ -122.163500831208808, 37.443411838253105 ], [ -122.163499338885302, 37.443415979728762 ], [ -122.163497951117719, 37.443420146758648 ], [ -122.163496597870562, 37.443424341236678 ], [ -122.163495347446855, 37.443428534257244 ], [ -122.163494201579141, 37.443432752832045 ], [ -122.163493123527147, 37.443436971346806 ], [ -122.163492150031189, 37.443441215415788 ], [ -122.163491245460833, 37.443445458507846 ], [ -122.16349044544647, 37.44344972715411 ], [ -122.163489713247969, 37.443453995740335 ], [ -122.163489051687534, 37.443458289460409 ], [ -122.163488492970771, 37.443462582623901 ], [ -122.163488037077514, 37.443466874330028 ], [ -122.163487650732691, 37.443471192987751 ], [ -122.163487367718744, 37.443475482243436 ], [ -122.163487154233096, 37.44347979754987 ], [ -122.163487008543228, 37.443484111895323 ], [ -122.163487001854833, 37.443488425171779 ], [ -122.163487029044319, 37.443492737066826 ], [ -122.16348719408532, 37.443497047007995 ], [ -122.163487393044406, 37.443501357369598 ], [ -122.16348773096486, 37.443505664860318 ], [ -122.163488136681167, 37.443509971390128 ], [ -122.163488611343411, 37.443514277843867 ], [ -122.163489189336659, 37.443518554895533 ], [ -122.163489836255806, 37.443522830970274 ], [ -122.163490585998701, 37.443527105587513 ], [ -122.163491438545336, 37.443531377846448 ], [ -122.163492360565257, 37.4435356229856 ], [ -122.163493350361136, 37.443539866262846 ], [ -122.163494443508156, 37.443544081038986 ], [ -122.163495605581105, 37.443548294838109 ], [ -122.163496871607904, 37.443552507163751 ], [ -122.163498204205425, 37.443556663572153 ], [ -122.163499641359365, 37.443560845534748 ], [ -122.163501180132073, 37.4435649719845 ], [ -122.163502752782804, 37.443569097052837 ], [ -122.16350442878479, 37.443573193619955 ], [ -122.163506208740728, 37.443577288713605 ], [ -122.163506282567781, 37.443577507561933 ], [ -122.163618915816102, 37.443704740512146 ], [ -122.163821616242984, 37.443832453878976 ], [ -122.163714842008787, 37.443940217278879 ], [ -122.163985672388819, 37.44411047487403 ], [ -122.163931682981527, 37.44416436564881 ], [ -122.163824908938423, 37.44427210120147 ], [ -122.163771004759056, 37.444326732384361 ], [ -122.163718134607137, 37.444379837557022 ], [ -122.163237593481441, 37.444864688993874 ], [ -122.163168631110793, 37.44493623356756 ], [ -122.16343703970044, 37.44510595089659 ], [ -122.163379702407809, 37.445164256101677 ], [ -122.16314181412497, 37.445402403774096 ], [ -122.163273917445196, 37.445484888355317 ], [ -122.162981010818029, 37.44578501639559 ], [ -122.162594813826047, 37.445549064271674 ], [ -122.1625327113439, 37.445611583908679 ], [ -122.162511412653373, 37.445597326603369 ], [ -122.162241164937683, 37.445427029407462 ], [ -122.162131417380266, 37.445537608218785 ], [ -122.162420338332154, 37.445726429549467 ], [ -122.162003841661019, 37.446142328197695 ], [ -122.161397951256518, 37.446754535368058 ], [ -122.161506797548498, 37.446821556589654 ], [ -122.160907467116346, 37.447417817759757 ], [ -122.160836758439203, 37.447375527966628 ], [ -122.160232488943024, 37.447982513092697 ], [ -122.160198840307942, 37.447961371807793 ], [ -122.159988638852866, 37.448173437629059 ], [ -122.160037280886741, 37.448204091838058 ], [ -122.159957182922369, 37.448284884196362 ], [ -122.160024762843094, 37.448327466605505 ], [ -122.159784468612941, 37.448569871415543 ], [ -122.159719434726952, 37.448635589665756 ], [ -122.159663801902695, 37.448600392060115 ], [ -122.159837196758957, 37.448428073322518 ], [ -122.159376013130355, 37.448137298915164 ], [ -122.159201166156222, 37.448312549297704 ], [ -122.158517469294353, 37.449012917211597 ] ], [ [ -122.161747274579824, 37.444485715928401 ], [ -122.162151292736866, 37.444742569699478 ], [ -122.162184683142968, 37.444708832326278 ], [ -122.162454928128568, 37.4448791296617 ], [ -122.162638966203872, 37.444698112309766 ], [ -122.161960830078357, 37.444270247591682 ], [ -122.161747274579824, 37.444485715928401 ] ], [ [ -122.161803508790186, 37.445536345129867 ], [ -122.162038462884112, 37.445299313326906 ], [ -122.161497939105232, 37.444958716604887 ], [ -122.161262984366743, 37.445195747332072 ], [ -122.161803508790186, 37.445536345129867 ] ] ] } },
{ "type": "Feature", "properties": { "ZONE_TYPE": "Residential Single-Family", "AREA_CALC": 3116773.0, "SHAPE_Leng": 11786.598547, "SHAPE_Area": 3116776.7433600002, "has_CS": false, "Zone_Type_Abbr": "R" }, "geometry": { "type": "Polygon", "coordinates": [ [ [ -122.114121096059904, 37.431651863425316 ], [ -122.114056955200695, 37.43171858830997 ], [ -122.11264587108748, 37.433140757866809 ], [ -122.113790772109994, 37.433862990469841 ], [ -122.113593799108614, 37.434020292837765 ], [ -122.11167878874744, 37.435266382046194 ], [ -122.111495123980276, 37.435252340313276 ], [ -122.1111791297037, 37.435518263327722 ], [ -122.111178081621134, 37.43551756306622 ], [ -122.109045597700046, 37.433896397900547 ], [ -122.109321318485485, 37.432603158001506 ], [ -122.10940335247804, 37.43219357408082 ], [ -122.10942531569637, 37.43210191282764 ], [ -122.111122655224236, 37.431007288622475 ], [ -122.115100041848947, 37.428416623156203 ], [ -122.115253741163968, 37.428386873938607 ], [ -122.116415257971155, 37.427623484033255 ], [ -122.116443027218239, 37.427641312957832 ], [ -122.117462155640297, 37.428285445980116 ], [ -122.117376035816704, 37.42837236255447 ], [ -122.117586261052054, 37.428504885456299 ], [ -122.117321661238392, 37.428771874659525 ], [ -122.11751568310379, 37.42889415538351 ], [ -122.117259610198388, 37.429152539360693 ], [ -122.117441795765586, 37.429267374509955 ], [ -122.117415686128155, 37.429294351387846 ], [ -122.118403692604161, 37.429920281336109 ], [ -122.1185492397628, 37.429773431820472 ], [ -122.119074852601941, 37.430104704231731 ], [ -122.118680177322545, 37.430502951450066 ], [ -122.117592092158176, 37.431603957554849 ], [ -122.117433045396453, 37.431782992612817 ], [ -122.116799868744693, 37.431384001625716 ], [ -122.116676461255636, 37.431285880399159 ], [ -122.116378114670084, 37.43109754531352 ], [ -122.115237382496389, 37.432247598142915 ], [ -122.115168246775411, 37.432319062414308 ], [ -122.114121096059904, 37.431651863425316 ] ], [ [ -122.114121767402807, 37.431651030493363 ], [ -122.115323555851433, 37.430437876010686 ], [ -122.114273432296912, 37.42976901719031 ], [ -122.11422130363303, 37.429827281391503 ], [ -122.113138714705926, 37.430920616018035 ], [ -122.113080557003698, 37.430980472979059 ], [ -122.114119874526395, 37.431651084468136 ], [ -122.114121767402807, 37.431651030493363 ] ] ] } },
{ "type": "Feature", "properties": { "ZONE_TYPE": "Commercial\/Residential", "AREA_CALC": 7289.2, "SHAPE_Leng": 391.43970268800001, "SHAPE_Area": 7289.5915807600004, "has_CS": false, "Zone_Type_Abbr": "C\/R" }, "geometry": { "type": "Polygon", "coordinates": [ [ [ -122.160551820772056, 37.43959667016334 ], [ -122.160386088638603, 37.43921914793097 ], [ -122.160549620657889, 37.439174312401761 ], [ -122.160714365193073, 37.43955237018978 ], [ -122.160551820772056, 37.43959667016334 ] ] ] } },
{ "type": "Feature", "properties": { "ZONE_TYPE": "Residential Multi-Family", "AREA_CALC": 21609.1, "SHAPE_Leng": 588.02517017000002, "SHAPE_Area": 21608.769308499999, "has_CS": false, "Zone_Type_Abbr": "R" }, "geometry": { "type": "Polygon", "coordinates": [ [ [ -122.161197119779899, 37.439419949812716 ], [ -122.160714365193073, 37.43955237018978 ], [ -122.160549620657889, 37.439174312401761 ], [ -122.161033929474769, 37.439042200511572 ], [ -122.161197119779899, 37.439419949812716 ] ] ] } },
{ "type": "Feature", "properties": { "ZONE_TYPE": null, "AREA_CALC": 4935.4, "SHAPE_Leng": 299.16371692799999, "SHAPE_Area": 4935.5921179200004, "has_CS": false, "Zone_Type_Abbr": "P" }, "geometry": { "type": "Polygon", "coordinates": [ [ [ -122.148489721993542, 37.427734230155998 ], [ -122.148346005120402, 37.427658566982281 ], [ -122.148545296603913, 37.427416870820437 ], [ -122.148663955465437, 37.427522908630699 ], [ -122.148489721993542, 37.427734230155998 ] ] ] } },
{ "type": "Feature", "properties": { "ZONE_TYPE": "Residential Multi-Family", "AREA_CALC": 75010.4, "SHAPE_Leng": 1118.7169762000001, "SHAPE_Area": 75012.211974899998, "has_CS": false, "Zone_Type_Abbr": "R" }, "geometry": { "type": "Polygon", "coordinates": [ [ [ -122.161778595211842, 37.442195083656955 ], [ -122.161511606579182, 37.44246443265736 ], [ -122.161298054951587, 37.442679900206485 ], [ -122.161245643269169, 37.442733519573103 ], [ -122.160905375570252, 37.442512376714575 ], [ -122.160409608205768, 37.4422018243651 ], [ -122.160701514391576, 37.441908007193021 ], [ -122.160750707792062, 37.441938873160019 ], [ -122.160989457245606, 37.441697833268144 ], [ -122.161778595211842, 37.442195083656955 ] ] ] } },
{ "type": "Feature", "properties": { "ZONE_TYPE": "Commercial\/Residential", "AREA_CALC": 19190.0, "SHAPE_Leng": 556.03768403799995, "SHAPE_Area": 19189.907325600001, "has_CS": false, "Zone_Type_Abbr": "C\/R" }, "geometry": { "type": "Polygon", "coordinates": [ [ [ -122.160921817301684, 37.443052895649366 ], [ -122.160577026183518, 37.442835936175193 ], [ -122.160905375570252, 37.442512376714575 ], [ -122.161245643269169, 37.442733519573103 ], [ -122.160921817301684, 37.443052895649366 ] ] ] } }
]
}
