,start_date,1100 Spruce St,1100 Walnut St,1360 Gillaspie Dr,1500 Pearl St,3172 Broadway,900 Walnut St
0,2018-01-01,,,,,,
1,2018-01-02,,,,,,
2,2018-01-03,,,,,,
3,2018-01-04,,,,,,
4,2018-01-05,,,,,,
5,2018-01-06,,,,1.392,,
6,2018-01-07,,,,,,
7,2018-01-08,,,,,,
8,2018-01-09,,,,,,
9,2018-01-10,,,,,,
10,2018-01-11,,,,,,
11,2018-01-12,,,,,,
12,2018-01-13,,,,,,
13,2018-01-14,,,,,,
14,2018-01-15,,,8.198,,,
15,2018-01-16,,,,,,21.184
16,2018-01-17,,,26.25,,,24.248
17,2018-01-18,,,28.35,12.373999999999999,,
18,2018-01-19,,,17.83,,,
19,2018-01-20,,,6.046,,,
20,2018-01-21,,,22.672,,,
21,2018-01-22,,,,,,
22,2018-01-23,,,20.186,,,
23,2018-01-24,,,4.254,,,
24,2018-01-25,0.344,,36.721999999999994,13.974,,0.464
25,2018-01-26,,,14.450000000000001,,,16.374
26,2018-01-27,,,8.36,14.758,,
27,2018-01-28,,,33.897999999999996,,,9.236
28,2018-01-29,,,,,,
29,2018-01-30,,,29.736,,,
30,2018-01-31,5.678000000000001,,7.874,,,24.6342
31,2018-02-01,22.502000000000002,,,,,90.8258
32,2018-02-02,,,23.958,14.041999999999998,,179.958
33,2018-02-03,,,,30.986,,16.046
34,2018-02-04,,,18.874,,,
35,2018-02-05,,,,,,49.377497630331746
36,2018-02-06,4.674,,17.698,,,33.13650236966825
37,2018-02-07,,,4.63,,,58.802
38,2018-02-08,,,63.122,37.06,,65.47
39,2018-02-09,,,47.804,,,44.001999999999995
40,2018-02-10,7.102,,,12.108,,31.262
41,2018-02-11,8.712,,9.724,34.906,,28.572
42,2018-02-12,,,13.374,18.68,,23.698
43,2018-02-13,,,43.806,,,47.956
44,2018-02-14,10.216,,13.594,0.028,,24.918
45,2018-02-15,28.714,,24.474,,,28.746
46,2018-02-16,17.248,,12.716,11.21,,63.994
47,2018-02-17,,,,,,72.04599999999999
48,2018-02-18,2.004,,21.358,36.706,,49.708
49,2018-02-19,,,6.048,26.697927710843373,,28.108
50,2018-02-20,22.434,,27.756,32.79807228915662,,47.55
51,2018-02-21,47.31399999999999,,7.404,31.984,,
52,2018-02-22,,,8.896,70.068,,18.031999999999996
53,2018-02-23,21.706,,52.484,25.75,,51.198807339449544
54,2018-02-24,10.794,,13.078,,,120.88919266055046
55,2018-02-25,57.135999999999996,,65.55799999999999,38.762,,34.344
56,2018-02-26,,,,49.03,,34.55
57,2018-02-27,44.132000000000005,,,,,
58,2018-02-28,60.78,,26.036,0.45,,5.81
59,2018-03-01,66.924,,51.15,,,26.298000000000002
60,2018-03-02,,,13.600000000000001,,,53.367999999999995
61,2018-03-03,42.550000000000004,,1.3598666666666668,40.0,,27.630000000000003
62,2018-03-04,,,7.284133333333334,,,11.158
63,2018-03-05,,,2.832,,,
64,2018-03-06,18.96,,19.652,36.75,,7.14
65,2018-03-07,28.171999999999997,,,35.81,,26.152
66,2018-03-08,16.824,,,12.368,,40.13
67,2018-03-09,12.374,,21.986000000000004,29.512,,
68,2018-03-10,,,13.759999999999998,17.124,,65.134
69,2018-03-11,18.278,,30.716,,,21.602
70,2018-03-12,,,5.838,,,44.508
71,2018-03-13,,,53.47,,,10.17
72,2018-03-14,,,,26.884,,44.116
73,2018-03-15,14.522,,39.012,,,131.052
74,2018-03-16,18.0,,,14.158000000000001,,43.292
75,2018-03-17,30.514000000000003,,34.202,,,22.759999999999998
76,2018-03-18,12.116,,37.056,16.438,,32.328
77,2018-03-19,,,,8.818000000000001,,32.126
78,2018-03-20,,,11.812,29.372,,
79,2018-03-21,19.232,,,,,78.674
80,2018-03-22,21.323999999999998,,58.814,45.558,,23.018
81,2018-03-23,32.702,,13.672,78.212,,104.174
82,2018-03-24,,,,20.348,,57.470000000000006
83,2018-03-25,,,42.352000000000004,6.878,,25.202
84,2018-03-26,42.158,,,,,17.802
85,2018-03-27,27.146,,12.022,11.44,,
86,2018-03-28,61.596000000000004,,37.28,37.54,,22.738
87,2018-03-29,28.608000000000004,,9.244,,,33.44
88,2018-03-30,42.996,,20.128,12.622,,18.668
89,2018-03-31,51.873999999999995,,21.13,,,26.904000000000003
90,2018-04-01,28.794000000000004,,,,,46.995999999999995
91,2018-04-02,1.846,,12.454,,,12.882
92,2018-04-03,41.994,,,,,17.982
93,2018-04-04,,,18.008,30.13,,24.692
94,2018-04-05,120.12199999999999,,70.938,19.240000000000002,,10.15
95,2018-04-06,19.072,23.772,40.768,88.888,,7.552
96,2018-04-07,8.792,,36.53999999999999,,,42.246
97,2018-04-08,,8.32,7.008,38.092,,15.989999999999998
98,2018-04-09,,37.72,,,,
99,2018-04-10,32.146,74.46799999999999,33.89,6.11,,71.74600000000001
100,2018-04-11,,70.488,18.414,20.53,,
101,2018-04-12,59.798,36.458,30.862000000000002,,,42.838
102,2018-04-13,,72.064,12.552,,,50.480000000000004
103,2018-04-14,38.15,60.548,35.46,94.024,,63.876
104,2018-04-15,44.33,,44.91,47.91799999999999,,5.808
105,2018-04-16,,45.19799999999999,40.25,,,19.362000000000002
106,2018-04-17,,42.634,8.49,39.5,,
107,2018-04-18,2.856,81.19800000000001,19.698,,,14.032
108,2018-04-19,8.594,59.336000000000006,10.71,11.592,,10.77
109,2018-04-20,35.488,73.536,34.712,11.63,,50.616
110,2018-04-21,55.266000000000005,,,26.98,,53.706
111,2018-04-22,18.344,22.328,15.984,11.192,,
112,2018-04-23,,28.376,,,,
113,2018-04-24,11.672,26.836000000000002,42.266,,,13.07
114,2018-04-25,5.776,39.294,,22.686,,24.806
115,2018-04-26,42.339999999999996,37.321999999999996,17.242,31.96,,38.228
116,2018-04-27,16.534,115.22400000000002,,24.148,,63.626000000000005
117,2018-04-28,2.872,51.855999999999995,34.026,53.772000000000006,,26.038
118,2018-04-29,34.410000000000004,10.272,7.178,,,34.616
119,2018-04-30,,95.94800000000001,5.12,,,
120,2018-05-01,,114.242,,,,49.056
121,2018-05-02,,53.5,12.98,17.16,,60.769999999999996
122,2018-05-03,,110.256,10.828,,,44.682
123,2018-05-04,25.41,56.324,43.480000000000004,46.174,,65.582
124,2018-05-05,21.872,38.422000000000004,,9.27,,11.734
125,2018-05-06,19.368,38.83,48.182,12.564,,31.552000000000003
126,2018-05-07,29.356,101.67000000000002,7.446,48.468,,8.78
127,2018-05-08,,81.26,,,,13.684000000000001
128,2018-05-09,0.278,85.602,,36.5,,
129,2018-05-10,,62.321999999999996,6.914,15.104000000000001,,27.8
130,2018-05-11,,80.086,9.394,11.96,,42.056000000000004
131,2018-05-12,60.894,65.65,,55.361999999999995,,38.118
132,2018-05-13,57.04,31.942,29.736000000000004,42.834,,38.866
133,2018-05-14,,73.568,18.346,4.638,,3.736
134,2018-05-15,21.554,102.986,27.394000000000002,,,21.578
135,2018-05-16,,57.5,36.018,5.422,,65.514
136,2018-05-17,43.692,77.966,49.022000000000006,13.902,,37.058
137,2018-05-18,19.088,57.446,64.134,17.576,,26.362000000000002
138,2018-05-19,55.302,47.396,,36.016,,61.946
139,2018-05-20,38.556,20.444,9.154,29.131999999999998,,7.51
140,2018-05-21,17.258,120.208,35.589999999999996,,,19.068
141,2018-05-22,,82.222,26.701999999999998,17.118000000000002,,34.726
142,2018-05-23,11.228,63.724000000000004,25.526,16.15,,26.61
143,2018-05-24,89.47,55.798,73.468,14.168,,
144,2018-05-25,38.504,69.44200000000001,36.08,,,
145,2018-05-26,34.013999999999996,82.448,9.55,27.118000000000002,,86.842
146,2018-05-27,,39.014,72.426,40.104,,90.2890099009901
147,2018-05-28,16.677999999999997,26.15,,7.28,,90.89699009900988
148,2018-05-29,,53.574,10.412,5.78,,13.274
149,2018-05-30,,53.995999999999995,33.186,28.188,,87.272
150,2018-05-31,11.41,78.03999999999999,,11.79,,35.806
151,2018-06-01,21.322,90.356,24.683999999999997,36.638,,17.704
152,2018-06-02,27.014000000000003,48.8,44.6,94.62,,16.24
153,2018-06-03,58.178,39.532,,,,38.52
154,2018-06-04,,58.257999999999996,17.994,19.408,,4.508
155,2018-06-05,15.61,98.932,,13.388,,43.608
156,2018-06-06,43.346000000000004,31.225999999999996,11.772,16.344,,96.002
157,2018-06-07,17.546,39.534,34.108000000000004,,,80.346
158,2018-06-08,27.557999999999996,82.752,46.338,62.956,,75.63000000000001
159,2018-06-09,,59.202,25.592,74.088,,8.514
160,2018-06-10,,20.992,50.602000000000004,,,25.060000000000002
161,2018-06-11,11.886,50.766,40.646,11.566,,34.584
162,2018-06-12,,48.662,18.86,17.172,,
163,2018-06-13,,86.884,4.084,16.304,,102.188
164,2018-06-14,48.116,8.592,32.458,44.623999999999995,,53.9
165,2018-06-15,,42.025999999999996,21.96,4.4,,69.608
166,2018-06-16,16.878,4.64,30.886000000000003,6.992,,85.4
167,2018-06-17,24.042,7.646,6.543999999999999,8.374,,58.238
168,2018-06-18,11.658,16.302,67.938,9.298,,9.462
169,2018-06-19,63.133999999999986,39.924,21.492,14.118,,119.19000000000001
170,2018-06-20,25.814,11.248,30.126,16.188000000000002,,102.38199999999999
171,2018-06-21,30.352,43.984,17.206000000000003,,,62.126
172,2018-06-22,45.928,0.052,26.852,,,32.622
173,2018-06-23,24.554000000000002,43.402,23.718,67.94800000000001,,74.364
174,2018-06-24,32.03,,8.556000000000001,38.76,,51.528000000000006
175,2018-06-25,11.356,24.938,20.018,,,148.694
176,2018-06-26,41.611999999999995,36.768,20.288,27.006,,65.16400000000002
177,2018-06-27,,38.424,38.176,51.004000000000005,,58.160000000000004
178,2018-06-28,19.61,35.99,33.606,11.844,,59.502
179,2018-06-29,31.019999999999996,49.492000000000004,30.772000000000002,49.012,,11.672
180,2018-06-30,96.248,14.844,4.786,39.826,,26.409999999999997
181,2018-07-01,17.352,31.772000000000002,39.812,34.402,,27.34
182,2018-07-02,24.106,12.824,17.644,10.96,,46.43000000000001
183,2018-07-03,,34.442,9.248,5.08,,
184,2018-07-04,,14.966,32.814,21.676,,24.422
185,2018-07-05,24.15,,25.204,5.548,,26.27
186,2018-07-06,48.808,,11.756,25.41,,99.61676635514019
187,2018-07-07,,31.924,6.066,18.387999999999998,,58.27723364485981
188,2018-07-08,67.298,30.972,28.388,58.391999999999996,,
189,2018-07-09,37.693999999999996,,6.126,24.492,,49.658
190,2018-07-10,27.671999999999997,86.18799999999999,42.31,45.08,,51.11000000000001
191,2018-07-11,46.162,,8.694,30.540000000000003,,39.126000000000005
192,2018-07-12,25.828,30.232,7.167999999999999,,,31.924
193,2018-07-13,13.21,9.688,,,,40.564
194,2018-07-14,4.682,15.68,36.983999999999995,64.75,,19.546
195,2018-07-15,65.124,18.286,18.272,,,56.066
196,2018-07-16,25.858,41.31,86.332,27.912,,61.318
197,2018-07-17,71.16999999999999,31.678,88.13999999999999,1.93,,
198,2018-07-18,11.764,24.672,22.012,6.218,,
199,2018-07-19,30.116,55.502,138.09799999999998,,,29.524
200,2018-07-20,13.796,27.188000000000002,17.422,25.272,,12.129999999999999
201,2018-07-21,44.718,51.836,16.822,64.816,,54.279999999999994
202,2018-07-22,4.52,24.804,108.02493033707864,26.37,,24.274
203,2018-07-23,64.384,26.814,65.16906966292134,22.762,,37.989999999999995
204,2018-07-24,14.178,,88.12079920477137,20.382000000000005,,66.888
205,2018-07-25,20.832,27.485999999999997,118.80700912856194,,,17.834
206,2018-07-26,39.29,,114.7353987672584,7.796,,40.354
207,2018-07-27,58.538000000000004,31.502,39.854792899408274,5.972,,81.79599999999999
208,2018-07-28,39.00599999999999,,,112.352,,59.328
209,2018-07-29,11.446,84.242,72.024,,,19.918
210,2018-07-30,39.268531645569624,,66.21803378378378,14.518,,26.836
211,2018-07-31,14.901468354430378,28.476,37.55979478764479,30.060000000000002,,91.13799999999999
212,2018-08-01,15.176,24.796,88.17617142857142,31.432000000000002,,38.160000000000004
213,2018-08-02,19.972,24.902,41.883640404040406,10.966,,81.154
214,2018-08-03,38.24,38.458,123.8843595959596,21.666,,135.108
215,2018-08-04,39.076,2.614,0.084,,,36.964
216,2018-08-05,,38.252,22.706,58.06,,
217,2018-08-06,11.814,11.088,41.640575999999996,,,64.68799999999999
218,2018-08-07,32.968,6.208,111.18851212260536,26.102,,29.586
219,2018-08-08,43.364,13.376,107.08091187739463,34.816,,84.886
220,2018-08-09,51.63,36.916,65.798,27.024,,55.122
221,2018-08-10,52.164,39.094,38.008,19.058,,63.888000000000005
222,2018-08-11,4.176,61.068,16.984,14.426,,64.24000000000001
223,2018-08-12,45.222,69.51599999999999,129.74960649819494,29.23,,23.986
224,2018-08-13,58.465999999999994,,120.69239350180507,19.126,,
225,2018-08-14,28.496000000000002,13.846,6.11,25.568,,48.104
226,2018-08-15,32.672,,133.30897101449276,2.848,,25.068000000000005
227,2018-08-16,48.465999999999994,28.492000000000004,142.83257444005267,34.397999999999996,,35.14
228,2018-08-17,54.37,46.704,61.32045454545454,14.484,,92.578
229,2018-08-18,21.583999999999996,15.45,52.403999999999996,20.548,,68.672
230,2018-08-19,31.567999999999998,31.800000000000004,,23.786,,11.41
231,2018-08-20,27.724,13.274,57.2179843444227,3.176,,84.04599999999999
232,2018-08-21,,3.62,115.90166359565222,7.53,,61.824
233,2018-08-22,36.0,35.92,167.23194091009933,21.474,29.816,80.244
234,2018-08-23,12.442,35.482,71.39841114982578,42.410000000000004,9.474,79.056
235,2018-08-24,67.2296,18.364,77.068,,29.668000000000003,98.898
236,2018-08-25,42.5064,11.04,11.495999999999999,46.16,,66.998
237,2018-08-26,,,43.123999999999995,11.82,47.488,15.936
238,2018-08-27,56.242,16.104,73.9948988764045,6.092,44.544000000000004,
239,2018-08-28,81.946,47.97,68.20325798634063,2.938,2.9720000000000004,43.182
240,2018-08-29,72.188,7.218,72.53584313725489,,13.67,72.708
241,2018-08-30,,7.748,6.274,10.462,7.062,117.306
242,2018-08-31,102.128,53.668,13.638,,25.048000000000002,44.458
243,2018-09-01,,54.02799999999999,16.606,,,
244,2018-09-02,39.39,,11.564,12.548,,28.002000000000002
245,2018-09-03,,14.112,14.896,57.164,45.726,43.412
246,2018-09-04,25.248,12.34,132.34199999999998,,2.046,
247,2018-09-05,18.496,,79.65800000000002,,8.776,55.408
248,2018-09-06,18.78,,35.296,11.54,6.188,75.422
249,2018-09-07,27.752,76.39999999999999,40.466,,32.32,78.13799999999999
250,2018-09-08,,66.3,43.958,14.632000000000001,,61.48400000000001
251,2018-09-09,17.768,43.794,61.16399581589958,74.25399999999999,17.638000000000005,
252,2018-09-10,8.074,39.076,80.64176820731126,28.362,24.736,
253,2018-09-11,,53.260000000000005,96.91423597678919,12.260000000000002,53.629999999999995,32.638
254,2018-09-12,13.044,20.11,34.732913884007026,30.426,16.104,58.449999999999996
255,2018-09-13,12.448,,176.2822187002626,15.296,7.696,56.916
256,2018-09-14,61.914,10.844,36.56686741573034,34.76,,108.52400000000002
257,2018-09-15,7.34,63.328,,56.232000000000006,,51.072
258,2018-09-16,31.674,24.924,12.57,36.786,12.102,80.58200000000001
259,2018-09-17,9.362,,23.022,19.815999999999995,6.468,37.238
260,2018-09-18,60.571999999999996,28.496,33.754,18.56,25.144,27.27
261,2018-09-19,,57.553999999999995,9.888,12.751999999999999,4.182,89.58200000000001
262,2018-09-20,30.972,21.336,39.204,36.434,55.576,50.818
263,2018-09-21,23.764,36.996,17.986,18.687999999999995,20.466,128.504
264,2018-09-22,43.298,3.812,5.164,21.728,11.882000000000001,
265,2018-09-23,27.018,23.796000000000003,28.356,14.69,27.746,57.432
266,2018-09-24,77.554,,73.0433445945946,32.705999999999996,18.286,69.23599999999999
267,2018-09-25,,28.292,97.74865540540539,43.273999999999994,3.596,39.106
268,2018-09-26,5.552,20.826000000000004,77.9745,58.129999999999995,54.438,50.826
269,2018-09-27,61.224000000000004,23.494,145.40612167689162,26.318,16.55,69.952
270,2018-09-28,93.124,46.182,118.28537832310838,59.476,19.03,65.774
271,2018-09-29,33.513999999999996,,43.798,,,51.778
272,2018-09-30,19.778,5.412,55.624475920679885,33.658,45.254,23.042
273,2018-10-01,59.848,,68.48679680659285,,10.772,42.178
274,2018-10-02,23.832,26.936000000000007,88.90472727272729,,24.666,29.636000000000003
275,2018-10-03,36.758,79.922,44.102026974951826,58.418,23.964,55.692
276,2018-10-04,,100.06,120.55797302504816,15.346,25.724000000000004,70.982
277,2018-10-05,22.978,56.364000000000004,13.892,35.306,12.56,86.008
278,2018-10-06,23.14,13.95,83.928,32.9,5.71,73.38600000000001
279,2018-10-07,64.012,42.262,16.044,23.392,33.682,48.982
280,2018-10-08,31.27,,6.246,35.748,32.764,82.52
281,2018-10-09,32.004,48.568000000000005,95.3283422818792,,21.740000000000002,50.081999999999994
282,2018-10-10,23.286,44.525999999999996,197.94362938950889,7.938,51.844,27.584
283,2018-10-11,10.532,50.556,58.192028328611904,51.56600000000001,7.028,124.57
284,2018-10-12,27.606,94.438,69.974,68.378,21.632,132.45600000000002
285,2018-10-13,15.485999999999999,56.653999999999996,10.838000000000001,32.834,6.49,70.312
286,2018-10-14,,,4.092,,66.282,
287,2018-10-15,16.96,69.642,46.532,63.472,42.660000000000004,
288,2018-10-16,,55.482,121.694,28.676,3.7,138.16400000000002
289,2018-10-17,30.556,,102.86978070175438,,29.244,43.022
290,2018-10-18,47.9,55.022,59.78421929824561,56.89,4.532,31.168
291,2018-10-19,25.084456375838926,21.33,38.604000000000006,58.696000000000005,16.578,77.926
292,2018-10-20,61.595543624161074,,16.792,55.974,6.132,24.522
293,2018-10-21,13.098,33.802,21.226,,40.798,90.92399999999999
294,2018-10-22,13.748,15.948,,,12.988,100.672
295,2018-10-23,6.638,,19.486,,39.388,36.816
296,2018-10-24,38.058,47.784000000000006,130.77200000000002,71.45,26.583999999999996,53.629999999999995
297,2018-10-25,25.032,38.9,40.44199999999999,16.404,49.226,145.038
298,2018-10-26,44.260000000000005,13.962,12.706,22.748,62.372,105.592
299,2018-10-27,19.114,13.104,32.324,,15.378,109.762
300,2018-10-28,39.06,23.512,45.8744214559387,19.212,21.392,38.096000000000004
301,2018-10-29,16.768,6.246,41.41402298850575,,61.942,92.834
302,2018-10-30,40.699999999999996,41.372,96.15802364066194,,21.732,81.89999999999999
303,2018-10-31,36.577999999999996,24.084,168.6696990035012,74.70199999999998,68.93400000000001,121.832
304,2018-11-01,81.566,4.152,88.56580428153555,,75.5,112.608
305,2018-11-02,21.926000000000002,16.778,78.08202862985685,34.288,45.464,35.522
306,2018-11-03,64.53999999999999,54.56399999999999,0.656,11.76,27.35,72.244
307,2018-11-04,27.352,15.028,12.058,38.598,51.258,38.74
308,2018-11-05,,6.144,45.8586026058632,7.332,43.064,78.64999999999999
309,2018-11-06,38.704,,109.84139739413679,,24.124000000000002,153.256
310,2018-11-07,12.764,,130.63239716312057,12.866,53.646,83.116
311,2018-11-08,54.286,60.206,68.57960283687945,44.876000000000005,32.764,89.456
312,2018-11-09,44.638,55.087999999999994,35.924,89.80000000000001,76.536,67.71
313,2018-11-10,75.45599999999999,21.93,61.995999999999995,24.592,,73.246
314,2018-11-11,46.428,63.43000000000001,20.038,7.85,39.276,54.43600000000001
315,2018-11-12,64.25999999999999,40.388,13.916,55.208,11.95,70.752
316,2018-11-13,75.054,38.72800000000001,21.404,25.07,69.544,82.324
317,2018-11-14,41.464,37.49000000000001,139.8531142857143,11.32,24.364,110.092
318,2018-11-15,17.666,92.984,4.104885714285725,23.17,39.298,98.66799999999999
319,2018-11-16,116.696,19.458,48.194,7.456,40.08960714285715,87.586
320,2018-11-17,37.764,52.6860375,14.52,8.676,25.45039285714286,65.21000000000001
321,2018-11-18,21.894,35.1999625,62.056,,61.102000000000004,39.158
322,2018-11-19,67.374,53.696,99.33159103641458,14.534,40.16,138.668
323,2018-11-20,46.4,3.9299999999999997,60.518408963585436,17.665999999999997,23.784,19.618
324,2018-11-21,65.048,,25.926000000000002,,,98.80799999999999
325,2018-11-22,9.604,,,,,
326,2018-11-23,18.702,26.066,9.466,13.984,7.824,48.794
327,2018-11-24,19.759999999999998,14.784000000000002,8.218,,54.552,66.894
328,2018-11-25,16.881999999999998,7.818,,24.198,56.958,
329,2018-11-26,58.228,44.88,11.972000000000001,108.092,36.938,81.458
330,2018-11-27,9.394,26.878,36.16,19.804000000000002,77.606,
331,2018-11-28,63.147999999999996,53.855999999999995,17.442,50.482,42.306,13.598000000000003
332,2018-11-29,69.268,16.528,31.29,,57.455999999999996,57.19
333,2018-11-30,24.497999999999998,78.672,18.268,2.748,80.062,172.11032653061224
334,2018-12-01,78.604,75.284,0.842,70.162,15.712,27.829673469387753
335,2018-12-02,15.122,10.344,55.68599999999999,61.056,52.748000000000005,85.866
336,2018-12-03,95.936,5.836,39.748,12.372,36.65,22.694
337,2018-12-04,12.201999999999998,41.483999999999995,47.042,5.158,69.81400000000001,96.742
338,2018-12-05,67.91799999999999,47.714,4.274,39.12,79.398,71.406
339,2018-12-06,9.864,105.286,6.276,48.562,51.444,40.944
340,2018-12-07,135.962,18.382,41.96,48.136,83.23599999999999,76.482
341,2018-12-08,68.878,69.88861809045225,4.678,103.69952195121951,14.14,108.218
342,2018-12-09,38.804,88.29338190954775,103.82000000000001,52.0464780487805,83.23400000000001,66.45
343,2018-12-10,32.992000000000004,40.3,4.832,28.536,36.769999999999996,67.372
344,2018-12-11,30.088,58.76199999999999,108.056,15.172,47.97200000000001,107.10199999999999
345,2018-12-12,52.913999999999994,40.04,11.684000000000001,41.792,107.832,196.1818901098901
346,2018-12-13,49.004000000000005,117.49399999999999,43.842,40.154,63.752,85.60010989010989
347,2018-12-14,128.972,37.004,14.902,68.006,55.28,138.222
348,2018-12-15,39.486000000000004,14.896,10.426,43.78,55.919999999999995,46.940000000000005
349,2018-12-16,58.802,20.422,26.9,44.523999999999994,22.204,43.629999999999995
350,2018-12-17,101.1,67.386,19.428,22.563999999999997,101.862,60.279999999999994
351,2018-12-18,28.466,78.762,39.752,39.372,62.620000000000005,112.476
352,2018-12-19,139.76000000000002,100.774,53.962,46.879999999999995,67.72,225.588
353,2018-12-20,91.55,29.048000000000002,79.3,45.34,95.744,66.28999999999999
354,2018-12-21,150.304,69.952,24.58,104.924,32.368,114.512
355,2018-12-22,105.386,36.282,0.7,,4.002,48.906
356,2018-12-23,34.018,31.066000000000003,94.378,65.894,50.448,102.07600000000001
357,2018-12-24,17.188000000000002,41.83200000000001,16.172,17.766,93.148,36.05200000000001
358,2018-12-25,,,45.297999999999995,,26.484,
359,2018-12-26,19.590000000000003,52.736,23.494,,24.588,84.878
360,2018-12-27,7.756,38.946,51.653999999999996,25.962,31.524,114.21
361,2018-12-28,70.014,37.602000000000004,42.476,8.818,116.84400000000001,65.16399999999999
362,2018-12-29,32.316,,17.188,54.68600000000001,17.903999999999996,57.588
363,2018-12-30,15.554,37.388,18.77,16.838,29.308,35.622
364,2018-12-31,42.147999999999996,,15.639999999999999,13.892,58.474,81.072
365,2019-01-01,9.256,25.442,8.372,,,
366,2019-01-02,,48.257999999999996,10.504,10.986,103.44800000000001,
367,2019-01-03,30.796,39.218,11.762,61.400000000000006,43.96,101.696
368,2019-01-04,56.58,,73.586,59.88,45.897999999999996,73.404
369,2019-01-05,33.98,34.464,17.428,,2.032,47.04
370,2019-01-06,40.5,19.654,55.7,10.166,50.105999999999995,93.352
371,2019-01-07,103.068,,29.39,45.414,59.71,29.3
372,2019-01-08,26.314,,40.61,25.362000000000002,46.641999999999996,73.64
373,2019-01-09,38.15,38.522,38.304,46.964,74.854,99.822
374,2019-01-10,37.598,,60.898,27.698,113.006,94.956
375,2019-01-11,25.632,23.64,8.154,90.59,45.47,119.894
376,2019-01-12,39.132000000000005,29.45,20.6,,57.39,20.67
377,2019-01-13,45.534,,34.888,,89.60199999999999,95.856
378,2019-01-14,29.821999999999996,13.646,67.532,79.286,109.904,70.97
379,2019-01-15,66.482,82.902,14.314,34.403999999999996,141.74108387096774,82.39999999999999
380,2019-01-16,52.24999999999999,,32.736,,121.76401251457442,47.714000000000006
381,2019-01-17,85.018,86.59745753424657,0.398,36.206,87.38890361445783,32.842
382,2019-01-18,43.866,24.59854246575344,21.202,45.508,18.129999999999995,85.53399999999999
383,2019-01-19,64.926,20.742,10.61,43.44800000000001,1.202,68.738
384,2019-01-20,28.91,11.93,35.596000000000004,,79.44600000000001,73.858
385,2019-01-21,40.966,22.192,6.764,15.344000000000001,91.918,6.402
386,2019-01-22,16.2,58.254000000000005,4.638,41.025999999999996,48.924,
387,2019-01-23,71.70799999999998,,6.982,27.388,66.4,67.036
388,2019-01-24,51.738,11.252,2.706,40.298,94.24,63.388000000000005
389,2019-01-25,198.572,32.208,10.504,72.52599999999998,77.0,158.126
390,2019-01-26,89.746,5.864000000000001,3.21,70.63,64.434,103.06200000000001
391,2019-01-27,84.72,,50.468,13.458,84.792,1.604
392,2019-01-28,12.878,21.554000000000002,21.774,97.956,97.24200000000002,61.156
393,2019-01-29,35.754,72.45599999999999,37.26,82.74000000000001,74.30199999999999,132.934
394,2019-01-30,111.81,31.266,11.836,71.822,95.882,95.472
395,2019-01-31,63.686,68.58999999999999,53.616,131.372,83.22200000000001,94.424
396,2019-02-01,48.938,85.23,14.722,61.66066666666667,141.7234382022472,133.644
397,2019-02-02,43.216,59.788,14.44,26.32133333333333,43.916561797752806,46.732
398,2019-02-03,17.305999999999997,28.442,47.646,,49.68089302325581,
399,2019-02-04,34.118,23.881999999999998,,55.086,105.50510697674419,26.514
400,2019-02-05,103.804,65.578,38.428,78.966,61.486,12.008
401,2019-02-06,29.066000000000003,28.656,9.07,17.966,100.798,9.86
402,2019-02-07,60.894,9.624,65.556,4.886,92.75101538461539,50.495999999999995
403,2019-02-08,49.346000000000004,41.578,82.654,60.488,125.78699298358545,105.504
404,2019-02-09,42.736000000000004,16.862,,,67.25999163179915,103.40400997506234
405,2019-02-10,61.616,22.008,,22.246000000000002,73.486,88.82199002493766
406,2019-02-11,45.632000000000005,32.758,16.262,,128.36599999999999,102.182
407,2019-02-12,37.373999999999995,26.964,11.848,,63.554,132.938
408,2019-02-13,151.586,14.038,20.052,75.12400000000001,76.18579640718562,103.124
409,2019-02-14,21.162000000000003,11.232,11.642,104.36,95.96220359281436,10.054
410,2019-02-15,69.954,23.41,,97.006,58.152,171.282
411,2019-02-16,20.554000000000002,12.728,3.678,35.54,33.924,84.042
412,2019-02-17,47.388,30.77,31.994,,47.622,42.27
413,2019-02-18,1.308,,40.226,29.996,59.7133870967742,11.342
414,2019-02-19,52.118,39.132,28.302,119.406,113.5306129032258,46.592
415,2019-02-20,46.038000000000004,15.076,,19.119999999999997,77.472,145.338
416,2019-02-21,25.61,30.948,34.982,86.87,117.004,115.414
417,2019-02-22,42.754,34.224,,60.824,46.84,
418,2019-02-23,52.928,24.838,,29.93,6.172,69.336
419,2019-02-24,38.152,45.794000000000004,60.334,21.034,51.972,9.7
420,2019-02-25,9.656,10.022,51.007999999999996,43.251999999999995,88.72200000000001,13.394
421,2019-02-26,48.638,18.086,,72.25,76.248,95.06
422,2019-02-27,73.19,37.572,,60.968,105.938,18.616
423,2019-02-28,24.358000000000004,15.858,12.186,70.428,35.022,35.036
424,2019-03-01,84.23,20.808,15.686,31.734,60.184,66.91799999999999
425,2019-03-02,52.054,,9.466,8.904,56.062000000000005,73.326
426,2019-03-03,48.32,,21.524,35.612,107.658,
427,2019-03-04,36.922,47.35199999999999,33.964,58.57,35.352,
428,2019-03-05,106.50999999999999,40.468,,4.632,30.926,89.25
429,2019-03-06,35.104,28.094,22.888,,33.654,41.632
430,2019-03-07,45.172,12.932,13.146,,93.952,158.624
431,2019-03-08,70.178,27.912,22.016,,40.25,48.39
432,2019-03-09,95.808,91.474,4.06,85.19800000000001,36.025999999999996,
433,2019-03-10,35.598,44.885999999999996,34.852,,101.224,
434,2019-03-11,22.201999999999998,52.808,20.67,31.682,31.284,16.526
435,2019-03-12,,18.740000000000002,57.611999999999995,24.862,77.282,32.39
436,2019-03-13,,,,,9.49,
437,2019-03-14,9.232,12.547999999999998,30.104,18.63,69.11,33.186
438,2019-03-15,86.434,35.874,27.984,24.046,39.068,112.056
439,2019-03-16,50.04600000000001,22.985999999999997,56.635999999999996,93.104,29.78,47.56
440,2019-03-17,57.842,21.286,53.416,22.776,97.888,66.114
441,2019-03-18,66.698,74.106,24.474,,93.9423962264151,36.31400000000001
442,2019-03-19,24.944,85.768,34.275999999999996,10.696,71.79160377358491,112.922
443,2019-03-20,112.078,60.508,,17.26,48.47,103.06400000000001
444,2019-03-21,62.332,85.80799999999999,,25.821999999999996,35.302,94.024
445,2019-03-22,32.48,15.544,26.562,80.55,68.652,225.166
446,2019-03-23,30.906,12.056,,5.452,39.634,63.024
447,2019-03-24,46.57600000000001,19.658,56.512,90.97200000000001,85.27,76.054
448,2019-03-25,80.672,,,51.513999999999996,136.05599999999998,28.86
449,2019-03-26,44.05,27.058,,13.18,98.716,29.722
450,2019-03-27,63.554,31.116,26.403999999999996,10.928,53.56,15.818
451,2019-03-28,18.392,,,14.193999999999999,5.254,26.118
452,2019-03-29,16.166,28.884,,,58.828,58.635999999999996
453,2019-03-30,50.733999999999995,,,5.158,58.452,36.854
454,2019-03-31,58.29,20.734,57.448,,66.85600000000001,
455,2019-04-01,62.938,44.294,31.994,,94.61,20.4
456,2019-04-02,60.09,14.778,61.437999999999995,39.032,81.762,30.802
457,2019-04-03,117.794,13.814,12.408,,83.02799999999999,32.342
458,2019-04-04,,14.132000000000001,,29.964,100.83638857142857,143.844
459,2019-04-05,43.444,16.408,12.004,35.432,98.71361142857143,70.354
460,2019-04-06,24.54,31.854,7.5440000000000005,40.746,68.628,59.918
461,2019-04-07,37.666,42.356,29.868,,61.58200000000001,67.346
462,2019-04-08,62.51800000000001,,7.638,61.518,121.446,14.448
463,2019-04-09,42.182,24.546,44.952,,86.01493617021278,
464,2019-04-10,20.028,,22.241999999999997,21.086,60.20106382978723,35.59
465,2019-04-11,,,,26.538000000000004,74.748,79.592
466,2019-04-12,52.513999999999996,14.918,43.768,27.338000000000005,54.19,109.448
467,2019-04-13,66.904,61.254000000000005,25.066000000000003,43.794000000000004,89.36816309012875,40.304
468,2019-04-14,59.938,22.428,81.61600000000001,,150.63583690987124,110.44999999999999
469,2019-04-15,26.759999999999998,7.474,,25.948,73.42,
470,2019-04-16,41.124,5.09,36.176,14.713999999999999,82.304,44.678
471,2019-04-17,83.65,11.518,,28.894,103.68121461187215,50.885999999999996
472,2019-04-18,70.344,37.884,30.222,26.186,71.91449315068493,65.878
473,2019-04-19,52.548,42.226,5.628,3.444,70.32429223744292,112.25200000000001
474,2019-04-20,87.364,,,,73.67999999999999,84.132
475,2019-04-21,14.474,,,32.35,44.606,46.008
476,2019-04-22,13.422,10.178,24.324000000000005,,90.42814201183432,31.284
477,2019-04-23,2.33,,44.653999999999996,,93.74985798816567,72.818
478,2019-04-24,80.814,2.044,16.516,,58.596,59.562
479,2019-04-25,,5.15,29.486,45.554,84.02175483870968,106.206
480,2019-04-26,22.214,53.022000000000006,17.16,74.57000000000001,59.700245161290326,45.258
481,2019-04-27,11.262,52.838,46.044,62.372,82.306,81.502
482,2019-04-28,45.004000000000005,32.302,23.06,29.867999999999995,91.856,56.244
483,2019-04-29,26.186,,30.525999999999996,41.39,38.404,59.096000000000004
484,2019-04-30,20.808,12.992,35.59,61.519999999999996,128.06575757575757,33.666
485,2019-05-01,12.006,31.344,12.276,17.174,65.61824242424242,19.612
486,2019-05-02,63.67,20.986,39.0,14.918,28.66141116751269,50.454
487,2019-05-03,27.776,,2.036,28.2,72.77329889165891,76.44
488,2019-05-04,,31.516,113.65999999999998,77.50399999999999,32.9332899408284,75.592
489,2019-05-05,70.344,28.156,46.324,23.113999999999997,94.258,12.736
490,2019-05-06,,56.19,41.474000000000004,42.678,107.5,63.92
491,2019-05-07,37.42199999999999,5.3100000000000005,42.366,,91.01628571428571,69.14
492,2019-05-08,44.01,,,54.194,91.78171428571429,133.71
493,2019-05-09,,,22.542,15.028,99.74989473684211,115.02399999999999
494,2019-05-10,70.17399999999999,13.906000000000002,,92.81599999999999,114.28210526315789,32.668
495,2019-05-11,35.064,3.776,,49.996,95.25,37.64
496,2019-05-12,41.296,,,68.732,94.276,71.17
497,2019-05-13,27.778,25.5,23.544,,94.868,100.39
498,2019-05-14,36.440000000000005,52.327999999999996,145.114,58.486000000000004,127.9430322580645,70.254
499,2019-05-15,46.244,28.608,49.738,25.786,88.42696774193548,90.44
500,2019-05-16,19.106,25.701999999999998,8.032,53.37800000000001,96.606,182.162
501,2019-05-17,45.108,76.042,12.252000000000002,41.42400000000001,95.86399999999999,130.186
502,2019-05-18,2.414,44.936,,62.718,68.15,60.46800000000001
503,2019-05-19,28.189999999999998,14.736,,,113.384,66.414
504,2019-05-20,82.2,39.384,22.286,23.048000000000002,113.24199999999999,70.866
505,2019-05-21,15.632,31.682000000000002,59.594,25.798000000000002,148.608,122.87599999999999
506,2019-05-22,63.44,29.316,49.998000000000005,19.758000000000003,124.84816410256411,32.478
507,2019-05-23,92.514,95.24,118.81400000000002,38.294,71.12467701893122,50.344
508,2019-05-24,41.56,45.782,48.35,67.008,83.48515887850468,106.20599999999999
509,2019-05-25,54.239999999999995,14.908,6.922,140.268,68.178,86.422
510,2019-05-26,13.058,44.562000000000005,,135.432,51.214000000000006,101.29599999999999
511,2019-05-27,29.016000000000002,4.096,62.964,,77.61207804878049,100.79599999999999
512,2019-05-28,45.74,8.86,10.542000000000002,10.564,98.45992195121951,39.730000000000004
513,2019-05-29,30.006,15.698,7.7860000000000005,,90.596,18.782
514,2019-05-30,43.178,11.006,22.992,17.584,36.21009756097561,65.414
515,2019-05-31,42.525999999999996,18.9,2.832,40.688,17.48990243902439,37.354
516,2019-06-01,91.754,80.97,38.663999999999994,6.742,80.89200000000001,47.094
517,2019-06-02,81.068,33.95,,42.256,101.464,29.48
518,2019-06-03,100.206,,16.98,,65.63,
519,2019-06-04,8.634,,30.116,42.716,58.03345945945946,33.29599999999999
520,2019-06-05,15.45,28.330000000000002,21.288,8.846,70.78454054054055,3.068
521,2019-06-06,74.282,26.496,13.118,11.46,110.392,114.732
522,2019-06-07,39.736,29.338,,,,68.12
523,2019-06-08,36.866,8.322,22.272,,82.744,53.272
524,2019-06-09,41.286,22.41,27.073999999999998,52.692,78.92399999999999,43.62
525,2019-06-10,87.4,,,9.148,106.624,44.081999999999994
526,2019-06-11,52.556,31.898,36.452,,78.872,60.416000000000004
527,2019-06-12,,2.284,,19.5,105.422,38.334
528,2019-06-13,16.802,14.29,71.94800000000001,30.142000000000003,64.254,19.83
529,2019-06-14,68.444,31.046,3.162,43.144000000000005,87.72869565217391,36.702
530,2019-06-15,46.836000000000006,68.538,44.378,50.858,122.78530434782608,45.306
531,2019-06-16,18.012,20.42,4.402,,95.60799999999999,20.332
532,2019-06-17,46.068,40.025999999999996,8.086,31.878,113.392,169.222
533,2019-06-18,,14.15,16.12,10.502,64.602,115.694
534,2019-06-19,54.75399999999999,51.43600000000001,66.05799999999999,48.542,146.0452857142857,44.478
535,2019-06-20,61.754000000000005,16.468,,51.111999999999995,164.97308743386245,37.327999999999996
536,2019-06-21,25.938,11.8,10.06,106.926,188.80562685185186,56.268
537,2019-06-22,27.028,,43.763999999999996,15.27,82.32199999999999,
538,2019-06-23,3.056,47.614,3.51,37.958,68.374,56.19199999999999
539,2019-06-24,35.68,21.064,9.527999999999999,17.446,96.568,31.514000000000003
540,2019-06-25,13.112,23.262,82.176,29.906,120.91,2.418
541,2019-06-26,45.066,83.602,5.768,17.006,102.978,
542,2019-06-27,,40.608,23.382,,67.952,44.644
543,2019-06-28,1.78,51.042,101.638,61.605999999999995,91.274,72.804
544,2019-06-29,,105.1,17.622,48.105999999999995,77.768,26.92
545,2019-06-30,16.098,20.01,40.71000000000001,23.43,73.478,
546,2019-07-01,38.51,,,70.316,137.22799999999998,77.63
547,2019-07-02,,,35.662,27.385999999999996,69.48400000000001,31.338
548,2019-07-03,13.348,0.114,,25.51,49.032,46.838
549,2019-07-04,37.854,13.416,45.938,,65.62,
550,2019-07-05,28.87,,,12.752,,95.316
551,2019-07-06,28.072,92.76,124.70599999999999,15.094,51.129999999999995,51.86
552,2019-07-07,23.422,20.61,7.322,76.588,78.714,18.442
553,2019-07-08,65.484,13.022,20.086,,134.714,76.81
554,2019-07-09,65.33200000000001,85.71600000000001,23.898,43.29,78.532,143.47400000000002
555,2019-07-10,112.762,40.674,92.232,38.014,85.18599999999999,73.152
556,2019-07-11,15.33,29.772,6.098,8.27,86.674,56.72
557,2019-07-12,2.462,36.736000000000004,50.656,45.412,147.752,48.268
558,2019-07-13,53.760000000000005,35.356,27.352,30.528,76.33,88.52144736842105
559,2019-07-14,23.972,53.96,5.634,82.15,110.064,133.9368471617332
560,2019-07-15,,,10.963999999999999,,107.75800000000001,43.44370546984575
561,2019-07-16,39.218,18.104,60.73400000000001,31.534,83.422,63.646
562,2019-07-17,16.637999999999998,59.068000000000005,38.932,18.744,126.2375719063545,101.328
563,2019-07-18,46.922,41.912,94.496,37.72,96.55442809364548,70.36800000000001
564,2019-07-19,10.39,78.476,112.142,26.07,124.23599999999999,191.74336239782016
565,2019-07-20,42.592,60.324000000000005,9.068,135.06199999999998,39.164,61.37463760217984
566,2019-07-21,5.86,109.73599999999999,22.726,37.914,92.474,85.042
567,2019-07-22,30.574,3.026,20.239999999999995,22.458000000000002,147.70600000000002,106.9
568,2019-07-23,32.846,16.166,55.94800000000001,,105.352,157.26600000000002
569,2019-07-24,30.338,14.074,28.506,10.522000000000002,94.278,36.758
570,2019-07-25,41.986000000000004,45.394,31.125999999999998,68.262,82.39399999999999,61.896
571,2019-07-26,70.67599999999999,,2.584,,41.478,24.1
572,2019-07-27,35.288,46.09,36.94,84.524,136.686,17.074
573,2019-07-28,68.798,66.4,17.299999999999997,39.211999999999996,93.756,98.158
574,2019-07-29,13.788,,10.791999999999998,23.736000000000004,62.526,149.026
575,2019-07-30,54.852000000000004,79.212,26.84,23.693999999999996,136.03,51.467999999999996
576,2019-07-31,51.824,37.882,,,57.708,154.496
577,2019-08-01,18.064,21.168,25.448,43.696,107.142,166.61599999999999
578,2019-08-02,35.076,19.252000000000002,36.198,14.29,31.826000000000004,62.034
579,2019-08-03,43.150000000000006,63.58,68.14800000000001,51.608,2.092,74.89
580,2019-08-04,11.402,9.714,,59.812,53.02,29.056
581,2019-08-05,4.742,18.802,3.112,7.834,83.146,54.13
582,2019-08-06,30.208,,33.629999999999995,,107.786,10.77
583,2019-08-07,108.63676190476191,16.83,32.72,70.684,47.006,96.82600000000001
584,2019-08-08,129.34923809523806,53.84,42.796,30.270000000000003,88.246,68.64
585,2019-08-09,36.49,52.696000000000005,34.098,,106.988,114.05600000000001
586,2019-08-10,11.496,26.060000000000002,32.506,91.50999999999999,25.774,42.208000000000006
587,2019-08-11,16.118000000000002,16.266,26.91,69.382,38.472,69.152
588,2019-08-12,15.67,14.11,30.148,20.776,53.952,72.34
589,2019-08-13,68.74000000000001,28.552000000000003,10.94,2.484,46.416,69.15
590,2019-08-14,21.706,1.578,15.99,59.705999999999996,,78.874
591,2019-08-15,80.858,39.01,0.588,33.672000000000004,43.232,186.972
592,2019-08-16,87.696,66.482,3.818,1.318,72.664,126.642
593,2019-08-17,57.54,77.162,41.428,49.902,23.674,78.182
594,2019-08-18,63.876000000000005,117.50800000000001,61.087999999999994,19.08,43.9,74.20400000000001
595,2019-08-19,10.66,,,58.866,81.78,37.592
596,2019-08-20,30.42,96.082,80.134,21.478,119.68599999999999,83.33200000000001
597,2019-08-21,64.80600000000001,63.644,33.656,87.812,42.512,140.27381818181817
598,2019-08-22,72.352,86.342,36.278,83.186,76.382,89.78618181818182
599,2019-08-23,11.466000000000001,25.78,,88.662,77.34,45.622
600,2019-08-24,15.726,37.044,9.402000000000001,96.076,73.362,36.14999999999999
601,2019-08-25,48.724000000000004,61.696000000000005,2.748,27.024,57.83,64.884
602,2019-08-26,40.326,73.798,7.11,92.922,114.292,196.42399999999998
603,2019-08-27,45.448,80.812,60.254000000000005,37.757999999999996,96.298,100.304
604,2019-08-28,53.397999999999996,32.478,59.932,158.518,92.602,52.696
605,2019-08-29,10.762,28.266,43.798,83.206,72.69,62.8544705882353
606,2019-08-30,7.786,67.42999999999999,36.391999999999996,24.601999999999997,61.839999999999996,118.2795294117647
607,2019-08-31,27.065999999999995,68.62,108.40799999999999,72.112,44.178,108.956
608,2019-09-01,23.894,,16.748,118.714,58.35,21.662
609,2019-09-02,92.482,50.22,24.095999999999997,41.60999999999999,83.12,24.583999999999996
610,2019-09-03,24.856,20.2,22.147999999999996,64.624,108.212,148.77
611,2019-09-04,35.354,52.17,53.760000000000005,60.018,97.896,40.146
612,2019-09-05,77.93599999999999,25.845999999999997,,128.898,91.8,129.08
613,2019-09-06,44.846000000000004,43.242000000000004,75.16199999999999,145.46200000000002,71.358,103.568
614,2019-09-07,18.664,47.605999999999995,51.589999999999996,21.49,54.976,150.296
615,2019-09-08,35.902,15.302,,91.612,39.099999999999994,17.574
616,2019-09-09,51.05,,49.186,70.81400000000001,33.606,129.62800000000001
617,2019-09-10,,,48.416000000000004,32.424,97.77000000000001,73.8
618,2019-09-11,93.156,,17.716,55.91199999999999,53.510000000000005,71.728
619,2019-09-12,41.730000000000004,17.438000000000002,56.44800000000001,65.66,62.046,98.498
620,2019-09-13,74.95470476190475,60.25399999999999,14.458,105.934,59.882,151.916
621,2019-09-14,75.12929523809524,36.87156687898089,15.001999999999999,151.68599999999998,97.814,95.778
622,2019-09-15,44.897999999999996,24.47443312101911,66.34400000000001,36.264,74.402,99.874
623,2019-09-16,,,72.092,138.62,108.114,16.43
624,2019-09-17,67.724,15.172,61.676,50.878,42.519999999999996,123.294
625,2019-09-18,31.052,11.508,12.91,55.854,58.31400000000001,89.014
626,2019-09-19,61.995999999999995,25.183999999999997,40.093999999999994,40.550000000000004,84.208,125.924
627,2019-09-20,45.906,39.324,48.92,78.202,46.57,80.83
628,2019-09-21,80.434,47.658,2.112,53.534000000000006,39.006,119.78
629,2019-09-22,25.458,10.932,30.116,21.028,56.182,44.74
630,2019-09-23,23.86,72.996,9.434000000000001,56.477999999999994,69.908,105.956
631,2019-09-24,24.502000000000002,15.798000000000002,,,23.264,53.617999999999995
632,2019-09-25,62.821999999999996,,5.052,81.22,121.09,66.914
633,2019-09-26,45.852000000000004,15.869999999999997,42.444,27.05,107.62599999999999,104.238
634,2019-09-27,48.93,93.828,18.396,23.165999999999997,28.273999999999997,98.678
635,2019-09-28,66.792,12.428,37.29,49.132,34.282,
636,2019-09-29,13.046,10.23,32.62,42.73,76.26,29.588
637,2019-09-30,17.992,22.964,2.68,58.94,62.94199999999999,92.908
638,2019-10-01,48.608,19.32,15.864,,93.13,137.058
639,2019-10-02,,19.376,4.084,84.734,91.986,110.162
640,2019-10-03,129.10399999999998,28.878,49.68599999999999,57.581999999999994,107.39399999999999,39.538
641,2019-10-04,34.322,100.286,76.056,104.772,100.034,36.902
642,2019-10-05,57.104,12.968,2.93,49.739235955056174,69.896,17.71
643,2019-10-06,39.406,58.726,,77.05676404494382,71.93,18.412
644,2019-10-07,4.976,55.484,3.152,78.488,100.84,97.674
645,2019-10-08,5.148,45.025999999999996,11.734,33.94,86.456,
646,2019-10-09,19.195999999999998,48.284,64.856,84.218,42.64,195.26000000000002
647,2019-10-10,,23.406,2.7359999999999998,28.574,58.106,38.596000000000004
648,2019-10-11,71.032,106.22,61.205999999999996,81.598,52.63,173.648
649,2019-10-12,39.147999999999996,72.88,20.808,108.304,80.982,39.192
650,2019-10-13,67.03999999999999,41.796,55.372,27.317999999999998,69.354,176.272
651,2019-10-14,26.662,16.148000000000003,13.738000000000001,131.208,10.091999999999999,124.86999999999998
652,2019-10-15,37.455999999999996,36.89999999999999,8.474,66.06200000000001,57.654,60.28
653,2019-10-16,12.606,61.440000000000005,,83.544,77.87,61.292
654,2019-10-17,9.31,57.724000000000004,9.962,25.851999999999997,61.968,86.436
655,2019-10-18,131.326,8.094,15.756,81.648,53.866,95.412
656,2019-10-19,45.298,84.30999999999999,,25.822000000000003,77.746,192.446
657,2019-10-20,,18.386000000000003,50.81169430051813,11.618,92.166,12.588
658,2019-10-21,30.544000000000004,54.309999999999995,45.010305699481876,62.63199999999999,118.294,59.778000000000006
659,2019-10-22,11.186,33.828,5.638,57.884,44.178000000000004,139.62199999999999
660,2019-10-23,75.85799999999999,67.514,49.556000000000004,107.14599999999999,123.676,72.148
661,2019-10-24,57.5,55.22,30.067999999999998,33.308,49.888,157.75
662,2019-10-25,53.02560563380281,102.494,6.106,42.746,88.28999999999999,54.150000000000006
663,2019-10-26,52.20839436619718,46.43,47.2,71.704,82.58,63.286
664,2019-10-27,6.016,,,6.746,101.614,7.792
665,2019-10-28,36.768,,38.044,60.312000000000005,59.33,43.226000000000006
666,2019-10-29,,21.192,53.553999999999995,,6.558,74.71
667,2019-10-30,21.01,74.94200000000001,61.814,12.802,97.038,105.644
668,2019-10-31,96.452,3.546,69.236,60.294,18.66,39.84
669,2019-11-01,98.80000000000001,137.67600000000002,30.634,90.188,103.61600000000001,131.32999999999998
670,2019-11-02,11.178,73.3,100.07599999999998,65.798,46.775999999999996,47.2
671,2019-11-03,62.214,8.652,20.196,7.622,127.416,62.150000000000006
672,2019-11-04,10.854,42.442,42.37509826589596,64.46000000000001,108.63399999999999,42.42
673,2019-11-05,,16.23,16.306901734104038,68.0,75.69399999999999,144.06799999999998
674,2019-11-06,41.494,51.466,47.61,120.214,61.512,56.84
675,2019-11-07,143.638,61.918,7.406000000000001,37.122,101.168,132.138
676,2019-11-08,15.488,79.19,52.574000000000005,58.716,123.93,86.19800000000001
677,2019-11-09,61.11,62.44,0.598,70.964,79.05799999999999,50.396
678,2019-11-10,61.08,92.374,29.636000000000003,,100.098,58.314
679,2019-11-11,51.884,,0.618,10.22,57.386,51.174
680,2019-11-12,31.7,72.842,45.646,106.46,52.81400000000001,69.86600000000001
681,2019-11-13,15.104000000000001,28.201999999999998,47.824,51.266000000000005,80.854,9.354
682,2019-11-14,,76.102,0.844,65.786,40.09,130.332
683,2019-11-15,73.274,82.786,36.598,56.258,72.768,41.984
684,2019-11-16,48.466,21.226000000000003,,12.556,62.467999999999996,64.986
685,2019-11-17,59.523999999999994,,28.36,14.116,47.592,12.846
686,2019-11-18,11.898,75.758,6.466,51.465999999999994,112.132,64.14800000000001
687,2019-11-19,26.490000000000002,21.796,9.01,51.168,79.286,34.584
688,2019-11-20,60.358000000000004,40.236000000000004,32.013999999999996,31.451999999999998,63.692,74.182
689,2019-11-21,96.856,79.548,6.292,,90.484,90.29
690,2019-11-22,161.032,13.548,5.47,42.18,51.032,129.038
691,2019-11-23,46.708,101.402,,37.467999999999996,91.718,110.766
692,2019-11-24,54.144,25.48,28.598000000000003,9.56,104.302,21.882
693,2019-11-25,2.986,8.444,,54.20399999999999,59.870000000000005,154.018
694,2019-11-26,33.75,,,,,
695,2019-11-27,9.526,33.309999999999995,23.628,,62.496,100.08646413502109
696,2019-11-28,,9.94,,,,30.653535864978906
697,2019-11-29,11.582,58.452,35.712,83.22,89.03800000000001,58.336
698,2019-11-30,27.262,54.356,6.544,,56.764,7.728
699,2019-12-01,48.9,17.388,10.882,67.562,31.284,69.386
700,2019-12-02,29.057999999999996,17.652,25.156,,48.782,62.634
701,2019-12-03,28.157999999999998,49.66,44.254000000000005,39.704,68.65,69.464
702,2019-12-04,114.162,32.646,36.908,64.18,102.632,39.414
703,2019-12-05,22.698,98.28200000000001,10.69,84.152,55.64,58.238
704,2019-12-06,42.814,71.774,32.454,98.72000000000001,59.74400000000001,169.35988235294118
705,2019-12-07,63.21,94.092,,11.71,77.186,127.96072989195679
706,2019-12-08,47.03,24.310000000000002,13.688000000000002,14.148,62.748000000000005,50.13338775510205
707,2019-12-09,49.242,29.134,4.292,64.938,82.268,41.342
708,2019-12-10,15.76961111111111,47.03,40.44,11.782,86.51400000000001,174.396
709,2019-12-11,66.6463888888889,,27.852,124.28999999999999,125.156,38.79600000000001
710,2019-12-12,43.784,89.17,9.956,64.12,82.406,88.208
711,2019-12-13,110.048,80.774,40.93600000000001,78.414,116.90799999999999,80.868
712,2019-12-14,60.886,31.962,,46.604,81.15,104.032
713,2019-12-15,47.641999999999996,18.274,35.332,31.792,60.25,19.002
714,2019-12-16,51.44199999999999,26.472,60.467999999999996,72.662,130.102,48.272
715,2019-12-17,63.948,75.886,64.66,65.44000000000001,86.27799999999999,105.366
716,2019-12-18,78.834,62.94200000000001,17.04,8.006,116.152,112.196
717,2019-12-19,75.266,71.598,,72.106,74.344,105.46
718,2019-12-20,63.288000000000004,,8.02,47.54,46.88799999999999,20.413999999999998
719,2019-12-21,130.278,83.08200000000001,18.16,82.214,47.372,31.322
720,2019-12-22,63.114,41.42,5.76,60.918000000000006,117.518,112.318
721,2019-12-23,67.202,7.346,26.268,13.062,67.184,26.709999999999997
722,2019-12-24,36.620654320987654,26.972,,,45.804,
723,2019-12-25,25.70134567901235,,,,,
724,2019-12-26,72.86999999999999,0.064,,60.836,85.516,45.142
725,2019-12-27,22.544,19.378,,,84.368,74.32
726,2019-12-28,18.372,44.744,20.266,,,51.448
727,2019-12-29,38.57,41.73,,37.832,112.916,40.228
728,2019-12-30,19.124,21.324,4.486,13.474,67.632,22.742
729,2019-12-31,38.62,34.474,6.766,26.89,44.638000000000005,18.878
730,2020-01-01,46.916,8.282,,12.542,31.316000000000003,2.952
731,2020-01-02,8.156,83.226,,,123.244,151.182
732,2020-01-03,19.387999999999998,73.492,44.794,86.098,70.08200000000001,19.218
733,2020-01-04,49.524,86.462,5.888,41.392,30.064,60.092000000000006
734,2020-01-05,41.620000000000005,10.186,,23.114,122.528,42.84
735,2020-01-06,26.578,58.234,17.022,39.82,151.87800000000001,88.106
736,2020-01-07,24.7,80.362,,24.276000000000003,93.084,20.518
737,2020-01-08,49.068,45.492,,28.67,110.746,79.936
738,2020-01-09,64.984,17.124,28.018,88.834,113.96000000000001,107.202
739,2020-01-10,57.428,114.68799999999999,66.968,,100.01,70.15599999999999
740,2020-01-11,139.042,96.608,34.284,59.9,43.604,59.168
741,2020-01-12,48.766,,,,80.59599999999999,77.168
742,2020-01-13,46.146,33.226,50.872,93.628,68.006,23.852
743,2020-01-14,42.484,122.72399999999999,20.432,71.366,70.49,86.64
744,2020-01-15,9.628,29.542,23.188000000000002,26.75,,32.642
745,2020-01-16,95.99,49.936,68.634,72.666,,
746,2020-01-17,36.542,51.108,39.9,18.396,,21.582
747,2020-01-18,53.428,32.852000000000004,16.83,72.77799999999999,,59.690000000000005
748,2020-01-19,52.08,56.182,94.108,10.862,10.072,21.68
749,2020-01-20,29.82,16.708,6.09,74.22200000000001,85.37,21.758
750,2020-01-21,77.89399999999999,23.11,37.742,56.512,79.902,23.166
751,2020-01-22,26.7,110.6,23.656,22.716,85.29,17.2
752,2020-01-23,45.846000000000004,53.656,40.654,30.538,101.43799999999999,239.724
753,2020-01-24,30.012,69.75399999999999,56.198,35.378,65.712,57.75
754,2020-01-25,83.984,49.066,29.002,21.228,54.848,68.94200000000001
755,2020-01-26,22.416,56.834,,70.396,106.97,66.878
756,2020-01-27,128.81,39.53999999999999,65.816,38.078,96.46799999999999,36.218
757,2020-01-28,54.328,62.034000000000006,58.332,139.04729032258064,89.46000000000001,
758,2020-01-29,2.884,27.907999999999998,32.158,40.38470967741935,72.55799999999999,95.214
759,2020-01-30,40.102000000000004,40.14,26.02,,66.21,195.19
760,2020-01-31,35.598,97.36399999999999,39.884,44.772,79.858,30.020000000000003
761,2020-02-01,129.334,29.23,42.98400000000001,33.418000000000006,85.662,58.364
762,2020-02-02,3.106,18.086,,4.508,63.976,7.302
763,2020-02-03,93.838,2.37,22.694,49.502,22.566000000000003,37.302
764,2020-02-04,70.822,85.998,18.058,75.116,15.282,
765,2020-02-05,75.43599999999999,28.394,40.978,64.568,117.922,104.336
766,2020-02-06,89.05399999999999,174.288,45.598,23.272,49.738,35.751999999999995
767,2020-02-07,72.218,,81.72800000000001,21.002,58.198,95.648
768,2020-02-08,34.266000000000005,18.298,0.97,11.148,48.126,10.324
769,2020-02-09,23.43,,16.116,41.604,50.086,6.956
770,2020-02-10,58.00999999999999,,53.22,21.218,49.22,45.392
771,2020-02-11,38.448,52.56400000000001,47.922,101.72,50.928,115.03600000000002
772,2020-02-12,72.244,25.33,26.732,10.534,56.919999999999995,98.938
773,2020-02-13,61.465999999999994,52.762,58.507999999999996,12.682000000000002,58.544,155.18599999999998
774,2020-02-14,24.24,85.714,9.67,56.098,52.792,79.278
775,2020-02-15,54.364,114.85893729372938,,121.324,18.304,49.04600000000001
776,2020-02-16,37.974000000000004,59.12106270627063,24.598,27.031999999999996,66.098,10.882
777,2020-02-17,108.286,5.31,18.896,49.874,72.496,
778,2020-02-18,,16.445999999999998,,91.084,78.286,161.994
779,2020-02-19,110.122,95.94600000000001,52.437999999999995,25.874,84.462,140.128
780,2020-02-20,74.03399999999999,20.148,47.804,48.184,94.992,
781,2020-02-21,60.604,84.624,41.746,26.86,47.206,
782,2020-02-22,74.96,81.02799999999999,34.138,36.658,7.602,
783,2020-02-23,52.764,22.912000000000006,17.878,9.932,136.26,
784,2020-02-24,17.375999999999998,53.228,47.992,20.602,113.094,
785,2020-02-25,36.452,69.53399999999999,27.046,121.106,63.594,
786,2020-02-26,4.866,49.66,50.674,64.642,77.384,
787,2020-02-27,54.95400000000001,1.128,35.442,112.02,130.096,
788,2020-02-28,46.496,46.888,7.454,16.47,76.71600000000001,
789,2020-02-29,45.248,17.946,23.274,10.728,93.85214718614719,
790,2020-03-01,27.8,41.92400000000001,14.588,16.926,76.80985281385281,
791,2020-03-02,85.694,9.89,28.056,37.366,33.628,
792,2020-03-03,65.004,80.084,57.176,25.634,41.218,
793,2020-03-04,56.660000000000004,20.076,2.69,35.562,115.092,
794,2020-03-05,103.224,60.756,23.564,31.012,98.294,
795,2020-03-06,42.028000000000006,133.826,8.597999999999999,30.134,99.51599999999999,
796,2020-03-07,72.188,64.872,0.628,73.506,92.28999999999999,
797,2020-03-08,20.228,64.0,,23.907999999999998,53.224,
798,2020-03-09,,95.664,2.26,73.226,129.288,
799,2020-03-10,30.793999999999997,35.694,27.646,45.902,46.05,
800,2020-03-11,40.458,24.28,35.222,31.323999999999998,106.606,
801,2020-03-12,,,7.588,13.814,110.91000000000001,
802,2020-03-13,25.566000000000003,10.828,,97.068,33.758,
803,2020-03-14,17.274,3.822,19.404,11.068,0.978,
804,2020-03-15,11.004,22.72,,7.606,47.396,
805,2020-03-16,,13.348,5.198,,63.57,
806,2020-03-17,,,,,9.256,
807,2020-03-18,,,,,49.294,
808,2020-03-19,,,,,,
809,2020-03-20,,,,,,
810,2020-03-21,,,,,,
811,2020-03-22,,,3.164,,62.848,
812,2020-03-23,,,,,30.68,
813,2020-03-24,,,,,56.47,
814,2020-03-25,,,,,,
815,2020-03-26,,,,,71.674,
816,2020-03-27,,,95.87,,,
817,2020-03-28,,,,,,
818,2020-03-29,,,,,,
819,2020-03-30,,,,,65.582,
820,2020-03-31,,,,,36.77,
821,2020-04-01,,,,,53.519999999999996,
822,2020-04-02,,,,,,
823,2020-04-03,,,,,33.798,
824,2020-04-04,,,9.494,,23.052,
825,2020-04-05,,,,,,
826,2020-04-06,,,,,33.72,
827,2020-04-07,,,1.82,,16.47,
828,2020-04-08,,,4.616,,30.276,
829,2020-04-09,,,0.964,,68.384,
830,2020-04-10,,,,,14.228000000000002,
831,2020-04-11,,,13.388,,47.99,
832,2020-04-12,,,,,,
833,2020-04-13,,,,,,
834,2020-04-14,,,,,,
835,2020-04-15,,,5.48,,,
836,2020-04-16,,,,32.968,,
837,2020-04-17,,,,,,
838,2020-04-18,,,30.604,26.44,,
839,2020-04-19,,,10.114,25.688,,
840,2020-04-20,,,,,90.156,
841,2020-04-21,,,,,63.407999999999994,
842,2020-04-22,,,,,105.63600000000001,
843,2020-04-23,,,,,,
844,2020-04-24,,,,,48.166,
845,2020-04-25,,,5.6240000000000006,,,
846,2020-04-26,,,,,95.128,
847,2020-04-27,,,,,32.358,
848,2020-04-28,,,,26.06,7.218,
849,2020-04-29,,,12.328,,56.564,
850,2020-04-30,,,17.401999999999997,,38.007999999999996,
851,2020-05-01,,,,,66.604,
852,2020-05-02,,,,,35.818,
853,2020-05-03,,,,,,
854,2020-05-04,,,,,52.626000000000005,
855,2020-05-05,,,,,122.71799999999999,
856,2020-05-06,,,,,,
857,2020-05-07,,,2.076,,48.87599999999999,
858,2020-05-08,,,,,32.908,
859,2020-05-09,,,,,66.77097115384615,
860,2020-05-10,,,4.276,,19.393028846153847,
861,2020-05-11,,,,,48.974000000000004,
862,2020-05-12,,,,,39.321999999999996,
863,2020-05-13,,,,,32.844,
864,2020-05-14,,,,2.442,1.68,
865,2020-05-15,,,,,65.634,
866,2020-05-16,,,5.028,,71.498,
867,2020-05-17,,,33.251999999999995,,,6.852
868,2020-05-18,23.094,,,53.14999999999999,59.635999999999996,
869,2020-05-19,48.156000000000006,,76.76599999999999,30.71,10.926,
870,2020-05-20,,,,,54.758,
871,2020-05-21,,,6.154,35.32,38.15599999999999,
872,2020-05-22,57.471999999999994,,18.796,28.544000000000004,25.808,
873,2020-05-23,,19.254,,,6.498,
874,2020-05-24,,,,,,
875,2020-05-25,,,90.62000000000002,,,
876,2020-05-26,,,,,90.25200000000001,
877,2020-05-27,18.896,,50.638,,58.974000000000004,
878,2020-05-28,72.042,,,,,
879,2020-05-29,,,,,74.718,
880,2020-05-30,57.403999999999996,,20.314,,48.766,
881,2020-05-31,24.246,,,23.234,18.916000000000004,
882,2020-06-01,,,,24.334,48.727999999999994,
883,2020-06-02,,,,,55.48,
884,2020-06-03,5.774,,6.378,,89.884,16.93
885,2020-06-04,,,,,36.776,
886,2020-06-05,,,,,50.458,
887,2020-06-06,,,,,11.946,
888,2020-06-07,4.888,,,35.456,,
889,2020-06-08,,,,,45.768,
890,2020-06-09,,,,,33.124,
891,2020-06-10,,36.826,30.034,,58.620000000000005,12.9
892,2020-06-11,9.372,,12.655999999999999,,56.56999999999999,33.78
893,2020-06-12,,,23.2,,25.552,6.742
894,2020-06-13,,,117.14000000000001,,38.948,
895,2020-06-14,1.716,,,,,9.612
896,2020-06-15,,,,,39.44,
897,2020-06-16,,,,,95.69800000000001,
898,2020-06-17,,,40.288,,17.834,19.776000000000003
899,2020-06-18,5.488,15.998,85.03576833976834,,92.87599999999999,
900,2020-06-19,,2.204,63.06823166023166,,12.406,
901,2020-06-20,3.342,9.226,,33.208,,
902,2020-06-21,21.466,28.426000000000002,,,,12.132
903,2020-06-22,,18.406,35.66,12.5,48.147999999999996,
904,2020-06-23,14.792000000000002,21.296,,,30.462,
905,2020-06-24,22.97,0.288,,22.132,,
906,2020-06-25,57.572,,43.274,16.592,65.838,
907,2020-06-26,6.864,,,,115.02600000000001,
908,2020-06-27,12.66,15.828,,,,
909,2020-06-28,,,74.752,31.08,,
910,2020-06-29,9.878,,,,72.51599999999999,
911,2020-06-30,,,33.896,6.45,87.93419704433498,11.59
912,2020-07-01,0.68,,46.652,,80.26125019184593,44.918
913,2020-07-02,19.878,,42.09,14.536,76.9245527638191,71.23839705882354
914,2020-07-03,29.364,,,,91.19999999999999,102.25360294117645
915,2020-07-04,32.762,,8.884,10.558,32.288,
916,2020-07-05,,,143.05200000000002,23.096,,
917,2020-07-06,,,8.78,,73.806,12.052
918,2020-07-07,9.904,,39.622,,156.51199999999997,
919,2020-07-08,,,9.982,,,
920,2020-07-09,16.714,,,,54.129999999999995,
921,2020-07-10,12.344,,7.876,,60.462,30.334000000000003
922,2020-07-11,41.734,,46.914,,51.106,52.922000000000004
923,2020-07-12,3.736,,,,13.45,
924,2020-07-13,9.634,,,11.48,64.084,
925,2020-07-14,,,,12.86,99.082,
926,2020-07-15,22.24,,14.128,,57.896,
927,2020-07-16,,,,,79.99000000000001,35.69
928,2020-07-17,25.631999999999998,,4.708,18.412,92.666,61.1
929,2020-07-18,,,,,22.172,11.388
930,2020-07-19,11.83,,21.656,,8.068,31.688000000000002
931,2020-07-20,11.392,,,,30.07,13.454
932,2020-07-21,13.074,,13.112000000000002,20.382,69.774,
933,2020-07-22,13.146,,21.136000000000003,,,
934,2020-07-23,40.866,,26.952,,76.152,
935,2020-07-24,42.382,,,,109.574,38.488
936,2020-07-25,,,47.094,,,7.554
937,2020-07-26,,,,,71.982,12.94
938,2020-07-27,,,,15.56,49.12,8.864
939,2020-07-28,,,3.386,5.06,148.846,
940,2020-07-29,71.82600000000001,,59.41470125786164,10.378,93.228,
941,2020-07-30,16.66,,77.45129874213838,19.775999999999996,30.978,49.696
942,2020-07-31,20.509999999999998,,11.994,,52.397999999999996,21.144
943,2020-08-01,,,,,,47.944
944,2020-08-02,,,,24.224,70.418,28.002
945,2020-08-03,11.062,,,42.372,37.178,
946,2020-08-04,25.748,,4.306,31.61,75.736,
947,2020-08-05,16.816,,,,40.446,
948,2020-08-06,21.92,,39.27205970149254,13.382,5.294,10.028
949,2020-08-07,,,77.52194029850745,,88.136,53.61
950,2020-08-08,8.582,,57.21600000000001,27.805999999999997,,4.926
951,2020-08-09,26.184,,,26.528,66.132,31.218000000000004
952,2020-08-10,5.424,,,,65.912,59.775999999999996
953,2020-08-11,13.114,,3.626,19.342,38.406,
954,2020-08-12,14.608,,8.548,21.622,26.312,
955,2020-08-13,29.48,,8.112,,102.568,
956,2020-08-14,20.57,,,61.25,85.378,
957,2020-08-15,,,64.64,,32.738,25.424
958,2020-08-16,35.912,,54.312,,,51.104
959,2020-08-17,12.35,,,,67.418,1.088
960,2020-08-18,,,11.116,,71.218,
961,2020-08-19,12.847999999999999,,8.84,,140.322,19.082
962,2020-08-20,20.168,,,,63.992000000000004,75.47
963,2020-08-21,,,,5.666,52.32599999999999,11.028
964,2020-08-22,40.162,,,31.684000000000005,51.760000000000005,38.370000000000005
965,2020-08-23,41.208,,32.80829187396352,6.728,40.316,21.334
966,2020-08-24,11.41,,85.11770812603649,31.409999999999997,64.074,
967,2020-08-25,,,,9.222,52.684,
968,2020-08-26,33.182,,,23.242,,26.22285714285714
969,2020-08-27,17.982,,,14.536,41.344,58.49714285714286
970,2020-08-28,18.5,,,29.694,66.41,21.264
971,2020-08-29,20.592,,,,,9.472
972,2020-08-30,,,12.46,,6.816,25.904
973,2020-08-31,42.29600000000001,,17.657933333333332,,65.032,
974,2020-09-01,1.492,,84.78806666666667,,101.324,20.592
975,2020-09-02,29.154,18.672,3.316,,54.328,89.33600000000001
976,2020-09-03,21.702,,12.266,9.076,63.714,18.96
977,2020-09-04,38.418,,,,37.31,
978,2020-09-05,19.08,8.596,32.184,,11.574,45.396
979,2020-09-06,,22.384,43.006,,48.284,8.41
980,2020-09-07,22.52,,54.676,,58.494,48.23019095477386
981,2020-09-08,115.88000000000001,,,,,0.12180904522613112
982,2020-09-09,,,,,36.782,37.64
983,2020-09-10,14.544,26.224,105.21799999999999,,42.714,11.918
984,2020-09-11,48.464000000000006,,,,121.99,45.998
985,2020-09-12,48.422,2.592,6.676,7.126,67.68799999999999,
986,2020-09-13,74.29,24.306,,,41.698,
987,2020-09-14,,26.364,13.878,,47.106,
988,2020-09-15,,16.586,,,44.024,
989,2020-09-16,15.636,22.498,3.588,,61.878,
990,2020-09-17,17.558,,,16.098,104.138,
991,2020-09-18,13.36,,10.988,12.564,72.422,31.24
992,2020-09-19,3.9879999999999995,23.102,9.83,30.994,68.504,
993,2020-09-20,,,,17.058,31.36,
994,2020-09-21,,,3.722,,34.156,
995,2020-09-22,19.496,,,,52.898,17.31
996,2020-09-23,13.72,,,16.798,41.318,
997,2020-09-24,13.506,21.298000000000002,,,78.634,52.328
998,2020-09-25,4.252,33.676,8.768,,104.744,26.968
999,2020-09-26,5.672,,,4.406,12.254,
1000,2020-09-27,11.092,26.271999999999995,50.30400000000001,,27.37,51.452
1001,2020-09-28,22.552,,6.058,,76.928,38.73599999999999
1002,2020-09-29,,,,,64.552,
1003,2020-09-30,16.718,,42.769999999999996,,58.16,10.666
1004,2020-10-01,34.258,,,,57.848,3.436
1005,2020-10-02,24.87,,,,59.63,16.99
1006,2020-10-03,18.496,8.436,30.970000000000002,23.09,98.14600000000002,33.352000000000004
1007,2020-10-04,11.544,34.488,97.67788524590163,,35.903999999999996,
1008,2020-10-05,68.074,,26.540114754098347,,54.73,
1009,2020-10-06,,9.564,0.196,,76.638,
1010,2020-10-07,12.864,,9.984,,8.166,
1011,2020-10-08,13.372,36.234,20.54,,39.982,
1012,2020-10-09,56.92,,,10.394,59.49,
1013,2020-10-10,13.046,15.844000000000001,26.516,,80.104,
1014,2020-10-11,40.648,,,,44.892,18.740000000000002
1015,2020-10-12,11.925999999999998,,,,23.156,
1016,2020-10-13,,,,,148.748,
1017,2020-10-14,16.232,,,,85.506,
1018,2020-10-15,11.566,,,,45.730000000000004,
1019,2020-10-16,28.268,41.234,1.118,16.518,24.316,18.402
1020,2020-10-17,31.128,34.548,9.896,65.932,36.14,30.77
1021,2020-10-18,,,9.288,,13.44,5.136
1022,2020-10-19,,,11.846,,,25.204
1023,2020-10-20,43.412,,0.082,,38.64,48.412
1024,2020-10-21,13.25,,11.516,,55.364,
1025,2020-10-22,,,,,111.10799999999999,
1026,2020-10-23,40.532000000000004,,22.581999999999997,,51.826,14.442
1027,2020-10-24,37.668,,16.104,23.38,46.83,19.304
1028,2020-10-25,16.856,,,,,
1029,2020-10-26,66.838,,,,,
1030,2020-10-27,17.726,,23.220000000000002,,3.528,
1031,2020-10-28,20.978,16.560000000000002,33.962,13.788,15.3,
1032,2020-10-29,87.3,,7.648,,15.904,
1033,2020-10-30,,,40.492000000000004,22.782,84.13199999999999,24.326
1034,2020-10-31,13.68,29.884,,8.134,2.866,
1035,2020-11-01,,16.696,,3.624,14.378,32.608
1036,2020-11-02,23.514,,7.16,,,
1037,2020-11-03,20.858,,47.72,9.392,74.83,
1038,2020-11-04,13.438,,,21.752000000000002,19.83,23.555999999999997
1039,2020-11-05,,,,40.37,39.736000000000004,17.822
1040,2020-11-06,23.738000000000003,35.480000000000004,104.686,6.136,103.48400000000001,20.682
1041,2020-11-07,13.074,,66.268,1.9,,25.404
1042,2020-11-08,16.062,14.418,,13.764,8.49,10.214
1043,2020-11-09,31.024,,,,10.21,
1044,2020-11-10,,,,,70.984,
1045,2020-11-11,,15.082,,,34.652,
1046,2020-11-12,,,43.172,,23.886000000000003,
1047,2020-11-13,,6.822,,,27.498,12.232
1048,2020-11-14,15.448,48.376000000000005,8.638,28.928,67.926,14.152
1049,2020-11-15,13.438,,0.736,28.612,71.16600000000001,31.510000000000005
1050,2020-11-16,,,,12.378,40.65,
1051,2020-11-17,,5.792,,,60.812,16.396
1052,2020-11-18,8.57,36.04600000000001,,,,
1053,2020-11-19,,,91.18145070422534,,32.774,37.722
1054,2020-11-20,39.366,,10.970549295774639,,3.49,
1055,2020-11-21,41.83200000000001,,7.358,,105.2,
1056,2020-11-22,,,61.238,16.144,81.15599999999999,73.078
1057,2020-11-23,21.716,,,,39.044,
1058,2020-11-24,7.082,,,11.88,57.178,
1059,2020-11-25,,,4.028,,43.04,
1060,2020-11-26,,,,,16.742,
1061,2020-11-27,,,,,,
1062,2020-11-28,9.47,9.376,11.41,7.55,52.51578947368421,
1063,2020-11-29,,,57.35600000000001,,77.97621052631578,13.046
1064,2020-11-30,10.818,4.582,,,,23.216
1065,2020-12-01,,,0.222,,31.97,
1066,2020-12-02,12.866,,,,21.642,
1067,2020-12-03,,,36.566,16.983999999999998,105.39889285714285,48.296
1068,2020-12-04,,,,,53.64310714285716,
1069,2020-12-05,12.533999999999999,6.306,7.196,9.402,25.39,37.914
1070,2020-12-06,6.33,36.636,11.98,,62.924,
1071,2020-12-07,,,,,13.636,
1072,2020-12-08,,,,,6.248,
1073,2020-12-09,7.192,,4.782,,39.275999999999996,
1074,2020-12-10,8.514,28.06,105.97,,29.140000000000008,57.912000000000006
1075,2020-12-11,,3.376,,,2.284,
1076,2020-12-12,8.926,,,36.112,16.392,
1077,2020-12-13,5.652,,58.884,59.852,,
1078,2020-12-14,,,31.814,,36.748,
1079,2020-12-15,15.436,,30.379999999999995,2.572,,25.35
1080,2020-12-16,12.384,,1.56,,8.724,
1081,2020-12-17,36.910000000000004,,,5.684,,
1082,2020-12-18,,,,,39.026,
1083,2020-12-19,13.454,,85.966,16.558,3.142,100.45
1084,2020-12-20,,,,52.36399999999999,,17.804
1085,2020-12-21,7.906,,11.33,,35.001999999999995,
1086,2020-12-22,12.49,6.454,,,42.664,
1087,2020-12-23,39.236,,11.357999999999999,,3.072,53.828
1088,2020-12-24,,,,,37.004,
1089,2020-12-25,,,,13.600000000000001,,
1090,2020-12-26,3.612,,,,,16.876
1091,2020-12-27,13.296,,,98.866,24.528,
1092,2020-12-28,,,9.278,,45.882,9.12
1093,2020-12-29,18.647999999999996,72.522,,,,
1094,2020-12-30,20.473999999999997,,,10.732,48.402,8.462
1095,2020-12-31,,21.762,,,,
1096,2021-01-01,,,,9.51,,
1097,2021-01-02,,24.188000000000002,,,48.508,
1098,2021-01-03,,,,64.53,,
1099,2021-01-04,,,4.152,,31.066,15.638
1100,2021-01-05,5.322,,82.52924025974025,,38.198,
1101,2021-01-06,,41.458,41.61675974025976,19.626,59.208,40.91
1102,2021-01-07,,22.568,,,,
1103,2021-01-08,12.124,,17.558,,83.822,
1104,2021-01-09,12.016,,,12.422,26.746,
1105,2021-01-10,,,6.64,,78.09,
1106,2021-01-11,,,13.038,,24.822,
1107,2021-01-12,,,23.682,,42.12599999999999,18.59
1108,2021-01-13,8.82,,,,60.102000000000004,
1109,2021-01-14,13.332,,2.8440000000000003,,11.522,69.058
1110,2021-01-15,,,3.586,,58.779999999999994,
1111,2021-01-16,23.524,,,,53.006,56.81999999999999
1112,2021-01-17,13.904,,1.696,40.878,26.818,37.786
1113,2021-01-18,,,12.378,,8.632,72.976
1114,2021-01-19,31.812,,,8.064,59.672,
1115,2021-01-20,5.128,,,,77.914,
1116,2021-01-21,,,,,20.684,
1117,2021-01-22,22.943999999999996,,10.416,,62.734,
1118,2021-01-23,,33.052,,,66.882,
1119,2021-01-24,20.358,,,,12.266,25.018
1120,2021-01-25,13.138,,6.702,,52.70000000000001,2.428
1121,2021-01-26,15.298,,,,29.268,
1122,2021-01-27,14.04,,,,33.135999999999996,
1123,2021-01-28,,5.876,69.2,,35.644,
1124,2021-01-29,18.162,,,,63.034,
1125,2021-01-30,11.092,31.042,,0.81,36.978,
1126,2021-01-31,,36.102000000000004,,,65.424,
1127,2021-02-01,73.368,,15.394,,51.03,
1128,2021-02-02,12.53,23.35,,,43.87,
1129,2021-02-03,0.37,,3.946,,85.218,
1130,2021-02-04,13.654,,,,35.406,
1131,2021-02-05,,,,,86.506,
1132,2021-02-06,17.486,33.524,29.768,12.984,8.523999999999997,
1133,2021-02-07,,,,,,25.025999999999996
1134,2021-02-08,,,11.45,,50.494,
1135,2021-02-09,,25.154000000000003,,,67.956,
1136,2021-02-10,29.799999999999997,,32.242,,62.596000000000004,
1137,2021-02-11,30.804000000000002,,25.788000000000004,,34.532,52.89
1138,2021-02-12,10.818,,3.912,,81.85094444444445,
1139,2021-02-13,11.158,,41.166,8.308,30.41905555555556,77.552
1140,2021-02-14,,14.382,,,31.141999999999996,67.91793384223918
1141,2021-02-15,23.452,3.614,41.684,,45.494,21.770066157760823
1142,2021-02-16,,,35.724000000000004,17.038,52.098,
1143,2021-02-17,,,54.034000000000006,,35.044,
1144,2021-02-18,49.728,,31.945999999999998,,18.054000000000002,
1145,2021-02-19,24.5,25.612,29.874,,45.891999999999996,
1146,2021-02-20,,24.426,37.884,23.618,8.77,9.838
1147,2021-02-21,66.418,12.224,5.616,11.91,39.751999999999995,19.246
1148,2021-02-22,7.364,9.598,,,37.326,
1149,2021-02-23,,,92.47400000000002,,49.266,22.38
1150,2021-02-24,18.624,,18.997999999999998,,57.836000000000006,33.078
1151,2021-02-25,,,10.102,,75.612,21.842
1152,2021-02-26,,10.852,69.048,,81.35,
1153,2021-02-27,8.792,86.946,31.888,12.29,37.116,9.764
1154,2021-02-28,19.695999999999998,,,,42.69,64.77
1155,2021-03-01,14.084,33.354,41.077999999999996,,50.644,
1156,2021-03-02,,19.402,10.626000000000001,,43.492000000000004,10.384
1157,2021-03-03,15.396,,16.552,,110.60000000000001,
1158,2021-03-04,38.382,,17.338,,50.99,
1159,2021-03-05,13.512,31.28,,,21.962,
1160,2021-03-06,32.888,9.186,126.562,32.58,5.65,
1161,2021-03-07,33.508,43.454,,19.874,11.204,
1162,2021-03-08,,,,,60.396,10.872
1163,2021-03-09,7.788,43.758,21.252,,46.16,
1164,2021-03-10,49.844,,16.998,48.162,70.594,
1165,2021-03-11,,,35.49,76.66,,55.268
1166,2021-03-12,,,8.702,9.727999999999998,34.448,
1167,2021-03-13,11.538,36.994,,,2.846,
1168,2021-03-14,,,,,,
1169,2021-03-15,,,12.482,,,8.306
1170,2021-03-16,,,,64.18,56.394000000000005,
1171,2021-03-17,,,20.11,,37.672000000000004,
1172,2021-03-18,24.3,57.148,58.71999999999999,65.554,13.748000000000001,20.492
1173,2021-03-19,38.342,25.186,39.492000000000004,,107.80799999999999,
1174,2021-03-20,28.840000000000003,26.582,,10.392,72.578,34.08
1175,2021-03-21,31.669999999999998,5.666,67.526,20.704,,31.378
1176,2021-03-22,12.682000000000002,,30.304000000000002,,,7.129999999999999
1177,2021-03-23,,,6.914000000000001,53.78600000000001,46.007999999999996,
1178,2021-03-24,,1.6,4.094,,29.606,
1179,2021-03-25,20.236,,30.064,,11.062,23.574349442379184
1180,2021-03-26,14.142,16.128,69.57000000000001,,6.11,77.88965055762081
1181,2021-03-27,,2.044,22.834,8.566,,79.72104477611941
1182,2021-03-28,47.724,28.698,90.504,,31.112,117.7769552238806
1183,2021-03-29,46.09,66.652,14.912,72.398,80.964,
1184,2021-03-30,19.270000000000003,45.928,,,,
1185,2021-03-31,65.708,23.924,,50.032,25.282,
1186,2021-04-01,28.482,23.604,33.882000000000005,17.52,56.22,9.518
1187,2021-04-02,81.28200000000001,11.128,43.058,6.074,42.122,77.972
1188,2021-04-03,22.638,6.148,,38.972,19.578000000000003,103.896
1189,2021-04-04,51.120000000000005,,13.624,,79.232,88.208
1190,2021-04-05,13.292000000000002,23.808,57.211999999999996,52.116,51.23,
1191,2021-04-06,,12.292,61.93,,91.956,36.818
1192,2021-04-07,58.084,17.896,41.974,41.208,103.23,42.02196938775511
1193,2021-04-08,34.938,58.31,29.322000000000003,,41.894,5.892030612244898
1194,2021-04-09,34.385999999999996,4.934,,71.188,76.158,23.78
1195,2021-04-10,55.794,40.946000000000005,,56.406,50.936,
1196,2021-04-11,,6.794,31.896,,34.184,71.43
1197,2021-04-12,,12.486,19.544,,16.738,
1198,2021-04-13,3.67,14.39,28.255999999999997,69.95199999999998,30.856000000000005,
1199,2021-04-14,26.543999999999997,7.232,37.372,,37.082,
1200,2021-04-15,,,14.04,,,
1201,2021-04-16,57.958,8.034,49.507999999999996,33.236,27.846,
1202,2021-04-17,,2.858,,74.09599999999999,68.098,
1203,2021-04-18,14.85,7.668,43.19200000000001,12.348,29.501999999999995,22.566000000000003
1204,2021-04-19,,,,94.358,,
1205,2021-04-20,,24.676,17.67,21.984,22.456,
1206,2021-04-21,,,31.162000000000003,,75.144,
1207,2021-04-22,83.664,,13.242,118.132,36.397999999999996,
1208,2021-04-23,39.885999999999996,112.84,27.052,39.14,60.576,
1209,2021-04-24,39.958,25.137999999999998,46.346,19.506,74.78200000000001,
1210,2021-04-25,,17.236,44.732,25.05,85.74,
1211,2021-04-26,12.074,4.416,31.183999999999997,,37.25,
1212,2021-04-27,,16.951999999999998,,12.938,12.56,13.066
1213,2021-04-28,13.61,,,,80.844,
1214,2021-04-29,38.078,18.542,,26.58,37.97,
1215,2021-04-30,99.544,19.628,,26.699999999999996,51.370000000000005,60.54
1216,2021-05-01,6.646,19.398000000000003,,,77.57400000000001,40.571999999999996
1217,2021-05-02,42.468,9.536,43.03399999999999,2.478,31.356,26.548000000000002
1218,2021-05-03,,2.894,7.864000000000001,69.31200000000001,11.324,
1219,2021-05-04,26.448,,,28.482,92.734,37.954
1220,2021-05-05,3.114,32.268,,4.878,98.282,35.260000000000005
1221,2021-05-06,50.162,48.326,28.084,14.358,100.64236105476674,21.354
1222,2021-05-07,34.116,31.106,9.564,9.0,94.24563894523325,36.066
1223,2021-05-08,117.038,18.944000000000003,16.606,17.856,17.822,72.19
1224,2021-05-09,42.43,27.008,66.69,8.064,99.46,42.888
1225,2021-05-10,,,38.69200000000001,,18.08,
1226,2021-05-11,27.560000000000002,27.296,28.732,57.428,18.67,
1227,2021-05-12,13.567999999999998,28.658,29.698,15.952,29.971999999999998,48.480000000000004
1228,2021-05-13,32.192,42.768,,,45.604,
1229,2021-05-14,80.254,6.522,45.14,,118.84,30.224
1230,2021-05-15,71.90400000000001,66.668,,6.28,56.304,25.854
1231,2021-05-16,31.604,22.24,,4.056,57.510000000000005,92.298
1232,2021-05-17,37.002,15.004,,,36.842,25.687999999999995
1233,2021-05-18,55.978,45.436,,,49.342,
1234,2021-05-19,47.230000000000004,28.895999999999997,,9.196,118.57000000000001,28.236000000000004
1235,2021-05-20,36.364,26.698,44.098,21.594,126.074,130.38639016393444
1236,2021-05-21,12.306000000000001,61.524,44.80800000000001,8.668,97.66000000000001,191.11560983606557
1237,2021-05-22,75.738,6.272,30.554,6.588,55.076,68.23
1238,2021-05-23,62.076,95.49,,28.63,41.23,3.514
1239,2021-05-24,29.933999999999997,26.4,,41.646,50.546,19.602
1240,2021-05-25,15.776,75.538,0.31,60.384,30.916,62.34400000000001
1241,2021-05-26,44.572,43.036,,53.144,78.86200000000001,15.616
1242,2021-05-27,29.948000000000004,74.96199999999999,70.842,17.696,106.86645947429668,23.168
1243,2021-05-28,8.764,7.574,68.92654088050314,13.466,252.24449704744245,97.58800000000001
1244,2021-05-29,57.058,42.686,24.797459119496843,10.63,38.509043478260864,57.488
1245,2021-05-30,61.23400000000001,10.546,,5.116,57.37599999999999,33.094
1246,2021-05-31,70.886,31.26,11.782,21.740000000000002,86.682,19.338
1247,2021-06-01,8.34,122.38600000000001,2.922,51.412000000000006,5.3180000000000005,26.664
1248,2021-06-02,,47.362,1.056,10.922,110.44,26.706
1249,2021-06-03,40.279999999999994,62.989999999999995,9.894,27.61,41.488,16.818
1250,2021-06-04,27.548000000000002,41.524,17.278,,60.798,63.028000000000006
1251,2021-06-05,36.096000000000004,18.094,35.43,34.37,45.438,8.85
1252,2021-06-06,16.598,26.326,,17.61,87.75,42.858
1253,2021-06-07,12.204,,,109.394,54.007999999999996,14.966
1254,2021-06-08,,119.73,25.631999999999998,39.837999999999994,103.88799999999999,10.038
1255,2021-06-09,32.326,23.851999999999997,6.318,39.176,9.2,22.014
1256,2021-06-10,73.684,124.46000000000001,32.416,14.97,43.36,4.932
1257,2021-06-11,111.008,11.538,23.572000000000003,46.17,120.542,60.528
1258,2021-06-12,34.098,108.13,,106.316,51.488,55.812
1259,2021-06-13,30.654000000000003,39.822,,79.922,65.206,38.908
1260,2021-06-14,68.932,67.134,7.392,73.816,36.344,17.71
1261,2021-06-15,65.45400000000001,81.378,3.764,45.582,6.082,85.786
1262,2021-06-16,73.588,49.788000000000004,,62.089999999999996,90.976,57.64862773722628
1263,2021-06-17,70.516,11.332,,9.74,62.358000000000004,42.24737226277372
1264,2021-06-18,70.656,50.942,34.43,41.574,78.272,81.542
1265,2021-06-19,87.944,50.482,,94.334,30.168,160.86
1266,2021-06-20,58.074,40.678,0.002,59.004,33.483999999999995,113.872
1267,2021-06-21,20.305999999999997,,7.192,74.942,76.03399999999999,
1268,2021-06-22,44.742,38.338,,,145.748,52.742
1269,2021-06-23,16.898,23.792,,60.050000000000004,103.53,68.888
1270,2021-06-24,41.59,66.2,4.452,,64.13,29.798000000000002
1271,2021-06-25,63.766,94.77,,133.98399999999998,31.223999999999997,33.95
1272,2021-06-26,32.652,51.174,,41.596000000000004,62.013999999999996,73.35799999999999
1273,2021-06-27,41.192,27.244000000000003,17.904,56.168000000000006,15.414,43.59
1274,2021-06-28,15.858,16.77,4.06,48.836,144.424,2.648
1275,2021-06-29,19.292,72.104,8.644,41.928,87.466,44.712
1276,2021-06-30,20.760000000000005,50.245999999999995,,23.561999999999998,76.14,47.556
1277,2021-07-01,33.244,60.574000000000005,20.486,2.34,144.684,52.168
1278,2021-07-02,74.596,24.566,,59.896,97.132,55.696
1279,2021-07-03,27.592,44.510000000000005,3.498,164.51000000000002,60.318,127.28199999999998
1280,2021-07-04,12.15,34.944,54.89,,23.792,
1281,2021-07-05,16.452,74.354,9.894,15.602,10.398,70.40599999999999
1282,2021-07-06,15.902000000000001,64.48400000000001,15.97,34.635999999999996,91.174,12.446
1283,2021-07-07,19.428,31.468,112.11399999999999,86.084,88.16399999999999,30.482000000000003
1284,2021-07-08,9.74,82.918,,32.068,71.84,52.90677372262774
1285,2021-07-09,36.559999999999995,40.26,7.664,72.936,67.52199999999999,63.69459328073927
1286,2021-07-10,84.26,62.08,41.60600000000001,32.052,45.982,108.94070598933372
1287,2021-07-11,24.296,39.832,13.15,54.546,14.908,84.73392700729927
1288,2021-07-12,59.66,23.016,,5.788,49.184000000000005,
1289,2021-07-13,44.257999999999996,63.486000000000004,,,30.794,9.054
1290,2021-07-14,,56.658,36.132000000000005,27.528000000000002,88.652,57.658
1291,2021-07-15,26.080000000000002,38.856,60.48,46.300000000000004,135.89600000000002,18.784
1292,2021-07-16,66.022,91.55199999999999,3.532,,76.406,136.37518657028113
1293,2021-07-17,45.59,106.222,3.142,101.388,70.60799999999999,180.44881342971888
1294,2021-07-18,132.33,81.564,,19.58,78.162,196.29298203592816
1295,2021-07-19,,66.776,7.772,48.922000000000004,111.25200000000001,111.41679400573852
1296,2021-07-20,124.082,42.06400000000001,,46.596000000000004,133.13400000000001,35.91822395833334
1297,2021-07-21,29.630000000000003,23.084,,42.116,96.23,125.79934591194969
1298,2021-07-22,19.178,17.602000000000004,2.786,27.402,76.472,150.5866540880503
1299,2021-07-23,38.854,66.204,,65.88,51.870000000000005,120.62200000000001
1300,2021-07-24,72.754,54.74770443349754,22.116,53.694,48.702000000000005,239.06
1301,2021-07-25,35.12,41.64829556650246,56.089999999999996,6.628,22.098,52.82
1302,2021-07-26,17.502,48.42,16.088,15.101999999999999,96.37297942386832,62.087999999999994
1303,2021-07-27,32.007999999999996,115.28399999999999,8.654,52.233999999999995,170.90102057613169,75.668
1304,2021-07-28,44.222,9.638000000000002,,,114.44600000000001,10.818000000000001
1305,2021-07-29,17.060000000000002,31.445999999999998,29.181999999999995,113.55799999999999,173.274,
1306,2021-07-30,43.672,47.888,,88.09,91.96600000000001,51.032
1307,2021-07-31,12.294,59.438,,33.934,44.198,20.378
1308,2021-08-01,12.581999999999999,3.9640000000000004,18.652,33.472,63.17652380952381,53.608000000000004
1309,2021-08-02,,26.408,38.88,20.538,67.89547619047619,27.926
1310,2021-08-03,29.244,42.688,68.02,6.656,134.524,11.416
1311,2021-08-04,62.79,82.798,2.178,24.159999999999997,75.77799999999999,16.948
1312,2021-08-05,91.386,86.58800000000001,,,131.672,
1313,2021-08-06,50.418000000000006,141.322,72.22,50.730000000000004,128.70600000000002,172.918
1314,2021-08-07,,26.366,6.884,14.278,62.692,65.554
1315,2021-08-08,41.606,18.952,12.846,14.81,51.666000000000004,66.7
1316,2021-08-09,50.166,31.945999999999998,8.452000000000002,16.476,59.566,51.92
1317,2021-08-10,44.461999999999996,,,6.68,91.46000000000001,78.16503759398495
1318,2021-08-11,29.421999999999997,79.912,,,109.14,37.798962406015036
1319,2021-08-12,60.876,99.46199999999999,21.852000000000004,18.874,160.202,48.668
1320,2021-08-13,25.114,28.216,9.74,34.306,40.208,92.824
1321,2021-08-14,72.072,118.59,,46.844,52.036,36.982
1322,2021-08-15,50.83,44.014,,38.583999999999996,,39.158
1323,2021-08-16,27.464,,15.857999999999999,14.138000000000002,66.67599999999999,31.254
1324,2021-08-17,41.424,20.242,,,8.99,39.002
1325,2021-08-18,89.332,86.384,69.8,29.276,25.976,126.71
1326,2021-08-19,79.832,135.294,26.558,14.748000000000001,68.416,180.3558087098087
1327,2021-08-20,23.906,42.668,,68.73,100.11800000000001,128.18070437919653
1328,2021-08-21,43.882,46.902,34.089999999999996,150.76900507614215,66.406,120.93348691099476
1329,2021-08-22,6.964,41.010000000000005,,114.13499492385787,107.33884269662921,25.796
1330,2021-08-23,59.66,,,26.542,59.661157303370786,121.42999999999999
1331,2021-08-24,74.35600000000001,138.16,67.238,14.186,77.114,78.448
1332,2021-08-25,28.744,97.5,,,60.4,67.63741216216216
1333,2021-08-26,71.366,57.583999999999996,30.92,28.106,139.314,21.270587837837837
1334,2021-08-27,37.034,34.348,12.064,30.036,105.30935064935065,131.928
1335,2021-08-28,34.5,30.113999999999997,15.39,29.842,86.02864935064936,126.27929545454545
1336,2021-08-29,28.708000000000002,46.356,21.718,6.626,87.034,106.37870454545454
1337,2021-08-30,,20.006,36.662,,83.04003614457831,12.99
1338,2021-08-31,35.064,,4.188,26.08,55.52196385542169,76.66779452054794
1339,2021-09-01,25.906,32.218,14.725999999999999,,135.68,158.97929311990148
1340,2021-09-02,75.764,,28.008000000000003,32.928,32.058,88.10291235955056
1341,2021-09-03,33.972,87.4672,,30.5,115.79999999999998,126.504
1342,2021-09-04,18.616,90.9268,46.99158724832214,49.598,39.258,134.2377
1343,2021-09-05,70.432,74.76599999999999,70.19241275167786,27.648,19.698,43.5603
1344,2021-09-06,25.823999999999998,31.986000000000004,40.592,,5.494,70.314
1345,2021-09-07,71.274,12.342,16.764,,106.212,
1346,2021-09-08,19.412,102.092,,17.532,144.412,32.762
1347,2021-09-09,15.112,67.28,71.062,3.474,63.586,26.204
1348,2021-09-10,99.682,57.964,49.169999999999995,10.812,77.39999999999999,145.34
1349,2021-09-11,42.078,38.64,37.059999999999995,55.902,121.46,79.278
1350,2021-09-12,78.792,39.483999999999995,,68.164,146.21566003616635,61.565999999999995
1351,2021-09-13,8.166,36.344,79.22800000000001,17.198,122.36033996383365,
1352,2021-09-14,20.318,65.328,,18.138,106.166,40.888
1353,2021-09-15,52.706,23.944000000000003,,24.412,149.784,15.514
1354,2021-09-16,64.564,28.965999999999998,49.664,,37.408,80.97399999999999
1355,2021-09-17,57.446,49.152,39.668,75.104,56.242000000000004,38.784
1356,2021-09-18,64.2281686746988,107.95967567567568,,55.438,69.062,115.682
1357,2021-09-19,26.717831325301205,67.13232432432432,17.032,38.105999999999995,8.528,91.748
1358,2021-09-20,21.119999999999997,32.564,104.702,,84.848,22.1
1359,2021-09-21,15.618,42.588,10.294,72.276,144.364,23.234
1360,2021-09-22,2.192,52.886,32.362,52.226,71.372,45.238
1361,2021-09-23,36.205999999999996,,93.182,20.536,95.062,
1362,2021-09-24,61.812,33.432,2.752,25.356,120.402,
1363,2021-09-25,73.24,71.618,20.124000000000002,93.334,42.928,
1364,2021-09-26,54.556,7.798,,99.72483391016549,77.608,
1365,2021-09-27,17.646,66.818,52.718,120.36316608983452,71.80600000000001,
1366,2021-09-28,10.988,71.29599999999999,12.406,16.974,108.084,
1367,2021-09-29,68.288,24.41,30.312,50.397999999999996,49.86,76.4
1368,2021-09-30,24.582,10.398,19.724,39.032000000000004,78.668,20.334
1369,2021-10-01,70.644,25.727999999999998,7.486,,77.392,125.66999999999999
1370,2021-10-02,13.166,43.04467889908257,67.638,93.696,80.956,37.628
1371,2021-10-03,58.635999999999996,27.99532110091743,27.42,43.46,32.818,77.982
1372,2021-10-04,24.834,9.664,54.702000000000005,33.62,40.682,35.486
1373,2021-10-05,0.03,76.328,37.282000000000004,3.988,112.72999999999999,74.55
1374,2021-10-06,76.65,23.682000000000002,25.351999999999997,,91.996,145.27999999999997
1375,2021-10-07,6.714,23.522,7.382,59.72399999999999,110.91799999999999,128.834
1376,2021-10-08,50.144,52.565999999999995,27.606,10.372,80.624,78.124
1377,2021-10-09,40.402,67.08800000000001,,44.496,59.91841951219513,35.584
1378,2021-10-10,73.34400000000001,83.89,21.544,8.45,78.46158048780488,58.370000000000005
1379,2021-10-11,62.884,18.076,81.04,,86.09200000000001,29.21
1380,2021-10-12,59.174,45.82599999999999,32.13,74.65599999999999,131.718,20.39
1381,2021-10-13,26.616,55.53600000000001,,42.758,55.634,20.47
1382,2021-10-14,,45.336,115.096,49.488,93.99,47.06
1383,2021-10-15,39.348,125.676,120.72800000000001,145.218,68.358,106.228
1384,2021-10-16,23.808,48.218,95.994,39.288,67.136,99.3904647887324
1385,2021-10-17,35.89,12.818,28.488,26.378,41.05,163.22553521126758
1386,2021-10-18,45.034,76.50999999999999,106.25800000000001,175.4513780918728,69.42,27.816
1387,2021-10-19,31.598,,,99.22662190812723,86.382,7.636
1388,2021-10-20,27.445999999999998,34.876,,79.618,80.824,63.48028919330288
1389,2021-10-21,1.084,14.532,98.97200000000001,65.80199999999999,59.214,175.47171080669708
1390,2021-10-22,49.69800000000001,53.042,13.778,59.194,80.914,27.952000000000005
1391,2021-10-23,38.18,85.78399999999999,35.144,86.456,13.086,84.018
1392,2021-10-24,35.916,65.06,16.908,,,26.412
1393,2021-10-25,23.576,,42.178,5.602,72.536,14.641999999999998
1394,2021-10-26,11.776,16.886000000000003,43.146,74.352,57.726,
1395,2021-10-27,61.236000000000004,30.504000000000005,36.922,75.792,44.730000000000004,49.162
1396,2021-10-28,17.344,31.188,24.914,86.49141131105398,89.78,60.628
1397,2021-10-29,15.234000000000002,100.872,15.567999999999998,98.58058868894604,83.932,45.53
1398,2021-10-30,40.254,12.436,17.342,19.522,63.37800000000001,48.266
1399,2021-10-31,26.848,6.998,19.198,25.556,68.934,21.872
1400,2021-11-01,22.654,15.332,72.058,,60.908,45.218
1401,2021-11-02,51.260000000000005,2.9859999999999998,28.262,,96.13400000000001,
1402,2021-11-03,,46.964,39.438,,94.814,62.446
1403,2021-11-04,37.438,29.582,27.298,37.205999999999996,104.31200000000001,80.97260049627792
1404,2021-11-05,49.56,,48.726,88.912,94.842,174.3633995037221
1405,2021-11-06,43.768,30.466,,27.518,50.58,50.218
1406,2021-11-07,40.244,27.774,25.126,143.37800000000001,162.396,35.85
1407,2021-11-08,8.964,,0.774,,64.7,80.59799999999998
1408,2021-11-09,29.988,,7.004,82.67200000000001,103.642,7.198
1409,2021-11-10,96.376,79.496,43.018,28.658,44.176,19.762
1410,2021-11-11,58.244,,45.41,1.15,22.274,18.54
1411,2021-11-12,33.174,26.668,,63.58333923303835,62.396,81.312
1412,2021-11-13,79.018,82.34400000000001,,159.20426706617428,67.088,75.154
1413,2021-11-14,34.861999999999995,25.898,19.772,46.56039370078741,34.75599999999999,63.74400000000001
1414,2021-11-15,53.544,101.45400000000002,10.64,44.82399999999999,125.976,
1415,2021-11-16,12.318,12.234,28.284000000000002,32.812,96.714,38.624
1416,2021-11-17,40.04600000000001,22.536,37.656,19.044,154.82,18.406
1417,2021-11-18,45.316,,18.89,127.96600000000001,89.376,56.214
1418,2021-11-19,106.05,43.044,14.898,115.8367346221441,86.92,44.652
1419,2021-11-20,51.684,17.796,6.872,96.43171048171345,104.22,
1420,2021-11-21,36.98,17.708000000000002,67.77999999999999,104.18755489614243,17.834,107.818
1421,2021-11-22,17.496000000000002,57.762,,,94.948,
1422,2021-11-23,79.17485714285714,15.198,,19.358,134.92,17.882
1423,2021-11-24,54.60514285714285,33.611999999999995,6.564,,71.834,
1424,2021-11-25,,,,54.92146478873239,5.792,
1425,2021-11-26,45.93,65.604,27.660000000000004,72.57253521126762,33.768,131.8
1426,2021-11-27,34.202,19.090769230769233,,14.506,16.782,83.868
1427,2021-11-28,94.33200000000001,60.43323076923077,,13.261774744027303,60.894000000000005,50.300000000000004
1428,2021-11-29,81.396,,21.24,46.518225255972695,102.73799999999999,60.263999999999996
1429,2021-11-30,,4.744,,,62.166,41.22200000000001
1430,2021-12-01,88.01599999999999,55.634,5.158,88.94399999999999,73.116,
1431,2021-12-02,34.436,41.65636764705882,22.874000000000002,75.202,48.466,41.012
1432,2021-12-03,74.152,64.6462872201978,24.046,,12.768,123.672
1433,2021-12-04,69.736,104.93734513274336,,80.172,101.49199999999999,145.596
1434,2021-12-05,,25.658,14.588,57.483999999999995,27.476,29.342000000000002
1435,2021-12-06,,59.39,,,83.828,80.658
1436,2021-12-07,31.168,48.952,7.452,39.91,121.672,95.438
1437,2021-12-08,21.828000000000003,,,75.08599999999998,49.745999999999995,18.189999999999998
1438,2021-12-09,57.38,17.086,12.222,153.722,120.64,28.328
1439,2021-12-10,31.59,52.05400000000001,64.134,61.332,37.546,77.028
1440,2021-12-11,85.146,41.486,16.663999999999998,65.214,89.08600000000001,104.70266666666667
1441,2021-12-12,42.804,14.12,,185.72973869346734,167.96721718377088,143.04733333333334
1442,2021-12-13,0.102,5.65,31.134,164.80426130653268,65.36478281622911,70.68599999999999
1443,2021-12-14,67.638,28.564,12.024000000000001,46.28,65.782,37.5
1444,2021-12-15,72.556,,26.14,28.326,62.00600000000001,
1445,2021-12-16,101.194,67.76400000000001,63.486000000000004,257.5,22.567999999999998,1.21
1446,2021-12-17,142.782,79.414,47.028,31.64,111.368,67.83
1447,2021-12-18,90.678,35.018,6.384,53.44916797488226,90.916,80.39
1448,2021-12-19,30.24,31.546,,104.06083202511773,24.477999999999998,26.726
1449,2021-12-20,86.692,10.156,99.46600000000001,7.494,37.44,57.778
1450,2021-12-21,69.154,13.17,32.21116666666667,182.60329216909216,11.911999999999999,91.656
1451,2021-12-22,108.812,42.132,99.08483333333334,100.35728337047617,37.448,
1452,2021-12-23,108.836,,27.526,35.307424460431655,86.41,47.118
1453,2021-12-24,41.184000000000005,,,23.042,16.388,
1454,2021-12-25,6.342,,48.647999999999996,2.2849032258064517,6.278,
1455,2021-12-26,57.214,12.3,,153.36709677419356,72.898,27.154
1456,2021-12-27,59.894000000000005,11.45,,20.34,41.96,3.096
1457,2021-12-28,105.468,55.85,11.926,,44.436,3.714
1458,2021-12-29,62.33800000000001,35.211999999999996,90.942,25.316000000000003,85.744,18.696
1459,2021-12-30,74.246,4.578,,26.790000000000003,16.669999999999998,58.465999999999994
1460,2021-12-31,4.638,29.132,11.542,18.46,41.238,103.34599999999999
1461,2022-01-01,,,,42.814,67.598,20.258
1462,2022-01-02,40.452,15.946,10.256,49.95,121.854,30.646
1463,2022-01-03,29.162,16.186,29.38944245524297,28.375999999999998,18.89,
1464,2022-01-04,53.763999999999996,,110.83055754475704,3.964,83.15,13.354
1465,2022-01-05,16.412,16.938,56.358,105.55599999999998,107.554,23.232
1466,2022-01-06,,,,51.518,,31.762
1467,2022-01-07,106.18799999999999,28.43,7.322,83.97,69.514,18.032
1468,2022-01-08,16.244,33.626000000000005,13.19,38.144,71.41,107.16300196463655
1469,2022-01-09,40.408,35.918,59.792,36.391999999999996,10.006,92.94499803536344
1470,2022-01-10,15.9,9.134,94.512,64.33,64.726,44.616
1471,2022-01-11,,19.476,17.172,,107.14,113.45274702886248
1472,2022-01-12,28.152,6.356,98.7243768115942,63.88081409001957,55.848,42.46925297113752
1473,2022-01-13,11.358,101.50177528089887,148.22562318840582,124.15518590998043,98.21000000000001,104.928
1474,2022-01-14,61.108000000000004,89.14022471910113,27.751999999999995,33.50252390852391,16.766,14.01
1475,2022-01-15,23.626000000000005,30.294,19.932000000000002,157.5694760914761,106.598,71.264
1476,2022-01-16,28.156,12.416,76.41,50.776,48.8,39.916
1477,2022-01-17,68.218,27.524,11.168,11.094,17.872,12.948
1478,2022-01-18,57.532000000000004,8.32,,29.769970588235292,88.914,
1479,2022-01-19,7.214,,16.364,113.4900294117647,34.9,105.52465979381444
1480,2022-01-20,44.748,23.26,27.336,22.962,24.148,105.87224052772895
1481,2022-01-21,54.696000000000005,48.653103448275864,1.09,59.44385595567867,60.778000000000006,86.98909967845658
1482,2022-01-22,50.332,146.57889655172414,6.72,108.82614404432134,45.484,24.594
1483,2022-01-23,0.078,49.188,,19.772,55.76,22.281999999999996
1484,2022-01-24,12.728,,20.687999999999995,82.516,98.624,70.91
1485,2022-01-25,27.082,,48.016,14.544,66.178,
1486,2022-01-26,25.984,,30.036,65.512,34.812,8.044
1487,2022-01-27,99.786,,75.94839024390244,73.742,126.44200000000001,
1488,2022-01-28,76.30199999999999,58.732,146.66295152824947,54.873999999999995,98.906,60.5
1489,2022-01-29,65.038,22.58,25.71265822784811,140.074,84.12,161.572
1490,2022-01-30,56.884,27.974,43.222,95.57413333333334,125.68,
1491,2022-01-31,39.80200000000001,62.711999999999996,72.828,62.64586666666668,110.046,
1492,2022-02-01,37.548,25.264,18.486,55.086,27.438,47.72
1493,2022-02-02,20.66,,,84.26999506781752,,40.14
1494,2022-02-03,36.346,42.866,23.566,181.53800493218245,70.41,43.23
1495,2022-02-04,92.10243333333334,29.047999999999995,,33.912,43.292,101.104
1496,2022-02-05,70.29156666666667,46.524,10.408,88.46600000000001,24.49,119.174
1497,2022-02-06,22.436,37.168,16.82023668639053,46.63288157894737,4.324,
1498,2022-02-07,104.752,24.336,31.35976331360947,122.73111842105266,53.914,26.444000000000003
1499,2022-02-08,73.42999999999999,34.718,49.392,36.03,143.57,62.58200000000001
1500,2022-02-09,30.89,47.35600000000001,,,79.23,22.106
1501,2022-02-10,68.06,19.948,43.647999999999996,22.99,103.728,59.287292593172566
1502,2022-02-11,42.984,42.464,48.425999999999995,37.102000000000004,60.928,158.53270740682746
1503,2022-02-12,41.246,53.7,,30.912,125.57757714285714,125.95
1504,2022-02-13,24.124000000000002,82.732,19.722,14.66,55.93442285714288,66.27
1505,2022-02-14,32.808,37.842,77.03999999999999,53.692,18.756,19.066
1506,2022-02-15,92.222,12.814,66.542,27.035999999999998,86.606,128.6055944700461
1507,2022-02-16,34.266,12.246,,60.876000000000005,27.462,43.48240552995391
1508,2022-02-17,51.636,27.892,28.512,104.77,56.628,26.759999999999998
1509,2022-02-18,47.46,28.814,49.254000000000005,18.568,66.81,135.994
1510,2022-02-19,57.01466666666667,77.818,,40.324,27.974,64.884
1511,2022-02-20,112.66733333333333,11.436,42.778000000000006,63.734,73.922,57.878
1512,2022-02-21,10.696,10.864,54.982,35.43,,19.739999999999995
1513,2022-02-22,29.795999999999996,13.57,41.861999999999995,25.716,111.87,16.676
1514,2022-02-23,144.186,13.074,42.205999999999996,,22.968,23.482
1515,2022-02-24,60.120000000000005,12.752,24.862,152.47599999999997,71.348,25.619999999999997
1516,2022-02-25,76.666,23.368,75.844,124.852,9.574,77.53315384615385
1517,2022-02-26,63.744,115.1132987012987,39.128,51.672000000000004,45.894,105.31084615384614
1518,2022-02-27,66.234,139.4407012987013,10.15,113.872,83.04599999999999,172.98600000000002
1519,2022-02-28,32.556,38.864000000000004,72.05,87.21811235955056,24.302000000000003,30.92
1520,2022-03-01,150.384,81.258,57.008,54.75388764044945,51.903999999999996,63.72
1521,2022-03-02,71.682,35.92,60.074,57.1,19.71,66.46
1522,2022-03-03,83.944,98.19,48.792,57.562,78.706,35.496
1523,2022-03-04,143.256,17.428,49.37599999999999,92.186,88.15,10.828
1524,2022-03-05,106.16999999999999,22.322000000000003,29.920736842105264,49.529999999999994,14.267999999999999,38.65
1525,2022-03-06,12.96,12.662,96.41126315789471,34.242513966480445,36.566,89.816
1526,2022-03-07,93.14399999999999,44.794,87.20400000000001,159.26148603351956,74.528,17.052
1527,2022-03-08,65.91,88.522,64.586,17.548000000000002,92.32,
1528,2022-03-09,95.25999999999999,64.458,76.796,14.841999999999999,23.21,86.61
1529,2022-03-10,110.272,65.088,156.962,79.645,117.11400000000002,9.51
1530,2022-03-11,181.402,47.424,65.986,75.293,56.995999999999995,39.036
1531,2022-03-12,78.932,94.506,47.831999999999994,78.368,62.056,138.384
1532,2022-03-13,34.486,65.718,15.714,11.038,48.00599999999999,105.22
1533,2022-03-14,26.992,30.055999999999997,107.164,194.89,27.566,76.31400000000001
1534,2022-03-15,51.248000000000005,67.87,23.864,10.982,161.918,32.574000000000005
1535,2022-03-16,41.502,31.664,25.71,,14.568000000000001,
1536,2022-03-17,52.644,25.728,53.314,74.39,30.299999999999997,12.544
1537,2022-03-18,43.105999999999995,38.308,49.949999999999996,20.002,92.19399999999999,165.894
1538,2022-03-19,105.312,159.064,18.6,158.99,69.63199999999999,90.10799999999999
1539,2022-03-20,57.724000000000004,37.07,19.934,89.042,111.89399999999999,78.582
1540,2022-03-21,75.108,,3.439274238227147,,72.09,24.23
1541,2022-03-22,133.506,68.292,84.28672576177286,,127.594,14.93
1542,2022-03-23,38.641999999999996,34.63,,102.37200000000001,14.972,19.355999999999998
1543,2022-03-24,89.612,73.034,147.36,24.472,116.71800000000002,68.02799999999999
1544,2022-03-25,93.498,19.98,80.63000000000001,48.721999999999994,59.266000000000005,65.976
1545,2022-03-26,89.88,137.284,69.232,54.732,174.13,46.112
1546,2022-03-27,59.258,62.44,,42.56400000000001,121.368,36.559999999999995
1547,2022-03-28,55.03,42.354242424242415,34.448,48.424,86.12,37.623999999999995
1548,2022-03-29,47.102,83.35375757575758,30.002,117.78999999999999,137.59199999999998,83.57399999999998
1549,2022-03-30,72.268,65.96000000000001,,22.094,63.58,51.116
1550,2022-03-31,50.678,35.525999999999996,23.592,48.006,145.064,71.896
1551,2022-04-01,78.34400000000001,28.648,88.988,31.776,141.668,84.036
1552,2022-04-02,68.96,123.76158823529411,3.454,123.464,55.129999999999995,81.29599999999999
1553,2022-04-03,12.144000000000002,32.538411764705884,11.09,97.13392907801419,83.37,
1554,2022-04-04,41.26,,101.472,10.436070921985824,106.21199999999999,22.742
1555,2022-04-05,93.332,56.43,77.93,,82.166,39.72
1556,2022-04-06,26.348,33.394000000000005,76.41170754716981,25.078,48.594,44.31999999999999
1557,2022-04-07,157.79,60.736000000000004,119.37829245283017,87.908,134.426,37.098
1558,2022-04-08,58.818000000000005,55.464,121.172,34.68466666666667,45.480000000000004,98.214
1559,2022-04-09,77.608,57.94199999999999,62.226,71.17733333333334,157.646,85.158
1560,2022-04-10,92.33999999999999,43.8,62.164,,116.84,
1561,2022-04-11,10.514,85.13502904564317,76.524,15.175999999999998,107.054,65.82000000000001
1562,2022-04-12,113.23,57.49297095435682,26.876,12.156,153.374,59.974000000000004
1563,2022-04-13,54.326,13.072,7.906,28.666,36.403999999999996,105.51599999999999
1564,2022-04-14,23.842,59.24600000000001,22.968,44.958,157.03799999999998,
1565,2022-04-15,19.298,132.48,26.084,21.264,179.64676923076925,174.746
1566,2022-04-16,117.95599999999999,38.897999999999996,58.408,122.24285049833887,24.08123076923077,63.726
1567,2022-04-17,52.56,37.246,86.472,96.99314950166114,146.546,25.92
1568,2022-04-18,45.18,118.34799999999998,17.54164681724846,27.938,102.232,52.212
1569,2022-04-19,78.54,37.367999999999995,143.00835318275153,95.43,137.654,60.31
1570,2022-04-20,63.145999999999994,42.876000000000005,62.24400000000001,,90.72200000000001,65.642
1571,2022-04-21,81.668,83.684,48.371,31.936,69.392,12.33
1572,2022-04-22,128.462,53.30199999999999,88.713,,116.206,8.936
1573,2022-04-23,150.776,73.774,8.492,93.19,82.384,57.426
1574,2022-04-24,46.402,55.922,47.718,27.174,93.19399999999999,31.02
1575,2022-04-25,,61.108,125.69600000000001,,104.512,21.99
1576,2022-04-26,165.59199999999998,24.832,45.814,49.55,96.72399999999999,19.798
1577,2022-04-27,99.084,34.576,51.251999999999995,,145.682,19.35
1578,2022-04-28,72.926,47.424,28.753999999999998,40.522000000000006,170.846,15.858
1579,2022-04-29,108.884,25.818,65.52199999999999,60.928,55.912,118.014
1580,2022-04-30,134.918,35.692,72.696,66.41,129.956,71.638
1581,2022-05-01,35.284,47.218,93.72477669902914,20.042,70.09,51.094
1582,2022-05-02,82.008,20.28,136.5512233009709,,61.486,46.11
1583,2022-05-03,150.634,61.148,53.258,76.346,92.12,54.298
1584,2022-05-04,92.69200000000001,11.968,1.774,30.689999999999998,112.24000000000001,18.018
1585,2022-05-05,83.062,10.785767441860465,75.46000000000001,26.526,107.75999999999999,74.704
1586,2022-05-06,99.408,56.882232558139535,129.38,47.13999999999999,110.962,66.176
1587,2022-05-07,72.56548837209301,67.384,7.29,13.118,130.548,76.74799999999999
1588,2022-05-08,94.64051162790697,22.962,24.483999999999998,97.106,66.444,137.53199999999998
1589,2022-05-09,129.716,39.512,16.918,63.544,101.106,51.302
1590,2022-05-10,142.10399999999998,19.778,14.334,,118.732,28.924
1591,2022-05-11,89.362,18.418,49.111999999999995,,135.964,70.21399999999998
1592,2022-05-12,101.202,8.404,66.74199999999999,,137.816,8.224
1593,2022-05-13,84.044,72.98,43.444,14.42,11.932,183.072
1594,2022-05-14,115.934,60.598,,56.236,122.44600000000001,51.868
1595,2022-05-15,78.422,40.898,,21.132,120.074,35.078
1596,2022-05-16,3.438,101.904,54.75999999999999,25.40238596491228,12.73,52.468
1597,2022-05-17,67.782,42.489999999999995,65.582,88.94761403508771,160.6,9.662
1598,2022-05-18,145.862,2.806,15.31,37.446,103.97399999999999,28.967999999999996
1599,2022-05-19,73.554,71.066,3.306,5.294,25.502,58.81999999999999
1600,2022-05-20,,95.81092307692307,,9.918,47.5,21.984
1601,2022-05-21,127.34599999999999,66.66107692307692,18.730000000000004,46.004,56.58200000000001,90.288
1602,2022-05-22,53.902,35.884,77.07220930232558,11.62,107.68,50.541999999999994
1603,2022-05-23,46.586,161.0,113.3857906976744,,45.87799999999999,52.876000000000005
1604,2022-05-24,67.86999999999999,53.862,35.556,21.01,133.496,10.334
1605,2022-05-25,33.386,26.014000000000003,9.814,101.81200000000001,102.598,
1606,2022-05-26,63.150000000000006,69.316,76.638,47.782000000000004,43.596000000000004,59.562
1607,2022-05-27,68.51400000000001,75.938,31.866000000000003,79.55799999999999,62.74200000000001,66.184
1608,2022-05-28,70.092,88.81,3.614,82.564,120.36,188.868
1609,2022-05-29,89.36,53.79,80.50999999999999,40.088,157.1849668874172,80.516
1610,2022-05-30,97.48400000000001,38.352000000000004,52.14000000000001,25.006,89.60103311258278,72.04
1611,2022-05-31,108.598,88.74199999999999,52.19493159609121,,110.154,76.3
1612,2022-06-01,26.614,52.696,73.97706840390879,23.386,110.574,55.128
1613,2022-06-02,51.59,73.114,88.35460037523453,21.842,116.514,111.524
1614,2022-06-03,53.482,37.112,67.80139962476545,32.608000000000004,21.728,62.284
1615,2022-06-04,68.89200000000001,52.910000000000004,65.944,150.83539234449762,97.556,150.35000000000002
1616,2022-06-05,124.16,84.39399999999999,95.60199999999999,21.2106076555024,86.914,68.21200000000002
1617,2022-06-06,82.93,57.760000000000005,64.5450909090909,25.87,40.164,47.114000000000004
1618,2022-06-07,,76.102,81.86090909090908,36.792,159.016,7.434
1619,2022-06-08,55.647999999999996,115.61200000000001,74.67,35.966,59.792,72.018
1620,2022-06-09,24.418,46.182,96.99357737104826,53.536,70.4,11.218
1621,2022-06-10,78.528,10.438,138.03242262895174,19.442,117.974,93.112
1622,2022-06-11,71.788,59.827999999999996,85.704,65.768,54.314,60.104
1623,2022-06-12,118.232,118.42399999999999,12.276,102.75,109.35400000000001,46.476
1624,2022-06-13,17.094,53.04,192.5483691376702,67.58,111.046,31.228
1625,2022-06-14,57.221999999999994,121.402,159.84163086232982,100.88588649706456,158.264,
1626,2022-06-15,72.918,165.662,98.31837575757575,47.69211350293544,136.134,58.744
1627,2022-06-16,114.962,59.324,194.7771759386421,,46.94200000000001,99.748
1628,2022-06-17,59.56999999999999,82.168,129.3936755765094,1.944,71.862,87.71
1629,2022-06-18,,127.756,176.7847727272727,106.934,68.378,143.82999999999998
1630,2022-06-19,,115.04199999999999,81.08486774941996,42.81,53.594,107.61800000000001
1631,2022-06-20,,112.84,49.029132250580055,10.922,98.67,7.428
1632,2022-06-21,,67.32200000000002,102.30147878787878,,84.36,6.324
1633,2022-06-22,,28.810000000000002,80.72379363174895,65.196,73.712,81.75
1634,2022-06-23,,42.896,114.60072758037222,137.16,46.278,3.878
1635,2022-06-24,,61.264,82.46200000000002,17.896,72.32199999999999,55.358000000000004
1636,2022-06-25,,90.56,108.83600000000001,150.924625,71.21199999999999,117.196
1637,2022-06-26,,87.082,101.30000000000001,94.94137500000001,118.394,63.022000000000006
1638,2022-06-27,,71.47,189.7146224489796,,26.11,38.504000000000005
1639,2022-06-28,,74.342,185.29737755102042,26.834,129.14,83.43
1640,2022-06-29,,30.18,67.624,0.058,80.536,71.686
1641,2022-06-30,,114.454,140.99002569593148,84.89399999999999,89.36761538461539,60.12
1642,2022-07-01,,133.32999999999998,69.90997430406851,56.401999999999994,122.48438461538463,62.007999999999996
1643,2022-07-02,,49.546,107.48552978056426,77.456,100.92200000000001,58.766000000000005
1644,2022-07-03,,48.992000000000004,31.618470219435736,110.498,111.156,74.024
1645,2022-07-04,,42.626,44.044,8.818,68.97800000000001,22.894
1646,2022-07-05,,52.946,36.818,22.582,111.68,12.052
1647,2022-07-06,,19.804000000000002,43.56,52.316,110.932,53.294
1648,2022-07-07,,27.61,44.06,34.036,158.444,24.064
1649,2022-07-08,,48.018,16.851999999999997,12.531702786377709,57.926,100.34800000000001
1650,2022-07-09,,96.202,12.224,122.82829721362229,95.544,146.912
1651,2022-07-10,,38.35,50.3,63.54749494949495,68.672,48.830000000000005
1652,2022-07-11,,21.74,127.38199999999999,40.31650505050506,111.50399999999999,
1653,2022-07-12,,136.506,12.522,42.202,132.7298275862069,33.19
1654,2022-07-13,,67.98,26.759999999999998,72.948,96.0321724137931,45.668
1655,2022-07-14,,35.826,32.142,47.814,44.918,170.044
1656,2022-07-15,,80.116,39.15,,57.736000000000004,50.906000000000006
1657,2022-07-16,,95.814,106.342,87.296,59.152,155.922
1658,2022-07-17,,164.20000000000002,80.59800000000001,42.996,83.31,66.574
1659,2022-07-18,,76.58003428571429,22.994,66.96600000000001,69.918,
1660,2022-07-19,,102.65596571428571,34.802,32.046,100.224,67.378
1661,2022-07-20,,127.01599999999999,65.558,92.66799999999999,154.59799999999998,87.212
1662,2022-07-21,,96.312,45.3,52.922,182.02,46.042
1663,2022-07-22,,80.63000000000001,148.19400000000002,60.56,109.05,76.402
1664,2022-07-23,,95.138,35.18000000000001,93.98599999999999,162.63,245.82062983425413
1665,2022-07-24,,86.1,126.03999999999999,26.974,119.926,12.071370165745876
1666,2022-07-25,,94.116,69.66799999999999,107.07400000000001,89.58,137.70600000000002
1667,2022-07-26,,63.93,4.868,52.442,135.098,133.64771428571427
1668,2022-07-27,,171.552,64.47200000000001,42.642,49.422,83.76628571428574
1669,2022-07-28,,80.07,90.008,57.76800000000001,87.928,34.06
1670,2022-07-29,,29.534,38.306,66.574,51.42,78.794
1671,2022-07-30,,59.772,224.08800000000002,104.928,47.42,122.116
1672,2022-07-31,,46.84,172.11800000000002,18.8164,65.532,22.484
1673,2022-08-01,,46.152,142.9689440993789,100.7376,121.40799999999999,38.616
1674,2022-08-02,,110.03200000000001,100.27905590062113,22.89,198.242,42.386
1675,2022-08-03,,73.672,65.396,52.538,90.98400000000001,33.82
1676,2022-08-04,,52.776,42.416,77.196,107.75999999999999,61.42
1677,2022-08-05,,11.578,90.904,87.87068783068783,19.946,129.822
1678,2022-08-06,,144.034,164.38600000000002,119.73931216931217,9.46,238.396
1679,2022-08-07,,79.08,54.534000000000006,36.032,51.438,7.426
1680,2022-08-08,,50.614,81.996,86.88,58.968,106.622
1681,2022-08-09,,52.274,36.416,58.834,115.53,88.328
1682,2022-08-10,,60.75,221.136,42.194,68.60188284518829,46.578
1683,2022-08-11,,139.252,77.43799999999999,57.80873187183811,172.42011715481172,28.94
1684,2022-08-12,,106.408,80.772,132.47526812816187,91.81105319148936,116.398
1685,2022-08-13,,120.72,98.73799999999999,62.388000000000005,95.80294680851063,124.322
1686,2022-08-14,,77.74,145.77599999999998,81.602,62.284000000000006,100.89177478580172
1687,2022-08-15,,15.586,162.474,96.958,63.864,154.52222521419824
1688,2022-08-16,,98.392,67.116,49.832,146.95,180.266
1689,2022-08-17,,85.19,75.864,95.53399999999999,51.303999999999995,61.995999999999995
1690,2022-08-18,,93.774,209.12800000000001,33.526,55.174,79.452
1691,2022-08-19,,65.662,194.25400000000002,66.574,45.278000000000006,93.518
1692,2022-08-20,,71.864,201.72446153846153,88.73,103.30199999999999,158.656
1693,2022-08-21,,46.378,104.91153846153846,45.7,103.846,51.366
1694,2022-08-22,,,110.932,22.386000000000003,81.61,113.49799999999999
1695,2022-08-23,,87.372,190.52,71.744,135.272,88.968
1696,2022-08-24,,37.54,124.31,30.384,63.648,21.902
1697,2022-08-25,,52.972,90.194,6.322,134.516,84.924
1698,2022-08-26,,120.432,194.7,58.566,87.568,76.914
1699,2022-08-27,,113.408,69.92999999999999,51.891999999999996,48.522,96.006
1700,2022-08-28,,,113.878,31.25,19.972,49.154
1701,2022-08-29,,7.538,124.088,16.862,117.822,43.367999999999995
1702,2022-08-30,,73.646,131.79600000000002,50.96000000000001,47.45,101.418
1703,2022-08-31,,87.638,184.698,13.809999999999999,90.49000000000001,54.024
1704,2022-09-01,,48.616,97.58,21.77109662921348,99.77199999999999,34.206
1705,2022-09-02,,30.150000000000002,160.69133689839572,148.40690337078652,132.0,96.18199999999999
1706,2022-09-03,,27.768,245.17066310160425,7.094,148.65,49.446
1707,2022-09-04,,76.574,122.468,43.664,55.438,40.648
1708,2022-09-05,,10.37,151.78400000000002,,69.47,63.818
1709,2022-09-06,,61.760000000000005,47.96000000000001,52.304,60.176,
1710,2022-09-07,,88.776,133.87434146341462,23.844,59.288,176.34000000000003
1711,2022-09-08,,90.702,32.41965853658536,62.482,127.728,40.884
1712,2022-09-09,,77.998,218.92,35.582,64.854,20.66
1713,2022-09-10,,58.028,187.26485376661742,73.58560950764007,80.20400000000001,116.84858156028369
1714,2022-09-11,,47.612,200.21514623338257,116.73839049235994,188.7940714285714,118.27141843971631
1715,2022-09-12,,,65.254,,129.75437301587303,71.846
1716,2022-09-13,,90.452,97.774,85.354,112.51355555555556,165.946
1717,2022-09-14,,,156.672,26.33,126.46510545454545,76.448
1718,2022-09-15,,126.732,131.06,27.317999999999998,128.69889454545455,60.492000000000004
1719,2022-09-16,,35.322,79.904,5.838,28.822000000000003,92.258
1720,2022-09-17,,79.548,148.094,114.99,120.508,128.526
1721,2022-09-18,,62.698,141.42102904564314,91.54400000000001,91.25,3.974
1722,2022-09-19,,30.01,120.74897095435684,30.206,102.858,9.466
1723,2022-09-20,,57.33400000000001,95.922,,68.452,27.166
1724,2022-09-21,,29.662000000000003,148.862,,180.644,83.188
1725,2022-09-22,,78.564,116.15199999999999,,125.934,78.444
1726,2022-09-23,,109.67,138.1506547085202,79.274,73.09055535390199,142.928
1727,2022-09-24,,116.978,117.91934529147981,78.18599999999999,157.80479849225185,105.414
1728,2022-09-25,,83.988,179.35,,106.20464615384616,84.798
1729,2022-09-26,,45.58,134.4086432160804,29.68,84.9,57.97800000000001
1730,2022-09-27,,47.526,220.92675181777963,8.07,94.098,120.562
1731,2022-09-28,,19.838,153.84635286529962,7.87,42.37,69.14999999999999
1732,2022-09-29,,15.458,161.63825210084033,13.580000000000002,102.64,37.046
1733,2022-09-30,,54.928,79.51017821782179,53.918,148.814,25.302
1734,2022-10-01,,77.69,191.2956890807564,48.717999999999996,143.368,85.13799999999999
1735,2022-10-02,,61.78,223.75613270142185,16.328,168.86200000000002,48.536
1736,2022-10-03,,45.918,45.662,4.68,93.644,46.674
1737,2022-10-04,,143.448,6.024,,193.83082395644283,43.046
1738,2022-10-05,,50.456,251.586,83.77211199999999,48.84717604355719,35.064
1739,2022-10-06,,87.29,157.60245283018867,20.373888,148.178,72.712
1740,2022-10-07,,71.402,168.37628791055204,,110.44,120.69
1741,2022-10-08,,94.84200000000001,166.84725925925923,107.164,131.218,134.546
1742,2022-10-09,,12.766,99.624,149.302,18.73,111.94
1743,2022-10-10,,87.80799999999999,86.026,12.472,178.174,29.152
1744,2022-10-11,,70.604,123.882,73.94800000000001,121.06,160.302
1745,2022-10-12,,68.534,136.452768,46.0,130.16,107.006
1746,2022-10-13,,16.988,146.08523200000002,39.058,119.76400000000001,99.56200000000001
1747,2022-10-14,,165.50082790697675,155.05926821705427,27.253999999999998,100.226,157.226
1748,2022-10-15,,70.21717209302325,316.64253290864934,128.506,175.16,104.91
1749,2022-10-16,,42.678,147.09219887429643,76.738,189.78337078651685,54.596000000000004
1750,2022-10-17,,29.086,223.372,38.244,142.04662921348316,13.559999999999999
1751,2022-10-18,,18.218000000000004,115.694,35.089999999999996,145.722,91.66600000000001
1752,2022-10-19,,7.814,96.76,61.08547445255475,101.164,11.44
1753,2022-10-20,,,126.25399999999999,83.74025282017254,101.786,25.164
1754,2022-10-21,,17.548,104.31200000000001,42.60827272727272,106.21000000000001,104.61200000000001
1755,2022-10-22,,68.712,149.15800000000002,46.984,121.936,105.292
1756,2022-10-23,,28.182000000000002,52.428,18.704,99.72399999999999,46.199999999999996
1757,2022-10-24,,90.194,99.67,72.58800000000001,126.14400000000003,163.80599999999998
1758,2022-10-25,,73.50999999999999,104.144,60.558,140.968,58.3
1759,2022-10-26,,8.346,222.7655783783784,38.206,99.02799999999999,49.208
1760,2022-10-27,,71.32000000000001,153.7504216216216,6.494,177.0591941222679,47.27
1761,2022-10-28,,22.374,175.75990201729107,51.462,97.82880587773207,50.248
1762,2022-10-29,,56.0,183.81609798270895,62.742,78.08599999999998,57.852000000000004
1763,2022-10-30,,75.10062015503875,152.026,124.5,90.984,53.754
1764,2022-10-31,,35.83137984496124,121.664,64.594,203.1701052631579,41.58
1765,2022-11-01,,38.891999999999996,58.28,,124.47989473684208,73.21000000000001
1766,2022-11-02,,19.998,87.784,,83.412,16.632
1767,2022-11-03,,14.354,166.24504727272728,17.83,143.698,29.678
1768,2022-11-04,,88.756,101.04695272727275,106.798,113.924,125.17199999999998
1769,2022-11-05,,71.312,220.654,74.756,184.23607202216067,107.888
1770,2022-11-06,,104.83,173.58800000000002,34.089999999999996,165.12992797783932,21.612000000000002
1771,2022-11-07,,13.126,128.442,147.04600000000002,77.65,78.08599999999998
1772,2022-11-08,,55.902,114.954,139.07580269058295,148.0231483870968,34.336
1773,2022-11-09,,36.396,70.192,66.87219730941703,42.610851612903225,32.480000000000004
1774,2022-11-10,,146.498,140.136,9.762,150.914,54.32304587155963
1775,2022-11-11,,114.14051546391752,115.08600000000001,50.212,87.76800000000001,200.71295412844037
1776,2022-11-12,,82.92948453608247,8.61,161.452,106.668,58.472
1777,2022-11-13,,49.15,126.786,119.61377411764705,136.018,92.204
1778,2022-11-14,,55.434000000000005,101.884,177.16222588235294,109.444,125.222
1779,2022-11-15,,101.65599999999999,187.9498363273453,20.806,162.6597904468413,33.012
1780,2022-11-16,,112.262,103.41216367265471,38.054,98.4262095531587,74.592
1781,2022-11-17,,51.434,74.19539759036144,,138.178,67.63726997840175
1782,2022-11-18,,81.172,72.62060240963855,54.942,54.74818625954198,62.13073002159826
1783,2022-11-19,,45.388,133.444,60.956,156.67981374045803,193.55022058823528
1784,2022-11-20,,22.694,92.63199999999999,75.07000000000001,197.71228369907783,43.661779411764684
1785,2022-11-21,,,55.886,83.82190946502057,220.28371630092215,
1786,2022-11-22,,82.604,24.604,32.69809053497942,163.28599999999997,38.858
1787,2022-11-23,,21.846,22.072,93.476,53.489999999999995,11.516000000000002
1788,2022-11-24,,27.45,39.326,41.21330704225352,84.54242558746736,
1789,2022-11-25,,84.82600000000001,3.8,66.94869295774649,242.56157441253262,
1790,2022-11-26,,81.756,153.754,87.35799999999999,145.2933094944513,26.308
1791,2022-11-27,,84.862,215.256,35.51,285.9762187106769,
1792,2022-11-28,,33.192,179.41,,191.73247179487183,16.672
1793,2022-11-29,,29.472,82.604,28.688,131.754,
1794,2022-11-30,,16.804,152.92,68.12400000000001,154.9428703882414,63.802
1795,2022-12-01,,91.906,116.80999999999999,113.19,295.90945039279063,124.77600000000001
1796,2022-12-02,,116.472,78.642,24.894,228.47267921896793,92.73
1797,2022-12-03,,95.09,113.912,121.86399999999999,88.9175205479452,117.372
1798,2022-12-04,,44.138,135.346,41.576,207.3214794520548,14.51
1799,2022-12-05,,63.17400000000001,124.636,27.848,110.608,56.378
1800,2022-12-06,,69.16199999999999,190.596,62.455999999999996,98.506,68.124
1801,2022-12-07,,111.258,134.364,89.73599999999999,158.316,65.74600000000001
1802,2022-12-08,,139.592,101.702,75.152,196.5676814159292,27.5
1803,2022-12-09,,98.652,70.788,36.488,157.64231858407078,229.706
1804,2022-12-10,,96.86800000000001,104.116,50.751999999999995,154.626,83.96600000000001
1805,2022-12-11,,92.39200000000001,105.382,30.982,159.91111740890688,
1806,2022-12-12,,49.158,56.967999999999996,29.086,112.3428825910931,18.906
1807,2022-12-13,,65.586,143.648,19.884,153.18,64.562
1808,2022-12-14,,116.314,125.38999999999999,121.95958875219685,194.1951527196653,9.43
1809,2022-12-15,,32.967999999999996,208.68841726618706,102.44641124780316,232.5454153737199,57.134
1810,2022-12-16,,23.204,186.74358273381296,31.89,110.71943190661479,51.41
1811,2022-12-17,,70.214,97.37980082987552,63.147999999999996,107.282,40.757999999999996
1812,2022-12-18,,34.583999999999996,200.43019917012447,89.434,211.3613209876543,37.54
1813,2022-12-19,,28.38,112.95400000000001,,175.7824946805484,
1814,2022-12-20,,54.134,180.326,45.49,80.64618433179724,80.688
1815,2022-12-21,,43.842,147.606,94.78200000000001,87.01257597684516,40.288000000000004
1816,2022-12-22,,54.83,1.394,73.9529756097561,96.69957986731069,
1817,2022-12-23,,61.838,96.90199999999999,113.64302439024391,35.00584415584416,44.066
1818,2022-12-24,,27.734,18.85,39.428000000000004,43.232,30.240000000000002
1819,2022-12-25,,12.696,45.35,,113.4568730964467,
1820,2022-12-26,,50.452,42.767999999999994,75.132,128.75312690355332,111.97999999999999
1821,2022-12-27,,49.74,125.59799999999998,81.75,24.964,38.904
1822,2022-12-28,,,25.608,44.492000000000004,76.34149324324324,97.418
1823,2022-12-29,,16.042,65.43,154.72702004454342,157.29760708038134,76.69800000000001
1824,2022-12-30,,111.358,85.926,46.12297995545654,160.66819335667276,189.582
1825,2022-12-31,,85.44200000000001,94.644,37.052,150.2507063197026,41.944
1826,2023-01-01,,36.314,19.23,101.118,81.31685057471265,62.054
1827,2023-01-02,,65.232,64.114,39.94,163.48505176903737,
1828,2023-01-03,,121.21,183.1,23.456,212.61009765625002,37.614000000000004
1829,2023-01-04,,25.434,110.724,59.31,150.61599999999999,30.046
1830,2023-01-05,,98.63,171.52876923076923,23.968,183.71632716716672,95.608
1831,2023-01-06,,27.214,89.09923076923077,29.58,179.62367283283325,132.518
1832,2023-01-07,,55.014,162.934,108.84082170542635,49.35,53.236000000000004
1833,2023-01-08,,67.658,200.108,165.92885102184638,162.34,
1834,2023-01-09,,96.272,114.5,64.12832727272726,201.44386617100372,102.646
1835,2023-01-10,,118.38000000000001,135.018,49.964,98.15013382899627,32.228
1836,2023-01-11,,95.79,195.098,62.056,192.398,11.938
1837,2023-01-12,,72.878,247.17846586345382,,79.416,101.10799999999999
1838,2023-01-13,,25.082,249.28353413654614,17.52,165.582,44.032
1839,2023-01-14,,143.728,199.31,65.22800000000001,53.36,129.97
1840,2023-01-15,,31.31,146.542,68.92,95.8,7.497999999999999
1841,2023-01-16,,12.542,201.366,43.428,161.5843625,55.931999999999995
1842,2023-01-17,,126.188,183.904,36.32,182.06213749999998,37.768
1843,2023-01-18,,14.14,73.63199999999999,9.144,98.8395,
1844,2023-01-19,,39.444,166.642,40.257999999999996,130.76999999999998,77.524
1845,2023-01-20,,74.72999999999999,145.412,19.45485972850679,141.71738618925832,110.704
1846,2023-01-21,,105.11,12.474,133.06611834906488,213.46980626357185,143.33200000000002
1847,2023-01-22,,41.862,70.492,46.18302192242834,141.83280754716984,26.326
1848,2023-01-23,,20.716,243.68200000000002,,148.72115094339622,54.504000000000005
1849,2023-01-24,,86.584,,26.884,214.75037705660375,14.86
1850,2023-01-25,,67.778,,55.482,173.04676736921152,148.44400000000002
1851,2023-01-26,,110.878,,132.3702596810934,101.20370463078848,
1852,2023-01-27,,50.276,,42.01174031890662,110.372,8.814
1853,2023-01-28,,157.17,,19.754,159.01800000000003,80.842
1854,2023-01-29,,42.611999999999995,,27.338,100.54342222222223,27.946
1855,2023-01-30,,21.178,,5.198,48.1465777777778,77.78
1856,2023-01-31,,91.002,64.072,23.47,82.20400000000001,
1857,2023-02-01,,96.362,27.926,97.578,168.64719254658385,52.68
1858,2023-02-02,,73.596,112.176,28.823999999999998,94.71422894101944,146.452
1859,2023-02-03,,9.718,116.486,81.79200000000002,146.04579885137974,136.468
1860,2023-02-04,,63.230000000000004,154.38,72.748,25.38077966101694,149.778
1861,2023-02-05,,48.544,159.874,45.896,129.546,92.504
1862,2023-02-06,,59.226,188.476,,94.4,80.646
1863,2023-02-07,,104.71424390243902,186.94600000000003,,155.36855252336724,54.9
1864,2023-02-08,,47.423756097561,183.606,13.372,209.84871063452744,104.05000000000001
1865,2023-02-09,,71.042,168.30305325443786,10.183999999999997,138.09273684210527,64.124
1866,2023-02-10,,86.6,133.80494674556212,,116.63199999999999,87.18
1867,2023-02-11,,46.93,130.76,39.327999999999996,67.394,42.804
1868,2023-02-12,,30.756,207.508,40.098,164.264,43.968
1869,2023-02-13,,45.14,41.492000000000004,,73.584,92.518
1870,2023-02-14,,85.588,81.384,37.488,107.88999999999999,17.959999999999997
1871,2023-02-15,,16.476,162.382,45.336000000000006,117.8361629434954,49.212
1872,2023-02-16,,100.718,149.274,23.89,210.25590602202186,110.804
1873,2023-02-17,,83.44,154.302,96.74041370869034,133.8281049475262,123.00894029850745
1874,2023-02-18,,43.482,185.772,91.02358629130964,90.39382608695654,117.71905970149254
1875,2023-02-19,,60.611999999999995,124.80399999999999,34.084,92.4,92.384
1876,2023-02-20,,48.604,198.624,11.756,146.04351912568305,20.166
1877,2023-02-21,,20.76,254.692,13.998,100.97448087431694,6.216
1878,2023-02-22,,23.979999999999997,67.206,,72.52168592964824,118.682
1879,2023-02-23,,13.552,84.78,,164.15031407035175,181.378
1880,2023-02-24,,69.144,0.894,84.422,57.164,44.648
1881,2023-02-25,,182.9,164.54,72.14,176.47867766497464,91.814
1882,2023-02-26,,38.413999999999994,179.72,39.54599999999999,122.1453223350254,68.378
1883,2023-02-27,,89.578,197.706,,103.374,86.056
1884,2023-02-28,,143.89,130.518,29.65,80.354,89.056
1885,2023-03-01,,34.468,160.97,72.936,114.954,145.33216759776536
1886,2023-03-02,19.834,79.818,51.416000000000004,,133.30599999999998,127.17983240223465
1887,2023-03-03,41.608,61.614000000000004,52.482,140.048,106.55000000000001,31.553999999999995
1888,2023-03-04,153.21471698113209,31.848,149.614,42.664,143.34199999999998,178.402
1889,2023-03-05,73.73528301886793,51.3,31.811999999999998,21.948,111.512,58.67999999999999
1890,2023-03-06,,21.022,,103.36200000000001,77.764,123.608
1891,2023-03-07,34.426,52.06,,61.096554744525555,165.229722095672,46.642
1892,2023-03-08,20.747999999999998,96.096,,181.6992016405432,109.7857426930604,22.42291803278689
1893,2023-03-09,57.498000000000005,140.64,,191.24624361493122,134.6625352112676,213.50308196721312
1894,2023-03-10,47.506,78.39399999999999,,44.608,68.19600000000001,19.58
1895,2023-03-11,94.722,30.634,,30.97,124.18031730769232,42.774
1896,2023-03-12,76.962,50.961999999999996,,27.663999999999994,156.8596826923077,50.448
1897,2023-03-13,10.128,49.022,,114.11600000000001,61.25,102.716
1898,2023-03-14,68.028,139.614,,103.98600000000002,83.712,23.374
1899,2023-03-15,20.58,92.00999999999999,,26.018,101.4769292929293,146.768
1900,2023-03-16,40.776,33.838,,,192.9150615746506,
1901,2023-03-17,55.624,77.858,,0.104,146.3085200813252,126.33
1902,2023-03-18,109.87400000000001,44.278,,95.82600000000001,121.33748905109489,29.089999999999996
1903,2023-03-19,14.847999999999999,57.756,,53.344,78.144,75.764
1904,2023-03-20,26.56,7.972,,151.654,173.57164102564104,43.006
1905,2023-03-21,57.986,68.876,,110.028,128.43835897435898,
1906,2023-03-22,50.35,117.902,,113.92399999999999,126.43326295585413,106.924
1907,2023-03-23,34.844,84.652,,110.34400000000001,130.36885977141858,89.82600000000001
1908,2023-03-24,57.332,21.651999999999997,,92.664,84.22187727272728,27.252000000000002
1909,2023-03-25,73.736,51.262,,33.83,94.408,55.806
1910,2023-03-26,16.052,71.106,,,81.6266612244898,33.264
1911,2023-03-27,6.766,,,11.77,115.09919688361832,35.168
1912,2023-03-28,,69.084,,125.676,67.56214189189188,21.888
1913,2023-03-29,30.532000000000004,88.518,,141.72917842323653,51.226000000000006,78.34400000000001
1914,2023-03-30,,71.96,,31.786821576763483,41.19199999999999,65.78200000000001
1915,2023-03-31,40.010000000000005,31.25,,14.581999999999999,145.48464298401422,50.312
1916,2023-04-01,47.242000000000004,123.00595555555556,,26.176,152.25135701598577,82.088
1917,2023-04-02,52.17399999999999,34.54604444444445,,42.412,151.9815155482815,32.82
1918,2023-04-03,52.174,,,167.586,177.16448445171852,38.668000000000006
1919,2023-04-04,45.806,75.514,,105.922,156.3615449330784,29.454
1920,2023-04-05,97.14200000000001,136.37,15.644,180.72296373056994,270.6877543369946,15.668
1921,2023-04-06,102.858,174.29200000000003,48.722,121.62903626943007,85.684700729927,25.096
1922,2023-04-07,114.978,88.52329411764705,60.278,14.626000000000001,93.154,120.006
1923,2023-04-08,40.576,58.684705882352944,3.68,45.12,105.92599999999999,19.852
1924,2023-04-09,25.432000000000002,42.366,,37.568,115.41,
1925,2023-04-10,10.608,39.108000000000004,180.46200000000002,103.27400000000003,66.122,28.896000000000004
1926,2023-04-11,38.802,140.002,57.193999999999996,106.08200000000001,109.142,42.146
1927,2023-04-12,123.138,7.9079999999999995,89.234,,109.02600000000001,38.866
1928,2023-04-13,25.136,20.228,130.168,55.336,120.858,129.082
1929,2023-04-14,28.628,7.4879999999999995,138.694,56.309999999999995,23.354,105.50399999999999
1930,2023-04-15,148.85999999999999,59.436,138.54788461538462,47.6,103.79399999999998,71.94800000000001
1931,2023-04-16,52.446,56.583999999999996,174.7341153846154,54.48,118.95242901234568,80.62
1932,2023-04-17,28.462,40.422,241.802,7.614,170.84003577638669,59.726000000000006
1933,2023-04-18,25.046,93.638,309.162,78.866,96.09753521126761,115.12
1934,2023-04-19,60.14,27.166,98.328,9.758,112.20410434782609,73.428
1935,2023-04-20,59.844,69.51400000000001,107.916,132.916,224.33846708074535,58.111999999999995
1936,2023-04-21,50.147999999999996,101.994,53.983999999999995,103.14000000000001,140.6356326530612,135.414
1937,2023-04-22,92.344,31.354,66.52,45.024,96.04379591836734,82.772
1938,2023-04-23,70.384,103.468,265.9231147540984,69.554,93.09301498929337,100.074
1939,2023-04-24,48.882,104.02799999999999,99.92288524590164,116.368,164.60807489834707,76.188
1940,2023-04-25,36.946,83.408,176.064,50.77,173.79755751120348,61.2
1941,2023-04-26,56.42999999999999,129.81,226.638,107.30799999999999,130.059418535222,33.76
1942,2023-04-27,57.384,41.208,135.34,42.734,135.87593406593408,51.184000000000005
1943,2023-04-28,113.13400000000001,107.953,198.178,122.96579345088162,135.43,186.9047597765363
1944,2023-04-29,55.606,54.345,138.93,17.388206549118383,129.40719540229884,199.74724022346368
1945,2023-04-30,,80.83600000000001,204.58144378698225,,103.48500459770115,59.31400000000001
1946,2023-05-01,74.16399999999999,20.39,283.7645562130178,85.67000000000002,143.0558,28.232
1947,2023-05-02,110.92800000000001,93.544,155.41400000000002,89.22,137.8131870397644,39.928
1948,2023-05-03,107.284,55.152,293.552,48.38,186.76481296023567,161.272
1949,2023-05-04,,47.414,125.676,84.506,91.34200000000001,126.662
1950,2023-05-05,104.564,155.852,320.45583882120377,108.98,141.50804918032787,22.782
1951,2023-05-06,27.196,196.642,124.51416117879621,80.114,189.05795081967213,82.09580733944955
1952,2023-05-07,20.709999999999997,96.02199999999999,,49.712,42.129999999999995,62.694192660550456
1953,2023-05-08,,8.64,220.794,118.35799999999999,65.96000000000001,
1954,2023-05-09,44.251999999999995,123.334,92.356,6.408,86.19589440993788,46.774
1955,2023-05-10,53.216,93.446,73.076,12.108,197.30910559006213,104.776
1956,2023-05-11,53.418,176.926,102.532,106.27199999999999,185.087,88.496
1957,2023-05-12,115.19800000000001,67.5,197.784,69.316,56.606,23.628
1958,2023-05-13,111.71199999999999,30.116,64.244,66.18,143.36760611205435,68.19800000000001
1959,2023-05-14,74.354,16.887999999999998,148.746,88.66439327731092,148.23113560979996,115.642
1960,2023-05-15,64.324,48.052,68.194,143.44760672268907,136.53725827814569,
1961,2023-05-16,93.788,113.616,264.192,96.92999999999999,139.792,27.037999999999997
1962,2023-05-17,41.519999999999996,53.44200000000001,198.67,37.286,42.92,23.766
1963,2023-05-18,27.317999999999998,191.018,163.676,31.589999999999996,198.6945108225108,77.672
1964,2023-05-19,79.008,65.106,140.258,130.858,209.81036342898616,105.78800000000001
1965,2023-05-20,,67.47,,,96.20512574850301,125.628
1966,2023-05-21,41.227999999999994,40.448,289.7257736026161,,122.73599999999999,44.884
1967,2023-05-22,47.25,125.694,246.02622639738388,,115.30376566757494,
1968,2023-05-23,117.372,51.816,205.912114490161,,130.1602343324251,
1969,2023-05-24,100.934,87.106,224.071885509839,,118.50799999999998,70.01
1970,2023-05-25,100.41,118.682,229.75,,96.704,51.522
1971,2023-05-26,89.206,20.268,133.91,,168.3336857142857,58.870000000000005
1972,2023-05-27,156.17,75.688,208.81471513353114,,121.96031428571429,111.41
1973,2023-05-28,91.81,28.848,349.6881403577983,,144.842,142.792
1974,2023-05-29,73.938,41.828,110.59514450867051,,138.60625899280575,47.268
1975,2023-05-30,80.178,36.316,128.744,,200.75774100719423,178.81400000000002
1976,2023-05-31,36.16,54.402,110.06400000000001,,157.798,88.84199999999998
1977,2023-06-01,79.634,16.108,279.796,,61.804,37.936
1978,2023-06-02,65.128,105.688,130.956,,87.058,177.138
1979,2023-06-03,57.629999999999995,19.212,65.74,,129.2883185840708,41.516000000000005
1980,2023-06-04,87.674,94.11999999999999,71.54400000000001,,138.3184948130584,29.804
1981,2023-06-05,46.696,3.044,129.13000000000002,,170.03529619191193,
1982,2023-06-06,75.412,25.278,198.734,,187.37389041095892,57.84
1983,2023-06-07,34.074,37.332,135.954,,146.16812903225807,40.52
1984,2023-06-08,67.69800000000001,98.01599999999999,246.7,,167.19387096774193,41.04
1985,2023-06-09,118.40599999999999,36.574,280.3488108108108,,66.966,26.014
1986,2023-06-10,65.282,42.43488,311.1105995665477,,148.78396316758747,74.416
1987,2023-06-11,43.902,106.94111999999998,161.5985896226415,,130.39203683241254,61.44199999999999
1988,2023-06-12,,,167.65,,138.77976824034334,20.14
1989,2023-06-13,64.34,90.444,150.476,,205.03823175965664,40.407999999999994
1990,2023-06-14,55.78,95.034,242.168,,111.546,65.73614691943128
1991,2023-06-15,42.604,125.10199999999999,219.724,,113.056,211.74166473976155
1992,2023-06-16,118.57,61.122,115.796,,122.936,158.02513186240188
1993,2023-06-17,111.628,9.14,472.166,,69.81800000000001,212.5350564784053
1994,2023-06-18,72.868,92.644,179.3541686746988,,37.754000000000005,50.646
1995,2023-06-19,67.11,71.636,206.1258313253012,,111.202,66.244
1996,2023-06-20,,159.87,190.31776407506703,,112.00800000000001,76.934
1997,2023-06-21,145.502,117.46,150.00023592493298,45.028000000000006,163.51345454545455,80.75999999999999
1998,2023-06-22,33.272,123.78070229007633,284.35,83.75,139.07854545454546,99.598
1999,2023-06-23,123.694,183.42529770992368,130.786,73.156,155.176,26.898
2000,2023-06-24,70.226,145.54800000000003,202.6059287054409,65.772,74.31,145.072
2001,2023-06-25,38.3,127.298,266.06207129455913,34.378,109.03200000000001,123.56400000000001
2002,2023-06-26,61.568,47.471999999999994,101.604,107.484,171.738,76.54599999999999
2003,2023-06-27,100.218,118.898,188.994,160.508,148.334,132.672
2004,2023-06-28,58.078,66.77799999999999,170.024,65.738,140.338,82.718
2005,2023-06-29,44.922,90.614,181.164,55.464,203.4170588235294,61.257999999999996
2006,2023-06-30,48.745999999999995,77.982,139.334,126.00399999999999,103.51694117647061,149.534
2007,2023-07-01,29.887999999999998,129.38986842105263,66.866,74.364,106.00000000000001,128.446
2008,2023-07-02,71.804,159.14413157894742,113.4,26.288000000000004,126.092,67.972
2009,2023-07-03,41.478,80.794,257.664,59.744,74.30799999999999,93.24600000000001
2010,2023-07-04,12.558,32.328,88.62,33.986000000000004,110.41665420560747,19.142
2011,2023-07-05,67.762,31.714,56.01,138.076,132.0973457943925,62.95
2012,2023-07-06,34.832,78.908,158.4686111111111,68.912,55.455999999999996,59.492000000000004
2013,2023-07-07,75.964,65.028,226.52138888888888,42.53,202.284,6.986
2014,2023-07-08,76.2,45.508,105.51,70.44,84.688,23.364
2015,2023-07-09,84.394,59.354000000000006,147.236,54.348,53.142,57.408
2016,2023-07-10,96.666,79.362,119.21199999999999,200.82000000000002,183.29640414507773,132.082
2017,2023-07-11,96.658,66.958,172.212,59.142,135.5815958549223,5.126
2018,2023-07-12,106.382,103.17,193.208,148.54399999999998,126.56,41.068
2019,2023-07-13,52.964,172.31400000000002,325.0992824427481,18.142,185.95420765027322,110.548
2020,2023-07-14,71.568,110.792,302.3567175572519,103.07000000000001,151.3077923497268,130.02632
2021,2023-07-15,139.52,104.08800000000001,130.13400000000001,59.989999999999995,21.252,112.58968
2022,2023-07-16,118.354,72.374,92.858,79.242,185.02800000000002,72.858
2023,2023-07-17,27.82,72.69,154.222,166.188,138.78599999999997,50.21
2024,2023-07-18,112.84,62.416,336.9384252969537,201.074,115.22800000000001,53.254
2025,2023-07-19,118.542,36.838,224.63557470304633,39.476,113.202,65.34
2026,2023-07-20,56.824000000000005,77.25999999999999,119.24,33.896,115.928,78.107
2027,2023-07-21,73.256,27.311999999999998,,155.522,90.44,161.797
2028,2023-07-22,28.934,35.379999999999995,198.79,56.116,136.17396113074204,107.398
2029,2023-07-23,119.71,63.150000000000006,228.12800000000001,46.802,139.44203886925797,129.976
2030,2023-07-24,51.62,169.444,270.2478121208122,76.402,119.458,33.004000000000005
2031,2023-07-25,190.528,58.18,239.9621878791878,80.846,78.43003252032521,43.562
2032,2023-07-26,84.526,104.95399999999998,204.728,110.06400000000001,84.3193589218301,39.742000000000004
2033,2023-07-27,97.644,38.772,203.878,80.434,184.76460855784467,83.288
2034,2023-07-28,113.004,57.79,172.2678811881188,194.01,37.641999999999996,56.089999999999996
2035,2023-07-29,101.326,130.42964430577223,303.1441188118812,133.776,88.024,48.416
2036,2023-07-30,105.528,124.91435569422777,268.92400000000004,150.988,105.48947126436781,27.488
2037,2023-07-31,38.745999999999995,47.644,67.112,108.976,133.8445287356322,78.504
2038,2023-08-01,30.406,166.14399999999998,260.9410438247012,29.182,87.79733072407045,81.306
2039,2023-08-02,88.706,101.63,316.45882208475086,112.46199999999999,170.07266927592954,16.818
2040,2023-08-03,91.41799999999999,141.626,184.39827479248612,165.0817788846476,144.196,90.542
2041,2023-08-04,116.712,124.96000000000001,135.7558592980618,158.37222111535237,137.44,66.208
2042,2023-08-05,56.93,81.858,,116.94,110.8999831460674,139.146
2043,2023-08-06,60.184,,,55.86,150.19201685393259,66.138
2044,2023-08-07,68.828,29.866,,56.886,167.76800000000003,139.736
2045,2023-08-08,105.28200000000001,42.95,256.04874480151227,142.6571385199241,174.35445578231293,132.85999999999999
2046,2023-08-09,32.132,18.834,259.89725519848776,113.49886148007589,135.63754421768706,66.192
2047,2023-08-10,90.488,75.072,,98.968,211.135244813278,99.772
2048,2023-08-11,56.504000000000005,124.934,29.662955102040815,67.356,146.96675518672197,156.422
2049,2023-08-12,113.218,45.42,18.149044897959186,96.32400000000001,143.91400000000002,84.356
2050,2023-08-13,139.13,102.41600000000001,,100.868,167.10214077669903,194.686
2051,2023-08-14,,105.50999999999999,186.76,114.754,12.799859223300984,112.476
2052,2023-08-15,,33.038,111.504,57.154,,70.974
2053,2023-08-16,,102.116,229.252,25.102,,99.654
2054,2023-08-17,,76.108,315.59775757575756,29.198000000000004,185.72493203883494,136.34
2055,2023-08-18,51.466,108.808,354.64365295055825,115.84400000000001,125.5250679611651,122.11600000000001
2056,2023-08-19,71.298,154.44,118.0545894736842,71.4624608294931,203.02643267776097,103.54
2057,2023-08-20,99.474,38.996,345.27,67.5915391705069,173.31556732223902,92.388
2058,2023-08-21,35.192,46.682,333.74799999999993,138.26399999999998,123.876,80.95
2059,2023-08-22,80.566,135.11999999999998,321.312275862069,69.428,157.14,115.72800000000001
2060,2023-08-23,102.232,40.908,187.02372413793103,149.786,129.116,87.702
2061,2023-08-24,78.922,152.306,298.10169675090253,69.464,80.37,94.858
2062,2023-08-25,124.55,18.874,253.52030324909748,71.63799999999999,156.79741242937854,197.244
2063,2023-08-26,83.16799999999999,112.02399999999999,320.11600000000004,79.958,229.28914897413023,121.684
2064,2023-08-27,47.007999999999996,122.334,187.37800000000001,107.81502052785923,87.27543859649128,102.88713235294117
2065,2023-08-28,45.5,49.802,355.14054644808743,149.30097947214077,190.282,91.46486764705882
2066,2023-08-29,123.81800000000001,64.834,240.26545355191257,72.58800000000001,77.064,54.758
2067,2023-08-30,75.104,36.38,259.268,77.27799999999999,20.332,45.404
2068,2023-08-31,89.466,70.58200000000001,294.83,129.54399999999998,127.63600000000001,85.018
2069,2023-09-01,34.283,32.594,116.846,48.671578124999996,50.998,19.689999999999998
2070,2023-09-02,28.485,25.798000000000002,196.7932206405694,57.810908717105264,52.642,58.93007920792079
2071,2023-09-03,32.252,23.938,73.44377935943061,42.54751315789474,85.83703985603928,81.4719207920792
2072,2023-09-04,54.492000000000004,29.283,97.39695252225519,17.401,77.74896014396073,23.369
2073,2023-09-05,24.421,9.227,141.78204747774478,19.755000000000003,89.87408372093023,
2074,2023-09-06,32.948,30.032,128.94,89.773,52.17591627906978,36.706
2075,2023-09-07,20.027,71.81700000000001,81.613,54.343,52.01392753623188,18.633
2076,2023-09-08,29.857,1.8599999999999999,156.64153731343282,63.821000000000005,12.893072463768108,61.057
2077,2023-09-09,34.624,86.457,112.50210465529175,22.628,,127.80312169919631
2078,2023-09-10,31.189999999999998,4.42,205.06535803127542,32.278,76.28170469798657,6.531878300803657
2079,2023-09-11,43.824,9.261,145.785,37.204,74.40429530201344,27.005000000000003
2080,2023-09-12,47.903999999999996,,104.458,22.918,66.61099999999999,13.334999999999997
2081,2023-09-13,42.144999999999996,4.181,134.14081730769232,57.82699999999999,11.593,37.93000000000001
2082,2023-09-14,41.198,2.438,133.70600793502612,42.11900000000001,34.808,28.629
2083,2023-09-15,63.418000000000006,3.3910000000000005,170.04571199975382,35.465,33.149,64.684
2084,2023-09-16,34.61,,152.80146275752776,64.052512,18.3,97.59036411609499
2085,2023-09-17,39.123,,113.26589655172414,54.318488,41.206,64.479635883905
2086,2023-09-18,35.910000000000004,11.856,129.95310344827587,71.596,44.11785375494071,61.994
2087,2023-09-19,50.808,2.9249999999999994,147.099,33.875,50.24814624505929,36.459999999999994
2088,2023-09-20,46.464,2.559,124.581,,26.614,31.166999999999998
2089,2023-09-21,30.228,4.594,124.90599999999999,,68.41520150659133,56.228
2090,2023-09-22,47.623999999999995,2.489,155.48605882352942,58.953,30.71779849340867,6.968
2091,2023-09-23,29.075,1.12,101.7739411764706,79.53800000000001,66.54236946564885,
2092,2023-09-24,25.639,,105.935,56.406,65.38263053435114,
2093,2023-09-25,13.553999999999998,,170.714,85.2634360313316,95.828,
2094,2023-09-26,22.375,,89.901,42.40456396866839,70.92200000000001,
2095,2023-09-27,18.225,,50.626,15.865,57.150999999999996,
2096,2023-09-28,39.150000000000006,3.751,159.44602564102564,62.329,25.458,
2097,2023-09-29,67.78646107784431,,126.57097435897437,54.4990934065934,17.999,
2098,2023-09-30,51.05253892215569,,73.17,48.06690659340659,44.02008273596177,
2099,2023-10-01,46.37,,140.5708972972973,63.552,85.18191726403825,
2100,2023-10-02,16.985,2.377,53.0871027027027,58.302,81.05713798977854,
2101,2023-10-03,17.629,2.677,132.647,33.45,61.26086201022146,
2102,2023-10-04,39.995999999999995,2.614,102.811,29.754,58.8011091954023,
2103,2023-10-05,42.602000000000004,4.234,145.736,59.178,49.1478908045977,
2104,2023-10-06,47.518,15.481,179.5805770609319,73.964,42.007,
2105,2023-10-07,70.57594973070017,,94.8014229390681,64.69068292682927,15.606,
2106,2023-10-08,87.08005026929982,,154.368,65.65231707317074,45.223,
2107,2023-10-09,19.015,2.604,120.17399999999999,72.712,77.18100000000001,
2108,2023-10-10,17.555,,93.25399999999999,49.541000000000004,69.289,
2109,2023-10-11,31.570999999999998,,70.506,58.742000000000004,27.794999999999998,
2110,2023-10-12,44.399,10.491,117.514,30.020000000000003,28.820999999999998,
2111,2023-10-13,17.250999999999998,14.791,158.06,63.647999999999996,67.389,
2112,2023-10-14,74.436,,77.01293050193051,19.651000000000003,59.63158379888268,
2113,2023-10-15,8.611,1.49,132.13750219037718,64.40747022587269,54.41741620111732,
2114,2023-10-16,9.102,3.9319999999999995,117.84956730769231,42.98452977412732,79.0603918367347,
2115,2023-10-17,34.638999999999996,3.452,169.14399999999998,81.98100000000001,97.5346081632653,
2116,2023-10-18,28.748,,121.16999999999999,23.915,33.855,
2117,2023-10-19,25.457,25.016000000000002,54.259,32.885000000000005,71.226,
2118,2023-10-20,26.136,,115.301,64.114,54.741,
2119,2023-10-21,77.271,,46.928000000000004,40.927,30.325000000000003,
2120,2023-10-22,38.382999999999996,,161.736,,47.227000000000004,
2121,2023-10-23,26.936,3.298,70.682,40.901,30.614,
2122,2023-10-24,37.497,15.207,102.6706214442013,56.66367175572519,38.26,
2123,2023-10-25,34.445,,138.3743785557987,73.1721198312729,54.897,
2124,2023-10-26,25.646,9.46,81.535,83.5372084130019,90.99467567567568,
2125,2023-10-27,35.949999999999996,11.566,87.773,77.891,92.62273840299929,
2126,2023-10-28,45.518,23.354,86.85081984334204,62.487,47.673585921325056,
2127,2023-10-29,37.231,,1.2461801566579578,9.387,25.463,
2128,2023-10-30,21.630000000000003,4.885,139.00578787878788,60.916,38.203,
2129,2023-10-31,68.193,,68.17921212121213,53.387,27.092,
2130,2023-11-01,28.471999999999998,,133.329,89.08,50.18599999999999,
2131,2023-11-02,26.817999999999998,32.562,160.40209184159795,21.645,27.172,
2132,2023-11-03,32.738,19.622999999999998,148.88990815840205,44.533,52.672,
2133,2023-11-04,50.07,65.87528571428572,107.65737777777777,74.809,29.749,
2134,2023-11-05,36.718,34.672714285714285,95.23762222222223,49.339999999999996,27.830000000000002,
2135,2023-11-06,4.913,14.32,108.731,59.074,78.95288732394366,
2136,2023-11-07,31.003,10.356,87.96300000000001,23.746000000000002,64.52311267605634,
2137,2023-11-08,50.649,38.438,95.039,58.790000000000006,61.510999999999996,
2138,2023-11-09,47.527,39.638,134.94535671342686,61.556,30.71,
2139,2023-11-10,25.34,16.28,62.26964328657315,71.681,68.38598915401302,
2140,2023-11-11,43.729,43.128,68.81462546816479,48.342999999999996,24.063010845986984,
2141,2023-11-12,23.829,21.137999999999998,177.1113745318352,54.13187068965517,39.025,
2142,2023-11-13,17.791,20.305999999999997,117.45879936305732,79.88512931034482,28.609,
2143,2023-11-14,47.95400000000001,,156.24820063694267,25.612,28.574,
2144,2023-11-15,27.352,9.677,97.66099999999999,74.52400000000002,103.688,
2145,2023-11-16,36.351,8.64,91.658,42.015,22.451999999999998,
2146,2023-11-17,27.844,45.903999999999996,192.38239426523296,30.195,12.676,
2147,2023-11-18,32.128,46.6,51.16960573476702,42.089,48.39091995490417,
2148,2023-11-19,49.794,12.203000000000001,154.74200000000002,28.326,89.65802244509582,
2149,2023-11-20,13.294,,116.663,34.181,112.78987418878506,
2150,2023-11-21,37.844163461538464,26.019,107.542,41.103,108.94912034815191,
2151,2023-11-22,49.420836538461536,18.36,104.31400000000001,71.489,76.82706306306306,
2152,2023-11-23,,,83.86800000000001,,38.113,
2153,2023-11-24,24.084,13.29,4.916,27.831000000000003,32.091,
2154,2023-11-25,34.675,31.438000000000002,44.751,27.651000000000003,83.34969942196531,
2155,2023-11-26,33.263999999999996,4.45,114.61542363636364,24.852999999999998,95.53731315665105,
2156,2023-11-27,,12.809,136.77657636363637,63.96919424460432,52.11298742138366,
2157,2023-11-28,17.623,50.650999999999996,59.37,33.14380575539568,78.62797326852977,
2158,2023-11-29,,25.416999999999998,131.956,29.131999999999998,89.79902673147026,
2159,2023-11-30,15.875,30.003,84.225,41.278999999999996,25.072000000000003,
2160,2023-12-01,,,,,,
